customer_id,first_name,last_name,email,city,region,age,gender,acquisition_channel,signup_date,cac
CUS00001,Ava,Davies,customer1@email.co.uk,Cardiff,Wales,31.0,F,Paid Social,2022-05-26,45.78
CUS00002,Ella,Hall,customer2@email.co.uk,Manchester,England,32.0,M,Organic,2024-07-28,18.94
CUS00003,Hannah,Murphy,customer3@email.co.uk,Sheffield,England,19.0,F,Paid Social,2023-08-27,70.44
CUS00004,Liam,Kumar,customer4@email.co.uk,Birmingham,England,18.0,MALE,Paid Social,2024-06-05,91.22
CUS00005,Lily,Kelly,customer5@email.co.uk,London,England,34.0,F,Google Ads,2024-12-19,98.06
CUS00006,George,Wilson,customer6@email.co.uk,Leeds,England,33.0,F,Referral,2023-11-23,25.59
CUS00007,Chloe,Sharma,customer7@email.co.uk,London,England,44.0,F,Google Ads,2023-10-30,69.47
CUS00008,Amelia,Patel,customer8@email.co.uk,Cardiff,Wales,25.0,Female,Google Ads,2022-05-19,41.42
CUS00009,Leo,Murphy,customer9@email.co.uk,London,England,38.0,Woman,Direct,2023-01-17,0.0
CUS00010,Logan,Williams,customer10@email.co.uk,London,England,,M,Paid Social,2023-10-29,76.78
CUS00011,Arjun,Brown,customer11@email.co.uk,London,England,30.0,M,Paid Social,2024-04-21,91.22
CUS00012,Yusuf,Connor,customer12@email.co.uk,Sheffield,England,28.0,M,Paid Social,2024-08-20,99.43
CUS00013,Ella,Khan,customer13@email.co.uk,Leeds,England,43.0,F,Paid Social,2023-06-22,64.62
CUS00014,Liam,Shah,customer14@email.co.uk,Liverpool,England,26.0,M,Paid Social,2022-05-10,45.78
CUS00015,Lauren,Murphy,customer15@email.co.uk,London,England,19.0,M,Email,2023-02-21,8.47
CUS00016,Natalie,Malik,customer16@email.co.uk,Manchester,England,45.0,F,Paid Social,2024-11-11,108.38
CUS00017,George,Davies,customer17@email.co.uk,Manchester,England,46.0,Woman,Google Ads,2022-11-20,49.21
CUS00018,Jessica,O'Brien,customer18@email.co.uk,Liverpool,England,,female,Paid Social,2023-09-11,70.44
CUS00019,Aisha,Brown,customer19@email.co.uk,Birmingham,England,43.0,M,Google Ads,2024-11-22,98.06
CUS00020,Jack,Hall,customer20@email.co.uk,London,England,40.0,F,Paid Social,2022-02-28,42.0
CUS00021,Priya,McCarthy,customer21@email.co.uk,Liverpool,England,42.0,female,Google Ads,2024-01-12,75.72
CUS00022,Rohan,Kumar,customer22@email.co.uk,manchester,England,38.0,M,Paid Social,2024-12-02,108.38
CUS00023,Lily,Ali,customer23@email.co.uk,Birmingham,England,31.0,F,Paid Social,2022-12-04,54.39
CUS00024,Arjun,Shah,customer24@email.co.uk,London,England,18.0,F,Organic,2023-11-30,14.62
CUS00025,Oliver,Malik,customer25@email.co.uk,Glasgoe,Scotland,,M,Google Ads,2024-11-11,98.06
CUS00026,Ethan,Johnson,customer26@email.co.uk,Leds,England,36.0,M,Email,2022-08-18,7.13
CUS00027,Megan,Wilson,customer27@email.co.uk,LEEDS,England,29.0,Male,Email,2023-11-14,10.97
CUS00028,Grace,Taylor,customer28@email.co.uk,Birmingham,England,42.0,F,Paid Social,2024-07-01,99.43
CUS00029,Emily,Walker,customer29@email.co.uk,London,England,18.0,M,Google Ads,2024-04-10,82.53
CUS00030,Freddie,Robinson,customer30@email.co.uk,Leedes,England,38.0,M,Organic,2023-09-28,13.42
CUS00031,Aiden,Hussain,customer31@email.co.uk,Newcastle,England,35.0,m,Email,2022-11-13,7.77
CUS00032,Grace,Davies,customer32@email.co.uk,Birmingham,England,33.0,f,Google Ads,2023-10-20,69.47
CUS00033,Amelia,Kumar,customer33@email.co.uk,Manchester,England,51.0,F,Google Ads,2023-06-12,58.47
CUS00034,Aiden,Connor,customer34@email.co.uk,,,32.0,F,Paid Social,2023-10-07,76.78
CUS00035,Jessica,Thomas,customer35@email.co.uk,Glasgow,Scotland,26.0,Man,Google Ads,2023-06-05,58.47
CUS00036,Dylan,Connor,customer36@email.co.uk,Manchester,England,34.0,F,Paid Social,2024-09-20,99.43
CUS00037,Jessica,Sharma,customer37@email.co.uk,Sheffield,England,22.0,Female,Google Ads,2024-07-18,89.96
CUS00038,Ethan,Ali,customer38@email.co.uk,Birmingham,England,46.0,Female,,2023-03-31,59.29
CUS00039,Poppy,Roberts,customer39@email.co.uk,Leeds,England,38.0,M,Paid Social,2023-12-17,76.78
CUS00040,Noah,White,customer40@email.co.uk,Birmingham,England,30.0,M,Paid Social,2023-01-31,59.29
CUS00041,Leo,Thompson,customer41@email.co.uk,London,England,38.0,,Email,2023-09-12,10.06
CUS00042,Arjun,Thompson,customer42@email.co.uk,Birmingham,England,29.0,Man,Paid Social,2023-05-20,64.62
CUS00043,James,Murphy,customer43@email.co.uk,London,England,38.0,M,,2024-03-29,75.72
CUS00044,Natalie,White,customer44@email.co.uk,London,England,31.0,Woman,Paid Social,2023-06-10,64.62
CUS00045,Isabella,Walker,customer45@email.co.uk,London,England,37.0,F,Google Ads,2023-09-18,63.73
CUS00046,James,Roberts,customer46@email.co.uk,Birmingham,England,40.0,M,Paid Social,2024-06-01,91.22
CUS00047,Logan,Byrne,customer47@email.co.uk,London,England,46.0,m,Email,2023-07-28,10.06
CUS00048,Mason,Burke,customer48@email.co.uk,Manchestr,England,40.0,MALE,Paid Social,2024-11-10,108.38
CUS00049,Ella,Khan,customer49@email.co.uk,London,England,41.0,F,Paid Social,2022-10-21,54.39
CUS00050,Freddie,Walsh,customer50@email.co.uk,Glasgow,Scotland,34.0,f,Paid Social,2024-06-22,91.22
CUS00051,Megan,Taylor,customer51@email.co.uk,Birmingham,England,30.0,F,Paid Social,2023-08-08,70.44
CUS00052,Nathan,Connor,customer52@email.co.uk,Sheffield,England,40.0,F,Paid Social,2023-08-13,70.44
CUS00053,Aiden,Hussain,customer53@email.co.uk,glasgow,Scotland,49.0,F,Paid Social,2024-03-02,83.69
CUS00054,Aiden,Hussain,customer54@email.co.uk,Bristol,England,24.0,M,Paid Social,2023-11-14,76.78
CUS00055,Charlie,O'Brien,customer55@email.co.uk,Manchester,England,52.0,M,Direct,2023-07-31,0.0
CUS00056,Riya,Hussain,customer56@email.co.uk,Sheffield,England,39.0,F,Email,2022-01-04,6.0
CUS00057,Jack,Martin,customer57@email.co.uk,Manchester,England,48.0,M,Paid Social,2022-06-19,45.78
CUS00058,George,Anderson,customer58@email.co.uk,London,England,53.0,F,Email,2024-05-22,13.03
CUS00059,Ryan,Johnson,customer59@email.co.uk,Birmingham,England,18.0,F,Paid Social,2023-11-15,76.78
CUS00060,Alfie,Patel,customer60@email.co.uk,London,England,47.0,F,Paid Social,2024-05-09,91.22
CUS00061,Lauren,Taylor,customer61@email.co.uk,Bristol,England,48.0,F,Paid Social,2024-12-06,108.38
CUS00062,Charlie,Smith,customer62@email.co.uk,London,England,27.0,F,Paid Social,2024-04-25,91.22
CUS00063,Ella,Roberts,customer63@email.co.uk,London,England,24.0,M,Referral,2022-04-19,15.26
CUS00064,Zoe,Evans,customer64@email.co.uk,Edinburg,Scotland,45.0,F,Paid Social,2023-03-24,59.29
CUS00065,Mason,Burke,customer65@email.co.uk,Sheffield,England,33.0,,Paid Social,2023-12-31,76.78
CUS00066,Oliver,Brown,customer66@email.co.uk,Liverpool,England,38.0,MALE,Direct,2022-12-09,0.0
CUS00067,Emily,Burke,customer67@email.co.uk,London,England,32.0,F,Email,2024-12-11,15.48
CUS00068,Lucas,Roberts,customer68@email.co.uk,Edinburgh,Scotland,18.0,Other,Google Ads,2024-11-30,98.06
CUS00069,Riya,Clark,customer69@email.co.uk,NEWCASTLE,England,34.0,M,Paid Social,2024-09-29,99.43
CUS00070,Ethan,Kelly,customer70@email.co.uk,Manchester,England,43.0,female,Paid Social,2023-10-02,76.78
CUS00071,Mason,O'Brien,customer71@email.co.uk,Liverpool,England,30.0,M,Paid Social,2024-09-23,99.43
CUS00072,Alfie,Wilson,customer72@email.co.uk,Manchester,England,32.0,F,Paid Social,2022-08-15,49.9
CUS00073,Grace,Malik,customer73@email.co.uk,,,20.0,F,Paid Social,2023-03-24,59.29
CUS00074,Emma,O'Brien,customer74@email.co.uk,Manchester,England,47.0,M,Paid Social,2023-09-23,70.44
CUS00075,Sophie,Davies,customer75@email.co.uk,Liverpol,England,35.0,F,Paid Social,2024-06-23,91.22
CUS00076,Leo,Evans,customer76@email.co.uk,Manchester,England,27.0,Man,Email,2023-10-16,10.97
CUS00077,Hassan,Patel,customer77@email.co.uk,Newcastle,England,30.0,F,Google Ads,2022-08-24,45.15
CUS00078,Hassan,Clark,customer78@email.co.uk,Liverpool,England,27.0,Woman,Google Ads,2023-05-08,58.47
CUS00079,Emma,Johnson,customer79@email.co.uk,Leeds,England,33.0,M,Paid Social,2023-04-14,64.62
CUS00080,Hannah,Jones,customer80@email.co.uk,,,30.0,F,Paid Social,2023-03-12,59.29
CUS00081,Emily,Ryan,customer81@email.co.uk,Cardif,Wales,32.0,F,Google Ads,2022-10-02,49.21
CUS00082,Mason,Roberts,customer82@email.co.uk,Liverpool,England,22.0,M,Paid Social,2023-07-31,70.44
CUS00083,Aisha,Byrne,customer83@email.co.uk,,,30.0,F,Paid Social,2023-09-07,70.44
CUS00084,Oliver,Ryan,customer84@email.co.uk,London,England,18.0,Man,Direct,2024-07-24,0.0
CUS00085,Sophie,Davies,customer85@email.co.uk,Bristol,England,37.0,M,Email,2024-08-13,14.2
CUS00086,Aisha,Clark,customer86@email.co.uk,Manchester,England,24.0,Female,Paid Social,2023-11-13,76.78
CUS00087,Hannah,Ahmed,customer87@email.co.uk,Bristol,England,42.0,M,Referral,2023-09-20,23.48
CUS00088,Amelia,Shah,customer88@email.co.uk,London,England,18.0,Male,Paid Social,2024-07-27,99.43
CUS00089,Sara,Thompson,customer89@email.co.uk,Birmingham,England,42.0,MALE,Paid Social,2024-10-30,108.38
CUS00090,Zoe,Byrne,customer90@email.co.uk,London,England,18.0,Female,Google Ads,2024-04-17,82.53
CUS00091,Sara,Walsh,customer91@email.co.uk,Manchester,England,42.0,M,Google Ads,2024-08-17,89.96
CUS00092,Liam,Thompson,customer92@email.co.uk,London,England,19.0,M,Paid Social,2024-11-27,108.38
CUS00093,Megan,Martin,customer93@email.co.uk,Liverpool,England,24.0,M,Email,2022-03-29,6.0
CUS00094,Ava,Hussain,customer94@email.co.uk,Liverpool,England,34.0,F,Google Ads,2024-10-21,98.06
CUS00095,Hassan,Thompson,customer95@email.co.uk,Manchester,England,34.0,F,Google Ads,2023-02-01,53.64
CUS00096,Isla,Ryan,customer96@email.co.uk,Glasgow,Scotland,32.0,f,,2023-10-06,69.47
CUS00097,Grace,Shah,customer97@email.co.uk,London,England,30.0,F,Email,2024-08-13,14.2
CUS00098,Omar,Jones,customer98@email.co.uk,Sheffield,England,25.0,F,Paid Social,2024-05-30,91.22
CUS00099,Oliver,Lewis,customer99@email.co.uk,Leeds,England,44.0,other,Paid Social,2022-09-07,49.9
CUS00100,Emma,Clark,customer100@email.co.uk,Bristoll,England,18.0,M,Paid Social,2024-03-30,83.69
CUS00101,Isla,Kelly,customer101@email.co.uk,Newcastle,England,40.0,F,Paid Social,2022-05-15,45.78
CUS00102,Ethan,Kumar,customer102@email.co.uk,London,England,36.0,M,Paid Social,2023-05-25,64.62
CUS00103,Omar,Shah,customer103@email.co.uk,Manchestor,England,24.0,male,Paid Social,2024-08-29,99.43
CUS00104,Mason,Davies,customer104@email.co.uk,Manchester,England,19.0,F,Google Ads,2023-08-14,63.73
CUS00105,Poppy,Evans,customer105@email.co.uk,london,England,39.0,M,Paid Social,2024-01-11,83.69
CUS00106,Poppy,O'Brien,customer106@email.co.uk,Birmingham,England,31.0,M,Paid Social,2024-06-10,91.22
CUS00107,Isla,Patel,customer107@email.co.uk,Birmingham,England,37.0,M,Paid Social,2024-09-05,99.43
CUS00108,Emily,O'Brien,customer108@email.co.uk,London ,England,41.0,M,Email,2024-07-10,14.2
CUS00109,Megan,Burke,customer109@email.co.uk,BIRMINGHAM,England,56.0,F,Google Ads,2022-01-18,38.0
CUS00110,James,O'Brien,customer110@email.co.uk,London,England,44.0,MALE,Direct,2023-08-06,0.0
CUS00111,Priya,Shah,customer111@email.co.uk,Liverpool,England,21.0,F,Google Ads,2023-09-23,63.73
CUS00112,Priya,Davies,customer112@email.co.uk,London,England,39.0,M,,2022-04-23,45.78
CUS00113,Arjun,Wilson,customer113@email.co.uk,Manchester,England,36.0,M,Organic,2023-11-25,14.62
CUS00114,Lucas,Martin,customer114@email.co.uk,Birmingham,England,36.0,F,Google Ads,2024-01-24,75.72
CUS00115,Emma,White,customer115@email.co.uk,Birmingham,England,44.0,F,Google Ads,2024-09-11,89.96
CUS00116,Dylan,Patel,customer116@email.co.uk,Newcastle,England,28.0,MALE,Referral,2024-11-28,36.13
CUS00117,Noah,Hussain,customer117@email.co.uk,,,31.0,M,Paid Social,2022-08-10,49.9
CUS00118,Nathan,Hussain,customer118@email.co.uk,Leeds,England,41.0,m,Paid Social,2022-12-04,54.39
CUS00119,Hassan,Davies,customer119@email.co.uk,Nottingham,England,30.0,M,Direct,2024-03-31,0.0
CUS00120,Omar,Johnson,customer120@email.co.uk,,,53.0,F,Paid Social,2022-08-17,49.9
CUS00121,Amelia,Thomas,customer121@email.co.uk,Birmingham,England,42.0,Female,Google Ads,2022-11-29,49.21
CUS00122,Oliver,Roberts,customer122@email.co.uk,London,England,50.0,,Paid Social,2023-12-18,76.78
CUS00123,Natalie,Malik,customer123@email.co.uk,Glasgow,Scotland,45.0,female,Paid Social,2022-10-07,54.39
CUS00124,Priya,Roberts,customer124@email.co.uk,Leeds,England,41.0,M,Paid Social,2024-07-30,99.43
CUS00125,Megan,Kelly,customer125@email.co.uk,Edinburgh,Scotland,48.0,M,Email,2024-10-06,15.48
CUS00126,Emma,Shah,customer126@email.co.uk,Sheffield,England,34.0,F,Organic,2022-03-16,8.0
CUS00127,Leo,Connor,customer127@email.co.uk,Leeds,England,30.0,M,Referral,2023-11-20,25.59
CUS00128,Mia,Thomas,customer128@email.co.uk,Bristol,England,38.0,female,Paid Social,2024-08-13,99.43
CUS00129,Oliver,Smith,customer129@email.co.uk,london,England,34.0,MALE,Paid Social,2024-12-17,108.38
CUS00130,Omar,Evans,customer130@email.co.uk,Birmingham,England,18.0,Other,Paid Social,2023-01-28,59.29
CUS00131,Hannah,Thomas,customer131@email.co.uk,London,England,28.0,Other,Google Ads,2022-10-07,49.21
CUS00132,Dylan,Martin,customer132@email.co.uk,Nottingham,England,31.0,M,Paid Social,2024-10-22,108.38
CUS00133,Emily,Jones,customer133@email.co.uk,Edinburgh,Scotland,18.0,M,Referral,2024-11-11,36.13
CUS00134,Isabella,Anderson,customer134@email.co.uk,London,England,33.0,F,Google Ads,2022-11-07,49.21
CUS00135,Lily,Walsh,customer135@email.co.uk,Birmingham,England,22.0,Man,Google Ads,2023-08-31,63.73
CUS00136,Ava,Flynn,customer136@email.co.uk,Glasgow,Scotland,38.0,F,Paid Social,2024-06-01,91.22
CUS00137,Muhammad,Clark,customer137@email.co.uk,,,18.0,F,Direct,2024-09-26,0.0
CUS00138,Zoe,Sharma,customer138@email.co.uk,Glasgow,Scotland,33.0,F,Direct,2022-10-06,0.0
CUS00139,Freddie,Taylor,customer139@email.co.uk,Sheffield,England,44.0,m,Direct,2024-04-06,0.0
CUS00140,Hassan,Shah,customer140@email.co.uk,Birmingham,England,37.0,M,Paid Social,2024-08-24,99.43
CUS00141,Nathan,Flynn,customer141@email.co.uk,London,England,21.0,F,Referral,2023-12-01,25.59
CUS00142,Hannah,Sharma,customer142@email.co.uk,Leeds,England,24.0,M,Paid Social,2022-10-01,54.39
CUS00143,Chloe,Thomas,customer143@email.co.uk,LONDON,England,31.0,M,Paid Social,2022-03-20,42.0
CUS00144,Zoe,Roberts,customer144@email.co.uk,Birmingham,England,30.0,F,Google Ads,2023-02-10,53.64
CUS00145,Hannah,Walsh,customer145@email.co.uk,Birmingham,England,20.0,F,Paid Social,2024-08-24,99.43
CUS00146,Oliver,Kumar,customer146@email.co.uk,Nottingham,England,38.0,F,Paid Social,2022-04-05,45.78
CUS00147,Sara,White,customer147@email.co.uk,London,England,34.0,M,Google Ads,2022-01-21,38.0
CUS00148,Lauren,Smith,customer148@email.co.uk,CARDIFF,Wales,18.0,F,Paid Social,2023-05-31,64.62
CUS00149,Sara,Roberts,customer149@email.co.uk,Birmingham,England,24.0,F,Paid Social,2022-05-06,45.78
CUS00150,Olivia,Roberts,customer150@email.co.uk,Birmingham,England,20.0,F,Paid Social,2022-09-10,49.9
CUS00151,Emma,Burke,customer151@email.co.uk,Cardiff,Wales,35.0,Man,Paid Social,2022-02-24,42.0
CUS00152,Omar,Wilson,customer152@email.co.uk,London,England,35.0,M,Referral,2023-11-15,25.59
CUS00153,Mia,Taylor,customer153@email.co.uk,London,England,31.0,M,Paid Social,2024-05-09,91.22
CUS00154,Muhammad,Ryan,customer154@email.co.uk,Leeds,England,32.0,f,Google Ads,2023-08-14,63.73
CUS00155,Hannah,Connor,customer155@email.co.uk,Liverpool,England,48.0,Woman,Referral,2022-08-20,16.63
CUS00156,Emma,Evans,customer156@email.co.uk,London,England,28.0,M,Paid Social,2023-04-23,64.62
CUS00157,Mia,Taylor,customer157@email.co.uk,London,England,21.0,M,Paid Social,2023-12-29,76.78
CUS00158,Ava,Martin,customer158@email.co.uk,London,England,26.0,MALE,Google Ads,2024-11-27,98.06
CUS00159,Jessica,Williams,customer159@email.co.uk,London,England,36.0,female,,2024-12-27,15.48
CUS00160,Sara,Evans,customer160@email.co.uk,London,England,32.0,F,Paid Social,2022-12-15,54.39
CUS00161,Chloe,Kumar,customer161@email.co.uk,Manchester,England,33.0,M,Paid Social,2022-01-27,42.0
CUS00162,Mia,Jones,customer162@email.co.uk,Bristol,England,31.0,Man,Google Ads,2024-09-13,89.96
CUS00163,Yusuf,Brown,customer163@email.co.uk,Cardiff,Wales,42.0,male,Paid Social,2024-11-20,108.38
CUS00164,Ryan,Khan,customer164@email.co.uk,liverpool,England,48.0,M,Paid Social,2023-09-18,70.44
CUS00165,Megan,Walsh,customer165@email.co.uk,Cardiff,Wales,45.0,M,Paid Social,2024-07-20,99.43
CUS00166,Lauren,Walsh,customer166@email.co.uk,Manchester,England,30.0,F,Paid Social,2024-10-13,108.38
CUS00167,Isla,Lewis,customer167@email.co.uk,Birmingham,England,36.0,M,Paid Social,2024-01-27,83.69
CUS00168,Ryan,Walsh,customer168@email.co.uk,Newcastle,England,41.0,Woman,Google Ads,2024-10-18,98.06
CUS00169,Zoe,O'Brien,customer169@email.co.uk,Leeds,England,24.0,F,Direct,2022-02-26,0.0
CUS00170,Chloe,Robinson,customer170@email.co.uk,,,18.0,F,Paid Social,2023-01-23,59.29
CUS00171,Aisha,Ryan,customer171@email.co.uk,Bristol,England,32.0,M,Paid Social,2023-02-02,59.29
CUS00172,Isabella,Connor,customer172@email.co.uk,Manchester,England,33.0,M,,2022-07-30,45.15
CUS00173,Isla,Kumar,customer173@email.co.uk,Leeds,England,31.0,,Google Ads,2024-11-12,98.06
CUS00174,Freddie,Sharma,customer174@email.co.uk,Manchester,England,38.0,F,Email,2022-03-10,6.0
CUS00175,Alfie,Hussain,customer175@email.co.uk,Glasgow,Scotland,3.0,M,Paid Social,2024-04-14,91.22
CUS00176,Ryan,Khan,customer176@email.co.uk,Leeds,England,22.0,Man,Paid Social,2022-05-18,45.78
CUS00177,George,Robinson,customer177@email.co.uk,Liverpool,England,46.0,F,Email,2023-05-30,9.23
CUS00178,Dylan,Brown,customer178@email.co.uk,Nottingham,England,18.0,female,Paid Social,2023-08-03,70.44
CUS00179,Emily,Hall,customer179@email.co.uk,Leeds,England,42.0,F,Google Ads,2022-10-22,49.21
CUS00180,Alfie,Roberts,customer180@email.co.uk,,,24.0,F,Paid Social,2023-11-12,76.78
CUS00181,Fatima,Ahmed,customer181@email.co.uk,Manchester,England,29.0,female,Google Ads,2023-11-21,69.47
CUS00182,Leo,Clark,customer182@email.co.uk,Leeds,England,32.0,M,Paid Social,2023-04-04,64.62
CUS00183,Freddie,Malik,customer183@email.co.uk,London ,England,18.0,female,Email,2024-06-18,13.03
CUS00184,Poppy,Evans,customer184@email.co.uk,Glasgow,Scotland,31.0,F,Paid Social,2022-09-25,49.9
CUS00185,Aiden,Murphy,customer185@email.co.uk,London,England,47.0,m,Google Ads,2022-11-03,49.21
CUS00186,Amelia,Thompson,customer186@email.co.uk,MANCHESTER,England,29.0,F,Paid Social,2023-05-22,64.62
CUS00187,Amelia,Singh,customer187@email.co.uk,London,England,63.0,M,Direct,2023-06-19,0.0
CUS00188,Chloe,Hussain,customer188@email.co.uk,London,England,46.0,F,,2022-11-14,49.21
CUS00189,Liam,Sharma,customer189@email.co.uk,glasgow,Scotland,18.0,M,Email,2024-11-16,15.48
CUS00190,Isla,Shah,customer190@email.co.uk,Sheffield,England,18.0,F,Paid Social,2024-09-11,99.43
CUS00191,Muhammad,Davies,customer191@email.co.uk,Newcastle,England,18.0,F,Google Ads,2022-07-11,45.15
CUS00192,Omar,Ahmed,customer192@email.co.uk,Newcastle,England,18.0,F,Paid Social,2023-06-09,64.62
CUS00193,Oliver,Patel,customer193@email.co.uk,Edinburgh,Scotland,30.0,M,Paid Social,2022-12-06,54.39
CUS00194,Mia,Malik,customer194@email.co.uk,Leeds,England,32.0,F,Google Ads,2023-09-10,63.73
CUS00195,Ryan,Jones,customer195@email.co.uk,Sheffield,England,22.0,M,Paid Social,2023-02-01,59.29
CUS00196,Lucas,Patel,customer196@email.co.uk,London,England,25.0,M,Google Ads,2023-10-31,69.47
CUS00197,Hannah,Burke,customer197@email.co.uk,,,37.0,F,Paid Social,2024-11-18,108.38
CUS00198,Lily,Walsh,customer198@email.co.uk,Newcastle,England,37.0,MALE,Paid Social,2023-06-24,64.62
CUS00199,George,Wilson,customer199@email.co.uk,London,England,36.0,F,Google Ads,2024-03-20,75.72
CUS00200,Poppy,Evans,customer200@email.co.uk,London,England,32.0,female,Paid Social,2024-01-04,83.69
CUS00201,Noah,Clark,customer201@email.co.uk,,,41.0,M,Google Ads,2024-07-03,89.96
CUS00202,Jessica,Williams,customer202@email.co.uk,London,England,45.0,F,Google Ads,2022-05-03,41.42
CUS00203,Sara,White,customer203@email.co.uk,Liverpool,England,23.0,m,Google Ads,2024-06-26,82.53
CUS00204,Jessica,Thomas,customer204@email.co.uk,Newcastle,England,31.0,f,Google Ads,2024-11-30,98.06
CUS00205,Dylan,Clark,customer205@email.co.uk,Cardiff,Wales,42.0,M,Paid Social,2024-01-17,83.69
CUS00206,Aiden,Roberts,customer206@email.co.uk,Manchester,England,23.0,f,Organic,2023-02-20,11.29
CUS00207,Zoe,Walsh,customer207@email.co.uk,London ,England,33.0,M,Paid Social,2024-04-14,91.22
CUS00208,Ella,Murphy,customer208@email.co.uk,Glasgow,Scotland,39.0,m,Google Ads,2024-05-25,82.53
CUS00209,Aisha,Khan,customer209@email.co.uk,Birmingham,England,43.0,M,Google Ads,2024-03-28,75.72
CUS00210,Noah,Lewis,customer210@email.co.uk,NEWCASTLE,England,18.0,F,Paid Social,2022-09-07,49.9
CUS00211,Jack,White,customer211@email.co.uk,Birmingham,England,53.0,Male,Google Ads,2024-12-16,98.06
CUS00212,Dylan,Brown,customer212@email.co.uk,Manchester,England,31.0,M,,2024-12-06,15.48
CUS00213,Jessica,Jones,customer213@email.co.uk,Manchester,England,45.0,F,Paid Social,2023-08-11,70.44
CUS00214,Riya,Davies,customer214@email.co.uk,Birmingham,England,18.0,F,Email,2024-01-01,11.96
CUS00215,Isabella,Davies,customer215@email.co.uk,Cardiff,Wales,36.0,F,Paid Social,2022-03-27,42.0
CUS00216,Lauren,Thompson,customer216@email.co.uk,London,England,38.0,M,Paid Social,2024-12-25,108.38
CUS00217,George,Clark,customer217@email.co.uk,London,England,18.0,M,Paid Social,2024-09-03,99.43
CUS00218,Alfie,Malik,customer218@email.co.uk,Sheffield,England,49.0,Other,Paid Social,2024-03-04,83.69
CUS00219,James,Patel,customer219@email.co.uk,Manchester,England,40.0,M,Paid Social,2024-07-11,99.43
CUS00220,Mia,Sharma,customer220@email.co.uk,London,England,20.0,M,Paid Social,2022-10-30,54.39
CUS00221,Jessica,Burke,customer221@email.co.uk,London,England,34.0,M,Google Ads,2023-03-22,53.64
CUS00222,Freddie,Williams,customer222@email.co.uk,Birmingham,England,20.0,m,Google Ads,2022-12-19,49.21
CUS00223,Hannah,Robinson,customer223@email.co.uk,London,England,59.0,M,Google Ads,2024-01-05,75.72
CUS00224,Alfie,Johnson,customer224@email.co.uk,Manchester,England,23.0,FEMALE,Organic,2022-06-19,8.72
CUS00225,Isabella,Taylor,customer225@email.co.uk,Birmingham,England,37.0,F,Google Ads,2024-11-04,98.06
CUS00226,Olivia,Martin,customer226@email.co.uk,Leeds,England,45.0,FEMALE,Google Ads,2023-09-22,63.73
CUS00227,Sophie,Hall,customer227@email.co.uk,Leeds,England,35.0,F,Email,2023-09-03,10.06
CUS00228,Hannah,Anderson,customer228@email.co.uk,Liverpool,England,49.0,M,Paid Social,2022-07-08,49.9
CUS00229,Lily,Kumar,customer229@email.co.uk,EDINBURGH,Scotland,26.0,F,Paid Social,2024-04-27,91.22
CUS00230,Chloe,White,customer230@email.co.uk,Cardiff,Wales,33.0,M,Referral,2024-09-01,33.14
CUS00231,Jessica,Shah,customer231@email.co.uk,Liverpool,England,18.0,,Google Ads,2024-02-24,75.72
CUS00232,Oliver,Clark,customer232@email.co.uk,Cardiff,Wales,44.0,F,Google Ads,2022-12-15,49.21
CUS00233,Harry,Smith,customer233@email.co.uk,London,England,,male,Paid Social,2024-08-02,99.43
CUS00234,Oliver,Walsh,customer234@email.co.uk,Birmingham,England,48.0,M,Paid Social,2022-09-05,49.9
CUS00235,Mia,Martin,customer235@email.co.uk,Birmingham,England,26.0,female,Google Ads,2024-09-10,89.96
CUS00236,Chloe,O'Brien,customer236@email.co.uk,glasgow,Scotland,33.0,female,Paid Social,2023-12-23,76.78
CUS00237,Ava,Kumar,customer237@email.co.uk,Birmingham,England,25.0,F,Paid Social,2023-02-23,59.29
CUS00238,Charlie,Singh,customer238@email.co.uk,Leeds,England,42.0,M,Paid Social,2023-11-07,76.78
CUS00239,Arjun,Murphy,customer239@email.co.uk,London,England,25.0,M,Paid Social,2024-02-23,83.69
CUS00240,Zoe,Hussain,customer240@email.co.uk,Manchester,England,19.0,F,Paid Social,2022-12-30,54.39
CUS00241,Chloe,Hall,customer241@email.co.uk,Leeds,England,18.0,Female,Paid Social,2024-09-28,99.43
CUS00242,Aisha,Anderson,customer242@email.co.uk,Birmingham,England,36.0,m,Referral,2023-08-07,23.48
CUS00243,Poppy,Patel,customer243@email.co.uk,London,England,42.0,M,Google Ads,2024-11-02,98.06
CUS00244,Isla,Thomas,customer244@email.co.uk,Birmingham,England,34.0,f,Paid Social,2024-09-18,99.43
CUS00245,Aiden,Shah,customer245@email.co.uk,nottingham,England,27.0,F,Paid Social,2022-06-30,45.78
CUS00246,Jack,Thomas,customer246@email.co.uk,Newcastle,England,27.0,Man,Referral,2024-03-16,27.9
CUS00247,James,Brown,customer247@email.co.uk,Manchester,England,36.0,M,Google Ads,2023-03-26,53.64
CUS00248,Riya,Clark,customer248@email.co.uk,London,England,30.0,F,Paid Social,2024-07-04,99.43
CUS00249,Dylan,Johnson,customer249@email.co.uk,London,England,38.0,Female,Direct,2023-11-26,0.0
CUS00250,Jack,Davies,customer250@email.co.uk,Cardiff,Wales,30.0,M,Paid Social,2023-09-17,70.44
CUS00251,Arjun,Ali,customer251@email.co.uk,,,31.0,F,Google Ads,2024-11-04,98.06
CUS00252,Chloe,Walker,customer252@email.co.uk,London,England,18.0,M,Google Ads,2022-04-26,41.42
CUS00253,Lauren,Robinson,customer253@email.co.uk,Manchester,England,49.0,M,Google Ads,2023-12-06,69.47
CUS00254,Aisha,Walker,customer254@email.co.uk,Leeds,England,26.0,M,,2023-04-18,64.62
CUS00255,Harry,Malik,customer255@email.co.uk,Manchester,England,37.0,M,Paid Social,2022-03-19,42.0
CUS00256,Olivia,Johnson,customer256@email.co.uk,,,23.0,M,Referral,2024-07-04,33.14
CUS00257,Jessica,Kumar,customer257@email.co.uk,London,England,50.0,female,Google Ads,2023-12-09,69.47
CUS00258,James,Clark,customer258@email.co.uk,Leeds,England,26.0,M,Google Ads,2024-11-03,98.06
CUS00259,Mason,Patel,customer259@email.co.uk,Sheffield,England,35.0,M,Paid Social,2024-01-08,83.69
CUS00260,Mia,Khan,customer260@email.co.uk,london,England,52.0,M,Paid Social,2023-04-30,64.62
CUS00261,Ava,Williams,customer261@email.co.uk,Birmingham,England,36.0,F,Paid Social,2024-12-23,108.38
CUS00262,Sophie,Anderson,customer262@email.co.uk,Glasgow,Scotland,,Man,Paid Social,2022-07-23,49.9
CUS00263,Ethan,White,customer263@email.co.uk,Manchester,England,28.0,Man,Paid Social,2022-04-18,45.78
CUS00264,James,Patel,customer264@email.co.uk,Sheffield,England,43.0,female,Paid Social,2024-06-14,91.22
CUS00265,Lucas,Davies,customer265@email.co.uk,Manchester,England,43.0,M,Google Ads,2023-06-11,58.47
CUS00266,Emma,Lewis,customer266@email.co.uk,Liverpool,England,30.0,M,Paid Social,2023-05-30,64.62
CUS00267,Chloe,Martin,customer267@email.co.uk,Nottingham,England,21.0,F,Paid Social,2024-10-22,108.38
CUS00268,Ava,Walsh,customer268@email.co.uk,Birmingham,England,33.0,F,Google Ads,2023-04-18,58.47
CUS00269,Sara,Smith,customer269@email.co.uk,London,England,41.0,F,Google Ads,2024-11-01,98.06
CUS00270,Noah,Clark,customer270@email.co.uk,London,England,19.0,M,Paid Social,2024-03-13,83.69
CUS00271,Noah,Roberts,customer271@email.co.uk,Manchester,England,22.0,F,Google Ads,2023-04-20,58.47
CUS00272,Aiden,Flynn,customer272@email.co.uk,Newcastle,England,18.0,F,Paid Social,2022-04-30,45.78
CUS00273,Harry,Hussain,customer273@email.co.uk,Newcastle,England,44.0,M,Google Ads,2022-12-18,49.21
CUS00274,Oliver,Hall,customer274@email.co.uk,Londn,England,26.0,M,Paid Social,2024-12-13,108.38
CUS00275,Sophie,Thompson,customer275@email.co.uk,Birmingham,England,28.0,F,Paid Social,2023-07-20,70.44
CUS00276,Noah,Flynn,customer276@email.co.uk,Cardiff,Wales,48.0,Other,Organic,2022-09-25,9.5
CUS00277,Hannah,Roberts,customer277@email.co.uk,London,England,46.0,Male,Paid Social,2023-03-09,59.29
CUS00278,Arjun,Kelly,customer278@email.co.uk,Bristol,England,18.0,,Google Ads,2024-11-06,98.06
CUS00279,Lucas,Khan,customer279@email.co.uk,London,England,35.0,f,Google Ads,2022-10-01,49.21
CUS00280,Omar,Murphy,customer280@email.co.uk,Bristol,England,49.0,Other,Paid Social,2024-07-26,99.43
CUS00281,Leo,Walker,customer281@email.co.uk,Leeds,England,26.0,F,Referral,2022-08-21,16.63
CUS00282,Omar,Burke,customer282@email.co.uk,London,England,31.0,F,Paid Social,2024-12-09,108.38
CUS00283,Priya,Roberts,customer283@email.co.uk,Newcastle,England,37.0,f,Google Ads,2023-11-18,69.47
CUS00284,Harry,Walsh,customer284@email.co.uk,London,England,43.0,F,Paid Social,2022-04-02,45.78
CUS00285,Riya,Singh,customer285@email.co.uk,Bristol,England,31.0,M,Paid Social,2024-11-22,108.38
CUS00286,Omar,Walsh,customer286@email.co.uk,London,England,31.0,m,Paid Social,2023-05-26,64.62
CUS00287,Freddie,Ryan,customer287@email.co.uk,Newcastle,England,18.0,M,Referral,2024-06-13,30.41
CUS00288,Yusuf,Walsh,customer288@email.co.uk,London,England,18.0,M,Organic,2023-11-14,14.62
CUS00289,Ella,Jones,customer289@email.co.uk,Newcastle,England,35.0,F,Paid Social,2022-06-20,45.78
CUS00290,Rohan,Flynn,customer290@email.co.uk,Leeds,England,18.0,FEMALE,Paid Social,2022-07-09,49.9
CUS00291,Fatima,Thompson,customer291@email.co.uk,Leeds,England,21.0,m,Paid Social,2022-09-10,49.9
CUS00292,Noah,Jones,customer292@email.co.uk,Manchester,England,18.0,F,Email,2022-09-26,7.13
CUS00293,Harry,Thomas,customer293@email.co.uk,london,England,25.0,M,Paid Social,2022-04-18,45.78
CUS00294,Riya,Ahmed,customer294@email.co.uk,Newcastle,England,50.0,F,Paid Social,2022-04-09,45.78
CUS00295,Charlie,Ali,customer295@email.co.uk,Glasgow,Scotland,44.0,female,Paid Social,2024-12-01,108.38
CUS00296,Ryan,Connor,customer296@email.co.uk,London ,England,26.0,M,Paid Social,2022-06-18,45.78
CUS00297,Jack,Jones,customer297@email.co.uk,London,England,28.0,FEMALE,Paid Social,2023-11-04,76.78
CUS00298,Riya,Byrne,customer298@email.co.uk,Birmingham,England,34.0,female,Organic,2022-07-27,9.5
CUS00299,Rohan,Robinson,customer299@email.co.uk,Birmingham,England,25.0,F,Paid Social,2022-11-21,54.39
CUS00300,Grace,Clark,customer300@email.co.uk,Leeds,England,25.0,M,Paid Social,2024-07-13,99.43
CUS00301,James,Malik,customer301@email.co.uk,Bristol,England,38.0,M,Email,2024-11-26,15.48
CUS00302,George,Walsh,customer302@email.co.uk,London,England,41.0,F,Google Ads,2023-09-30,63.73
CUS00303,Zoe,Davies,customer303@email.co.uk,London,England,41.0,M,Paid Social,2022-01-15,42.0
CUS00304,Arjun,Ryan,customer304@email.co.uk,Nottingham,England,34.0,M,Paid Social,2024-12-31,108.38
CUS00305,George,O'Brien,customer305@email.co.uk,London,England,18.0,F,Paid Social,2022-04-10,45.78
CUS00306,Isabella,Brown,customer306@email.co.uk,Manchester,England,24.0,male,Paid Social,2023-07-02,70.44
CUS00307,Isabella,Robinson,customer307@email.co.uk,Birmingham,England,39.0,M,Paid Social,2023-11-24,76.78
CUS00308,Omar,Anderson,customer308@email.co.uk,Leeds,England,35.0,F,Email,2024-11-02,15.48
CUS00309,Poppy,Malik,customer309@email.co.uk,,,27.0,F,Paid Social,2024-09-07,99.43
CUS00310,Grace,Ali,customer310@email.co.uk,London,England,19.0,O,Paid Social,2024-01-26,83.69
CUS00311,George,O'Brien,customer311@email.co.uk,Edinburgh,Scotland,40.0,F,Google Ads,2023-07-12,63.73
CUS00312,Rohan,Walker,customer312@email.co.uk,London,England,38.0,Other,Paid Social,2024-09-17,99.43
CUS00313,Sara,Williams,customer313@email.co.uk,birmingham,England,29.0,M,Paid Social,2024-10-16,108.38
CUS00314,Megan,Martin,customer314@email.co.uk,Manchester,England,54.0,M,Google Ads,2024-10-18,98.06
CUS00315,George,Kelly,customer315@email.co.uk,Liverpool,England,25.0,F,,2024-05-31,91.22
CUS00316,Leo,Patel,customer316@email.co.uk,London,England,40.0,Man,Paid Social,2022-06-28,45.78
CUS00317,Isabella,Hall,customer317@email.co.uk,Edinburgh,Scotland,18.0,M,Paid Social,2023-03-09,59.29
CUS00318,Megan,McCarthy,customer318@email.co.uk,Cardiff,Wales,28.0,M,Google Ads,2023-10-16,69.47
CUS00319,Freddie,Smith,customer319@email.co.uk,London,England,18.0,F,Paid Social,2023-11-02,76.78
CUS00320,Emma,Taylor,customer320@email.co.uk,Leeds,England,23.0,M,Paid Social,2024-09-15,99.43
CUS00321,Grace,Lewis,customer321@email.co.uk,Sheffield,England,18.0,F,Paid Social,2022-12-11,54.39
CUS00322,Rohan,Evans,customer322@email.co.uk,Birmingham,England,23.0,F,Google Ads,2024-04-06,82.53
CUS00323,Aisha,Anderson,customer323@email.co.uk,Edinburgh,Scotland,41.0,,Paid Social,2023-06-14,64.62
CUS00324,Rohan,Murphy,customer324@email.co.uk,Birmingham,England,42.0,F,Google Ads,2024-07-24,89.96
CUS00325,Lily,Ryan,customer325@email.co.uk,Liverpool,England,44.0,M,Paid Social,2022-11-06,54.39
CUS00326,Lily,Malik,customer326@email.co.uk,,,49.0,F,Paid Social,2023-10-07,76.78
CUS00327,Nathan,Malik,customer327@email.co.uk,Birmigham,England,36.0,F,Paid Social,2022-07-06,49.9
CUS00328,Sara,Wilson,customer328@email.co.uk,London,England,18.0,M,Email,2022-11-19,7.77
CUS00329,Mia,Martin,customer329@email.co.uk,Nottingham,England,45.0,MALE,Paid Social,2024-11-24,108.38
CUS00330,Sophie,Davies,customer330@email.co.uk,london,England,30.0,M,Organic,2023-04-03,12.31
CUS00331,Emma,Jones,customer331@email.co.uk,Manchester,England,,Other,Organic,2024-11-03,20.64
CUS00332,Lily,Malik,customer332@email.co.uk,london,England,41.0,M,Paid Social,2023-11-14,76.78
CUS00333,George,Walsh,customer333@email.co.uk,Liverpool,England,24.0,F,Email,2022-03-26,6.0
CUS00334,Ryan,Lewis,customer334@email.co.uk,Birmingham,England,40.0,M,Paid Social,2024-08-10,99.43
CUS00335,Lucas,Anderson,customer335@email.co.uk,Londn,England,27.0,M,Paid Social,2022-04-17,45.78
CUS00336,Emily,Brown,customer336@email.co.uk,Manchester,England,38.0,M,Organic,2024-09-10,18.94
CUS00337,Natalie,Davies,customer337@email.co.uk,Londn,England,35.0,M,Organic,2022-01-22,8.0
CUS00338,Leo,Ryan,customer338@email.co.uk,leeds,England,42.0,M,,2024-04-16,82.53
CUS00339,Isabella,Ahmed,customer339@email.co.uk,London,England,39.0,female,Paid Social,2022-10-02,54.39
CUS00340,Freddie,Kelly,customer340@email.co.uk,Glasgow,Scotland,33.0,M,Email,2023-05-08,9.23
CUS00341,Riya,Walsh,customer341@email.co.uk,Liverpool,England,44.0,M,Google Ads,2024-12-04,98.06
CUS00342,Jessica,Wilson,customer342@email.co.uk,Manchester,England,18.0,F,Referral,2023-10-16,25.59
CUS00343,Fatima,Ahmed,customer343@email.co.uk,Leeds,England,27.0,f,Email,2024-03-29,11.96
CUS00344,Poppy,Murphy,customer344@email.co.uk,Londen,England,21.0,male,Direct,2024-06-22,0.0
CUS00345,Grace,Hussain,customer345@email.co.uk,Leeds,England,47.0,Other,Email,2022-07-15,7.13
CUS00346,Oliver,Johnson,customer346@email.co.uk,SHEFFIELD,England,28.0,F,Google Ads,2024-09-21,89.96
CUS00347,James,Murphy,customer347@email.co.uk,London,England,,male,Referral,2024-11-13,36.13
CUS00348,Rohan,Kumar,customer348@email.co.uk,Leeds,England,35.0,M,Paid Social,2022-09-19,49.9
CUS00349,Aiden,Hall,customer349@email.co.uk,Glasgow,Scotland,53.0,M,Referral,2023-11-28,25.59
CUS00350,Omar,Roberts,customer350@email.co.uk,Edinburgh,Scotland,,F,Direct,2023-02-13,0.0
CUS00351,Logan,Shah,customer351@email.co.uk,Birmingham,England,30.0,female,Paid Social,2024-06-22,91.22
CUS00352,Lucas,Khan,customer352@email.co.uk,London,England,40.0,F,Paid Social,2022-03-06,42.0
CUS00353,Alfie,Patel,customer353@email.co.uk,London,England,44.0,M,Paid Social,2023-11-07,76.78
CUS00354,James,Khan,customer354@email.co.uk,Leeds,England,22.0,Man,Google Ads,2024-08-09,89.96
CUS00355,Yusuf,Patel,customer355@email.co.uk,London,England,40.0,M,Paid Social,2024-06-16,91.22
CUS00356,Aiden,Wilson,customer356@email.co.uk,Glasgow,Scotland,22.0,F,Google Ads,2022-07-12,45.15
CUS00357,Isla,Smith,customer357@email.co.uk,Edinburgh,Scotland,30.0,M,Google Ads,2024-09-15,89.96
CUS00358,Hassan,Walker,customer358@email.co.uk,BRISTOL,England,32.0,M,Direct,2022-12-11,0.0
CUS00359,Isabella,Ahmed,customer359@email.co.uk,London,England,30.0,M,Paid Social,2024-08-24,99.43
CUS00360,George,Hussain,customer360@email.co.uk,Manchester,England,29.0,MALE,Referral,2023-10-27,25.59
CUS00361,Lucas,Flynn,customer361@email.co.uk,Edinburgh,Scotland,41.0,F,Google Ads,2022-09-26,45.15
CUS00362,George,Ahmed,customer362@email.co.uk,London,England,26.0,Man,Referral,2024-06-15,30.41
CUS00363,Dylan,Lewis,customer363@email.co.uk,London,England,28.0,Female,Paid Social,2024-08-24,99.43
CUS00364,Jack,Lewis,customer364@email.co.uk,Liverpool,England,26.0,F,Paid Social,2024-05-12,91.22
CUS00365,Charlie,Taylor,customer365@email.co.uk,Cardiff,Wales,24.0,M,Paid Social,2024-12-11,108.38
CUS00366,Arjun,Walker,customer366@email.co.uk,Edinburgh,Scotland,38.0,F,Paid Social,2022-12-28,54.39
CUS00367,Riya,Roberts,customer367@email.co.uk,Nottingham,England,32.0,F,Google Ads,2022-12-09,49.21
CUS00368,Ava,Lewis,customer368@email.co.uk,Bristol,England,23.0,M,Paid Social,2022-09-07,49.9
CUS00369,Dylan,Walsh,customer369@email.co.uk,Manchester,England,,f,Email,2023-11-24,10.97
CUS00370,Muhammad,Martin,customer370@email.co.uk,Leeds,England,31.0,FEMALE,Paid Social,2023-07-13,70.44
CUS00371,Sara,Ahmed,customer371@email.co.uk,Cardiff,Wales,37.0,F,Paid Social,2023-05-25,64.62
CUS00372,Dylan,Jones,customer372@email.co.uk,London,England,44.0,Other,Organic,2023-09-20,13.42
CUS00373,Yusuf,Hussain,customer373@email.co.uk,Leeds,England,40.0,f,Paid Social,2023-01-28,59.29
CUS00374,Mia,Connor,customer374@email.co.uk,Birmingham,England,36.0,M,Paid Social,2022-01-11,42.0
CUS00375,Emily,Davies,customer375@email.co.uk,Leeds,England,41.0,F,Paid Social,2023-10-02,76.78
CUS00376,Jack,Sharma,customer376@email.co.uk,Manchester,England,31.0,F,Paid Social,2023-01-31,59.29
CUS00377,Ryan,Burke,customer377@email.co.uk,London,England,30.0,M,Paid Social,2023-09-09,70.44
CUS00378,Yusuf,Thomas,customer378@email.co.uk,Liverpool,England,33.0,M,Google Ads,2024-11-21,98.06
CUS00379,Priya,Walker,customer379@email.co.uk,Sheffield,England,34.0,male,Email,2022-10-19,7.77
CUS00380,Grace,Taylor,customer380@email.co.uk,Birmingham,England,20.0,Woman,,2024-03-05,75.72
CUS00381,Mia,Thomas,customer381@email.co.uk,London,England,48.0,F,Paid Social,2024-03-14,83.69
CUS00382,Amelia,O'Brien,customer382@email.co.uk,Leeds,England,40.0,female,Google Ads,2023-02-09,53.64
CUS00383,Logan,Patel,customer383@email.co.uk,Leeds,England,22.0,F,Paid Social,2023-10-01,76.78
CUS00384,Lily,Hall,customer384@email.co.uk,London,England,44.0,M,Google Ads,2024-12-14,98.06
CUS00385,Isabella,Clark,customer385@email.co.uk,Liverpool,England,24.0,F,Paid Social,2023-05-07,64.62
CUS00386,Aiden,Robinson,customer386@email.co.uk,Manchester,England,42.0,F,Paid Social,2024-05-25,91.22
CUS00387,Sophie,O'Brien,customer387@email.co.uk,,,32.0,Male,Paid Social,2024-09-22,99.43
CUS00388,Mia,Hussain,customer388@email.co.uk,London,England,54.0,F,,2023-05-29,0.0
CUS00389,Alfie,Johnson,customer389@email.co.uk,London,England,33.0,M,Email,2024-12-26,15.48
CUS00390,Priya,Johnson,customer390@email.co.uk,Bristol,England,35.0,M,Google Ads,2024-02-19,75.72
CUS00391,George,Anderson,customer391@email.co.uk,London,England,25.0,Woman,Google Ads,2023-10-30,69.47
CUS00392,Chloe,Murphy,customer392@email.co.uk,Leeds,England,29.0,M,Paid Social,2024-05-28,91.22
CUS00393,Mia,Thompson,customer393@email.co.uk,Edinburgh,Scotland,22.0,f,Paid Social,2023-08-10,70.44
CUS00394,Ryan,Patel,customer394@email.co.uk,London,England,31.0,F,Referral,2024-05-25,30.41
CUS00395,Yusuf,Kumar,customer395@email.co.uk,Birmingham,England,38.0,M,Paid Social,2023-01-29,59.29
CUS00396,Dylan,Thomas,customer396@email.co.uk,Leeds,England,51.0,M,Google Ads,2024-11-20,98.06
CUS00397,Mia,Martin,customer397@email.co.uk,Liverpool,England,54.0,F,Google Ads,2023-11-26,69.47
CUS00398,Ava,Davies,customer398@email.co.uk,Edinburgh,Scotland,21.0,male,Paid Social,2022-12-15,54.39
CUS00399,Olivia,Patel,customer399@email.co.uk,Glasgow,Scotland,34.0,M,Paid Social,2023-08-26,70.44
CUS00400,Mia,Davies,customer400@email.co.uk,Newcastle,England,41.0,,Google Ads,2024-11-04,98.06
CUS00401,Muhammad,Robinson,customer401@email.co.uk,London,England,25.0,F,Paid Social,2024-08-23,99.43
CUS00402,Mason,Clark,customer402@email.co.uk,Birmingham,England,36.0,F,Direct,2023-10-14,0.0
CUS00403,Ella,Martin,customer403@email.co.uk,London,England,18.0,Male,Paid Social,2023-05-18,64.62
CUS00404,Oliver,Sharma,customer404@email.co.uk,Liverpool,England,41.0,F,Paid Social,2023-06-17,64.62
CUS00405,Lucas,Sharma,customer405@email.co.uk,Leeds,England,25.0,F,Paid Social,2024-12-21,108.38
CUS00406,Hassan,Ryan,customer406@email.co.uk,Glasgow,Scotland,40.0,F,Paid Social,2022-07-18,49.9
CUS00407,Emily,Ali,customer407@email.co.uk,Manchester,England,45.0,M,Email,2024-11-01,15.48
CUS00408,Jessica,Patel,customer408@email.co.uk,Leeds,England,26.0,F,Paid Social,2024-10-06,108.38
CUS00409,Yusuf,Taylor,customer409@email.co.uk,Manchester,England,24.0,M,Google Ads,2022-11-29,49.21
CUS00410,Grace,Lewis,customer410@email.co.uk,Newcastle,England,43.0,M,Paid Social,2023-05-16,64.62
CUS00411,Ella,Ahmed,customer411@email.co.uk,Liverpool,England,25.0,M,Google Ads,2023-12-15,69.47
CUS00412,Freddie,Walsh,customer412@email.co.uk,Manchester,England,38.0,Man,Google Ads,2024-08-19,89.96
CUS00413,Hannah,Anderson,customer413@email.co.uk,Newcastle,England,28.0,F,Paid Social,2024-12-03,108.38
CUS00414,Noah,Lewis,customer414@email.co.uk,Bristol,England,57.0,M,Paid Social,2024-12-27,108.38
CUS00415,Ava,Ali,customer415@email.co.uk,Manchester,England,44.0,M,Google Ads,2023-02-09,53.64
CUS00416,Aiden,Kumar,customer416@email.co.uk,Bristol,England,25.0,F,Email,2022-11-03,7.77
CUS00417,Dylan,Hall,customer417@email.co.uk,London,England,18.0,F,Google Ads,2023-10-17,69.47
CUS00418,Oliver,Thomas,customer418@email.co.uk,Glasgow,Scotland,38.0,Man,Google Ads,2023-12-06,69.47
CUS00419,Harry,Singh,customer419@email.co.uk,Londn,England,27.0,FEMALE,Paid Social,2024-03-28,83.69
CUS00420,Fatima,O'Brien,customer420@email.co.uk,London,England,42.0,F,Organic,2022-07-12,9.5
CUS00421,Natalie,Murphy,customer421@email.co.uk,London,England,46.0,M,Google Ads,2024-03-16,75.72
CUS00422,James,Brown,customer422@email.co.uk,Manchester,England,33.0,m,Paid Social,2024-11-17,108.38
CUS00423,Aiden,Ryan,customer423@email.co.uk,Manchester,England,41.0,F,Google Ads,2024-11-14,98.06
CUS00424,Nathan,Kumar,customer424@email.co.uk,Manchester,England,45.0,m,,2024-11-29,20.64
CUS00425,Ava,Evans,customer425@email.co.uk,liverpool,England,25.0,F,Paid Social,2024-11-18,108.38
CUS00426,Poppy,Roberts,customer426@email.co.uk,Birmingham,England,31.0,F,Google Ads,2024-12-09,98.06
CUS00427,Leo,Ryan,customer427@email.co.uk,birmingham,England,20.0,F,Paid Social,2022-04-11,45.78
CUS00428,Rohan,Evans,customer428@email.co.uk,Leeds,England,34.0,M,Referral,2024-11-15,36.13
CUS00429,Omar,Malik,customer429@email.co.uk,,,51.0,F,Paid Social,2023-01-22,59.29
CUS00430,Noah,Connor,customer430@email.co.uk,Liverpool,England,37.0,M,Direct,2023-04-09,0.0
CUS00431,Sara,Williams,customer431@email.co.uk,London,England,48.0,M,Paid Social,2023-09-18,70.44
CUS00432,James,Thomas,customer432@email.co.uk,London,England,42.0,FEMALE,Google Ads,2024-12-05,98.06
CUS00433,Poppy,McCarthy,customer433@email.co.uk,Birmingham,England,42.0,M,Referral,2024-01-19,27.9
CUS00434,Harry,Hall,customer434@email.co.uk,Birmingham,England,22.0,M,Paid Social,2023-05-20,64.62
CUS00435,Freddie,Clark,customer435@email.co.uk,Glasgow,Scotland,40.0,Male,Email,2023-06-14,9.23
CUS00436,Hannah,Singh,customer436@email.co.uk,Manchester,England,30.0,Female,Google Ads,2024-11-09,98.06
CUS00437,Aisha,Wilson,customer437@email.co.uk,Bristol,England,26.0,F,Google Ads,2024-09-06,89.96
CUS00438,Charlie,Brown,customer438@email.co.uk,Manchester,England,41.0,M,Google Ads,2022-08-25,45.15
CUS00439,Sophie,Ryan,customer439@email.co.uk,Birmingham,England,50.0,F,Paid Social,2022-12-21,54.39
CUS00440,Natalie,Martin,customer440@email.co.uk,Glasgow,Scotland,31.0,M,Paid Social,2023-06-12,64.62
CUS00441,Lucas,Clark,customer441@email.co.uk,London,England,28.0,F,Paid Social,2022-11-23,54.39
CUS00442,Poppy,Kelly,customer442@email.co.uk,Glasgow,Scotland,63.0,M,Google Ads,2023-12-10,69.47
CUS00443,James,Smith,customer443@email.co.uk,Manchester,England,51.0,M,Referral,2022-11-29,18.13
CUS00444,Zoe,Hall,customer444@email.co.uk,Bristol,England,18.0,F,Paid Social,2023-12-18,76.78
CUS00445,Nathan,Lewis,customer445@email.co.uk,London,England,36.0,M,Paid Social,2024-11-25,108.38
CUS00446,Muhammad,Robinson,customer446@email.co.uk,Birmingham,England,37.0,M,Paid Social,2024-09-29,99.43
CUS00447,Emma,Ryan,customer447@email.co.uk,Newcastle,England,18.0,Man,Google Ads,2022-06-30,41.42
CUS00448,Ava,Connor,customer448@email.co.uk,Sheffield,England,33.0,Man,Google Ads,2022-11-15,49.21
CUS00449,Ava,Jones,customer449@email.co.uk,Birmingham,England,35.0,M,Google Ads,2023-07-28,63.73
CUS00450,Logan,Hall,customer450@email.co.uk,Sheffield,England,46.0,MALE,Paid Social,2024-03-16,83.69
CUS00451,Jack,Jones,customer451@email.co.uk,edinburgh,Scotland,22.0,M,Paid Social,2023-06-29,64.62
CUS00452,Isla,Murphy,customer452@email.co.uk,Birmingham,England,37.0,FEMALE,Google Ads,2022-12-24,49.21
CUS00453,Rohan,Sharma,customer453@email.co.uk,Manchester,England,44.0,MALE,Paid Social,2023-05-10,64.62
CUS00454,Noah,Clark,customer454@email.co.uk,Sheffield,England,52.0,M,Email,2022-11-13,7.77
CUS00455,Poppy,Singh,customer455@email.co.uk,London,England,27.0,F,,2024-10-10,20.64
CUS00456,Mason,Thompson,customer456@email.co.uk,Manchester,England,44.0,F,Google Ads,2024-05-10,82.53
CUS00457,Grace,Williams,customer457@email.co.uk,Leeds,England,32.0,M,Paid Social,2023-07-26,70.44
CUS00458,Aisha,Patel,customer458@email.co.uk,,,40.0,Male,Paid Social,2024-05-13,91.22
CUS00459,Fatima,Sharma,customer459@email.co.uk,Leeds,England,39.0,M,Google Ads,2023-11-12,69.47
CUS00460,Mason,Hussain,customer460@email.co.uk,London,England,41.0,F,Paid Social,2023-11-16,76.78
CUS00461,Isla,Smith,customer461@email.co.uk,London,England,56.0,M,Paid Social,2023-06-06,64.62
CUS00462,Lily,Walsh,customer462@email.co.uk,Manchester,England,48.0,f,Google Ads,2023-10-18,69.47
CUS00463,George,Anderson,customer463@email.co.uk,Manchester,England,52.0,F,Google Ads,2024-12-23,98.06
CUS00464,Grace,Martin,customer464@email.co.uk,Sheffield,England,35.0,M,Paid Social,2024-08-01,99.43
CUS00465,Sophie,Martin,customer465@email.co.uk,Liverpool,England,49.0,female,Paid Social,2024-09-11,99.43
CUS00466,Poppy,Malik,customer466@email.co.uk,BRISTOL,England,18.0,Man,Direct,2022-08-05,0.0
CUS00467,Poppy,Clark,customer467@email.co.uk,Sheffield,England,32.0,M,Paid Social,2023-11-02,76.78
CUS00468,Yusuf,Walker,customer468@email.co.uk,Glasgow,Scotland,18.0,M,Email,2023-06-06,9.23
CUS00469,Charlie,Burke,customer469@email.co.uk,London,England,41.0,,Google Ads,2022-06-14,41.42
CUS00470,Grace,Burke,customer470@email.co.uk,Edinburgh,Scotland,41.0,F,Paid Social,2023-07-09,70.44
CUS00471,Olivia,Thompson,customer471@email.co.uk,London,England,32.0,M,Paid Social,2022-05-23,45.78
CUS00472,Grace,Sharma,customer472@email.co.uk,Birmingham,England,33.0,f,Paid Social,2022-12-08,54.39
CUS00473,Arjun,Taylor,customer473@email.co.uk,Birmingham,England,44.0,F,Paid Social,2024-08-15,99.43
CUS00474,Lauren,Roberts,customer474@email.co.uk,,,42.0,M,Paid Social,2024-04-29,91.22
CUS00475,Aiden,Taylor,customer475@email.co.uk,Leeds,England,28.0,m,Paid Social,2024-05-11,91.22
CUS00476,Emily,Jones,customer476@email.co.uk,Manchester,England,34.0,F,Google Ads,2022-05-31,41.42
CUS00477,Lauren,Roberts,customer477@email.co.uk,London,England,36.0,F,Google Ads,2022-09-30,45.15
CUS00478,Logan,Taylor,customer478@email.co.uk,London,England,18.0,M,Paid Social,2022-02-21,42.0
CUS00479,Fatima,Taylor,customer479@email.co.uk,Glasgow,Scotland,28.0,Woman,Paid Social,2022-06-27,45.78
CUS00480,Olivia,Hussain,customer480@email.co.uk,Birmingham,England,36.0,M,Email,2022-07-03,7.13
CUS00481,Ryan,Khan,customer481@email.co.uk,Glasgoe,Scotland,33.0,Female,Organic,2024-12-08,20.64
CUS00482,Omar,Wilson,customer482@email.co.uk,Birmingham,England,18.0,F,Google Ads,2024-11-03,98.06
CUS00483,Noah,Johnson,customer483@email.co.uk,Sheffield,England,28.0,Female,Google Ads,2022-11-13,49.21
CUS00484,Liam,Martin,customer484@email.co.uk,Glasgow,Scotland,32.0,M,Paid Social,2022-12-26,54.39
CUS00485,Olivia,Ryan,customer485@email.co.uk,London,England,38.0,Woman,,2024-12-09,108.38
CUS00486,Hassan,Malik,customer486@email.co.uk,Brumingham,England,52.0,F,Google Ads,2023-12-15,69.47
CUS00487,Harry,Hall,customer487@email.co.uk,Leeds,England,53.0,M,Paid Social,2023-06-08,64.62
CUS00488,Arjun,Ali,customer488@email.co.uk,London,England,39.0,FEMALE,Paid Social,2023-09-26,70.44
CUS00489,Mason,Patel,customer489@email.co.uk,Birmingham,England,18.0,M,Paid Social,2023-01-24,59.29
CUS00490,Ryan,Johnson,customer490@email.co.uk,London,England,18.0,M,Direct,2023-12-25,0.0
CUS00491,Charlie,Smith,customer491@email.co.uk,Sheffield,England,30.0,M,Google Ads,2024-06-07,82.53
CUS00492,Noah,Lewis,customer492@email.co.uk,Londen,England,42.0,,Paid Social,2023-11-09,76.78
CUS00493,Noah,Shah,customer493@email.co.uk,London,England,23.0,F,Google Ads,2024-09-05,89.96
CUS00494,Logan,Wilson,customer494@email.co.uk,Sheffield,England,25.0,Male,Google Ads,2022-07-20,45.15
CUS00495,Mia,Anderson,customer495@email.co.uk,Manchester,England,28.0,MALE,Paid Social,2024-01-17,83.69
CUS00496,Lucas,Shah,customer496@email.co.uk,Liverpool,England,18.0,male,Referral,2024-12-25,36.13
CUS00497,Sara,Hall,customer497@email.co.uk,Nottingham,England,35.0,Man,Paid Social,2022-09-10,49.9
CUS00498,Dylan,Davies,customer498@email.co.uk,Bristol,England,31.0,F,,2023-10-24,69.47
CUS00499,Jack,O'Brien,customer499@email.co.uk,Sheffield,England,24.0,,Google Ads,2024-02-25,75.72
CUS00500,Isla,Ahmed,customer500@email.co.uk,Manchester,England,35.0,M,Referral,2023-05-01,21.54
CUS00501,Zoe,Kumar,customer501@email.co.uk,London,England,29.0,Woman,Referral,2024-12-11,36.13
CUS00502,Isla,Khan,customer502@email.co.uk,Bristoll,England,37.0,M,Paid Social,2023-10-15,76.78
CUS00503,Mason,O'Brien,customer503@email.co.uk,London,England,32.0,M,Paid Social,2023-10-09,76.78
CUS00504,Oliver,Sharma,customer504@email.co.uk,,,18.0,Male,Paid Social,2024-11-08,108.38
CUS00505,Ava,Hussain,customer505@email.co.uk,Liverpool,England,26.0,F,Paid Social,2022-02-08,42.0
CUS00506,Harry,Ali,customer506@email.co.uk,Birmingham,England,51.0,M,Paid Social,2024-10-15,108.38
CUS00507,Harry,Malik,customer507@email.co.uk,London,England,29.0,female,Paid Social,2022-08-12,49.9
CUS00508,George,Taylor,customer508@email.co.uk,,,27.0,M,Referral,2023-06-20,21.54
CUS00509,Isabella,Martin,customer509@email.co.uk,Glasgow,Scotland,35.0,m,Paid Social,2023-10-18,76.78
CUS00510,Hassan,Brown,customer510@email.co.uk,Cardiff,Wales,32.0,F,Paid Social,2023-10-06,76.78
CUS00511,Lauren,Patel,customer511@email.co.uk,Manchester,England,46.0,M,Google Ads,2022-03-27,38.0
CUS00512,Mason,Lewis,customer512@email.co.uk,Edinburgh,Scotland,27.0,F,Google Ads,2023-04-04,58.47
CUS00513,Liam,Burke,customer513@email.co.uk,London,England,18.0,F,Google Ads,2023-05-25,58.47
CUS00514,Harry,Clark,customer514@email.co.uk,Sheffield,England,35.0,M,Google Ads,2024-12-06,98.06
CUS00515,Hassan,Khan,customer515@email.co.uk,Edinburgh,Scotland,23.0,F,Paid Social,2024-11-15,108.38
CUS00516,Jessica,Hall,customer516@email.co.uk,London,England,24.0,M,Paid Social,2023-12-25,76.78
CUS00517,James,Kelly,customer517@email.co.uk,Manchester,England,28.0,Man,Paid Social,2024-11-24,108.38
CUS00518,Riya,Brown,customer518@email.co.uk,Liverpool,England,18.0,M,Paid Social,2024-10-11,108.38
CUS00519,Oliver,Thompson,customer519@email.co.uk,Newcastle,England,41.0,m,Paid Social,2023-06-16,64.62
CUS00520,Charlie,O'Brien,customer520@email.co.uk,Manchestor,England,38.0,F,Referral,2022-07-25,16.63
CUS00521,Fatima,Malik,customer521@email.co.uk,London,England,36.0,female,Paid Social,2024-01-23,83.69
CUS00522,Sara,Ali,customer522@email.co.uk,Newcastle,England,29.0,M,Google Ads,2023-04-12,58.47
CUS00523,Isabella,Singh,customer523@email.co.uk,London,England,39.0,F,Referral,2022-01-25,14.0
CUS00524,Grace,Thomas,customer524@email.co.uk,Nottingham,England,22.0,M,Paid Social,2024-12-21,108.38
CUS00525,Grace,White,customer525@email.co.uk,London,England,34.0,F,Paid Social,2024-12-14,108.38
CUS00526,James,Hall,customer526@email.co.uk,Manchester,England,28.0,M,Google Ads,2023-11-22,69.47
CUS00527,Aisha,Roberts,customer527@email.co.uk,Manchester,England,20.0,M,Paid Social,2024-02-08,83.69
CUS00528,Lauren,Robinson,customer528@email.co.uk,Liverpool,England,41.0,M,Google Ads,2024-04-10,82.53
CUS00529,Muhammad,Khan,customer529@email.co.uk,MANCHESTER,England,42.0,m,Paid Social,2024-11-20,108.38
CUS00530,Nathan,Ahmed,customer530@email.co.uk,Cardiff,Wales,21.0,F,Paid Social,2023-09-27,70.44
CUS00531,Lauren,Davies,customer531@email.co.uk,London,England,40.0,M,Google Ads,2023-12-24,69.47
CUS00532,Chloe,Martin,customer532@email.co.uk,Cardiff,Wales,41.0,Female,Paid Social,2022-12-01,54.39
CUS00533,Aiden,Johnson,customer533@email.co.uk,Liverpool,England,20.0,F,Paid Social,2022-12-15,54.39
CUS00534,Ava,Sharma,customer534@email.co.uk,Manchester,England,18.0,Man,Google Ads,2023-11-13,69.47
CUS00535,George,Williams,customer535@email.co.uk,Manchester,England,36.0,F,Paid Social,2022-12-03,54.39
CUS00536,Emma,Connor,customer536@email.co.uk,London,England,29.0,F,Google Ads,2022-03-10,38.0
CUS00537,Zoe,Khan,customer537@email.co.uk,London,England,26.0,Female,Google Ads,2023-06-08,58.47
CUS00538,Amelia,Singh,customer538@email.co.uk,Cardiff,Wales,18.0,M,Direct,2024-07-01,0.0
CUS00539,Charlie,Brown,customer539@email.co.uk,,,36.0,F,Google Ads,2023-02-02,53.64
CUS00540,Isabella,Burke,customer540@email.co.uk,Cardiff,Wales,40.0,M,Paid Social,2024-10-10,108.38
CUS00541,Noah,Anderson,customer541@email.co.uk,Manchester,England,42.0,M,Organic,2024-05-15,17.38
CUS00542,Charlie,Sharma,customer542@email.co.uk,Manchester,England,49.0,F,Google Ads,2024-03-24,75.72
CUS00543,Grace,Kumar,customer543@email.co.uk,Newcastle,England,48.0,F,Paid Social,2024-11-02,108.38
CUS00544,Olivia,Thompson,customer544@email.co.uk,Birmingham,England,50.0,F,Google Ads,2022-05-22,41.42
CUS00545,Freddie,Sharma,customer545@email.co.uk,London,England,23.0,M,Google Ads,2022-10-19,49.21
CUS00546,Nathan,Burke,customer546@email.co.uk,,,18.0,f,Paid Social,2024-11-11,108.38
CUS00547,Rohan,Robinson,customer547@email.co.uk,Birmingham,England,18.0,Male,Paid Social,2024-11-10,108.38
CUS00548,Hassan,Byrne,customer548@email.co.uk,Leeds,England,28.0,Male,Paid Social,2022-05-29,45.78
CUS00549,Sara,Wilson,customer549@email.co.uk,Birmingham,England,27.0,Non-binary,Organic,2024-07-23,18.94
CUS00550,Sara,Walker,customer550@email.co.uk,London,England,35.0,M,Paid Social,2022-02-07,42.0
CUS00551,Lily,Lewis,customer551@email.co.uk,Sheffield,England,38.0,M,Google Ads,2022-08-21,45.15
CUS00552,Ella,Lewis,customer552@email.co.uk,Leeds,England,33.0,M,Paid Social,2022-07-15,49.9
CUS00553,Mason,Clark,customer553@email.co.uk,Glasgow,Scotland,42.0,M,Direct,2023-03-03,0.0
CUS00554,Hassan,Clark,customer554@email.co.uk,Birmingham,England,34.0,Female,Direct,2023-07-01,0.0
CUS00555,Isla,Kumar,customer555@email.co.uk,London,England,38.0,M,Email,2024-11-12,15.48
CUS00556,Ava,White,customer556@email.co.uk,Leeds,England,30.0,F,Paid Social,2023-08-25,70.44
CUS00557,Ava,Robinson,customer557@email.co.uk,Leeds,England,28.0,Female,Paid Social,2022-08-04,49.9
CUS00558,Leo,Walker,customer558@email.co.uk,Birmingham,England,24.0,F,Referral,2023-01-24,19.76
CUS00559,Natalie,Martin,customer559@email.co.uk,manchester,England,46.0,M,Paid Social,2022-01-16,42.0
CUS00560,Muhammad,Brown,customer560@email.co.uk,Leeds,England,26.0,MALE,Email,2022-03-06,6.0
CUS00561,Aiden,Clark,customer561@email.co.uk,London,England,18.0,male,Paid Social,2023-08-18,70.44
CUS00562,Ava,Walsh,customer562@email.co.uk,Liverpool,England,31.0,F,Direct,2023-11-07,0.0
CUS00563,Hannah,Thompson,customer563@email.co.uk,Glasgow,Scotland,41.0,M,Paid Social,2022-12-22,54.39
CUS00564,Priya,Evans,customer564@email.co.uk,Manchester,England,39.0,F,Paid Social,2023-06-21,64.62
CUS00565,Priya,Malik,customer565@email.co.uk,London,England,36.0,M,Paid Social,2022-07-06,49.9
CUS00566,Harry,Evans,customer566@email.co.uk,Birmingham,England,41.0,M,Paid Social,2024-03-30,83.69
CUS00567,James,O'Brien,customer567@email.co.uk,Liverpool,England,32.0,Man,Paid Social,2023-07-06,70.44
CUS00568,Poppy,Kumar,customer568@email.co.uk,Nottingham,England,26.0,male,Referral,2022-09-27,16.63
CUS00569,Mason,Williams,customer569@email.co.uk,London,England,29.0,F,Paid Social,2023-10-27,76.78
CUS00570,Lily,Thompson,customer570@email.co.uk,Manchester,England,28.0,F,Email,2022-11-16,7.77
CUS00571,Alfie,Taylor,customer571@email.co.uk,London,England,36.0,Other,Paid Social,2023-02-28,59.29
CUS00572,Isla,Kelly,customer572@email.co.uk,London,England,40.0,F,Paid Social,2022-08-04,49.9
CUS00573,Natalie,Martin,customer573@email.co.uk,Manchester,England,39.0,M,Organic,2024-07-29,18.94
CUS00574,George,Ahmed,customer574@email.co.uk,CARDIFF,Wales,42.0,F,Paid Social,2023-02-06,59.29
CUS00575,Chloe,White,customer575@email.co.uk,Manchester,England,33.0,M,Google Ads,2024-12-06,98.06
CUS00576,Ryan,Kelly,customer576@email.co.uk,Manchester,England,,male,Paid Social,2023-07-20,70.44
CUS00577,Isabella,Smith,customer577@email.co.uk,Liverpool,England,20.0,M,Paid Social,2022-09-18,49.9
CUS00578,Charlie,Kelly,customer578@email.co.uk,Newcastle,England,19.0,male,Paid Social,2024-05-18,91.22
CUS00579,Fatima,Burke,customer579@email.co.uk,London,England,22.0,F,Organic,2024-06-15,17.38
CUS00580,Ethan,Anderson,customer580@email.co.uk,Cardiff,Wales,18.0,M,Paid Social,2024-10-25,108.38
CUS00581,Harry,Ahmed,customer581@email.co.uk,London,England,45.0,M,Google Ads,2022-08-15,45.15
CUS00582,Liam,Roberts,customer582@email.co.uk,London,England,38.0,f,Paid Social,2024-08-07,99.43
CUS00583,Harry,Anderson,customer583@email.co.uk,Bristol,England,29.0,M,Google Ads,2024-10-08,98.06
CUS00584,Isabella,Williams,customer584@email.co.uk,London,England,32.0,Female,Referral,2023-03-18,19.76
CUS00585,Lauren,Anderson,customer585@email.co.uk,Leeds,England,21.0,F,Referral,2023-09-14,23.48
CUS00586,James,Khan,customer586@email.co.uk,Manchester,England,59.0,M,Referral,2024-02-10,27.9
CUS00587,Logan,Ahmed,customer587@email.co.uk,Edinburgh,Scotland,41.0,MALE,Google Ads,2022-12-18,49.21
CUS00588,Olivia,Burke,customer588@email.co.uk,Manchester,England,51.0,M,Paid Social,2024-10-17,108.38
CUS00589,Sophie,Brown,customer589@email.co.uk,Manchester,England,7.0,M,Google Ads,2024-05-12,82.53
CUS00590,Emily,Williams,customer590@email.co.uk,,,35.0,M,Google Ads,2024-10-06,98.06
CUS00591,Grace,Connor,customer591@email.co.uk,Birmingham,England,18.0,F,Paid Social,2023-09-09,70.44
CUS00592,Emma,Brown,customer592@email.co.uk,London,England,32.0,M,Email,2023-11-11,10.97
CUS00593,Logan,Evans,customer593@email.co.uk,,,31.0,M,Paid Social,2022-11-05,54.39
CUS00594,Aiden,Connor,customer594@email.co.uk,Birmingham,England,36.0,M,Organic,2023-03-31,11.29
CUS00595,Leo,Byrne,customer595@email.co.uk,Birmingham,England,21.0,F,,2024-06-11,13.03
CUS00596,Noah,Johnson,customer596@email.co.uk,Edinbugh,Scotland,41.0,,Paid Social,2024-12-08,108.38
CUS00597,Aiden,Lewis,customer597@email.co.uk,Glasgow,Scotland,45.0,F,Paid Social,2022-09-14,49.9
CUS00598,Logan,Walker,customer598@email.co.uk,Leeds,England,21.0,F,Paid Social,2022-04-15,45.78
CUS00599,Arjun,Hall,customer599@email.co.uk,Manchester,England,20.0,F,Paid Social,2022-05-12,45.78
CUS00600,Logan,Taylor,customer600@email.co.uk,manchester,England,51.0,F,Google Ads,2023-08-24,63.73
CUS00601,Sophie,McCarthy,customer601@email.co.uk,Manchester,England,33.0,Man,Google Ads,2024-08-09,89.96
CUS00602,Ethan,Sharma,customer602@email.co.uk,Leeds,England,35.0,Man,Paid Social,2022-11-30,54.39
CUS00603,Logan,Jones,customer603@email.co.uk,Londn,England,30.0,M,Paid Social,2023-10-07,76.78
CUS00604,Sara,Ahmed,customer604@email.co.uk,Bristol,England,23.0,M,Paid Social,2023-11-09,76.78
CUS00605,Priya,Martin,customer605@email.co.uk,London,England,30.0,F,Paid Social,2024-09-20,99.43
CUS00606,Aiden,Hussain,customer606@email.co.uk,Sheffield,England,51.0,Male,Paid Social,2022-09-30,49.9
CUS00607,Emily,Smith,customer607@email.co.uk,Birmingham,England,36.0,F,Paid Social,2022-02-06,42.0
CUS00608,Dylan,Johnson,customer608@email.co.uk,Manchester,England,30.0,male,Paid Social,2023-11-03,76.78
CUS00609,Dylan,Wilson,customer609@email.co.uk,Leeds,England,50.0,M,Referral,2023-05-23,21.54
CUS00610,Noah,Hussain,customer610@email.co.uk,Bristol,England,35.0,female,Paid Social,2023-02-28,59.29
CUS00611,Ella,Ahmed,customer611@email.co.uk,Manchester,England,37.0,F,Organic,2024-07-21,18.94
CUS00612,Nathan,Johnson,customer612@email.co.uk,BIRMINGHAM,England,34.0,F,Paid Social,2024-04-26,91.22
CUS00613,Freddie,Smith,customer613@email.co.uk,London,England,42.0,F,Referral,2022-06-07,15.26
CUS00614,Jack,Connor,customer614@email.co.uk,Birmingham,England,36.0,F,Google Ads,2023-11-30,69.47
CUS00615,Leo,Hussain,customer615@email.co.uk,London,England,38.0,F,Paid Social,2024-08-14,99.43
CUS00616,Noah,McCarthy,customer616@email.co.uk,Liverpool,England,40.0,Other,Paid Social,2024-11-11,108.38
CUS00617,Megan,Ahmed,customer617@email.co.uk,Sheffield,England,18.0,F,Email,2022-01-01,6.0
CUS00618,Hassan,Walsh,customer618@email.co.uk,Leeds,England,31.0,Non-binary,Paid Social,2024-08-24,99.43
CUS00619,Amelia,Roberts,customer619@email.co.uk,London,England,44.0,M,Google Ads,2022-04-02,41.42
CUS00620,Ethan,Walker,customer620@email.co.uk,Manchester,England,24.0,M,Google Ads,2024-04-24,82.53
CUS00621,Amelia,Ryan,customer621@email.co.uk,Brumingham,England,24.0,M,Paid Social,2024-01-08,83.69
CUS00622,Amelia,Brown,customer622@email.co.uk,Sheffield,England,18.0,Male,Google Ads,2024-12-04,98.06
CUS00623,Charlie,Ali,customer623@email.co.uk,MANCHESTER,England,32.0,,Google Ads,2024-02-28,75.72
CUS00624,Grace,Martin,customer624@email.co.uk,Liverpool,England,22.0,F,Referral,2022-05-16,15.26
CUS00625,Sophie,Thomas,customer625@email.co.uk,London,England,49.0,Other,Google Ads,2024-04-12,82.53
CUS00626,Harry,O'Brien,customer626@email.co.uk,Liverpool,England,29.0,F,Google Ads,2022-12-27,49.21
CUS00627,Muhammad,Taylor,customer627@email.co.uk,Birmingham,England,,,Paid Social,2024-09-15,99.43
CUS00628,Lauren,Ali,customer628@email.co.uk,Manchester,England,20.0,M,Paid Social,2022-03-12,42.0
CUS00629,Noah,Burke,customer629@email.co.uk,London,England,18.0,M,Referral,2023-04-14,21.54
CUS00630,Aisha,Johnson,customer630@email.co.uk,Bristol,England,29.0,F,Google Ads,2024-04-18,82.53
CUS00631,Riya,Thompson,customer631@email.co.uk,London,England,32.0,female,Paid Social,2022-09-19,49.9
CUS00632,Megan,Hussain,customer632@email.co.uk,Brumingham,England,34.0,M,Paid Social,2024-03-16,83.69
CUS00633,Megan,Martin,customer633@email.co.uk,Leeds,England,44.0,M,Google Ads,2024-05-10,82.53
CUS00634,Emma,White,customer634@email.co.uk,Manchester,England,46.0,F,Paid Social,2024-06-15,91.22
CUS00635,Ella,Anderson,customer635@email.co.uk,Newcastle,England,27.0,FEMALE,Paid Social,2024-10-21,108.38
CUS00636,Harry,Hussain,customer636@email.co.uk,London,England,50.0,Male,Google Ads,2023-07-29,63.73
CUS00637,Hannah,Johnson,customer637@email.co.uk,Newcastle,England,32.0,Female,Paid Social,2022-09-01,49.9
CUS00638,Lucas,Shah,customer638@email.co.uk,London,England,41.0,F,Referral,2023-01-01,19.76
CUS00639,Alfie,Roberts,customer639@email.co.uk,London,England,40.0,M,Email,2023-07-02,10.06
CUS00640,Ava,Martin,customer640@email.co.uk,Sheffield,England,30.0,M,Paid Social,2022-04-21,45.78
CUS00641,Harry,Connor,customer641@email.co.uk,Edinburgh,Scotland,37.0,F,Paid Social,2024-05-21,91.22
CUS00642,Yusuf,Williams,customer642@email.co.uk,Manchester,England,30.0,M,Paid Social,2022-05-05,45.78
CUS00643,Arjun,Khan,customer643@email.co.uk,London,England,25.0,,Google Ads,2022-04-27,41.42
CUS00644,Alfie,Ali,customer644@email.co.uk,Leeds,England,43.0,M,Email,2024-11-23,15.48
CUS00645,Lauren,Malik,customer645@email.co.uk,Liverpool,England,34.0,F,Paid Social,2024-08-22,99.43
CUS00646,Mia,Hall,customer646@email.co.uk,Leeds,England,45.0,M,Paid Social,2022-12-26,54.39
CUS00647,Priya,Sharma,customer647@email.co.uk,London,England,33.0,F,Paid Social,2023-05-06,64.62
CUS00648,Sophie,Flynn,customer648@email.co.uk,London,England,29.0,F,Paid Social,2024-09-09,99.43
CUS00649,Ava,Singh,customer649@email.co.uk,London,England,33.0,M,Google Ads,2024-02-10,75.72
CUS00650,Lucas,Ahmed,customer650@email.co.uk,Liverpool,England,40.0,O,Google Ads,2023-01-10,53.64
CUS00651,Ryan,Walsh,customer651@email.co.uk,Manchester,England,41.0,M,Referral,2023-09-08,23.48
CUS00652,Ryan,White,customer652@email.co.uk,Glasgow,Scotland,47.0,M,Direct,2024-10-05,0.0
CUS00653,Oliver,Smith,customer653@email.co.uk,Glasgow,Scotland,37.0,F,Email,2022-01-02,6.0
CUS00654,Megan,Murphy,customer654@email.co.uk,Leeds,England,28.0,M,Email,2024-12-27,15.48
CUS00655,Nathan,Robinson,customer655@email.co.uk,london,England,46.0,F,Google Ads,2023-12-12,69.47
CUS00656,Ryan,Burke,customer656@email.co.uk,London ,England,34.0,M,Paid Social,2022-10-23,54.39
CUS00657,Sara,Malik,customer657@email.co.uk,Manchester,England,19.0,M,Referral,2024-08-16,33.14
CUS00658,Olivia,O'Brien,customer658@email.co.uk,Birmingham,England,44.0,M,Paid Social,2022-05-26,45.78
CUS00659,Aiden,Evans,customer659@email.co.uk,Liverpool,England,35.0,M,Referral,2023-07-25,23.48
CUS00660,George,Thomas,customer660@email.co.uk,Birmingham,England,20.0,M,Google Ads,2023-12-17,69.47
CUS00661,Ethan,Singh,customer661@email.co.uk,Bristol,England,24.0,F,Paid Social,2022-12-20,54.39
CUS00662,Mason,Davies,customer662@email.co.uk,Manchester,England,34.0,M,Paid Social,2024-10-29,108.38
CUS00663,Ryan,Walsh,customer663@email.co.uk,London,England,35.0,F,Paid Social,2024-05-10,91.22
CUS00664,Chloe,Williams,customer664@email.co.uk,Leeds,England,27.0,Male,Google Ads,2022-09-27,45.15
CUS00665,Harry,Thomas,customer665@email.co.uk,London,England,29.0,F,Email,2022-09-15,7.13
CUS00666,Noah,Khan,customer666@email.co.uk,London,England,30.0,M,Paid Social,2022-05-03,45.78
CUS00667,Sara,Walsh,customer667@email.co.uk,London,England,53.0,F,Paid Social,2023-12-16,76.78
CUS00668,Noah,Taylor,customer668@email.co.uk,Birmingham,England,36.0,M,Google Ads,2022-10-29,49.21
CUS00669,Yusuf,Walsh,customer669@email.co.uk,London,England,18.0,m,Paid Social,2023-11-26,76.78
CUS00670,Lucas,Thomas,customer670@email.co.uk,Leeds,England,18.0,M,,2024-09-04,99.43
CUS00671,Oliver,Brown,customer671@email.co.uk,Bristol,England,18.0,F,,2024-10-24,108.38
CUS00672,Megan,Wilson,customer672@email.co.uk,Birmingham,England,44.0,MALE,Paid Social,2022-07-24,49.9
CUS00673,Isla,Thomas,customer673@email.co.uk,London,England,46.0,MALE,Google Ads,2023-04-24,58.47
CUS00674,Grace,Walker,customer674@email.co.uk,London,England,34.0,M,Paid Social,2023-08-02,70.44
CUS00675,Amelia,Thompson,customer675@email.co.uk,Birmingham,England,45.0,M,Referral,2023-06-25,21.54
CUS00676,George,Shah,customer676@email.co.uk,London,England,40.0,M,Google Ads,2023-08-04,63.73
CUS00677,Megan,Clark,customer677@email.co.uk,Glasgow,Scotland,30.0,F,Email,2023-09-19,10.06
CUS00678,Amelia,Khan,customer678@email.co.uk,Cardiff,Wales,26.0,,Paid Social,2024-07-07,99.43
CUS00679,Megan,Lewis,customer679@email.co.uk,Newcastle,England,36.0,M,Email,2023-03-19,8.47
CUS00680,Nathan,Roberts,customer680@email.co.uk,Newcastle,England,42.0,F,Google Ads,2023-05-08,58.47
CUS00681,Isabella,Walsh,customer681@email.co.uk,birmingham,England,60.0,F,Google Ads,2023-07-03,63.73
CUS00682,Emma,Anderson,customer682@email.co.uk,Sheffield,England,49.0,F,Paid Social,2022-09-13,49.9
CUS00683,Natalie,Clark,customer683@email.co.uk,Leeds,England,29.0,M,,2024-02-25,83.69
CUS00684,Megan,Walsh,customer684@email.co.uk,Bristol,England,18.0,F,Paid Social,2023-07-14,70.44
CUS00685,Ava,Khan,customer685@email.co.uk,London,England,26.0,M,Organic,2024-11-15,20.64
CUS00686,Mason,Williams,customer686@email.co.uk,London,England,41.0,F,Google Ads,2024-09-05,89.96
CUS00687,Isla,White,customer687@email.co.uk,london,England,25.0,Female,Paid Social,2022-12-04,54.39
CUS00688,Aiden,Johnson,customer688@email.co.uk,Nottingham,England,36.0,F,Email,2022-12-15,7.77
CUS00689,Riya,Lewis,customer689@email.co.uk,London,England,31.0,F,,2024-07-30,99.43
CUS00690,Rohan,Khan,customer690@email.co.uk,Birmingham,England,23.0,F,Paid Social,2023-12-08,76.78
CUS00691,Lucas,Johnson,customer691@email.co.uk,Birmingham,England,31.0,M,Referral,2022-01-26,14.0
CUS00692,Isabella,Wilson,customer692@email.co.uk,London,England,30.0,F,Paid Social,2024-02-25,83.69
CUS00693,Sara,Ryan,customer693@email.co.uk,Manchester,England,37.0,F,Paid Social,2023-07-08,70.44
CUS00694,Jack,Ahmed,customer694@email.co.uk,London,England,22.0,M,Paid Social,2024-08-02,99.43
CUS00695,Ryan,Connor,customer695@email.co.uk,London,England,31.0,F,Google Ads,2024-06-28,82.53
CUS00696,Hannah,Flynn,customer696@email.co.uk,Sheffield,England,28.0,F,Google Ads,2024-11-18,98.06
CUS00697,Aisha,Evans,customer697@email.co.uk,Sheffield,England,43.0,F,Paid Social,2024-05-12,91.22
CUS00698,Isabella,Byrne,customer698@email.co.uk,Liverpool,England,27.0,M,Paid Social,2024-11-13,108.38
CUS00699,Riya,Hussain,customer699@email.co.uk,Birmingham,England,47.0,M,Google Ads,2023-02-15,53.64
CUS00700,Hassan,Ahmed,customer700@email.co.uk,London,England,18.0,M,Google Ads,2023-05-02,58.47
CUS00701,Isabella,Ali,customer701@email.co.uk,Nottingham,England,18.0,F,Paid Social,2022-04-29,45.78
CUS00702,Mason,McCarthy,customer702@email.co.uk,London,England,36.0,M,Google Ads,2024-10-14,98.06
CUS00703,Leo,Ahmed,customer703@email.co.uk,London,England,29.0,m,Referral,2022-09-17,16.63
CUS00704,Liam,Davies,customer704@email.co.uk,Edinburgh,Scotland,31.0,F,Email,2023-12-02,10.97
CUS00705,Ryan,Thompson,customer705@email.co.uk,Sheffield,England,29.0,O,Paid Social,2023-11-05,76.78
CUS00706,Olivia,Burke,customer706@email.co.uk,Manchester,England,46.0,,Google Ads,2024-08-30,89.96
CUS00707,Hassan,Taylor,customer707@email.co.uk,Glasgow,Scotland,45.0,Man,Google Ads,2023-07-01,63.73
CUS00708,Lily,Ryan,customer708@email.co.uk,Manchester,England,18.0,M,Paid Social,2022-09-01,49.9
CUS00709,Isabella,Hall,customer709@email.co.uk,Manchester,England,35.0,M,Paid Social,2023-06-25,64.62
CUS00710,Riya,Flynn,customer710@email.co.uk,Glasgow,Scotland,38.0,M,Email,2022-04-10,6.54
CUS00711,Arjun,Khan,customer711@email.co.uk,London,England,26.0,M,Paid Social,2023-03-13,59.29
CUS00712,Omar,Smith,customer712@email.co.uk,liverpool,England,35.0,M,Paid Social,2024-02-25,83.69
CUS00713,Hassan,Williams,customer713@email.co.uk,Nottingham,England,42.0,Other,Google Ads,2022-04-26,41.42
CUS00714,Poppy,Roberts,customer714@email.co.uk,London ,England,30.0,F,Google Ads,2024-12-26,98.06
CUS00715,Lily,Burke,customer715@email.co.uk,Leeds,England,42.0,M,Google Ads,2023-11-22,69.47
CUS00716,Riya,Singh,customer716@email.co.uk,Liverpool,England,18.0,F,Paid Social,2023-03-11,59.29
CUS00717,Logan,Walsh,customer717@email.co.uk,Manchester,England,30.0,M,Organic,2024-09-16,18.94
CUS00718,Mason,Taylor,customer718@email.co.uk,London,England,24.0,F,Paid Social,2022-08-24,49.9
CUS00719,Freddie,Murphy,customer719@email.co.uk,Manchester,England,19.0,F,Paid Social,2023-04-11,64.62
CUS00720,Poppy,Burke,customer720@email.co.uk,Edinburgh,Scotland,46.0,F,Paid Social,2024-11-26,108.38
CUS00721,Priya,Williams,customer721@email.co.uk,Birmingham,England,55.0,F,Google Ads,2022-12-13,49.21
CUS00722,Oliver,Taylor,customer722@email.co.uk,Glasgow,Scotland,26.0,F,Paid Social,2024-06-14,91.22
CUS00723,James,McCarthy,customer723@email.co.uk,Leeds,England,33.0,M,Organic,2022-06-02,8.72
CUS00724,Ethan,Hall,customer724@email.co.uk,Edinburgh,Scotland,21.0,F,Paid Social,2023-11-20,76.78
CUS00725,Charlie,Ryan,customer725@email.co.uk,London,England,36.0,Female,Referral,2024-03-30,27.9
CUS00726,Ethan,Byrne,customer726@email.co.uk,Birmingham,England,29.0,Woman,Google Ads,2022-11-17,49.21
CUS00727,Poppy,Sharma,customer727@email.co.uk,London,England,40.0,Male,Referral,2023-04-18,21.54
CUS00728,Natalie,Hall,customer728@email.co.uk,Newcastle,England,23.0,Male,Paid Social,2023-12-01,76.78
CUS00729,Natalie,Thomas,customer729@email.co.uk,London,England,25.0,Non-binary,Paid Social,2023-12-29,76.78
CUS00730,Emily,Ahmed,customer730@email.co.uk,Sheffield,England,38.0,M,Paid Social,2022-09-17,49.9
CUS00731,Megan,O'Brien,customer731@email.co.uk,Glasgow,Scotland,32.0,M,Referral,2023-07-26,23.48
CUS00732,Amelia,Thomas,customer732@email.co.uk,Birmingham,England,48.0,m,Direct,2024-12-31,0.0
CUS00733,James,Robinson,customer733@email.co.uk,London,England,42.0,Female,Google Ads,2023-04-11,58.47
CUS00734,Fatima,Roberts,customer734@email.co.uk,London,England,39.0,male,Paid Social,2024-08-02,99.43
CUS00735,Ryan,Evans,customer735@email.co.uk,London,England,18.0,FEMALE,Referral,2022-11-11,18.13
CUS00736,George,Roberts,customer736@email.co.uk,BIRMINGHAM,England,18.0,M,Paid Social,2023-09-21,70.44
CUS00737,Arjun,Lewis,customer737@email.co.uk,Sheffield,England,24.0,F,Paid Social,2023-11-11,76.78
CUS00738,Aiden,Clark,customer738@email.co.uk,Nottingham,England,31.0,F,Paid Social,2024-01-05,83.69
CUS00739,James,Taylor,customer739@email.co.uk,Newcastle,England,31.0,f,Paid Social,2024-05-31,91.22
CUS00740,Priya,Connor,customer740@email.co.uk,Sheffield,England,30.0,F,Google Ads,2024-08-12,89.96
CUS00741,Ethan,Kelly,customer741@email.co.uk,Manchester,England,38.0,M,Paid Social,2024-05-13,91.22
CUS00742,Priya,Flynn,customer742@email.co.uk,Glasgow,Scotland,33.0,M,Paid Social,2024-08-23,99.43
CUS00743,Ryan,Kelly,customer743@email.co.uk,London,England,36.0,F,Email,2024-10-29,15.48
CUS00744,Hannah,Murphy,customer744@email.co.uk,London,England,26.0,M,Paid Social,2023-04-16,64.62
CUS00745,Ava,Johnson,customer745@email.co.uk,Liverpool,England,37.0,Woman,Organic,2024-09-10,18.94
CUS00746,James,Williams,customer746@email.co.uk,Sheffield,England,31.0,M,Paid Social,2023-11-12,76.78
CUS00747,Jack,Byrne,customer747@email.co.uk,Manchester,England,31.0,F,Paid Social,2022-12-31,54.39
CUS00748,Oliver,Hussain,customer748@email.co.uk,Birmingham,England,40.0,MALE,Paid Social,2022-10-12,54.39
CUS00749,Olivia,Robinson,customer749@email.co.uk,Manchester,England,19.0,,Google Ads,2024-07-14,89.96
CUS00750,Amelia,Taylor,customer750@email.co.uk,Manchester,England,40.0,Woman,Google Ads,2024-03-04,75.72
CUS00751,Sara,Evans,customer751@email.co.uk,Bristol,England,27.0,M,Google Ads,2022-05-17,41.42
CUS00752,James,Burke,customer752@email.co.uk,Glasgow,Scotland,33.0,Male,Paid Social,2023-12-27,76.78
CUS00753,Mia,Martin,customer753@email.co.uk,Bristol,England,19.0,F,Google Ads,2022-04-05,41.42
CUS00754,Leo,Sharma,customer754@email.co.uk,LONDON,England,26.0,Other,Paid Social,2023-07-04,70.44
CUS00755,Isla,Ryan,customer755@email.co.uk,Bristol,England,43.0,Female,Paid Social,2023-12-16,76.78
CUS00756,Lauren,Walsh,customer756@email.co.uk,Birmingham,England,21.0,Other,Paid Social,2024-03-20,83.69
CUS00757,Priya,Sharma,customer757@email.co.uk,Liverpool,England,28.0,F,Google Ads,2022-09-22,45.15
CUS00758,Megan,White,customer758@email.co.uk,London,England,47.0,F,Paid Social,2022-04-05,45.78
CUS00759,Chloe,Hall,customer759@email.co.uk,GLASGOW,Scotland,26.0,M,Google Ads,2023-12-19,69.47
CUS00760,George,Hall,customer760@email.co.uk,Sheffield,England,34.0,MALE,Paid Social,2024-09-03,99.43
CUS00761,Riya,Taylor,customer761@email.co.uk,Birmingham,England,31.0,female,Paid Social,2024-08-13,99.43
CUS00762,Omar,O'Brien,customer762@email.co.uk,Leeds,England,39.0,Male,Google Ads,2023-05-28,58.47
CUS00763,Fatima,Byrne,customer763@email.co.uk,Bristol,England,24.0,F,Google Ads,2023-12-20,69.47
CUS00764,James,Ali,customer764@email.co.uk,Bristol,England,37.0,M,Paid Social,2024-06-01,91.22
CUS00765,Dylan,Malik,customer765@email.co.uk,Liverpool,England,19.0,Female,Paid Social,2024-10-19,108.38
CUS00766,Noah,Kumar,customer766@email.co.uk,London,England,36.0,M,Direct,2023-10-21,0.0
CUS00767,Olivia,Thompson,customer767@email.co.uk,Cardiff,Wales,39.0,F,Google Ads,2024-10-21,98.06
CUS00768,Charlie,Clark,customer768@email.co.uk,Cardiff,Wales,37.0,m,Google Ads,2023-04-05,58.47
CUS00769,Poppy,Williams,customer769@email.co.uk,London,England,25.0,M,Paid Social,2022-11-25,54.39
CUS00770,Alfie,Patel,customer770@email.co.uk,Manchester,England,42.0,f,Google Ads,2023-03-03,53.64
CUS00771,Hassan,Clark,customer771@email.co.uk,Cardiff,Wales,35.0,F,Google Ads,2024-06-11,82.53
CUS00772,Fatima,Taylor,customer772@email.co.uk,Manchester,England,33.0,F,Paid Social,2024-10-28,108.38
CUS00773,Jessica,Connor,customer773@email.co.uk,London,England,35.0,M,Email,2023-10-01,10.97
CUS00774,Rohan,Singh,customer774@email.co.uk,London,England,19.0,M,Paid Social,2024-05-09,91.22
CUS00775,Rohan,Ryan,customer775@email.co.uk,London,England,30.0,FEMALE,Organic,2022-08-26,9.5
CUS00776,Isabella,Walker,customer776@email.co.uk,Notingham,England,37.0,F,Paid Social,2023-11-04,76.78
CUS00777,Priya,Anderson,customer777@email.co.uk,London,England,28.0,Other,Google Ads,2023-08-23,63.73
CUS00778,Noah,Walsh,customer778@email.co.uk,Liverpool,England,27.0,M,Email,2023-08-19,10.06
CUS00779,James,Johnson,customer779@email.co.uk,Birmingham,England,54.0,F,Google Ads,2022-10-30,49.21
CUS00780,Isabella,Robinson,customer780@email.co.uk,London,England,,M,Google Ads,2024-02-15,75.72
CUS00781,Hassan,Martin,customer781@email.co.uk,Sheffield,England,47.0,M,Referral,2024-04-14,30.41
CUS00782,Amelia,Khan,customer782@email.co.uk,London,England,24.0,M,Paid Social,2024-03-04,83.69
CUS00783,Isla,Ali,customer783@email.co.uk,Birmingham,England,29.0,F,Google Ads,2024-06-24,82.53
CUS00784,Liam,Kelly,customer784@email.co.uk,Newcastle,England,29.0,M,Google Ads,2023-09-18,63.73
CUS00785,Ava,Ali,customer785@email.co.uk,Birmingham,England,37.0,M,Paid Social,2024-10-02,108.38
CUS00786,Riya,Byrne,customer786@email.co.uk,London,England,27.0,F,Paid Social,2023-12-16,76.78
CUS00787,Emma,O'Brien,customer787@email.co.uk,Sheffield,England,38.0,M,Google Ads,2024-10-26,98.06
CUS00788,Hannah,Smith,customer788@email.co.uk,Birmingham,England,38.0,M,Google Ads,2023-07-25,63.73
CUS00789,Oliver,Singh,customer789@email.co.uk,Manchester,England,28.0,M,Paid Social,2024-05-13,91.22
CUS00790,Omar,Thompson,customer790@email.co.uk,Birmingham,England,40.0,M,Organic,2022-11-07,10.36
CUS00791,Ella,Hall,customer791@email.co.uk,London,England,20.0,Other,Google Ads,2022-06-05,41.42
CUS00792,Emily,Hussain,customer792@email.co.uk,London,England,22.0,MALE,Paid Social,2024-11-23,108.38
CUS00793,Megan,Flynn,customer793@email.co.uk,Manchester,England,37.0,M,Paid Social,2023-06-10,64.62
CUS00794,George,McCarthy,customer794@email.co.uk,Nottingham,England,35.0,F,Paid Social,2022-04-07,45.78
CUS00795,Amelia,Roberts,customer795@email.co.uk,Liverpool,England,33.0,MALE,Google Ads,2024-02-09,75.72
CUS00796,Harry,Jones,customer796@email.co.uk,,,51.0,F,Google Ads,2024-11-24,98.06
CUS00797,Alfie,Evans,customer797@email.co.uk,,,,Woman,Paid Social,2024-07-18,99.43
CUS00798,Megan,Johnson,customer798@email.co.uk,Manchester,England,39.0,F,Google Ads,2024-12-24,98.06
CUS00799,Ethan,Roberts,customer799@email.co.uk,Liverpool,England,34.0,M,Google Ads,2024-11-24,98.06
CUS00800,Aisha,Jones,customer800@email.co.uk,Manchester,England,50.0,Male,Paid Social,2023-09-15,70.44
CUS00801,Oliver,Williams,customer801@email.co.uk,Glasgow,Scotland,31.0,Woman,Paid Social,2022-12-08,54.39
CUS00802,Freddie,Williams,customer802@email.co.uk,Bristol,England,34.0,Female,Paid Social,2022-05-09,45.78
CUS00803,Aisha,Brown,customer803@email.co.uk,Newcastle,England,25.0,F,Paid Social,2023-01-24,59.29
CUS00804,Hassan,Williams,customer804@email.co.uk,Newcastle,England,22.0,F,Paid Social,2024-02-28,83.69
CUS00805,George,Flynn,customer805@email.co.uk,Glasgow,Scotland,28.0,M,Paid Social,2024-11-12,108.38
CUS00806,Yusuf,Ahmed,customer806@email.co.uk,London,England,56.0,Other,Google Ads,2022-01-05,38.0
CUS00807,Isla,Byrne,customer807@email.co.uk,London,England,37.0,M,Paid Social,2024-09-02,99.43
CUS00808,Arjun,Brown,customer808@email.co.uk,London,England,43.0,F,Email,2024-07-14,14.2
CUS00809,Yusuf,Ali,customer809@email.co.uk,Birmingham,England,40.0,MALE,Google Ads,2024-05-04,82.53
CUS00810,Charlie,Robinson,customer810@email.co.uk,London,England,56.0,M,Paid Social,2022-08-10,49.9
CUS00811,Emily,Anderson,customer811@email.co.uk,Manchester,England,46.0,Female,Paid Social,2022-04-19,45.78
CUS00812,Alfie,Williams,customer812@email.co.uk,London,England,39.0,M,Email,2024-06-18,13.03
CUS00813,Harry,Davies,customer813@email.co.uk,London,England,,M,Paid Social,2024-03-10,83.69
CUS00814,Yusuf,Walker,customer814@email.co.uk,London,England,25.0,M,Google Ads,2023-06-09,58.47
CUS00815,Emma,Evans,customer815@email.co.uk,London,England,34.0,,Paid Social,2023-05-11,64.62
CUS00816,Freddie,Evans,customer816@email.co.uk,Sheffield,England,37.0,M,Paid Social,2022-03-14,42.0
CUS00817,Yusuf,Anderson,customer817@email.co.uk,Manchester,England,37.0,m,Organic,2024-12-28,20.64
CUS00818,Lily,Khan,customer818@email.co.uk,Manchester,England,52.0,M,Paid Social,2024-09-19,99.43
CUS00819,Liam,Singh,customer819@email.co.uk,Manchester,England,39.0,male,Google Ads,2024-12-16,98.06
CUS00820,Isabella,Jones,customer820@email.co.uk,London,England,30.0,F,Google Ads,2024-09-02,89.96
CUS00821,Ethan,Clark,customer821@email.co.uk,Sheffield,England,19.0,F,Paid Social,2023-09-18,70.44
CUS00822,Lily,Taylor,customer822@email.co.uk,Birmingham,England,44.0,M,Paid Social,2024-09-26,99.43
CUS00823,Fatima,Ahmed,customer823@email.co.uk,Leeds,England,28.0,Woman,Paid Social,2022-11-08,54.39
CUS00824,Muhammad,Kelly,customer824@email.co.uk,London,England,18.0,M,Google Ads,2024-04-14,82.53
CUS00825,Chloe,O'Brien,customer825@email.co.uk,Bristol,England,18.0,,Email,2022-12-11,7.77
CUS00826,Lily,Burke,customer826@email.co.uk,Manchester,England,31.0,F,Organic,2023-07-06,13.42
CUS00827,Hassan,Jones,customer827@email.co.uk,London,England,22.0,M,Paid Social,2024-10-18,108.38
CUS00828,Logan,Jones,customer828@email.co.uk,Bristol,England,28.0,Man,Paid Social,2023-08-11,70.44
CUS00829,Dylan,Ryan,customer829@email.co.uk,Edinburgh,Scotland,23.0,Woman,Paid Social,2024-11-03,108.38
CUS00830,Sara,Evans,customer830@email.co.uk,Birmingham,England,27.0,M,Paid Social,2024-01-10,83.69
CUS00831,Ethan,O'Brien,customer831@email.co.uk,Manchester,England,24.0,Woman,Google Ads,2023-03-02,53.64
CUS00832,Fatima,Taylor,customer832@email.co.uk,Newcastle,England,26.0,F,Paid Social,2023-01-01,59.29
CUS00833,Zoe,McCarthy,customer833@email.co.uk,London,England,21.0,M,Paid Social,2022-01-09,42.0
CUS00834,Emily,Davies,customer834@email.co.uk,Birmingham,England,26.0,M,Google Ads,2023-12-16,69.47
CUS00835,Ella,Walker,customer835@email.co.uk,Glasgow,Scotland,44.0,F,Google Ads,2024-09-20,89.96
CUS00836,Amelia,Singh,customer836@email.co.uk,Bristol,England,42.0,M,,2022-11-29,54.39
CUS00837,James,Ryan,customer837@email.co.uk,liverpool,England,31.0,M,Google Ads,2023-10-09,69.47
CUS00838,Isla,Walker,customer838@email.co.uk,Birmingham,England,29.0,F,Google Ads,2024-12-22,98.06
CUS00839,Yusuf,Taylor,customer839@email.co.uk,Leeds,England,24.0,Man,Paid Social,2023-07-07,70.44
CUS00840,James,Shah,customer840@email.co.uk,Edinburgh,Scotland,30.0,Male,Paid Social,2024-11-26,108.38
CUS00841,Grace,Evans,customer841@email.co.uk,Cardiff,Wales,32.0,F,Paid Social,2024-09-10,99.43
CUS00842,Grace,White,customer842@email.co.uk,Birmigham,England,36.0,Male,Paid Social,2023-10-24,76.78
CUS00843,Grace,Flynn,customer843@email.co.uk,Brumingham,England,28.0,M,Paid Social,2024-03-03,83.69
CUS00844,Ethan,Walsh,customer844@email.co.uk,Leeds,England,34.0,M,Paid Social,2022-05-09,45.78
CUS00845,Isabella,McCarthy,customer845@email.co.uk,London,England,25.0,,Google Ads,2023-11-09,69.47
CUS00846,Amelia,Walker,customer846@email.co.uk,Manchester,England,22.0,male,Paid Social,2024-07-10,99.43
CUS00847,Emily,Thompson,customer847@email.co.uk,Glasgow,Scotland,39.0,,Paid Social,2022-12-04,54.39
CUS00848,Grace,Johnson,customer848@email.co.uk,Leeds,England,28.0,M,Paid Social,2022-04-16,45.78
CUS00849,Alfie,Davies,customer849@email.co.uk,Cardiff,Wales,29.0,FEMALE,Paid Social,2022-03-08,42.0
CUS00850,Grace,Connor,customer850@email.co.uk,London,England,40.0,Woman,Organic,2022-09-25,9.5
CUS00851,Charlie,Khan,customer851@email.co.uk,Sheffield,England,41.0,F,Paid Social,2022-12-11,54.39
CUS00852,Ethan,Evans,customer852@email.co.uk,London ,England,39.0,male,Google Ads,2024-08-21,89.96
CUS00853,Aiden,Hussain,customer853@email.co.uk,Liverpool,England,36.0,F,Referral,2023-09-18,23.48
CUS00854,Hassan,Davies,customer854@email.co.uk,Glasgow,Scotland,24.0,F,Paid Social,2023-11-22,76.78
CUS00855,Dylan,Jones,customer855@email.co.uk,London,England,26.0,M,Email,2023-03-30,8.47
CUS00856,Mason,Anderson,customer856@email.co.uk,Leeds,England,34.0,m,Google Ads,2023-03-10,53.64
CUS00857,Sophie,Clark,customer857@email.co.uk,London,England,22.0,M,Paid Social,2023-12-03,76.78
CUS00858,Dylan,Byrne,customer858@email.co.uk,Bristol,England,34.0,M,Google Ads,2024-06-27,82.53
CUS00859,Chloe,Johnson,customer859@email.co.uk,,,23.0,F,Paid Social,2022-10-21,54.39
CUS00860,Lucas,Thompson,customer860@email.co.uk,London,England,44.0,M,Paid Social,2023-08-23,70.44
CUS00861,Nathan,Thomas,customer861@email.co.uk,Newcastle,England,22.0,M,Referral,2024-03-13,27.9
CUS00862,Zoe,Kelly,customer862@email.co.uk,london,England,28.0,Other,Direct,2024-12-08,0.0
CUS00863,Yusuf,Kelly,customer863@email.co.uk,Glasgow,Scotland,43.0,F,Google Ads,2023-01-18,53.64
CUS00864,Priya,Williams,customer864@email.co.uk,Glasgow,Scotland,43.0,M,Google Ads,2023-07-06,63.73
CUS00865,Ethan,Flynn,customer865@email.co.uk,Glasgow,Scotland,35.0,f,Referral,2023-12-14,25.59
CUS00866,Muhammad,Ryan,customer866@email.co.uk,Newcastle,England,21.0,M,Paid Social,2022-08-31,49.9
CUS00867,Leo,Kumar,customer867@email.co.uk,London,England,26.0,female,Paid Social,2024-01-30,83.69
CUS00868,Arjun,Connor,customer868@email.co.uk,,,45.0,F,Paid Social,2024-12-17,108.38
CUS00869,Hassan,Khan,customer869@email.co.uk,Bristol,England,28.0,F,Email,2023-01-26,8.47
CUS00870,Amelia,Malik,customer870@email.co.uk,Manchester,England,46.0,M,Paid Social,2023-10-10,76.78
CUS00871,Ryan,Clark,customer871@email.co.uk,Glasgow,Scotland,19.0,male,Paid Social,2022-07-26,49.9
CUS00872,Natalie,Thompson,customer872@email.co.uk,London,England,20.0,F,,2023-11-11,10.97
CUS00873,Freddie,Patel,customer873@email.co.uk,Newcastle,England,33.0,Woman,Paid Social,2024-12-15,108.38
CUS00874,Nathan,Robinson,customer874@email.co.uk,London,England,26.0,F,Organic,2023-11-26,14.62
CUS00875,Chloe,Martin,customer875@email.co.uk,London,England,20.0,F,Referral,2022-11-20,18.13
CUS00876,Jessica,Hall,customer876@email.co.uk,Liverpool,England,25.0,f,Paid Social,2023-03-27,59.29
CUS00877,Yusuf,Burke,customer877@email.co.uk,Birmingham,England,18.0,M,Referral,2024-02-20,27.9
CUS00878,Leo,Roberts,customer878@email.co.uk,Shefield,England,20.0,M,Google Ads,2024-10-06,98.06
CUS00879,Ava,Khan,customer879@email.co.uk,Cardiff,Wales,41.0,M,Paid Social,2023-09-12,70.44
CUS00880,Lauren,Ryan,customer880@email.co.uk,Bristol,England,28.0,M,Google Ads,2023-10-20,69.47
CUS00881,Ethan,Johnson,customer881@email.co.uk,London,England,47.0,m,Referral,2024-08-25,33.14
CUS00882,Ava,Khan,customer882@email.co.uk,London,England,41.0,M,Paid Social,2022-07-08,49.9
CUS00883,Isla,Clark,customer883@email.co.uk,London,England,45.0,M,Google Ads,2024-12-03,98.06
CUS00884,Omar,Evans,customer884@email.co.uk,Manchester,England,18.0,F,Paid Social,2023-09-24,70.44
CUS00885,Amelia,Evans,customer885@email.co.uk,Leeds,England,49.0,F,Paid Social,2023-04-23,64.62
CUS00886,Isla,Ali,customer886@email.co.uk,SHEFFIELD,England,37.0,M,Paid Social,2024-07-27,99.43
CUS00887,Leo,Roberts,customer887@email.co.uk,Birmingham,England,18.0,F,Paid Social,2022-12-28,54.39
CUS00888,Sophie,Hall,customer888@email.co.uk,liverpool,England,47.0,F,Email,2022-09-06,7.13
CUS00889,Dylan,Lewis,customer889@email.co.uk,Glasgow,Scotland,30.0,F,Paid Social,2022-12-30,54.39
CUS00890,Isla,Evans,customer890@email.co.uk,London,England,23.0,F,Paid Social,2024-04-14,91.22
CUS00891,Riya,Evans,customer891@email.co.uk,Edinburgh,Scotland,56.0,M,Google Ads,2022-07-02,45.15
CUS00892,Jessica,Anderson,customer892@email.co.uk,London,England,32.0,female,Paid Social,2023-09-10,70.44
CUS00893,Lucas,Malik,customer893@email.co.uk,Bristol,England,24.0,F,Paid Social,2022-12-09,54.39
CUS00894,Harry,Smith,customer894@email.co.uk,Newcastle,England,23.0,M,Paid Social,2023-11-28,76.78
CUS00895,Aiden,Singh,customer895@email.co.uk,Manchester,England,,Male,Paid Social,2022-08-26,49.9
CUS00896,Aisha,Thompson,customer896@email.co.uk,Glasgow,Scotland,33.0,Female,Paid Social,2024-07-23,99.43
CUS00897,Chloe,Walker,customer897@email.co.uk,Sheffield,England,42.0,MALE,Google Ads,2024-11-19,98.06
CUS00898,Nathan,Jones,customer898@email.co.uk,Edinburgh,Scotland,24.0,M,Paid Social,2023-04-07,64.62
CUS00899,Leo,Clark,customer899@email.co.uk,Birmingham,England,39.0,f,Paid Social,2023-05-22,64.62
CUS00900,Lauren,Hussain,customer900@email.co.uk,Manchester,England,18.0,M,Google Ads,2024-01-08,75.72
CUS00901,James,Robinson,customer901@email.co.uk,Londen,England,42.0,M,Google Ads,2024-06-20,82.53
CUS00902,Dylan,McCarthy,customer902@email.co.uk,London,England,43.0,F,Paid Social,2022-04-27,45.78
CUS00903,Natalie,Sharma,customer903@email.co.uk,Manchester,England,37.0,F,Google Ads,2024-04-17,82.53
CUS00904,Poppy,Flynn,customer904@email.co.uk,Leedes,England,36.0,M,Direct,2024-08-30,0.0
CUS00905,Poppy,White,customer905@email.co.uk,London,England,29.0,M,Paid Social,2024-08-09,99.43
CUS00906,Priya,Wilson,customer906@email.co.uk,Birmingham,England,33.0,M,Google Ads,2023-08-27,63.73
CUS00907,Nathan,Singh,customer907@email.co.uk,London,England,35.0,F,Paid Social,2024-09-07,99.43
CUS00908,Muhammad,Clark,customer908@email.co.uk,Birmingham,England,34.0,M,Google Ads,2023-11-29,69.47
CUS00909,Riya,Evans,customer909@email.co.uk,Manchester,England,34.0,M,Organic,2022-10-29,10.36
CUS00910,Logan,Robinson,customer910@email.co.uk,Newcastle,England,39.0,M,Paid Social,2023-02-17,59.29
CUS00911,Aiden,Johnson,customer911@email.co.uk,London,England,29.0,Woman,Paid Social,2023-12-31,76.78
CUS00912,Isabella,Singh,customer912@email.co.uk,Manchester,England,27.0,M,Google Ads,2023-12-03,69.47
CUS00913,Emma,Malik,customer913@email.co.uk,Birmingham,England,38.0,M,Google Ads,2024-08-18,89.96
CUS00914,Oliver,Burke,customer914@email.co.uk,London,England,26.0,Man,Paid Social,2024-05-28,91.22
CUS00915,Logan,Ryan,customer915@email.co.uk,Birmingham,England,18.0,F,Email,2022-11-20,7.77
CUS00916,Rohan,White,customer916@email.co.uk,manchester,England,41.0,Man,Paid Social,2023-07-11,70.44
CUS00917,Priya,Khan,customer917@email.co.uk,Liverpool,England,26.0,M,Paid Social,2024-07-26,99.43
CUS00918,Sara,Smith,customer918@email.co.uk,Nottingham,England,47.0,m,Google Ads,2023-09-17,63.73
CUS00919,Lucas,Murphy,customer919@email.co.uk,Manchester,England,39.0,F,Paid Social,2022-11-30,54.39
CUS00920,Charlie,Williams,customer920@email.co.uk,Manchester,England,49.0,m,Paid Social,2024-11-25,108.38
CUS00921,Isabella,Byrne,customer921@email.co.uk,Glasgow,Scotland,30.0,Male,Paid Social,2023-09-08,70.44
CUS00922,Emily,Johnson,customer922@email.co.uk,Newcastle,England,18.0,M,Paid Social,2023-03-24,59.29
CUS00923,Fatima,Martin,customer923@email.co.uk,London,England,34.0,F,Email,2023-11-06,10.97
CUS00924,Hannah,Shah,customer924@email.co.uk,Sheffield,England,24.0,M,Paid Social,2023-03-13,59.29
CUS00925,Charlie,McCarthy,customer925@email.co.uk,Birmingham,England,18.0,M,Email,2023-01-20,8.47
CUS00926,Nathan,Byrne,customer926@email.co.uk,Birmingham,England,28.0,female,Google Ads,2024-04-02,82.53
CUS00927,Emily,O'Brien,customer927@email.co.uk,London,England,29.0,F,Paid Social,2024-08-12,99.43
CUS00928,Chloe,Jones,customer928@email.co.uk,Manchester,England,27.0,MALE,Paid Social,2023-07-24,70.44
CUS00929,Riya,Ahmed,customer929@email.co.uk,birmingham,England,33.0,Female,Google Ads,2022-09-26,45.15
CUS00930,Hannah,Patel,customer930@email.co.uk,London,England,35.0,M,Organic,2023-10-06,14.62
CUS00931,Logan,Malik,customer931@email.co.uk,Manchester,England,56.0,F,Paid Social,2023-07-16,70.44
CUS00932,Emily,White,customer932@email.co.uk,edinburgh,Scotland,32.0,Man,Google Ads,2023-08-24,63.73
CUS00933,Aiden,Walsh,customer933@email.co.uk,London ,England,26.0,F,,2022-12-13,54.39
CUS00934,Yusuf,Wilson,customer934@email.co.uk,London,England,18.0,F,Paid Social,2024-07-19,99.43
CUS00935,Omar,Burke,customer935@email.co.uk,London,England,46.0,M,Paid Social,2022-11-11,54.39
CUS00936,Ethan,Taylor,customer936@email.co.uk,Birmingham,England,39.0,Man,Google Ads,2022-03-25,38.0
CUS00937,Isabella,Lewis,customer937@email.co.uk,Leeds,England,29.0,,Paid Social,2024-05-13,91.22
CUS00938,Lucas,Hussain,customer938@email.co.uk,Manchester,England,18.0,M,Google Ads,2024-06-24,82.53
CUS00939,Jack,Smith,customer939@email.co.uk,London,England,43.0,,Google Ads,2022-12-12,49.21
CUS00940,George,Sharma,customer940@email.co.uk,Leeds,England,47.0,M,Paid Social,2022-10-12,54.39
CUS00941,Logan,Shah,customer941@email.co.uk,Cardiff,Wales,41.0,M,Google Ads,2023-12-22,69.47
CUS00942,Natalie,Clark,customer942@email.co.uk,Nottingham,England,51.0,M,Paid Social,2024-11-16,108.38
CUS00943,Charlie,Thompson,customer943@email.co.uk,Manchester,England,29.0,M,Google Ads,2022-12-26,49.21
CUS00944,Sophie,Hussain,customer944@email.co.uk,Manchester,England,18.0,F,Paid Social,2023-11-24,76.78
CUS00945,Hannah,Thompson,customer945@email.co.uk,Manchester,England,35.0,f,Referral,2023-01-09,19.76
CUS00946,Aiden,Malik,customer946@email.co.uk,Manchester,England,18.0,M,Paid Social,2024-06-23,91.22
CUS00947,Emily,Johnson,customer947@email.co.uk,Cardiff,Wales,38.0,F,Paid Social,2023-09-27,70.44
CUS00948,Freddie,Brown,customer948@email.co.uk,Glasgow,Scotland,38.0,M,Paid Social,2023-06-20,64.62
CUS00949,Riya,Martin,customer949@email.co.uk,Cardiff,Wales,19.0,F,Referral,2024-03-27,27.9
CUS00950,Emma,Connor,customer950@email.co.uk,Birmingham,England,29.0,Other,Paid Social,2023-11-19,76.78
CUS00951,Omar,Thompson,customer951@email.co.uk,Leeds,England,28.0,M,Paid Social,2022-11-10,54.39
CUS00952,Leo,Shah,customer952@email.co.uk,Liverpool,England,32.0,M,Paid Social,2023-08-01,70.44
CUS00953,Arjun,Sharma,customer953@email.co.uk,Leeds,England,39.0,M,Email,2024-12-06,15.48
CUS00954,Nathan,Walker,customer954@email.co.uk,Edinburgh,Scotland,18.0,F,Email,2024-08-17,14.2
CUS00955,Yusuf,Connor,customer955@email.co.uk,Leeds,England,18.0,M,Paid Social,2023-11-07,76.78
CUS00956,Priya,Thomas,customer956@email.co.uk,Bristol,England,35.0,M,Google Ads,2024-04-01,82.53
CUS00957,Sara,O'Brien,customer957@email.co.uk,Edinburgh,Scotland,18.0,m,Google Ads,2022-09-01,45.15
CUS00958,Ethan,Thompson,customer958@email.co.uk,Glasgow,Scotland,23.0,M,Direct,2023-07-29,0.0
CUS00959,Jessica,Ali,customer959@email.co.uk,Cardiff,Wales,27.0,M,Email,2024-11-04,15.48
CUS00960,Rohan,Clark,customer960@email.co.uk,sheffield,England,33.0,M,Paid Social,2022-10-30,54.39
CUS00961,Dylan,White,customer961@email.co.uk,Glasgow,Scotland,46.0,F,Paid Social,2024-12-21,108.38
CUS00962,Emma,Smith,customer962@email.co.uk,Newcastle,England,20.0,f,Referral,2024-09-29,33.14
CUS00963,Omar,Lewis,customer963@email.co.uk,Liverpool,England,33.0,F,Paid Social,2024-04-29,91.22
CUS00964,Ethan,Robinson,customer964@email.co.uk,Glasgow,Scotland,50.0,M,Google Ads,2023-06-14,58.47
CUS00965,Priya,Hall,customer965@email.co.uk,Glasgow,Scotland,36.0,M,Paid Social,2022-06-19,45.78
CUS00966,Muhammad,O'Brien,customer966@email.co.uk,Manchester,England,47.0,Other,Paid Social,2023-03-04,59.29
CUS00967,Grace,Singh,customer967@email.co.uk,London,England,18.0,F,Paid Social,2024-06-22,91.22
CUS00968,Megan,Davies,customer968@email.co.uk,Liverpool,England,37.0,M,Google Ads,2023-08-07,63.73
CUS00969,Arjun,Ahmed,customer969@email.co.uk,London,England,24.0,M,Paid Social,2024-08-19,99.43
CUS00970,Leo,Hall,customer970@email.co.uk,Leeds,England,39.0,M,Paid Social,2022-11-22,54.39
CUS00971,Lucas,Taylor,customer971@email.co.uk,birmingham,England,22.0,F,Paid Social,2024-09-07,99.43
CUS00972,Noah,McCarthy,customer972@email.co.uk,London,England,35.0,M,Email,2024-10-08,15.48
CUS00973,Muhammad,Thomas,customer973@email.co.uk,Edinburgh,Scotland,31.0,Other,Paid Social,2024-06-04,91.22
CUS00974,Hannah,Shah,customer974@email.co.uk,Liverpool,England,39.0,Male,Paid Social,2022-11-13,54.39
CUS00975,Riya,Flynn,customer975@email.co.uk,London,England,34.0,F,Paid Social,2022-11-28,54.39
CUS00976,James,Smith,customer976@email.co.uk,Bristol,England,32.0,F,Google Ads,2022-05-07,41.42
CUS00977,Emily,Brown,customer977@email.co.uk,London,England,30.0,F,Google Ads,2022-04-16,41.42
CUS00978,Priya,Walker,customer978@email.co.uk,Birmingham,England,43.0,Male,Google Ads,2024-06-20,82.53
CUS00979,Isabella,Kelly,customer979@email.co.uk,Bristol,England,36.0,M,Google Ads,2023-10-21,69.47
CUS00980,Charlie,Flynn,customer980@email.co.uk,Newcastle,England,35.0,F,Paid Social,2024-07-11,99.43
CUS00981,Leo,Thompson,customer981@email.co.uk,Leeds,England,66.0,m,Direct,2023-02-12,0.0
CUS00982,Olivia,Kumar,customer982@email.co.uk,Manchester,England,35.0,Female,Direct,2023-05-10,0.0
CUS00983,Ethan,Roberts,customer983@email.co.uk,Glasgow,Scotland,23.0,,Direct,2024-11-03,0.0
CUS00984,Emily,Hussain,customer984@email.co.uk,London,England,37.0,F,Email,2024-12-30,15.48
CUS00985,Zoe,Johnson,customer985@email.co.uk,Cardiff,Wales,27.0,M,Paid Social,2022-07-03,49.9
CUS00986,Megan,Kelly,customer986@email.co.uk,Manchester,England,45.0,M,Paid Social,2024-07-28,99.43
CUS00987,Noah,Connor,customer987@email.co.uk,London,England,31.0,M,Paid Social,2023-12-05,76.78
CUS00988,Riya,Hall,customer988@email.co.uk,edinburgh,Scotland,18.0,M,Organic,2022-01-12,8.0
CUS00989,Isla,Murphy,customer989@email.co.uk,Liverpool,England,31.0,F,Paid Social,2024-02-06,83.69
CUS00990,Aisha,Anderson,customer990@email.co.uk,Manchester,England,23.0,M,Google Ads,2023-02-07,53.64
CUS00991,Hannah,Davies,customer991@email.co.uk,Newcastle,England,49.0,M,Paid Social,2023-05-17,64.62
CUS00992,Hassan,Kumar,customer992@email.co.uk,London,England,19.0,M,Paid Social,2024-12-14,108.38
CUS00993,Arjun,Wilson,customer993@email.co.uk,Glasgow,Scotland,30.0,F,Paid Social,2024-06-24,91.22
CUS00994,Mia,Wilson,customer994@email.co.uk,Leeds,England,37.0,M,Google Ads,2022-04-21,41.42
CUS00995,Isabella,Sharma,customer995@email.co.uk,Bristol,England,25.0,F,Google Ads,2024-04-23,82.53
CUS00996,Poppy,Thomas,customer996@email.co.uk,Newcastle,England,28.0,M,Paid Social,2022-02-02,42.0
CUS00997,Emma,Murphy,customer997@email.co.uk,,,31.0,M,Paid Social,2024-10-29,108.38
CUS00998,Mia,Taylor,customer998@email.co.uk,london,England,29.0,female,Paid Social,2024-01-06,83.69
CUS00999,Emma,Malik,customer999@email.co.uk,Manchester,England,30.0,Other,Paid Social,2024-02-26,83.69
CUS01000,Leo,Murphy,customer1000@email.co.uk,Bristol,England,44.0,M,Paid Social,2022-02-09,42.0
CUS01001,Ava,Murphy,customer1001@email.co.uk,Leeds,England,39.0,M,Google Ads,2022-06-07,41.42
CUS01002,Amelia,Byrne,customer1002@email.co.uk,Cardiff,Wales,38.0,M,Google Ads,2023-11-16,69.47
CUS01003,Lauren,Smith,customer1003@email.co.uk,Glasgow,Scotland,41.0,female,Paid Social,2023-06-23,64.62
CUS01004,Amelia,Khan,customer1004@email.co.uk,Birmingham,England,59.0,Female,Paid Social,2024-09-03,99.43
CUS01005,Nathan,McCarthy,customer1005@email.co.uk,Glasgow,Scotland,20.0,Other,Paid Social,2023-02-14,59.29
CUS01006,Grace,Walker,customer1006@email.co.uk,London,England,30.0,F,Paid Social,2023-07-14,70.44
CUS01007,Nathan,Ahmed,customer1007@email.co.uk,Glasgow,Scotland,50.0,F,Google Ads,2022-07-29,45.15
CUS01008,Dylan,Sharma,customer1008@email.co.uk,Birmingham,England,42.0,F,Google Ads,2023-11-01,69.47
CUS01009,Rohan,Brown,customer1009@email.co.uk,Liverpool,England,21.0,M,Paid Social,2024-12-05,108.38
CUS01010,Olivia,Ahmed,customer1010@email.co.uk,Edinburgh,Scotland,18.0,Man,Paid Social,2023-01-12,59.29
CUS01011,Riya,Jones,customer1011@email.co.uk,Leeds,England,36.0,Female,Paid Social,2024-08-07,99.43
CUS01012,Oliver,Burke,customer1012@email.co.uk,London,England,26.0,male,Referral,2022-09-30,16.63
CUS01013,Harry,Patel,customer1013@email.co.uk,London,England,43.0,M,Google Ads,2024-10-29,98.06
CUS01014,Charlie,Walsh,customer1014@email.co.uk,London,England,31.0,M,Paid Social,2023-11-07,76.78
CUS01015,Emma,Murphy,customer1015@email.co.uk,Glasgow,Scotland,33.0,M,Paid Social,2022-08-07,49.9
CUS01016,Yusuf,Roberts,customer1016@email.co.uk,Birmingham,England,46.0,MALE,Google Ads,2024-07-31,89.96
CUS01017,Harry,Anderson,customer1017@email.co.uk,Cardiff,Wales,36.0,F,,2024-10-30,108.38
CUS01018,Fatima,Sharma,customer1018@email.co.uk,Birmingham,England,22.0,MALE,Google Ads,2022-09-04,45.15
CUS01019,Riya,Thomas,customer1019@email.co.uk,Manchester,England,30.0,F,Organic,2022-07-26,9.5
CUS01020,Liam,Evans,customer1020@email.co.uk,Leeds,England,37.0,F,Paid Social,2022-12-23,54.39
CUS01021,Arjun,Ahmed,customer1021@email.co.uk,Newcastle,England,28.0,M,Google Ads,2023-11-09,69.47
CUS01022,Liam,O'Brien,customer1022@email.co.uk,Leeds,England,33.0,M,Paid Social,2024-12-02,108.38
CUS01023,Sara,Ryan,customer1023@email.co.uk,London,England,36.0,M,Paid Social,2024-10-09,108.38
CUS01024,Mia,Anderson,customer1024@email.co.uk,London,England,27.0,f,Email,2023-04-14,9.23
CUS01025,Lily,Singh,customer1025@email.co.uk,Sheffield,England,49.0,F,Paid Social,2022-03-23,42.0
CUS01026,Liam,Singh,customer1026@email.co.uk,Edinburgh,Scotland,35.0,,Google Ads,2024-01-04,75.72
CUS01027,Isabella,Connor,customer1027@email.co.uk,London,England,46.0,F,Google Ads,2023-12-18,69.47
CUS01028,Jack,Walker,customer1028@email.co.uk,Glasgow,Scotland,38.0,MALE,Referral,2022-12-15,18.13
CUS01029,Lily,Shah,customer1029@email.co.uk,,,23.0,Woman,Referral,2024-01-17,27.9
CUS01030,Grace,Hussain,customer1030@email.co.uk,Glasgow,Scotland,46.0,F,Paid Social,2024-12-21,108.38
CUS01031,Liam,Walsh,customer1031@email.co.uk,London,England,30.0,M,Email,2022-09-03,7.13
CUS01032,Jessica,Walsh,customer1032@email.co.uk,Bristol,England,29.0,Woman,Google Ads,2023-04-01,58.47
CUS01033,Ethan,Anderson,customer1033@email.co.uk,Manchester,England,27.0,MALE,Paid Social,2024-09-28,99.43
CUS01034,Priya,Murphy,customer1034@email.co.uk,London,England,39.0,M,Referral,2022-09-24,16.63
CUS01035,Alfie,Patel,customer1035@email.co.uk,manchester,England,38.0,Male,Google Ads,2022-08-11,45.15
CUS01036,Isla,Khan,customer1036@email.co.uk,London,England,25.0,M,Paid Social,2022-10-10,54.39
CUS01037,Fatima,Hall,customer1037@email.co.uk,Leeds,England,30.0,F,Google Ads,2024-07-19,89.96
CUS01038,Freddie,Flynn,customer1038@email.co.uk,Bristol,England,30.0,F,Paid Social,2022-08-09,49.9
CUS01039,Riya,Davies,customer1039@email.co.uk,Manchester,England,18.0,F,Organic,2022-06-18,8.72
CUS01040,Harry,Hussain,customer1040@email.co.uk,London,England,41.0,M,Organic,2024-02-21,15.94
CUS01041,Omar,Connor,customer1041@email.co.uk,Manchester,England,50.0,Male,Paid Social,2024-07-16,99.43
CUS01042,Aiden,Byrne,customer1042@email.co.uk,Birmingham,England,45.0,Woman,Google Ads,2024-07-07,89.96
CUS01043,Ella,Taylor,customer1043@email.co.uk,London,England,24.0,M,Paid Social,2023-08-21,70.44
CUS01044,Aiden,Hall,customer1044@email.co.uk,Birmingham,England,38.0,MALE,Google Ads,2024-11-15,98.06
CUS01045,Charlie,Smith,customer1045@email.co.uk,Leeds,England,44.0,F,Paid Social,2022-09-12,49.9
CUS01046,Harry,Martin,customer1046@email.co.uk,,,41.0,Man,Paid Social,2023-08-31,70.44
CUS01047,Emma,Kelly,customer1047@email.co.uk,Londn,England,,F,Google Ads,2023-06-09,58.47
CUS01048,Sara,Taylor,customer1048@email.co.uk,Bristol,England,18.0,M,Organic,2023-11-28,14.62
CUS01049,Chloe,Byrne,customer1049@email.co.uk,Manchester,England,43.0,,Referral,2022-11-04,18.13
CUS01050,Megan,Ali,customer1050@email.co.uk,glasgow,Scotland,33.0,M,Google Ads,2022-09-07,45.15
CUS01051,Megan,Roberts,customer1051@email.co.uk,Glasgow,Scotland,34.0,F,Paid Social,2024-12-22,108.38
CUS01052,Riya,Kelly,customer1052@email.co.uk,London,England,29.0,Male,Google Ads,2023-03-14,53.64
CUS01053,Rohan,Davies,customer1053@email.co.uk,London,England,29.0,M,Organic,2023-10-29,14.62
CUS01054,Emily,Williams,customer1054@email.co.uk,Liverpool,England,38.0,M,Referral,2024-11-15,36.13
CUS01055,Arjun,Malik,customer1055@email.co.uk,London,England,30.0,f,Paid Social,2023-03-15,59.29
CUS01056,Riya,White,customer1056@email.co.uk,London,England,36.0,M,Direct,2023-06-05,0.0
CUS01057,Charlie,White,customer1057@email.co.uk,,,45.0,M,Paid Social,2023-12-10,76.78
CUS01058,Harry,Sharma,customer1058@email.co.uk,London,England,18.0,MALE,Paid Social,2022-05-13,45.78
CUS01059,Sara,Evans,customer1059@email.co.uk,Bristoll,England,45.0,Man,Paid Social,2022-02-25,42.0
CUS01060,Priya,Smith,customer1060@email.co.uk,Cardiff,Wales,43.0,M,Paid Social,2024-02-29,83.69
CUS01061,Mason,Thomas,customer1061@email.co.uk,Edinbugh,Scotland,19.0,female,Google Ads,2023-06-11,58.47
CUS01062,Sophie,Connor,customer1062@email.co.uk,London,England,35.0,FEMALE,Email,2022-05-31,6.54
CUS01063,Fatima,Clark,customer1063@email.co.uk,Sheffield,England,31.0,F,Paid Social,2023-02-19,59.29
CUS01064,Sophie,White,customer1064@email.co.uk,Glasgow,Scotland,42.0,F,Direct,2024-05-06,0.0
CUS01065,Logan,Williams,customer1065@email.co.uk,London,England,35.0,f,Paid Social,2024-07-10,99.43
CUS01066,Muhammad,Jones,customer1066@email.co.uk,Newcastle,England,42.0,M,Organic,2023-11-03,14.62
CUS01067,Dylan,McCarthy,customer1067@email.co.uk,London,England,59.0,M,Paid Social,2022-11-26,54.39
CUS01068,Priya,Flynn,customer1068@email.co.uk,Manchester,England,25.0,,Paid Social,2024-09-21,99.43
CUS01069,Jack,Murphy,customer1069@email.co.uk,Birmigham,England,41.0,Female,Paid Social,2022-11-16,54.39
CUS01070,Ella,Ryan,customer1070@email.co.uk,Glasgow,Scotland,18.0,M,Paid Social,2024-07-07,99.43
CUS01071,Harry,Wilson,customer1071@email.co.uk,Edinburgh,Scotland,33.0,M,Email,2022-09-16,7.13
CUS01072,Sara,Sharma,customer1072@email.co.uk,Newcastle,England,29.0,F,Google Ads,2024-11-24,98.06
CUS01073,Ella,Hussain,customer1073@email.co.uk,LONDON,England,36.0,M,Direct,2024-07-22,0.0
CUS01074,Ryan,Brown,customer1074@email.co.uk,London,England,19.0,F,Paid Social,2023-10-31,76.78
CUS01075,James,Ali,customer1075@email.co.uk,,,48.0,Woman,Google Ads,2023-08-22,63.73
CUS01076,Lauren,Flynn,customer1076@email.co.uk,Leeds,England,37.0,M,Paid Social,2023-12-17,76.78
CUS01077,Arjun,Roberts,customer1077@email.co.uk,birmingham,England,45.0,Woman,Google Ads,2024-04-02,82.53
CUS01078,Emma,Sharma,customer1078@email.co.uk,London,England,27.0,F,Paid Social,2023-12-06,76.78
CUS01079,Mia,Evans,customer1079@email.co.uk,Birmingham,England,40.0,m,Google Ads,2024-05-09,82.53
CUS01080,Noah,O'Brien,customer1080@email.co.uk,London,England,23.0,F,Organic,2022-06-12,8.72
CUS01081,Emily,Roberts,customer1081@email.co.uk,Leeds,England,43.0,FEMALE,Direct,2023-08-02,0.0
CUS01082,Riya,Smith,customer1082@email.co.uk,London,England,,f,Organic,2024-07-04,18.94
CUS01083,Dylan,Smith,customer1083@email.co.uk,London,England,29.0,M,Email,2023-08-27,10.06
CUS01084,James,Wilson,customer1084@email.co.uk,Glasgow,Scotland,34.0,M,Paid Social,2024-12-14,108.38
CUS01085,Noah,Anderson,customer1085@email.co.uk,London,England,28.0,M,Google Ads,2023-11-21,69.47
CUS01086,Alfie,Thomas,customer1086@email.co.uk,Leeds,England,24.0,Woman,Paid Social,2023-03-27,59.29
CUS01087,Emma,Jones,customer1087@email.co.uk,London,England,33.0,male,Paid Social,2024-11-02,108.38
CUS01088,Jessica,McCarthy,customer1088@email.co.uk,Birmingham,England,35.0,F,Google Ads,2023-08-08,63.73
CUS01089,Ava,Kumar,customer1089@email.co.uk,Sheffield,England,39.0,F,Google Ads,2023-11-28,69.47
CUS01090,Omar,White,customer1090@email.co.uk,London,England,50.0,M,Paid Social,2024-03-10,83.69
CUS01091,Jack,Ahmed,customer1091@email.co.uk,Glasgow,Scotland,23.0,F,Direct,2024-10-05,0.0
CUS01092,Sara,Roberts,customer1092@email.co.uk,London,England,42.0,female,Google Ads,2022-11-17,49.21
CUS01093,Omar,Davies,customer1093@email.co.uk,London,England,34.0,,Paid Social,2024-10-19,108.38
CUS01094,Lily,Connor,customer1094@email.co.uk,Manchester,England,31.0,Male,Paid Social,2023-12-18,76.78
CUS01095,Fatima,Murphy,customer1095@email.co.uk,London,England,28.0,female,Paid Social,2023-06-05,64.62
CUS01096,Nathan,Clark,customer1096@email.co.uk,London,England,28.0,Male,Google Ads,2023-04-28,58.47
CUS01097,Jack,Williams,customer1097@email.co.uk,Newcastle,England,30.0,F,Organic,2024-12-21,20.64
CUS01098,James,Taylor,customer1098@email.co.uk,London,England,29.0,F,Paid Social,2024-12-01,108.38
CUS01099,James,Burke,customer1099@email.co.uk,Edinburgh,Scotland,41.0,f,Paid Social,2023-11-28,76.78
CUS01100,Noah,Ali,customer1100@email.co.uk,Leeds,England,28.0,F,Google Ads,2023-05-12,58.47
CUS01101,Sophie,Hall,customer1101@email.co.uk,London,England,37.0,F,Paid Social,2024-12-16,108.38
CUS01102,Omar,Kelly,customer1102@email.co.uk,London,England,22.0,MALE,Paid Social,2022-02-09,42.0
CUS01103,Amelia,Murphy,customer1103@email.co.uk,Newcastle,England,40.0,F,Paid Social,2022-04-12,45.78
CUS01104,Lauren,Taylor,customer1104@email.co.uk,london,England,27.0,m,Google Ads,2023-10-16,69.47
CUS01105,Muhammad,Ahmed,customer1105@email.co.uk,London,England,34.0,M,Paid Social,2023-12-27,76.78
CUS01106,Ella,Kumar,customer1106@email.co.uk,Leeds,England,43.0,m,Paid Social,2022-01-17,42.0
CUS01107,Emma,Johnson,customer1107@email.co.uk,London,England,43.0,M,Organic,2022-10-30,10.36
CUS01108,Leo,Wilson,customer1108@email.co.uk,Edinburgh,Scotland,39.0,Female,Google Ads,2022-06-10,41.42
CUS01109,Mason,Johnson,customer1109@email.co.uk,Birmingham,England,35.0,m,,2022-12-22,54.39
CUS01110,Riya,Sharma,customer1110@email.co.uk,London,England,18.0,M,Google Ads,2022-10-24,49.21
CUS01111,Emma,Ali,customer1111@email.co.uk,Edinburgh,Scotland,35.0,M,Google Ads,2022-08-05,45.15
CUS01112,Sara,Kumar,customer1112@email.co.uk,Bristol,England,65.0,Female,Paid Social,2022-08-12,49.9
CUS01113,Jessica,McCarthy,customer1113@email.co.uk,Manchester,England,18.0,F,,2023-06-11,64.62
CUS01114,Liam,Walker,customer1114@email.co.uk,London,England,18.0,M,Paid Social,2022-08-11,49.9
CUS01115,Jessica,Taylor,customer1115@email.co.uk,Birmingham,England,27.0,M,Paid Social,2024-07-22,99.43
CUS01116,Megan,Kelly,customer1116@email.co.uk,Birmingham,England,41.0,F,Paid Social,2023-07-17,70.44
CUS01117,Liam,Kelly,customer1117@email.co.uk,Manchester,England,26.0,,Paid Social,2022-07-25,49.9
CUS01118,Omar,Smith,customer1118@email.co.uk,Liverpool,England,35.0,MALE,Organic,2024-03-22,15.94
CUS01119,Leo,Kelly,customer1119@email.co.uk,London,England,50.0,F,Paid Social,2024-08-05,99.43
CUS01120,Sophie,Flynn,customer1120@email.co.uk,London,England,24.0,F,Paid Social,2023-05-28,64.62
CUS01121,Dylan,Robinson,customer1121@email.co.uk,Bristol,England,35.0,male,Google Ads,2022-01-16,38.0
CUS01122,Lucas,Ali,customer1122@email.co.uk,London,England,18.0,F,Paid Social,2024-03-20,83.69
CUS01123,Rohan,Ali,customer1123@email.co.uk,,,26.0,F,Paid Social,2024-07-04,99.43
CUS01124,Lauren,Thompson,customer1124@email.co.uk,London,England,29.0,F,Paid Social,2024-11-01,108.38
CUS01125,Ryan,Walker,customer1125@email.co.uk,London,England,28.0,M,Paid Social,2024-05-26,91.22
CUS01126,Aisha,Smith,customer1126@email.co.uk,Bristol,England,30.0,,Paid Social,2024-01-06,83.69
CUS01127,Muhammad,Clark,customer1127@email.co.uk,Bristol,England,26.0,M,Paid Social,2023-05-08,64.62
CUS01128,Jessica,Singh,customer1128@email.co.uk,Newcastle,England,18.0,F,Referral,2022-12-17,18.13
CUS01129,Amelia,Flynn,customer1129@email.co.uk,Manchester,England,39.0,M,Google Ads,2022-05-08,41.42
CUS01130,Yusuf,Williams,customer1130@email.co.uk,Bristol,England,33.0,M,Google Ads,2024-09-03,89.96
CUS01131,Lily,Roberts,customer1131@email.co.uk,London,England,33.0,M,Paid Social,2023-12-08,76.78
CUS01132,Ella,Roberts,customer1132@email.co.uk,Glasgow,Scotland,40.0,M,Organic,2023-02-21,11.29
CUS01133,Jessica,Connor,customer1133@email.co.uk,Leeds,England,20.0,F,Google Ads,2022-08-05,45.15
CUS01134,Rohan,Murphy,customer1134@email.co.uk,London,England,31.0,M,Email,2023-02-22,8.47
CUS01135,Ethan,Byrne,customer1135@email.co.uk,glasgow,Scotland,21.0,M,Paid Social,2024-07-08,99.43
CUS01136,Noah,Byrne,customer1136@email.co.uk,MANCHESTER,England,28.0,M,Paid Social,2022-11-22,54.39
CUS01137,Mia,Murphy,customer1137@email.co.uk,CARDIFF,Wales,30.0,M,Paid Social,2022-04-17,45.78
CUS01138,Lucas,Martin,customer1138@email.co.uk,BIRMINGHAM,England,26.0,M,Google Ads,2023-06-21,58.47
CUS01139,Yusuf,Thompson,customer1139@email.co.uk,Leeds,England,28.0,M,Google Ads,2023-04-29,58.47
CUS01140,Sophie,Kelly,customer1140@email.co.uk,London,England,38.0,F,Email,2024-05-10,13.03
CUS01141,Jack,Hussain,customer1141@email.co.uk,London,England,,M,Google Ads,2023-12-05,69.47
CUS01142,Nathan,Anderson,customer1142@email.co.uk,Birmingham,England,25.0,F,Google Ads,2023-10-03,69.47
CUS01143,Isabella,Flynn,customer1143@email.co.uk,Glasgow,Scotland,26.0,F,Google Ads,2024-12-18,98.06
CUS01144,Yusuf,Smith,customer1144@email.co.uk,London,England,30.0,female,Referral,2024-09-25,33.14
CUS01145,Lucas,Malik,customer1145@email.co.uk,Birmingham,England,40.0,F,Google Ads,2022-08-10,45.15
CUS01146,Zoe,Davies,customer1146@email.co.uk,,,48.0,,Google Ads,2022-12-21,49.21
CUS01147,Zoe,Shah,customer1147@email.co.uk,Birmingham,England,37.0,Man,Paid Social,2023-08-05,70.44
CUS01148,Sara,Brown,customer1148@email.co.uk,London,England,43.0,F,Paid Social,2022-05-19,45.78
CUS01149,Poppy,Hussain,customer1149@email.co.uk,NEWCASTLE,England,25.0,F,Direct,2024-07-08,0.0
CUS01150,Natalie,Ryan,customer1150@email.co.uk,Manchester,England,18.0,M,Google Ads,2024-07-17,89.96
CUS01151,Isabella,Ryan,customer1151@email.co.uk,Leeds,England,26.0,M,Referral,2023-03-01,19.76
CUS01152,Muhammad,O'Brien,customer1152@email.co.uk,Birmingham,England,26.0,MALE,Email,2024-11-09,15.48
CUS01153,Chloe,Flynn,customer1153@email.co.uk,Manchester,England,26.0,F,,2023-12-03,69.47
CUS01154,Isla,Martin,customer1154@email.co.uk,London,England,26.0,Woman,Google Ads,2022-11-28,49.21
CUS01155,Emily,Martin,customer1155@email.co.uk,Birmingham,England,40.0,F,Google Ads,2024-02-13,75.72
CUS01156,Noah,White,customer1156@email.co.uk,Leeds,England,41.0,M,Google Ads,2024-04-14,82.53
CUS01157,Aisha,Walker,customer1157@email.co.uk,Leeds,England,29.0,F,Email,2024-05-31,13.03
CUS01158,Mason,McCarthy,customer1158@email.co.uk,London,England,42.0,F,Google Ads,2024-12-15,98.06
CUS01159,Ella,Shah,customer1159@email.co.uk,Newcastle,England,32.0,M,Paid Social,2024-11-13,108.38
CUS01160,Aiden,Ryan,customer1160@email.co.uk,Leeds,England,48.0,F,Email,2023-07-29,10.06
CUS01161,Leo,Robinson,customer1161@email.co.uk,London,England,19.0,FEMALE,Referral,2023-08-19,23.48
CUS01162,Harry,Murphy,customer1162@email.co.uk,Leeds,England,27.0,M,Email,2022-02-25,6.0
CUS01163,Mason,Evans,customer1163@email.co.uk,London,England,35.0,F,Paid Social,2023-08-03,70.44
CUS01164,Mason,Malik,customer1164@email.co.uk,Glasgow,Scotland,18.0,M,Paid Social,2022-10-17,54.39
CUS01165,Noah,Roberts,customer1165@email.co.uk,Birmingham,England,32.0,F,Paid Social,2022-07-30,49.9
CUS01166,Muhammad,Kelly,customer1166@email.co.uk,Glasgow,Scotland,32.0,M,Organic,2024-08-31,18.94
CUS01167,Oliver,Shah,customer1167@email.co.uk,Manchester,England,35.0,F,Paid Social,2022-02-21,42.0
CUS01168,Jessica,Ryan,customer1168@email.co.uk,Birmingham,England,39.0,F,Paid Social,2022-08-12,49.9
CUS01169,Lauren,Jones,customer1169@email.co.uk,Leeds,England,41.0,M,Direct,2024-04-05,0.0
CUS01170,Charlie,Williams,customer1170@email.co.uk,Birmingham,England,26.0,M,Paid Social,2023-12-13,76.78
CUS01171,Emily,McCarthy,customer1171@email.co.uk,Manchester,England,28.0,FEMALE,Referral,2023-08-16,23.48
CUS01172,Grace,Flynn,customer1172@email.co.uk,London,England,,F,Paid Social,2024-08-24,99.43
CUS01173,Ella,Anderson,customer1173@email.co.uk,Leeds,England,19.0,F,Organic,2022-12-11,10.36
CUS01174,Isabella,Lewis,customer1174@email.co.uk,Birmingham,England,18.0,M,Paid Social,2022-11-15,54.39
CUS01175,Dylan,Evans,customer1175@email.co.uk,Bristol,England,30.0,Man,Google Ads,2023-11-08,69.47
CUS01176,Ryan,Flynn,customer1176@email.co.uk,Liverpol,England,45.0,F,Paid Social,2022-07-10,49.9
CUS01177,Lauren,Thomas,customer1177@email.co.uk,London,England,,F,Paid Social,2024-05-02,91.22
CUS01178,Isabella,Williams,customer1178@email.co.uk,Birmingham,England,23.0,F,Google Ads,2024-11-24,98.06
CUS01179,Liam,Martin,customer1179@email.co.uk,Glasgow,Scotland,26.0,F,Paid Social,2024-08-27,99.43
CUS01180,Olivia,Ali,customer1180@email.co.uk,Bristol,England,43.0,m,Email,2024-10-25,15.48
CUS01181,Noah,Jones,customer1181@email.co.uk,Manchester,England,36.0,M,,2022-05-21,15.26
CUS01182,Jack,Williams,customer1182@email.co.uk,London,England,22.0,m,Paid Social,2023-08-10,70.44
CUS01183,Mia,Ahmed,customer1183@email.co.uk,Liverpool,England,38.0,m,Paid Social,2024-11-08,108.38
CUS01184,Fatima,Malik,customer1184@email.co.uk,London,England,18.0,Woman,Referral,2024-09-23,33.14
CUS01185,Grace,Brown,customer1185@email.co.uk,Newcastle,England,37.0,F,Paid Social,2024-01-01,83.69
CUS01186,Lauren,Hussain,customer1186@email.co.uk,Liverpool,England,33.0,FEMALE,Paid Social,2024-03-25,83.69
CUS01187,Alfie,Davies,customer1187@email.co.uk,Newcastle,England,39.0,F,Paid Social,2023-01-12,59.29
CUS01188,Isabella,Khan,customer1188@email.co.uk,Leeds,England,48.0,MALE,Paid Social,2023-01-10,59.29
CUS01189,Ella,Thompson,customer1189@email.co.uk,London,England,48.0,m,Organic,2022-05-11,8.72
CUS01190,Priya,Davies,customer1190@email.co.uk,BRISTOL,England,20.0,MALE,Google Ads,2024-11-07,98.06
CUS01191,Arjun,Walsh,customer1191@email.co.uk,Sheffield,England,40.0,F,Paid Social,2023-02-23,59.29
CUS01192,Aiden,White,customer1192@email.co.uk,Sheffield,England,32.0,M,Direct,2024-12-27,0.0
CUS01193,Ryan,Johnson,customer1193@email.co.uk,London,England,42.0,OTHER,Google Ads,2022-01-18,38.0
CUS01194,Mason,Robinson,customer1194@email.co.uk,Birmingham,England,30.0,M,Direct,2024-08-15,0.0
CUS01195,Omar,Thompson,customer1195@email.co.uk,Edinburgh,Scotland,35.0,Other,Organic,2023-11-15,14.62
CUS01196,Olivia,Williams,customer1196@email.co.uk,Glasgow,Scotland,48.0,,Paid Social,2022-03-31,42.0
CUS01197,Isabella,Shah,customer1197@email.co.uk,Manchester,England,40.0,M,Paid Social,2024-04-04,91.22
CUS01198,Jack,Connor,customer1198@email.co.uk,Glasgow,Scotland,38.0,M,Paid Social,2024-05-15,91.22
CUS01199,Oliver,Taylor,customer1199@email.co.uk,,,31.0,F,Google Ads,2024-05-12,82.53
CUS01200,Isabella,Walsh,customer1200@email.co.uk,Bristol,England,,OTHER,Email,2024-05-09,13.03
CUS01201,Fatima,O'Brien,customer1201@email.co.uk,London,England,37.0,f,Google Ads,2024-04-20,82.53
CUS01202,Jack,Evans,customer1202@email.co.uk,Leds,England,21.0,F,Paid Social,2024-07-17,99.43
CUS01203,Leo,Khan,customer1203@email.co.uk,Cardiff,Wales,30.0,M,Email,2023-06-21,9.23
CUS01204,Yusuf,Smith,customer1204@email.co.uk,Manchestor,England,42.0,m,Paid Social,2024-12-07,108.38
CUS01205,Isla,Hall,customer1205@email.co.uk,Leedes,England,29.0,F,,2023-10-13,76.78
CUS01206,Natalie,Flynn,customer1206@email.co.uk,Edinburgh,Scotland,29.0,Female,Google Ads,2023-01-15,53.64
CUS01207,Ryan,Evans,customer1207@email.co.uk,London,England,29.0,Male,Email,2024-12-27,15.48
CUS01208,Emma,Khan,customer1208@email.co.uk,Manchestor,England,36.0,F,Paid Social,2023-02-06,59.29
CUS01209,Mason,Clark,customer1209@email.co.uk,London,England,37.0,F,Paid Social,2023-08-30,70.44
CUS01210,Lucas,Wilson,customer1210@email.co.uk,Edinburgh,Scotland,20.0,FEMALE,Organic,2024-05-11,17.38
CUS01211,Mason,O'Brien,customer1211@email.co.uk,Birmingham,England,22.0,M,Paid Social,2024-08-14,99.43
CUS01212,Lucas,Johnson,customer1212@email.co.uk,Edinburgh,Scotland,38.0,MALE,Google Ads,2023-04-04,58.47
CUS01213,Ryan,Robinson,customer1213@email.co.uk,London,England,26.0,F,Referral,2022-03-19,14.0
CUS01214,Leo,Smith,customer1214@email.co.uk,London,England,47.0,m,Google Ads,2023-12-21,69.47
CUS01215,Nathan,Martin,customer1215@email.co.uk,Glasgow,Scotland,44.0,M,Paid Social,2023-12-31,76.78
CUS01216,Harry,Johnson,customer1216@email.co.uk,Birmingham,England,30.0,f,Paid Social,2024-06-11,91.22
CUS01217,Poppy,Brown,customer1217@email.co.uk,Glasgow,Scotland,30.0,M,Paid Social,2023-01-02,59.29
CUS01218,Megan,Ahmed,customer1218@email.co.uk,Liverpool,England,42.0,F,Paid Social,2024-09-05,99.43
CUS01219,Hassan,Thomas,customer1219@email.co.uk,Manchester,England,49.0,male,Direct,2024-07-23,0.0
CUS01220,Sara,Kumar,customer1220@email.co.uk,Manchester,England,41.0,Male,Paid Social,2024-10-10,108.38
CUS01221,Charlie,Ali,customer1221@email.co.uk,Sheffield,England,40.0,male,Referral,2024-07-06,33.14
CUS01222,Oliver,Brown,customer1222@email.co.uk,Manchester,England,43.0,,Paid Social,2024-04-15,91.22
CUS01223,Ryan,Patel,customer1223@email.co.uk,London,England,31.0,M,Google Ads,2023-12-04,69.47
CUS01224,Muhammad,Thompson,customer1224@email.co.uk,sheffield,England,18.0,F,Paid Social,2024-10-06,108.38
CUS01225,Emma,Wilson,customer1225@email.co.uk,London,England,28.0,F,Paid Social,2022-11-30,54.39
CUS01226,Riya,Ahmed,customer1226@email.co.uk,Glasgow,Scotland,25.0,F,Paid Social,2024-04-06,91.22
CUS01227,Leo,Patel,customer1227@email.co.uk,London,England,24.0,M,Paid Social,2024-08-09,99.43
CUS01228,Poppy,Taylor,customer1228@email.co.uk,London ,England,30.0,M,Organic,2024-07-23,18.94
CUS01229,Olivia,Kumar,customer1229@email.co.uk,Cardiff,Wales,,F,Google Ads,2022-08-13,45.15
CUS01230,Mia,Roberts,customer1230@email.co.uk,Edinburgh,Scotland,29.0,F,Google Ads,2023-03-31,53.64
CUS01231,Ryan,Roberts,customer1231@email.co.uk,London,England,39.0,M,Paid Social,2024-11-23,108.38
CUS01232,Jessica,Sharma,customer1232@email.co.uk,Newcastle,England,20.0,F,Paid Social,2024-07-23,99.43
CUS01233,Logan,Robinson,customer1233@email.co.uk,Manchester,England,51.0,F,Google Ads,2022-09-18,45.15
CUS01234,Leo,Jones,customer1234@email.co.uk,Glasgow,Scotland,40.0,F,Paid Social,2023-10-13,76.78
CUS01235,Jessica,McCarthy,customer1235@email.co.uk,Birmingham,England,34.0,M,Google Ads,2024-08-27,89.96
CUS01236,Lily,Patel,customer1236@email.co.uk,,,18.0,Male,Referral,2024-10-08,36.13
CUS01237,Amelia,Clark,customer1237@email.co.uk,,,25.0,M,Paid Social,2023-11-12,76.78
CUS01238,Grace,Evans,customer1238@email.co.uk,London,England,34.0,F,Organic,2022-07-03,9.5
CUS01239,Muhammad,Malik,customer1239@email.co.uk,,,24.0,M,Email,2022-11-25,7.77
CUS01240,Emma,Wilson,customer1240@email.co.uk,Glasgow,Scotland,18.0,f,Paid Social,2022-02-27,42.0
CUS01241,Leo,Walsh,customer1241@email.co.uk,Londen,England,43.0,F,Paid Social,2022-10-02,54.39
CUS01242,Jack,Anderson,customer1242@email.co.uk,Birmingham,England,56.0,F,Paid Social,2022-05-02,45.78
CUS01243,Mia,O'Brien,customer1243@email.co.uk,Glasgow,Scotland,30.0,F,Google Ads,2024-05-13,82.53
CUS01244,Lily,Wilson,customer1244@email.co.uk,Glasgow,Scotland,29.0,M,Paid Social,2024-05-14,91.22
CUS01245,Isabella,Martin,customer1245@email.co.uk,Liverpool,England,24.0,OTHER,Referral,2023-09-02,23.48
CUS01246,Mason,Singh,customer1246@email.co.uk,London,England,26.0,F,Paid Social,2024-10-25,108.38
CUS01247,Isabella,Robinson,customer1247@email.co.uk,Glasgow,Scotland,18.0,M,Paid Social,2022-09-06,49.9
CUS01248,Ava,Evans,customer1248@email.co.uk,Leeds,England,34.0,M,Email,2022-11-05,7.77
CUS01249,Lucas,Walker,customer1249@email.co.uk,Manchestor,England,41.0,Man,Paid Social,2024-01-29,83.69
CUS01250,Logan,Johnson,customer1250@email.co.uk,Leedes,England,,MALE,Google Ads,2023-11-17,69.47
CUS01251,Jack,Walker,customer1251@email.co.uk,London,England,21.0,M,Google Ads,2022-08-02,45.15
CUS01252,Leo,Jones,customer1252@email.co.uk,Manchester,England,35.0,M,Google Ads,2024-11-10,98.06
CUS01253,Ryan,Walsh,customer1253@email.co.uk,Birmingham,England,49.0,M,Paid Social,2024-02-13,83.69
CUS01254,Liam,Walsh,customer1254@email.co.uk,Manchester,England,45.0,Man,Paid Social,2024-01-24,83.69
CUS01255,Freddie,Kumar,customer1255@email.co.uk,London,England,55.0,F,Google Ads,2023-06-13,58.47
CUS01256,James,Ryan,customer1256@email.co.uk,Sheffield,England,25.0,Man,Paid Social,2024-01-21,83.69
CUS01257,Lily,White,customer1257@email.co.uk,Birmingham,England,38.0,M,Paid Social,2022-05-18,45.78
CUS01258,Mason,Singh,customer1258@email.co.uk,London,England,32.0,F,Google Ads,2023-03-13,53.64
CUS01259,Harry,Sharma,customer1259@email.co.uk,London,England,27.0,M,Google Ads,2024-03-01,75.72
CUS01260,Emily,Lewis,customer1260@email.co.uk,Manchester,England,37.0,F,Paid Social,2024-01-09,83.69
CUS01261,Ella,White,customer1261@email.co.uk,London,England,34.0,Other,Google Ads,2023-11-16,69.47
CUS01262,Freddie,White,customer1262@email.co.uk,London,England,26.0,F,Email,2022-04-19,6.54
CUS01263,Hannah,Thompson,customer1263@email.co.uk,London,England,27.0,female,Google Ads,2023-04-10,58.47
CUS01264,Fatima,White,customer1264@email.co.uk,Leeds,England,38.0,M,Paid Social,2024-12-22,108.38
CUS01265,Isla,Kelly,customer1265@email.co.uk,London,England,42.0,M,Paid Social,2024-11-29,108.38
CUS01266,Noah,Davies,customer1266@email.co.uk,Leds,England,31.0,M,Google Ads,2024-09-04,89.96
CUS01267,Lauren,Murphy,customer1267@email.co.uk,Sheffield,England,42.0,F,Google Ads,2022-05-06,41.42
CUS01268,Yusuf,Lewis,customer1268@email.co.uk,Manchester,England,42.0,FEMALE,,2022-05-22,45.78
CUS01269,Olivia,Anderson,customer1269@email.co.uk,Cardiff,Wales,41.0,female,Paid Social,2022-11-20,54.39
CUS01270,Freddie,Burke,customer1270@email.co.uk,London,England,19.0,M,,2024-09-11,89.96
CUS01271,Arjun,Martin,customer1271@email.co.uk,London,England,28.0,M,Paid Social,2022-11-13,54.39
CUS01272,Natalie,Hall,customer1272@email.co.uk,London,England,18.0,M,,2022-11-30,18.13
CUS01273,Isla,Smith,customer1273@email.co.uk,Glasgow,Scotland,29.0,M,Paid Social,2023-01-01,59.29
CUS01274,George,Ryan,customer1274@email.co.uk,Manchester,England,30.0,M,Google Ads,2024-06-15,82.53
CUS01275,Logan,Taylor,customer1275@email.co.uk,Newcastle,England,43.0,M,Referral,2023-11-17,25.59
CUS01276,Hannah,Shah,customer1276@email.co.uk,Glasgow,Scotland,36.0,F,Paid Social,2024-10-09,108.38
CUS01277,Liam,Walker,customer1277@email.co.uk,London,England,28.0,Male,Google Ads,2022-05-26,41.42
CUS01278,Riya,Murphy,customer1278@email.co.uk,Manchester,England,43.0,MALE,Referral,2022-04-16,15.26
CUS01279,Noah,Smith,customer1279@email.co.uk,London,England,46.0,M,Paid Social,2024-09-27,99.43
CUS01280,Logan,O'Brien,customer1280@email.co.uk,Manchester,England,18.0,,Paid Social,2022-07-14,49.9
CUS01281,Freddie,Lewis,customer1281@email.co.uk,edinburgh,Scotland,18.0,MALE,Google Ads,2024-05-28,82.53
CUS01282,Ava,White,customer1282@email.co.uk,Birmingham,England,19.0,F,Paid Social,2024-01-18,83.69
CUS01283,Ella,Ahmed,customer1283@email.co.uk,London,England,21.0,f,Paid Social,2022-11-15,54.39
CUS01284,Harry,Johnson,customer1284@email.co.uk,Manchester,England,61.0,M,Referral,2022-12-31,18.13
CUS01285,Aisha,Ahmed,customer1285@email.co.uk,Glasgow,Scotland,26.0,M,Paid Social,2024-06-21,91.22
CUS01286,Ella,Kelly,customer1286@email.co.uk,Birmingham,England,18.0,F,Paid Social,2022-02-21,42.0
CUS01287,James,Shah,customer1287@email.co.uk,London,England,20.0,M,Email,2024-12-06,15.48
CUS01288,Hannah,Kumar,customer1288@email.co.uk,Leeds,England,25.0,Other,Paid Social,2022-04-05,45.78
CUS01289,Hannah,Brown,customer1289@email.co.uk,Edinburgh,Scotland,18.0,M,Google Ads,2022-09-27,45.15
CUS01290,Alfie,Shah,customer1290@email.co.uk,Newcastle,England,21.0,M,Paid Social,2024-03-08,83.69
CUS01291,Fatima,Robinson,customer1291@email.co.uk,Birmingham,England,25.0,M,Referral,2022-07-21,16.63
CUS01292,Muhammad,Ali,customer1292@email.co.uk,Edinburgh,Scotland,35.0,m,Google Ads,2024-12-30,98.06
CUS01293,Ella,Taylor,customer1293@email.co.uk,Leeds,England,40.0,F,Google Ads,2023-08-21,63.73
CUS01294,Lily,Evans,customer1294@email.co.uk,Edinburgh,Scotland,30.0,F,Referral,2022-05-14,15.26
CUS01295,Omar,Murphy,customer1295@email.co.uk,MANCHESTER,England,43.0,f,Referral,2022-10-01,18.13
CUS01296,Ryan,Walsh,customer1296@email.co.uk,London,England,41.0,M,Google Ads,2023-11-26,69.47
CUS01297,Oliver,Ryan,customer1297@email.co.uk,Cardiff,Wales,27.0,Man,Paid Social,2024-10-17,108.38
CUS01298,Zoe,Thomas,customer1298@email.co.uk,London,England,28.0,M,Google Ads,2022-12-29,49.21
CUS01299,Oliver,Robinson,customer1299@email.co.uk,,,32.0,M,Paid Social,2023-07-13,70.44
CUS01300,Noah,Thompson,customer1300@email.co.uk,Leeds,England,37.0,M,Email,2023-12-14,10.97
CUS01301,Megan,White,customer1301@email.co.uk,,,36.0,F,Paid Social,2024-03-21,83.69
CUS01302,Amelia,Evans,customer1302@email.co.uk,Bristol,England,46.0,F,Paid Social,2024-06-05,91.22
CUS01303,Sophie,Clark,customer1303@email.co.uk,Nottingham,England,36.0,M,Paid Social,2023-04-14,64.62
CUS01304,Mia,Jones,customer1304@email.co.uk,Londen,England,,,Email,2023-06-10,9.23
CUS01305,Oliver,Evans,customer1305@email.co.uk,Birmingham,England,32.0,F,Google Ads,2024-10-19,98.06
CUS01306,Aisha,Martin,customer1306@email.co.uk,Birmingham,England,18.0,F,Paid Social,2024-11-09,108.38
CUS01307,Isabella,Jones,customer1307@email.co.uk,London,England,32.0,F,Paid Social,2023-08-02,70.44
CUS01308,Lauren,McCarthy,customer1308@email.co.uk,Leeds,England,25.0,Other,Google Ads,2024-12-29,98.06
CUS01309,Nathan,Ryan,customer1309@email.co.uk,Edinburgh,Scotland,18.0,M,Paid Social,2022-10-14,54.39
CUS01310,Ava,Kumar,customer1310@email.co.uk,manchester,England,22.0,Woman,Paid Social,2024-09-07,99.43
CUS01311,Charlie,Shah,customer1311@email.co.uk,Glasgow,Scotland,31.0,M,Paid Social,2024-11-11,108.38
CUS01312,Charlie,White,customer1312@email.co.uk,Birmingham,England,37.0,male,Google Ads,2023-12-11,69.47
CUS01313,Harry,Lewis,customer1313@email.co.uk,Bristol,England,35.0,F,Paid Social,2024-05-05,91.22
CUS01314,Alfie,Malik,customer1314@email.co.uk,Manchester,England,32.0,M,Email,2022-04-30,6.54
CUS01315,Grace,Flynn,customer1315@email.co.uk,Sheffield,England,37.0,M,Paid Social,2024-09-24,99.43
CUS01316,Chloe,Lewis,customer1316@email.co.uk,Cardiff,Wales,44.0,m,Google Ads,2024-04-26,82.53
CUS01317,Alfie,Wilson,customer1317@email.co.uk,Manchester,England,51.0,F,Paid Social,2023-12-21,76.78
CUS01318,Alfie,Hussain,customer1318@email.co.uk,Glasgow,Scotland,43.0,F,Google Ads,2023-12-23,69.47
CUS01319,Freddie,Byrne,customer1319@email.co.uk,Liverpool,England,32.0,F,Paid Social,2022-09-25,49.9
CUS01320,Natalie,Thompson,customer1320@email.co.uk,Birmingham,England,35.0,M,Google Ads,2024-09-28,89.96
CUS01321,Poppy,Roberts,customer1321@email.co.uk,Leeds,England,28.0,Female,Paid Social,2023-11-18,76.78
CUS01322,Arjun,McCarthy,customer1322@email.co.uk,Edinburgh,Scotland,47.0,F,,2024-01-24,75.72
CUS01323,Nathan,Hussain,customer1323@email.co.uk,Glasgow,Scotland,21.0,F,Paid Social,2022-10-08,54.39
CUS01324,Amelia,Jones,customer1324@email.co.uk,London,England,18.0,M,Google Ads,2024-02-22,75.72
CUS01325,Riya,Ali,customer1325@email.co.uk,Glasgow,Scotland,44.0,F,Paid Social,2022-12-12,54.39
CUS01326,Aisha,Sharma,customer1326@email.co.uk,Leeds,England,41.0,F,Organic,2024-07-12,18.94
CUS01327,Lauren,Kelly,customer1327@email.co.uk,,,36.0,M,Paid Social,2022-03-05,42.0
CUS01328,Hannah,Williams,customer1328@email.co.uk,Cardiff,Wales,50.0,F,Google Ads,2022-08-05,45.15
CUS01329,Aiden,Taylor,customer1329@email.co.uk,Glasgow,Scotland,43.0,M,Google Ads,2022-11-18,49.21
CUS01330,Sara,Ahmed,customer1330@email.co.uk,London,England,38.0,F,Google Ads,2023-07-15,63.73
CUS01331,Liam,Hussain,customer1331@email.co.uk,Newcastle,England,18.0,M,Paid Social,2024-10-17,108.38
CUS01332,Ava,Patel,customer1332@email.co.uk,Manchester,England,25.0,F,Paid Social,2022-01-17,42.0
CUS01333,Fatima,Singh,customer1333@email.co.uk,Bristol,England,18.0,F,Google Ads,2023-12-05,69.47
CUS01334,Ella,Khan,customer1334@email.co.uk,Sheffield,England,36.0,Female,Google Ads,2022-03-20,38.0
CUS01335,Aiden,Connor,customer1335@email.co.uk,London,England,47.0,female,Google Ads,2023-06-21,58.47
CUS01336,Jack,Khan,customer1336@email.co.uk,London,England,58.0,F,Paid Social,2023-03-09,59.29
CUS01337,Hannah,Roberts,customer1337@email.co.uk,Liverpool,England,37.0,M,Paid Social,2022-09-30,49.9
CUS01338,Rohan,Shah,customer1338@email.co.uk,Edinburgh,Scotland,38.0,m,Google Ads,2023-10-09,69.47
CUS01339,Ava,Singh,customer1339@email.co.uk,Birmingham,England,22.0,M,Organic,2023-05-06,12.31
CUS01340,Arjun,Smith,customer1340@email.co.uk,Cardif,Wales,34.0,M,Paid Social,2023-01-04,59.29
CUS01341,Mason,Evans,customer1341@email.co.uk,Sheffield,England,27.0,F,Referral,2024-01-30,27.9
CUS01342,Hannah,White,customer1342@email.co.uk,Leeds,England,34.0,M,Paid Social,2022-12-17,54.39
CUS01343,George,Khan,customer1343@email.co.uk,Manchester,England,31.0,F,Paid Social,2024-12-15,108.38
CUS01344,Dylan,Martin,customer1344@email.co.uk,Manchester,England,30.0,F,Paid Social,2022-12-22,54.39
CUS01345,Chloe,Jones,customer1345@email.co.uk,LONDON,England,29.0,Woman,Direct,2024-12-25,0.0
CUS01346,Poppy,Thomas,customer1346@email.co.uk,Bristol,England,18.0,male,Google Ads,2022-09-27,45.15
CUS01347,Logan,Hussain,customer1347@email.co.uk,Birmingham,England,27.0,F,Paid Social,2024-12-02,108.38
CUS01348,Sara,Malik,customer1348@email.co.uk,London,England,27.0,F,Google Ads,2022-05-05,41.42
CUS01349,Riya,Williams,customer1349@email.co.uk,Bristoll,England,18.0,M,Google Ads,2022-01-19,38.0
CUS01350,Harry,Williams,customer1350@email.co.uk,Liverpool,England,31.0,M,Paid Social,2022-06-27,45.78
CUS01351,Priya,Burke,customer1351@email.co.uk,London,England,32.0,M,Google Ads,2024-05-20,82.53
CUS01352,Jessica,Burke,customer1352@email.co.uk,Manchester,England,31.0,M,Paid Social,2022-12-06,54.39
CUS01353,Jessica,Byrne,customer1353@email.co.uk,Edinburgh,Scotland,41.0,M,Google Ads,2023-01-31,53.64
CUS01354,Harry,Burke,customer1354@email.co.uk,Manchester,England,18.0,F,Referral,2024-04-15,30.41
CUS01355,Charlie,Clark,customer1355@email.co.uk,Edinburgh,Scotland,27.0,Woman,Paid Social,2022-03-08,42.0
CUS01356,Alfie,Ryan,customer1356@email.co.uk,Edinburgh,Scotland,34.0,M,Google Ads,2023-11-25,69.47
CUS01357,James,Singh,customer1357@email.co.uk,Sheffield,England,35.0,M,Google Ads,2023-07-14,63.73
CUS01358,Ava,Williams,customer1358@email.co.uk,Birmingham,England,35.0,M,Paid Social,2022-09-27,49.9
CUS01359,Lily,Wilson,customer1359@email.co.uk,Nottingham,England,32.0,Man,Paid Social,2024-11-12,108.38
CUS01360,Sophie,Shah,customer1360@email.co.uk,Manchester,England,18.0,m,Paid Social,2023-05-29,64.62
CUS01361,Priya,Johnson,customer1361@email.co.uk,Glasgow,Scotland,50.0,F,Google Ads,2023-02-27,53.64
CUS01362,Alfie,Taylor,customer1362@email.co.uk,Manchester,England,34.0,Female,Paid Social,2024-05-07,91.22
CUS01363,Lauren,Walsh,customer1363@email.co.uk,Birmingham,England,34.0,M,Google Ads,2024-10-05,98.06
CUS01364,Jessica,Davies,customer1364@email.co.uk,London,England,31.0,M,Google Ads,2022-12-02,49.21
CUS01365,Nathan,Flynn,customer1365@email.co.uk,,,32.0,female,Google Ads,2022-08-09,45.15
CUS01366,Zoe,Roberts,customer1366@email.co.uk,Leeds,England,37.0,M,Referral,2024-12-08,36.13
CUS01367,Ryan,Wilson,customer1367@email.co.uk,EDINBURGH,Scotland,27.0,Male,Paid Social,2023-08-14,70.44
CUS01368,Chloe,Thomas,customer1368@email.co.uk,London,England,44.0,Male,Paid Social,2023-11-21,76.78
CUS01369,Lily,Sharma,customer1369@email.co.uk,Newcastle,England,38.0,M,Google Ads,2023-09-16,63.73
CUS01370,Ella,Walker,customer1370@email.co.uk,London,England,26.0,M,Google Ads,2024-09-11,89.96
CUS01371,Jessica,Robinson,customer1371@email.co.uk,London,England,31.0,M,Google Ads,2023-08-16,63.73
CUS01372,Hassan,Davies,customer1372@email.co.uk,Nottingham,England,38.0,m,Paid Social,2024-07-07,99.43
CUS01373,Hassan,Byrne,customer1373@email.co.uk,Manchester,England,18.0,F,Paid Social,2023-11-13,76.78
CUS01374,Lily,Malik,customer1374@email.co.uk,Manchester,England,19.0,M,Paid Social,2022-05-31,45.78
CUS01375,Megan,McCarthy,customer1375@email.co.uk,London,England,27.0,F,Paid Social,2023-11-05,76.78
CUS01376,Poppy,Ali,customer1376@email.co.uk,Liverpool,England,23.0,F,Paid Social,2024-10-05,108.38
CUS01377,Isla,Connor,customer1377@email.co.uk,Birmingham,England,52.0,M,Organic,2023-11-19,14.62
CUS01378,Fatima,Ahmed,customer1378@email.co.uk,London,England,22.0,male,Paid Social,2023-07-06,70.44
CUS01379,Nathan,Connor,customer1379@email.co.uk,Leeds,England,29.0,M,Google Ads,2022-03-01,38.0
CUS01380,Sophie,Burke,customer1380@email.co.uk,Birmingham,England,55.0,FEMALE,Paid Social,2024-05-14,91.22
CUS01381,Emma,O'Brien,customer1381@email.co.uk,London,England,24.0,M,Organic,2023-07-06,13.42
CUS01382,Sophie,Jones,customer1382@email.co.uk,,,18.0,M,Referral,2023-04-13,21.54
CUS01383,Ava,Patel,customer1383@email.co.uk,Bristol,England,37.0,F,Paid Social,2023-06-09,64.62
CUS01384,Poppy,Martin,customer1384@email.co.uk,Manchester,England,19.0,M,Paid Social,2023-08-03,70.44
CUS01385,Chloe,Byrne,customer1385@email.co.uk,Birmingham,England,26.0,F,Paid Social,2023-04-29,64.62
CUS01386,Lucas,Flynn,customer1386@email.co.uk,London,England,44.0,M,Paid Social,2023-02-27,59.29
CUS01387,Aiden,Smith,customer1387@email.co.uk,Manchester,England,18.0,M,Paid Social,2023-09-20,70.44
CUS01388,Ethan,Johnson,customer1388@email.co.uk,Edinburgh,Scotland,47.0,F,Referral,2022-04-08,15.26
CUS01389,Ava,Khan,customer1389@email.co.uk,Manchester,England,23.0,Woman,Google Ads,2022-11-30,49.21
CUS01390,Mia,Khan,customer1390@email.co.uk,Sheffield,England,58.0,,Paid Social,2023-08-27,70.44
CUS01391,Grace,Lewis,customer1391@email.co.uk,Cardiff,Wales,42.0,M,Paid Social,2024-10-28,108.38
CUS01392,Lily,Anderson,customer1392@email.co.uk,London,England,42.0,F,Google Ads,2023-08-15,63.73
CUS01393,Lily,Taylor,customer1393@email.co.uk,London,England,21.0,M,Paid Social,2023-12-05,76.78
CUS01394,Sara,Jones,customer1394@email.co.uk,London,England,30.0,M,Paid Social,2024-11-03,108.38
CUS01395,Amelia,Connor,customer1395@email.co.uk,Cardiff,Wales,35.0,F,Organic,2024-08-22,18.94
CUS01396,George,Kelly,customer1396@email.co.uk,Glasgow,Scotland,39.0,F,Paid Social,2024-05-25,91.22
CUS01397,Ethan,Kumar,customer1397@email.co.uk,London,England,18.0,F,Google Ads,2024-02-10,75.72
CUS01398,Arjun,Taylor,customer1398@email.co.uk,Glasgow,Scotland,26.0,M,,2024-01-05,83.69
CUS01399,Hannah,Ali,customer1399@email.co.uk,Sheffield,England,32.0,M,Referral,2022-11-02,18.13
CUS01400,Ryan,Shah,customer1400@email.co.uk,Glasgow,Scotland,25.0,,Paid Social,2022-08-21,49.9
CUS01401,Hassan,Evans,customer1401@email.co.uk,Glasgow,Scotland,37.0,MALE,Paid Social,2022-04-23,45.78
CUS01402,Hannah,Thompson,customer1402@email.co.uk,Newcastle,England,25.0,M,Paid Social,2022-06-22,45.78
CUS01403,Rohan,Roberts,customer1403@email.co.uk,Manchester,England,38.0,M,Paid Social,2024-02-04,83.69
CUS01404,Logan,Patel,customer1404@email.co.uk,Leeds,England,29.0,F,Google Ads,2024-01-25,75.72
CUS01405,Arjun,Shah,customer1405@email.co.uk,Edinburgh,Scotland,19.0,MALE,Paid Social,2022-03-23,42.0
CUS01406,Freddie,Martin,customer1406@email.co.uk,Leeds,England,18.0,male,Organic,2024-09-20,18.94
CUS01407,Megan,Burke,customer1407@email.co.uk,Edinburgh,Scotland,30.0,f,Google Ads,2023-08-31,63.73
CUS01408,Jessica,Ryan,customer1408@email.co.uk,Bristoll,England,25.0,M,Organic,2023-11-23,14.62
CUS01409,Charlie,O'Brien,customer1409@email.co.uk,Glasgow,Scotland,28.0,F,Paid Social,2022-05-22,45.78
CUS01410,Jessica,Thomas,customer1410@email.co.uk,Sheffield,England,35.0,Female,Google Ads,2024-10-07,98.06
CUS01411,Logan,Evans,customer1411@email.co.uk,Newcastel,England,48.0,M,Organic,2022-06-01,8.72
CUS01412,James,Sharma,customer1412@email.co.uk,Leeds,England,34.0,F,Google Ads,2022-11-18,49.21
CUS01413,Sara,Connor,customer1413@email.co.uk,Glasgow,Scotland,50.0,F,Paid Social,2023-09-25,70.44
CUS01414,Natalie,Wilson,customer1414@email.co.uk,Nottingham,England,25.0,Other,Email,2023-10-27,10.97
CUS01415,Grace,Hussain,customer1415@email.co.uk,Bristol,England,18.0,F,Paid Social,2023-11-20,76.78
CUS01416,Ella,Roberts,customer1416@email.co.uk,London,England,44.0,M,Google Ads,2024-11-25,98.06
CUS01417,Logan,Lewis,customer1417@email.co.uk,Manchester,England,26.0,male,Google Ads,2022-03-19,38.0
CUS01418,Megan,Kelly,customer1418@email.co.uk,Newcastle,England,29.0,male,Paid Social,2024-04-18,91.22
CUS01419,Alfie,Ali,customer1419@email.co.uk,Manchester,England,34.0,M,Paid Social,2023-08-17,70.44
CUS01420,Ryan,Malik,customer1420@email.co.uk,Edinburgh,Scotland,35.0,M,Paid Social,2024-08-28,99.43
CUS01421,Lily,Shah,customer1421@email.co.uk,Manchester,England,35.0,M,Google Ads,2024-04-09,82.53
CUS01422,Lily,Shah,customer1422@email.co.uk,London,England,36.0,M,Paid Social,2024-08-28,99.43
CUS01423,Aiden,Ryan,customer1423@email.co.uk,London,England,21.0,F,Paid Social,2024-10-11,108.38
CUS01424,Mia,Kelly,customer1424@email.co.uk,Newcastle,England,49.0,F,Google Ads,2024-07-29,89.96
CUS01425,Lucas,Khan,customer1425@email.co.uk,London,England,18.0,Woman,Paid Social,2022-08-17,49.9
CUS01426,James,Murphy,customer1426@email.co.uk,Glasgow,Scotland,19.0,F,Paid Social,2023-11-23,76.78
CUS01427,Lucas,Kumar,customer1427@email.co.uk,Edinburgh,Scotland,52.0,M,Paid Social,2024-07-22,99.43
CUS01428,Sophie,White,customer1428@email.co.uk,London,England,29.0,M,Paid Social,2024-07-23,99.43
CUS01429,Zoe,Hall,customer1429@email.co.uk,Liverpool,England,44.0,M,,2024-11-20,98.06
CUS01430,Leo,Singh,customer1430@email.co.uk,Glasgow,Scotland,28.0,F,Google Ads,2023-08-01,63.73
CUS01431,Ella,Ali,customer1431@email.co.uk,Leeds,England,29.0,MALE,Organic,2022-01-23,8.0
CUS01432,Natalie,Thompson,customer1432@email.co.uk,London,England,32.0,M,Google Ads,2024-06-09,82.53
CUS01433,Noah,Patel,customer1433@email.co.uk,Edinburgh,Scotland,20.0,Male,Email,2023-02-04,8.47
CUS01434,Muhammad,Kelly,customer1434@email.co.uk,Nottingham,England,25.0,F,Google Ads,2024-03-27,75.72
CUS01435,Ava,Khan,customer1435@email.co.uk,Leeds,England,38.0,F,Google Ads,2022-04-12,41.42
CUS01436,Emily,Singh,customer1436@email.co.uk,Londn,England,45.0,female,Google Ads,2023-05-23,58.47
CUS01437,James,Jones,customer1437@email.co.uk,Londn,England,36.0,M,Paid Social,2024-02-29,83.69
CUS01438,Jack,Clark,customer1438@email.co.uk,Glasgow,Scotland,63.0,f,Referral,2022-08-07,16.63
CUS01439,Ella,Murphy,customer1439@email.co.uk,Liverpool,England,46.0,F,Paid Social,2023-04-04,64.62
CUS01440,Sophie,Byrne,customer1440@email.co.uk,Edinburgh,Scotland,18.0,M,Paid Social,2022-09-04,49.9
CUS01441,Sara,Hall,customer1441@email.co.uk,London,England,29.0,M,Paid Social,2024-11-02,108.38
CUS01442,Zoe,Burke,customer1442@email.co.uk,London,England,63.0,M,Paid Social,2024-07-23,99.43
CUS01443,Dylan,Ryan,customer1443@email.co.uk,Leeds,England,32.0,M,Google Ads,2024-03-07,75.72
CUS01444,Hannah,Singh,customer1444@email.co.uk,Newcastle,England,42.0,female,Referral,2023-11-12,25.59
CUS01445,Lucas,Malik,customer1445@email.co.uk,Manchester,England,32.0,F,Paid Social,2024-12-18,108.38
CUS01446,Ethan,Williams,customer1446@email.co.uk,Birmingham,England,29.0,F,Paid Social,2022-12-30,54.39
CUS01447,Lauren,Shah,customer1447@email.co.uk,London,England,20.0,M,Paid Social,2024-05-18,91.22
CUS01448,Ryan,Smith,customer1448@email.co.uk,Cardiff,Wales,38.0,M,Organic,2022-06-10,8.72
CUS01449,Rohan,Brown,customer1449@email.co.uk,London,England,29.0,F,Paid Social,2024-02-13,83.69
CUS01450,Hannah,Thompson,customer1450@email.co.uk,Liverpool,England,40.0,female,Email,2022-11-06,7.77
CUS01451,Charlie,Sharma,customer1451@email.co.uk,Manchester,England,45.0,F,Google Ads,2022-01-24,38.0
CUS01452,Mason,Walsh,customer1452@email.co.uk,London,England,26.0,F,Paid Social,2024-11-11,108.38
CUS01453,Aiden,Connor,customer1453@email.co.uk,Birmingham,England,41.0,F,Google Ads,2023-02-06,53.64
CUS01454,Ella,Roberts,customer1454@email.co.uk,Cardiff,Wales,38.0,F,Google Ads,2024-12-26,98.06
CUS01455,Isla,Sharma,customer1455@email.co.uk,Edinburgh,Scotland,35.0,M,Paid Social,2024-04-22,91.22
CUS01456,Grace,Hussain,customer1456@email.co.uk,Nottingham,England,37.0,M,Paid Social,2024-04-12,91.22
CUS01457,Ryan,Burke,customer1457@email.co.uk,London,England,49.0,F,,2024-04-15,82.53
CUS01458,Natalie,Patel,customer1458@email.co.uk,Nottingham,England,29.0,Man,Paid Social,2024-12-27,108.38
CUS01459,Aisha,Ryan,customer1459@email.co.uk,Cardiff,Wales,41.0,MALE,Google Ads,2022-11-29,49.21
CUS01460,Hassan,Davies,customer1460@email.co.uk,London,England,142.0,F,Paid Social,2024-12-24,108.38
CUS01461,Amelia,Ahmed,customer1461@email.co.uk,London,England,47.0,F,Paid Social,2023-04-10,64.62
CUS01462,Muhammad,Ahmed,customer1462@email.co.uk,Manchester,England,22.0,M,Paid Social,2022-06-22,45.78
CUS01463,George,Hall,customer1463@email.co.uk,London,England,25.0,Woman,Paid Social,2024-11-18,108.38
CUS01464,Chloe,White,customer1464@email.co.uk,Liverpool,England,18.0,F,Paid Social,2022-06-27,45.78
CUS01465,Alfie,Walker,customer1465@email.co.uk,Edinburgh,Scotland,27.0,F,Paid Social,2023-10-05,76.78
CUS01466,Aisha,Patel,customer1466@email.co.uk,Shefield,England,44.0,M,Paid Social,2024-09-16,99.43
CUS01467,Chloe,Sharma,customer1467@email.co.uk,London,England,39.0,Woman,Paid Social,2023-02-01,59.29
CUS01468,Riya,Johnson,customer1468@email.co.uk,Edinburgh,Scotland,28.0,F,Paid Social,2024-06-02,91.22
CUS01469,Hannah,Walker,customer1469@email.co.uk,London,England,25.0,Woman,Paid Social,2024-03-11,83.69
CUS01470,Chloe,Anderson,customer1470@email.co.uk,Leeds,England,18.0,m,Paid Social,2024-05-04,91.22
CUS01471,Chloe,Martin,customer1471@email.co.uk,glasgow,Scotland,44.0,F,Paid Social,2022-09-12,49.9
CUS01472,Logan,White,customer1472@email.co.uk,Leeds,England,18.0,male,Google Ads,2024-05-16,82.53
CUS01473,Jack,McCarthy,customer1473@email.co.uk,Cardiff,Wales,29.0,f,Google Ads,2024-09-21,89.96
CUS01474,Lauren,Evans,customer1474@email.co.uk,Birmingham,England,37.0,M,Paid Social,2022-08-30,49.9
CUS01475,Ethan,McCarthy,customer1475@email.co.uk,Birmingham,England,34.0,F,Email,2024-12-09,15.48
CUS01476,Riya,Williams,customer1476@email.co.uk,London,England,34.0,M,Paid Social,2024-12-03,108.38
CUS01477,Aisha,Sharma,customer1477@email.co.uk,London,England,28.0,M,Paid Social,2023-04-07,64.62
CUS01478,James,Smith,customer1478@email.co.uk,Birmingham,England,53.0,M,Google Ads,2024-12-06,98.06
CUS01479,Sophie,Connor,customer1479@email.co.uk,Glasgow,Scotland,18.0,Man,Paid Social,2024-11-26,108.38
CUS01480,James,Hall,customer1480@email.co.uk,Leeds,England,18.0,F,Email,2022-07-24,7.13
CUS01481,Aiden,Evans,customer1481@email.co.uk,London,England,24.0,M,,2024-06-25,91.22
CUS01482,Natalie,Smith,customer1482@email.co.uk,London,England,27.0,M,Paid Social,2024-12-10,108.38
CUS01483,Arjun,Jones,customer1483@email.co.uk,Glasgow,Scotland,38.0,M,Paid Social,2024-09-07,99.43
CUS01484,Isla,White,customer1484@email.co.uk,Birmingham,England,37.0,F,Organic,2022-08-17,9.5
CUS01485,Grace,Connor,customer1485@email.co.uk,NOTTINGHAM,England,34.0,M,Google Ads,2023-07-23,63.73
CUS01486,Ella,Lewis,customer1486@email.co.uk,Birmingham,England,29.0,F,Google Ads,2023-12-11,69.47
CUS01487,Priya,Byrne,customer1487@email.co.uk,Leeds,England,39.0,Male,Google Ads,2023-06-11,58.47
CUS01488,Chloe,Roberts,customer1488@email.co.uk,Glasgow,Scotland,28.0,F,Paid Social,2023-06-28,64.62
CUS01489,Ella,Martin,customer1489@email.co.uk,London,England,29.0,M,Google Ads,2022-06-25,41.42
CUS01490,Logan,Kelly,customer1490@email.co.uk,London,England,35.0,M,Paid Social,2022-01-18,42.0
CUS01491,Alfie,Roberts,customer1491@email.co.uk,Manchester,England,19.0,F,Google Ads,2023-03-20,53.64
CUS01492,Amelia,Ryan,customer1492@email.co.uk,London,England,22.0,M,Email,2023-08-10,10.06
CUS01493,Yusuf,Walsh,customer1493@email.co.uk,Liverpool,England,47.0,M,Paid Social,2023-12-21,76.78
CUS01494,Charlie,Jones,customer1494@email.co.uk,Edinburgh,Scotland,23.0,F,Google Ads,2024-12-06,98.06
CUS01495,Charlie,Brown,customer1495@email.co.uk,London,England,29.0,male,Google Ads,2022-06-15,41.42
CUS01496,Amelia,Ryan,customer1496@email.co.uk,Birmingham,England,32.0,F,Email,2023-05-13,9.23
CUS01497,Grace,Malik,customer1497@email.co.uk,London,England,,FEMALE,Google Ads,2024-10-16,98.06
CUS01498,Megan,Singh,customer1498@email.co.uk,London,England,20.0,M,Paid Social,2024-09-09,99.43
CUS01499,Jack,Smith,customer1499@email.co.uk,,,44.0,M,Paid Social,2022-07-18,49.9
CUS01500,Rohan,Flynn,customer1500@email.co.uk,Birmingham,England,27.0,M,Referral,2024-04-18,30.41
CUS01501,Muhammad,Roberts,customer1501@email.co.uk,Birmingham,England,41.0,F,Email,2022-06-15,6.54
CUS01502,Fatima,Robinson,customer1502@email.co.uk,Birmingham,England,41.0,M,Paid Social,2024-11-30,108.38
CUS01503,Ethan,Lewis,customer1503@email.co.uk,Leeds,England,39.0,Other,Paid Social,2022-12-31,54.39
CUS01504,Amelia,Williams,customer1504@email.co.uk,Bristol,England,48.0,FEMALE,Google Ads,2024-01-21,75.72
CUS01505,Jessica,Evans,customer1505@email.co.uk,London,England,28.0,F,Paid Social,2023-10-01,76.78
CUS01506,Natalie,Brown,customer1506@email.co.uk,Glasgow,Scotland,55.0,F,Direct,2023-11-07,0.0
CUS01507,Ethan,Martin,customer1507@email.co.uk,Bristol,England,29.0,Man,Organic,2022-11-21,10.36
CUS01508,Ryan,Burke,customer1508@email.co.uk,Bristol,England,21.0,F,Google Ads,2023-05-27,58.47
CUS01509,Lucas,Jones,customer1509@email.co.uk,Birmingham,England,18.0,M,Referral,2023-02-11,19.76
CUS01510,Jack,Thompson,customer1510@email.co.uk,Glasgow,Scotland,23.0,M,Google Ads,2024-02-05,75.72
CUS01511,Aiden,Flynn,customer1511@email.co.uk,birmingham,England,37.0,F,Paid Social,2023-08-08,70.44
CUS01512,Yusuf,Williams,customer1512@email.co.uk,Edinburgh,Scotland,54.0,M,Paid Social,2023-12-30,76.78
CUS01513,Ryan,Taylor,customer1513@email.co.uk,Leeds,England,18.0,m,Paid Social,2023-11-22,76.78
CUS01514,Megan,Robinson,customer1514@email.co.uk,Edinburgh,Scotland,43.0,F,Google Ads,2024-04-07,82.53
CUS01515,Ava,Thompson,customer1515@email.co.uk,Leeds,England,41.0,f,Direct,2024-12-17,0.0
CUS01516,Harry,Johnson,customer1516@email.co.uk,London,England,34.0,Man,Google Ads,2023-11-20,69.47
CUS01517,Natalie,White,customer1517@email.co.uk,Manchester,England,30.0,,Google Ads,2023-11-28,69.47
CUS01518,Muhammad,Smith,customer1518@email.co.uk,London,England,31.0,Man,Referral,2024-02-02,27.9
CUS01519,Nathan,Hall,customer1519@email.co.uk,London,England,47.0,F,Referral,2023-11-29,25.59
CUS01520,Logan,Kelly,customer1520@email.co.uk,Manchester,England,49.0,M,Google Ads,2023-07-27,63.73
CUS01521,Isabella,Murphy,customer1521@email.co.uk,Liverpool,England,37.0,M,Paid Social,2022-12-19,54.39
CUS01522,George,Robinson,customer1522@email.co.uk,London,England,24.0,Other,Paid Social,2023-11-22,76.78
CUS01523,Rohan,Ali,customer1523@email.co.uk,manchester,England,28.0,M,Google Ads,2022-12-19,49.21
CUS01524,Rohan,Flynn,customer1524@email.co.uk,Bristol,England,37.0,FEMALE,Paid Social,2024-03-31,83.69
CUS01525,Poppy,Sharma,customer1525@email.co.uk,Manchester,England,37.0,F,Google Ads,2024-10-29,98.06
CUS01526,Sophie,Hussain,customer1526@email.co.uk,Manchester,England,37.0,FEMALE,Paid Social,2024-08-16,99.43
CUS01527,Fatima,Murphy,customer1527@email.co.uk,Bristol,England,45.0,male,Email,2024-08-03,14.2
CUS01528,Oliver,Robinson,customer1528@email.co.uk,Newcastle,England,41.0,M,Paid Social,2022-11-20,54.39
CUS01529,Noah,White,customer1529@email.co.uk,sheffield,England,33.0,M,Paid Social,2022-03-16,42.0
CUS01530,Amelia,Shah,customer1530@email.co.uk,Leeds,England,51.0,F,Referral,2022-11-12,18.13
CUS01531,Lucas,White,customer1531@email.co.uk,Sheffield,England,45.0,F,Paid Social,2023-12-15,76.78
CUS01532,James,Walker,customer1532@email.co.uk,Birmingham,England,18.0,M,Paid Social,2022-08-05,49.9
CUS01533,Aiden,Connor,customer1533@email.co.uk,Londn,England,44.0,M,Google Ads,2022-07-01,45.15
CUS01534,Mason,Wilson,customer1534@email.co.uk,Glasgow,Scotland,35.0,M,Referral,2024-12-30,36.13
CUS01535,Liam,Byrne,customer1535@email.co.uk,Manchester,England,24.0,M,Email,2023-05-22,9.23
CUS01536,Lucas,Patel,customer1536@email.co.uk,London,England,31.0,F,Direct,2022-05-06,0.0
CUS01537,Aiden,Brown,customer1537@email.co.uk,Birmingham,England,23.0,Other,Google Ads,2023-11-06,69.47
CUS01538,Alfie,Singh,customer1538@email.co.uk,Glasgow,Scotland,33.0,male,Email,2024-05-10,13.03
CUS01539,Ethan,Connor,customer1539@email.co.uk,Liverpool,England,35.0,M,Google Ads,2023-09-20,63.73
CUS01540,Ava,Ali,customer1540@email.co.uk,Birmingham,England,18.0,M,Direct,2022-08-15,0.0
CUS01541,Isla,Malik,customer1541@email.co.uk,Bristol,England,41.0,Other,Email,2023-11-08,10.97
CUS01542,Lily,Shah,customer1542@email.co.uk,Sheffield,England,18.0,M,Google Ads,2022-05-15,41.42
CUS01543,Ava,Singh,customer1543@email.co.uk,Birmingham,England,22.0,m,Paid Social,2024-06-12,91.22
CUS01544,Harry,Lewis,customer1544@email.co.uk,Manchester,England,20.0,M,Google Ads,2024-11-27,98.06
CUS01545,Arjun,Jones,customer1545@email.co.uk,London,England,36.0,F,Email,2022-03-31,6.0
CUS01546,Liam,Roberts,customer1546@email.co.uk,Newcastle,England,41.0,Woman,Paid Social,2023-12-15,76.78
CUS01547,Ava,Thomas,customer1547@email.co.uk,London,England,34.0,FEMALE,Paid Social,2024-09-14,99.43
CUS01548,Noah,Martin,customer1548@email.co.uk,London,England,30.0,M,Google Ads,2024-03-09,75.72
CUS01549,Jessica,Byrne,customer1549@email.co.uk,Leds,England,30.0,F,Google Ads,2022-09-10,45.15
CUS01550,Freddie,Connor,customer1550@email.co.uk,Brumingham,England,36.0,F,Paid Social,2022-05-13,45.78
CUS01551,Ryan,Malik,customer1551@email.co.uk,Manchester,England,26.0,M,Paid Social,2023-09-17,70.44
CUS01552,Ava,Johnson,customer1552@email.co.uk,Manchester,England,49.0,M,Paid Social,2022-04-11,45.78
CUS01553,Mason,Shah,customer1553@email.co.uk,London,England,41.0,M,Google Ads,2024-09-19,89.96
CUS01554,Emily,Hussain,customer1554@email.co.uk,Newcastle,England,50.0,f,Organic,2023-11-09,14.62
CUS01555,Lucas,Flynn,customer1555@email.co.uk,Liverpool,England,30.0,F,Paid Social,2023-04-04,64.62
CUS01556,Emily,Hall,customer1556@email.co.uk,Nottingham,England,44.0,F,Email,2024-07-20,14.2
CUS01557,Emma,Walsh,customer1557@email.co.uk,Bristol,England,22.0,M,Google Ads,2022-11-21,49.21
CUS01558,Emily,Thompson,customer1558@email.co.uk,London,England,35.0,F,Referral,2023-11-08,25.59
CUS01559,Ryan,Thomas,customer1559@email.co.uk,Newcastle,England,32.0,F,Paid Social,2023-11-03,76.78
CUS01560,Fatima,Clark,customer1560@email.co.uk,Sheffield,England,30.0,M,Google Ads,2022-07-07,45.15
CUS01561,Lauren,Kumar,customer1561@email.co.uk,Liverpool,England,41.0,FEMALE,Paid Social,2024-08-17,99.43
CUS01562,Natalie,Ahmed,customer1562@email.co.uk,Manchester,England,51.0,M,Paid Social,2024-05-11,91.22
CUS01563,Zoe,Robinson,customer1563@email.co.uk,Sheffield,England,18.0,male,Direct,2022-11-09,0.0
CUS01564,Aiden,Kelly,customer1564@email.co.uk,Sheffield,England,36.0,Female,Google Ads,2023-08-18,63.73
CUS01565,Chloe,Anderson,customer1565@email.co.uk,Birmingham,England,,F,Email,2023-03-25,8.47
CUS01566,Freddie,Wilson,customer1566@email.co.uk,Leeds,England,22.0,M,Paid Social,2024-11-26,108.38
CUS01567,Rohan,Walsh,customer1567@email.co.uk,Manchester,England,18.0,M,Organic,2024-04-09,17.38
CUS01568,Noah,Byrne,customer1568@email.co.uk,London,England,35.0,M,Paid Social,2024-11-29,108.38
CUS01569,Jessica,Ali,customer1569@email.co.uk,Manchester,England,30.0,Woman,Google Ads,2024-07-16,89.96
CUS01570,Oliver,McCarthy,customer1570@email.co.uk,Liverpool,England,31.0,female,Google Ads,2024-08-08,89.96
CUS01571,Leo,Hall,customer1571@email.co.uk,Manchester,England,33.0,F,Google Ads,2023-03-26,53.64
CUS01572,James,Ali,customer1572@email.co.uk,Birmingham,England,29.0,M,Paid Social,2024-09-29,99.43
CUS01573,Fatima,Davies,customer1573@email.co.uk,Birmingham,England,29.0,FEMALE,Google Ads,2023-04-27,58.47
CUS01574,Aisha,White,customer1574@email.co.uk,Liverpool,England,48.0,m,Email,2024-09-10,14.2
CUS01575,Sara,Thompson,customer1575@email.co.uk,Liverpool,England,23.0,F,Google Ads,2024-05-23,82.53
CUS01576,Muhammad,Martin,customer1576@email.co.uk,glasgow,Scotland,34.0,F,Google Ads,2023-11-05,69.47
CUS01577,Arjun,Evans,customer1577@email.co.uk,Bristol,England,37.0,F,Google Ads,2022-10-08,49.21
CUS01578,George,Connor,customer1578@email.co.uk,,,31.0,M,Google Ads,2024-01-13,75.72
CUS01579,Mason,Walsh,customer1579@email.co.uk,Leeds,England,25.0,M,Google Ads,2024-02-17,75.72
CUS01580,Yusuf,Hall,customer1580@email.co.uk,London,England,29.0,Woman,Google Ads,2024-04-28,82.53
CUS01581,Isla,Brown,customer1581@email.co.uk,London,England,44.0,M,Paid Social,2022-05-10,45.78
CUS01582,Fatima,Hall,customer1582@email.co.uk,London,England,39.0,M,Google Ads,2022-12-22,49.21
CUS01583,Noah,Thompson,customer1583@email.co.uk,Manchestr,England,46.0,M,Paid Social,2023-12-09,76.78
CUS01584,Lily,Thomas,customer1584@email.co.uk,Bristol,England,27.0,f,Paid Social,2024-10-02,108.38
CUS01585,Fatima,Hussain,customer1585@email.co.uk,Bristol,England,40.0,M,Paid Social,2022-12-06,54.39
CUS01586,Lily,Shah,customer1586@email.co.uk,Newcastle,England,23.0,m,Paid Social,2024-11-05,108.38
CUS01587,Aiden,Malik,customer1587@email.co.uk,London,England,36.0,M,Referral,2024-12-17,36.13
CUS01588,Sara,Thomas,customer1588@email.co.uk,Leeds,England,32.0,male,Google Ads,2022-06-14,41.42
CUS01589,Jessica,White,customer1589@email.co.uk,Leeds,England,30.0,M,Paid Social,2024-06-06,91.22
CUS01590,Oliver,Ahmed,customer1590@email.co.uk,Birmingham,England,36.0,F,Paid Social,2023-07-11,70.44
CUS01591,Rohan,Shah,customer1591@email.co.uk,London,England,35.0,F,Paid Social,2022-08-25,49.9
CUS01592,Logan,Jones,customer1592@email.co.uk,Liverpool,England,20.0,M,Organic,2022-11-28,10.36
CUS01593,Arjun,Malik,customer1593@email.co.uk,London,England,54.0,FEMALE,Google Ads,2023-05-30,58.47
CUS01594,Ava,Hussain,customer1594@email.co.uk,Glasgow,Scotland,26.0,male,Paid Social,2022-02-13,42.0
CUS01595,Ethan,Evans,customer1595@email.co.uk,Cardiff,Wales,44.0,Male,Paid Social,2024-05-07,91.22
CUS01596,Olivia,Walker,customer1596@email.co.uk,Birmingham,England,26.0,Female,Email,2023-09-13,10.06
CUS01597,Alfie,Lewis,customer1597@email.co.uk,London,England,38.0,M,Paid Social,2023-05-11,64.62
CUS01598,Lauren,Thompson,customer1598@email.co.uk,Leeds,England,46.0,M,Paid Social,2024-10-14,108.38
CUS01599,Fatima,Williams,customer1599@email.co.uk,Manchester,England,43.0,F,Paid Social,2024-12-12,108.38
CUS01600,Aiden,Williams,customer1600@email.co.uk,Manchester,England,26.0,M,Google Ads,2023-09-18,63.73
CUS01601,Lauren,Johnson,customer1601@email.co.uk,Liverpool,England,22.0,F,Paid Social,2023-03-27,59.29
CUS01602,Dylan,Martin,customer1602@email.co.uk,London,England,27.0,male,Email,2024-01-16,11.96
CUS01603,Yusuf,Hall,customer1603@email.co.uk,sheffield,England,26.0,M,Referral,2023-07-20,23.48
CUS01604,Leo,Ali,customer1604@email.co.uk,Birmingham,England,53.0,M,Paid Social,2024-11-02,108.38
CUS01605,Hassan,Williams,customer1605@email.co.uk,Bristol,England,36.0,M,Referral,2023-02-22,19.76
CUS01606,Mia,Hall,customer1606@email.co.uk,BRISTOL,England,18.0,F,Paid Social,2022-08-10,49.9
CUS01607,Riya,White,customer1607@email.co.uk,Edinburgh,Scotland,18.0,M,Paid Social,2022-02-06,42.0
CUS01608,Ella,Thompson,customer1608@email.co.uk,Birmingham,England,56.0,F,Paid Social,2022-10-08,54.39
CUS01609,Ella,Murphy,customer1609@email.co.uk,Leeds,England,50.0,M,Paid Social,2022-06-23,45.78
CUS01610,Fatima,Ryan,customer1610@email.co.uk,GLASGOW,Scotland,51.0,M,Organic,2024-11-12,20.64
CUS01611,Isabella,Singh,customer1611@email.co.uk,London,England,49.0,M,Email,2024-04-22,13.03
CUS01612,Arjun,McCarthy,customer1612@email.co.uk,Glasgow,Scotland,18.0,M,Paid Social,2023-12-23,76.78
CUS01613,Ethan,Smith,customer1613@email.co.uk,Bristol,England,18.0,M,Google Ads,2024-11-29,98.06
CUS01614,Alfie,Walker,customer1614@email.co.uk,London,England,22.0,M,Paid Social,2024-02-08,83.69
CUS01615,Harry,Flynn,customer1615@email.co.uk,Leds,England,33.0,M,Google Ads,2024-05-19,82.53
CUS01616,Lauren,Taylor,customer1616@email.co.uk,Birmingham,England,43.0,m,Google Ads,2022-09-23,45.15
CUS01617,Ava,Wilson,customer1617@email.co.uk,London,England,21.0,M,Paid Social,2023-02-20,59.29
CUS01618,Harry,Khan,customer1618@email.co.uk,Birmingham,England,34.0,F,Google Ads,2024-02-07,75.72
CUS01619,Emily,Shah,customer1619@email.co.uk,Manchester,England,53.0,m,Google Ads,2024-09-18,89.96
CUS01620,Hassan,Davies,customer1620@email.co.uk,Sheffield,England,43.0,other,Email,2023-02-11,8.47
CUS01621,Logan,Hussain,customer1621@email.co.uk,Manchester,England,46.0,F,Google Ads,2023-09-13,63.73
CUS01622,Hassan,Burke,customer1622@email.co.uk,London,England,25.0,F,Paid Social,2023-02-11,59.29
CUS01623,Poppy,Lewis,customer1623@email.co.uk,Liverpool,England,33.0,F,Direct,2023-02-23,0.0
CUS01624,Hannah,Davies,customer1624@email.co.uk,London,England,34.0,,Referral,2023-12-18,25.59
CUS01625,Ethan,Singh,customer1625@email.co.uk,Leeds,England,46.0,F,Email,2024-11-16,15.48
CUS01626,Ryan,Patel,customer1626@email.co.uk,Birmigham,England,59.0,m,Google Ads,2024-12-18,98.06
CUS01627,Aisha,Walsh,customer1627@email.co.uk,London,England,42.0,FEMALE,Google Ads,2023-12-12,69.47
CUS01628,Hassan,Kumar,customer1628@email.co.uk,Birmingham,England,19.0,M,Paid Social,2022-02-26,42.0
CUS01629,Chloe,Taylor,customer1629@email.co.uk,London,England,29.0,M,Paid Social,2023-02-01,59.29
CUS01630,Rohan,Anderson,customer1630@email.co.uk,Edinburgh,Scotland,38.0,M,Email,2024-03-27,11.96
CUS01631,Dylan,Walsh,customer1631@email.co.uk,Sheffield,England,32.0,M,Paid Social,2024-11-19,108.38
CUS01632,Sara,Thomas,customer1632@email.co.uk,London,England,45.0,Male,Paid Social,2022-09-06,49.9
CUS01633,Grace,Martin,customer1633@email.co.uk,bristol,England,36.0,M,Paid Social,2024-09-12,99.43
CUS01634,Harry,Connor,customer1634@email.co.uk,London,England,32.0,M,Organic,2024-10-24,20.64
CUS01635,Isabella,White,customer1635@email.co.uk,London,England,18.0,M,Google Ads,2022-06-16,41.42
CUS01636,Zoe,Johnson,customer1636@email.co.uk,Cardiff,Wales,43.0,M,Google Ads,2024-11-09,98.06
CUS01637,Sara,Robinson,customer1637@email.co.uk,London,England,24.0,F,Google Ads,2024-01-04,75.72
CUS01638,Zoe,Clark,customer1638@email.co.uk,London,England,49.0,M,Paid Social,2024-09-27,99.43
CUS01639,Ava,Taylor,customer1639@email.co.uk,London ,England,21.0,M,Referral,2024-04-15,30.41
CUS01640,Amelia,Shah,customer1640@email.co.uk,London,England,18.0,M,Google Ads,2024-04-21,82.53
CUS01641,Ethan,Sharma,customer1641@email.co.uk,Manchester,England,36.0,male,Paid Social,2024-10-20,108.38
CUS01642,Noah,Martin,customer1642@email.co.uk,Liverpool,England,36.0,F,,2024-07-13,99.43
CUS01643,Riya,Hall,customer1643@email.co.uk,Birmingham,England,31.0,M,Paid Social,2023-07-24,70.44
CUS01644,Freddie,Thomas,customer1644@email.co.uk,Glasgow,Scotland,34.0,Man,Paid Social,2023-06-24,64.62
CUS01645,Rohan,Murphy,customer1645@email.co.uk,Bristol,England,19.0,MALE,Paid Social,2024-12-13,108.38
CUS01646,Arjun,O'Brien,customer1646@email.co.uk,London,England,,M,Paid Social,2023-01-08,59.29
CUS01647,Ava,Robinson,customer1647@email.co.uk,Birmingham,England,,M,Direct,2023-06-17,0.0
CUS01648,James,Walsh,customer1648@email.co.uk,Manchester,England,41.0,M,Paid Social,2022-09-03,49.9
CUS01649,Aisha,Kumar,customer1649@email.co.uk,bristol,England,23.0,FEMALE,Paid Social,2023-05-03,64.62
CUS01650,Freddie,Shah,customer1650@email.co.uk,London,England,55.0,F,Google Ads,2023-12-25,69.47
CUS01651,Aisha,Hall,customer1651@email.co.uk,Newcastle,England,28.0,F,Email,2022-11-04,7.77
CUS01652,Freddie,Roberts,customer1652@email.co.uk,Newcastle,England,34.0,M,Paid Social,2023-08-12,70.44
CUS01653,Natalie,McCarthy,customer1653@email.co.uk,Bristol,England,27.0,male,Direct,2024-01-25,0.0
CUS01654,Ava,Patel,customer1654@email.co.uk,London,England,23.0,M,Paid Social,2023-06-27,64.62
CUS01655,Riya,Wilson,customer1655@email.co.uk,Liverpool,England,41.0,female,Paid Social,2024-07-06,99.43
CUS01656,Mia,Singh,customer1656@email.co.uk,Birmingham,England,21.0,M,Google Ads,2023-11-09,69.47
CUS01657,Yusuf,Johnson,customer1657@email.co.uk,Liverpool,England,32.0,M,Direct,2023-04-15,0.0
CUS01658,Rohan,Roberts,customer1658@email.co.uk,Newcastle,England,53.0,M,Referral,2024-06-07,30.41
CUS01659,Lauren,Malik,customer1659@email.co.uk,Manchester,England,22.0,F,Paid Social,2023-12-04,76.78
CUS01660,Sara,Hussain,customer1660@email.co.uk,Birmingham,England,36.0,F,Paid Social,2023-09-10,70.44
CUS01661,Emily,Wilson,customer1661@email.co.uk,Leeds,England,45.0,M,Direct,2022-09-26,0.0
CUS01662,Aisha,Walker,customer1662@email.co.uk,Birmingham,England,51.0,M,Paid Social,2024-12-24,108.38
CUS01663,James,Ahmed,customer1663@email.co.uk,Glasgow,Scotland,30.0,F,Paid Social,2022-10-13,54.39
CUS01664,Grace,Anderson,customer1664@email.co.uk,LONDON,England,40.0,M,Google Ads,2023-06-27,58.47
CUS01665,Harry,Taylor,customer1665@email.co.uk,London,England,43.0,F,,2023-12-26,76.78
CUS01666,Jessica,Hall,customer1666@email.co.uk,Manchester,England,26.0,F,Paid Social,2024-11-24,108.38
CUS01667,Isla,Wilson,customer1667@email.co.uk,Leeds,England,24.0,FEMALE,Paid Social,2023-03-13,59.29
CUS01668,Aisha,Hall,customer1668@email.co.uk,Leeds,England,18.0,F,Paid Social,2022-07-22,49.9
CUS01669,Ryan,Wilson,customer1669@email.co.uk,Nottingham,England,18.0,MALE,Paid Social,2024-05-20,91.22
CUS01670,Amelia,Khan,customer1670@email.co.uk,Leeds,England,36.0,male,Google Ads,2024-12-03,98.06
CUS01671,Ryan,Malik,customer1671@email.co.uk,Manchester,England,55.0,M,Email,2023-09-11,10.06
CUS01672,Ella,Ahmed,customer1672@email.co.uk,Nottingham,England,18.0,female,Organic,2024-12-30,20.64
CUS01673,Lily,Johnson,customer1673@email.co.uk,Nottingham,England,18.0,F,Paid Social,2023-04-11,64.62
CUS01674,Mia,Brown,customer1674@email.co.uk,Birmingham,England,26.0,m,Paid Social,2024-10-25,108.38
CUS01675,Harry,Smith,customer1675@email.co.uk,Leeds,England,55.0,Woman,Paid Social,2022-01-04,42.0
CUS01676,Nathan,Murphy,customer1676@email.co.uk,London,England,22.0,Female,Paid Social,2024-04-22,91.22
CUS01677,Noah,Patel,customer1677@email.co.uk,Cardiff,Wales,24.0,M,Google Ads,2024-10-28,98.06
CUS01678,Hassan,McCarthy,customer1678@email.co.uk,Leeds,England,18.0,F,,2023-02-07,59.29
CUS01679,Isabella,Evans,customer1679@email.co.uk,Liverpool,England,25.0,M,Google Ads,2024-09-28,89.96
CUS01680,Priya,Murphy,customer1680@email.co.uk,London,England,35.0,F,Google Ads,2024-01-10,75.72
CUS01681,Dylan,Murphy,customer1681@email.co.uk,Birmingham,England,24.0,male,Paid Social,2023-04-08,64.62
CUS01682,Isla,Byrne,customer1682@email.co.uk,Nottingham,England,43.0,F,Paid Social,2022-04-02,45.78
CUS01683,Muhammad,Smith,customer1683@email.co.uk,London,England,33.0,M,Referral,2024-04-03,30.41
CUS01684,Ethan,Davies,customer1684@email.co.uk,Bristol,England,28.0,F,Referral,2023-06-16,21.54
CUS01685,Priya,Walker,customer1685@email.co.uk,Edinburgh,Scotland,23.0,F,Google Ads,2023-11-27,69.47
CUS01686,Riya,Burke,customer1686@email.co.uk,Birmingham,England,28.0,M,Paid Social,2022-11-08,54.39
CUS01687,Omar,Clark,customer1687@email.co.uk,london,England,39.0,m,Paid Social,2022-02-16,42.0
CUS01688,Priya,Robinson,customer1688@email.co.uk,Bristol,England,29.0,F,Google Ads,2022-06-26,41.42
CUS01689,Noah,Thomas,customer1689@email.co.uk,Birmingham,England,43.0,F,Email,2024-03-10,11.96
CUS01690,Hassan,Jones,customer1690@email.co.uk,Liverpool,England,19.0,Female,Direct,2022-08-09,0.0
CUS01691,Oliver,Hussain,customer1691@email.co.uk,Sheffield,England,41.0,M,Google Ads,2023-03-08,53.64
CUS01692,Leo,Walker,customer1692@email.co.uk,Manchester,England,26.0,F,Paid Social,2023-12-31,76.78
CUS01693,Mason,White,customer1693@email.co.uk,Liverpool,England,38.0,M,Paid Social,2023-01-25,59.29
CUS01694,Riya,Ryan,customer1694@email.co.uk,Birmingham,England,18.0,M,,2023-10-03,76.78
CUS01695,Rohan,Johnson,customer1695@email.co.uk,Glasgow,Scotland,27.0,Male,Paid Social,2023-07-28,70.44
CUS01696,Charlie,Hall,customer1696@email.co.uk,Glasgow,Scotland,45.0,Male,Email,2024-07-26,14.2
CUS01697,Hassan,Burke,customer1697@email.co.uk,Manchestr,England,30.0,F,Paid Social,2023-07-18,70.44
CUS01698,Muhammad,Ali,customer1698@email.co.uk,Manchester,England,34.0,Man,Paid Social,2023-02-12,59.29
CUS01699,Olivia,Shah,customer1699@email.co.uk,Birmingham,England,36.0,MALE,Referral,2024-12-23,36.13
CUS01700,Muhammad,Thompson,customer1700@email.co.uk,Cardiff,Wales,18.0,M,Paid Social,2022-10-11,54.39
CUS01701,Mason,Thomas,customer1701@email.co.uk,Sheffield,England,27.0,F,Google Ads,2024-03-09,75.72
CUS01702,Mia,Ahmed,customer1702@email.co.uk,London,England,20.0,MALE,Google Ads,2024-02-16,75.72
CUS01703,Isabella,Robinson,customer1703@email.co.uk,Manchester,England,40.0,M,Paid Social,2023-05-16,64.62
CUS01704,Jack,Williams,customer1704@email.co.uk,Nottingham,England,46.0,m,Email,2024-06-25,13.03
CUS01705,Charlie,McCarthy,customer1705@email.co.uk,Birmingham,England,35.0,f,Paid Social,2024-07-04,99.43
CUS01706,Riya,Hussain,customer1706@email.co.uk,London,England,29.0,OTHER,Paid Social,2023-10-06,76.78
CUS01707,Jack,Anderson,customer1707@email.co.uk,Liverpool,England,27.0,Other,Paid Social,2023-04-12,64.62
CUS01708,Grace,Singh,customer1708@email.co.uk,Manchestor,England,39.0,Man,Google Ads,2022-07-20,45.15
CUS01709,Grace,Johnson,customer1709@email.co.uk,London,England,44.0,female,Google Ads,2024-10-16,98.06
CUS01710,Sophie,Kelly,customer1710@email.co.uk,Leeds,England,37.0,f,Paid Social,2024-12-22,108.38
CUS01711,Natalie,Davies,customer1711@email.co.uk,Sheffield,England,29.0,M,Google Ads,2023-02-08,53.64
CUS01712,Leo,Thompson,customer1712@email.co.uk,London,England,30.0,F,Paid Social,2023-04-08,64.62
CUS01713,Amelia,Thomas,customer1713@email.co.uk,London,England,24.0,M,Paid Social,2024-03-15,83.69
CUS01714,Ryan,Hussain,customer1714@email.co.uk,Glasgow,Scotland,41.0,Male,Paid Social,2024-07-27,99.43
CUS01715,Noah,Williams,customer1715@email.co.uk,Sheffield,England,37.0,F,Google Ads,2024-09-26,89.96
CUS01716,Ryan,O'Brien,customer1716@email.co.uk,Sheffield,England,46.0,M,Organic,2024-07-17,18.94
CUS01717,Isla,Anderson,customer1717@email.co.uk,Edinburgh,Scotland,27.0,F,Google Ads,2024-04-23,82.53
CUS01718,Omar,Ahmed,customer1718@email.co.uk,Bristol,England,20.0,F,Paid Social,2024-02-14,83.69
CUS01719,James,Williams,customer1719@email.co.uk,Sheffield,England,20.0,M,Paid Social,2022-02-05,42.0
CUS01720,Megan,Walsh,customer1720@email.co.uk,Bristol,England,37.0,OTHER,Referral,2023-10-19,25.59
CUS01721,Dylan,Roberts,customer1721@email.co.uk,London,England,18.0,Woman,Paid Social,2024-05-21,91.22
CUS01722,Lily,Brown,customer1722@email.co.uk,Birmingham,England,46.0,M,Paid Social,2023-03-15,59.29
CUS01723,Arjun,Taylor,customer1723@email.co.uk,London ,England,25.0,F,Paid Social,2022-12-19,54.39
CUS01724,Chloe,Sharma,customer1724@email.co.uk,Birmingham,England,30.0,M,Paid Social,2023-07-28,70.44
CUS01725,Liam,Brown,customer1725@email.co.uk,Newcastle,England,34.0,M,Organic,2023-11-27,14.62
CUS01726,Ryan,Smith,customer1726@email.co.uk,Newcastle,England,41.0,F,Paid Social,2022-01-28,42.0
CUS01727,Arjun,White,customer1727@email.co.uk,Liverpool,England,18.0,Woman,Paid Social,2024-07-02,99.43
CUS01728,Omar,Johnson,customer1728@email.co.uk,London,England,33.0,Male,Organic,2024-05-22,17.38
CUS01729,Lucas,Walker,customer1729@email.co.uk,London,England,38.0,F,Paid Social,2022-11-29,54.39
CUS01730,James,Kumar,customer1730@email.co.uk,London,England,36.0,Man,Google Ads,2022-12-21,49.21
CUS01731,Ella,Shah,customer1731@email.co.uk,Leeds,England,40.0,M,Email,2022-10-13,7.77
CUS01732,Ella,Martin,customer1732@email.co.uk,Bristol,England,18.0,M,Paid Social,2023-07-27,70.44
CUS01733,Emma,Davies,customer1733@email.co.uk,Sheffield,England,50.0,F,Organic,2024-12-08,20.64
CUS01734,Zoe,Khan,customer1734@email.co.uk,London,England,21.0,M,Paid Social,2023-07-03,70.44
CUS01735,Hannah,Malik,customer1735@email.co.uk,,,26.0,M,Referral,2024-11-20,36.13
CUS01736,Dylan,Byrne,customer1736@email.co.uk,Birmingham,England,44.0,M,Paid Social,2022-10-22,54.39
CUS01737,Riya,Roberts,customer1737@email.co.uk,Sheffield,England,36.0,M,Paid Social,2022-12-13,54.39
CUS01738,Aiden,Kelly,customer1738@email.co.uk,Liverpool,England,40.0,M,Paid Social,2023-11-03,76.78
CUS01739,Megan,Davies,customer1739@email.co.uk,Bristol,England,29.0,M,Paid Social,2022-09-13,49.9
CUS01740,Jack,Patel,customer1740@email.co.uk,Manchester,England,48.0,M,Direct,2022-07-20,0.0
CUS01741,Lauren,Hall,customer1741@email.co.uk,Manchester,England,18.0,M,Referral,2024-04-12,30.41
CUS01742,Ella,McCarthy,customer1742@email.co.uk,Bristol,England,41.0,m,Google Ads,2023-05-07,58.47
CUS01743,Logan,Ahmed,customer1743@email.co.uk,sheffield,England,30.0,Female,Google Ads,2024-05-12,82.53
CUS01744,Emma,Thomas,customer1744@email.co.uk,Glasgow,Scotland,43.0,F,Google Ads,2022-12-02,49.21
CUS01745,Sophie,Patel,customer1745@email.co.uk,LONDON,England,39.0,F,Paid Social,2023-03-11,59.29
CUS01746,Hannah,Jones,customer1746@email.co.uk,Glasgow,Scotland,34.0,F,Email,2024-11-03,15.48
CUS01747,Isla,Thompson,customer1747@email.co.uk,Birmingham,England,,Man,Paid Social,2023-12-22,76.78
CUS01748,Rohan,Kumar,customer1748@email.co.uk,glasgow,Scotland,43.0,F,Paid Social,2022-08-02,49.9
CUS01749,Aisha,Davies,customer1749@email.co.uk,GLASGOW,Scotland,35.0,F,Google Ads,2023-08-06,63.73
CUS01750,Leo,Flynn,customer1750@email.co.uk,London,England,26.0,M,Google Ads,2022-07-01,45.15
CUS01751,Mason,Connor,customer1751@email.co.uk,Liverpool,England,18.0,F,Paid Social,2022-05-10,45.78
CUS01752,Natalie,Sharma,customer1752@email.co.uk,,,48.0,f,Google Ads,2023-12-11,69.47
CUS01753,Mason,Ryan,customer1753@email.co.uk,Manchester,England,43.0,F,Paid Social,2022-07-18,49.9
CUS01754,Ava,McCarthy,customer1754@email.co.uk,London,England,29.0,male,Referral,2022-11-21,18.13
CUS01755,Ryan,Hussain,customer1755@email.co.uk,London,England,24.0,F,Paid Social,2022-05-20,45.78
CUS01756,Isabella,Wilson,customer1756@email.co.uk,London,England,28.0,F,Paid Social,2022-07-17,49.9
CUS01757,Poppy,White,customer1757@email.co.uk,London,England,34.0,M,Paid Social,2023-09-07,70.44
CUS01758,Isla,Connor,customer1758@email.co.uk,Nottingham,England,25.0,F,Email,2022-10-02,7.77
CUS01759,Hassan,Wilson,customer1759@email.co.uk,Edinburgh,Scotland,32.0,Other,Google Ads,2023-04-01,58.47
CUS01760,Poppy,Clark,customer1760@email.co.uk,Birmingham,England,18.0,M,Paid Social,2023-08-23,70.44
CUS01761,Priya,Evans,customer1761@email.co.uk,Glasgow,Scotland,46.0,F,Direct,2022-11-05,0.0
CUS01762,Isla,Ryan,customer1762@email.co.uk,London,England,37.0,F,Direct,2022-08-21,0.0
CUS01763,Arjun,Clark,customer1763@email.co.uk,Manchester,England,39.0,F,Paid Social,2022-09-08,49.9
CUS01764,Fatima,Murphy,customer1764@email.co.uk,London,England,39.0,M,Paid Social,2024-11-28,108.38
CUS01765,Poppy,Connor,customer1765@email.co.uk,Cardiff,Wales,33.0,m,Paid Social,2023-05-15,64.62
CUS01766,Nathan,Thompson,customer1766@email.co.uk,Liverpool,England,43.0,F,Google Ads,2023-09-15,63.73
CUS01767,Zoe,McCarthy,customer1767@email.co.uk,,,31.0,MALE,Paid Social,2024-07-03,99.43
CUS01768,Aisha,Wilson,customer1768@email.co.uk,Manchestor,England,43.0,F,Direct,2024-08-04,0.0
CUS01769,Hassan,Walsh,customer1769@email.co.uk,Leeds,England,46.0,F,Direct,2024-05-09,0.0
CUS01770,Natalie,McCarthy,customer1770@email.co.uk,Leeds,England,27.0,F,Paid Social,2024-11-02,108.38
CUS01771,Noah,Sharma,customer1771@email.co.uk,Bristol,England,30.0,F,Google Ads,2023-11-20,69.47
CUS01772,Rohan,Brown,customer1772@email.co.uk,Glasgow,Scotland,52.0,female,Organic,2022-10-03,10.36
CUS01773,Ryan,Thomas,customer1773@email.co.uk,Birmingham,England,28.0,Male,Paid Social,2024-01-31,83.69
CUS01774,Chloe,Connor,customer1774@email.co.uk,,,34.0,F,Google Ads,2023-09-11,63.73
CUS01775,Chloe,Wilson,customer1775@email.co.uk,Liverpool,England,29.0,male,Paid Social,2024-09-12,99.43
CUS01776,Riya,Walsh,customer1776@email.co.uk,Bristol,England,43.0,Other,Paid Social,2022-12-16,54.39
CUS01777,Charlie,Malik,customer1777@email.co.uk,Manchester,England,36.0,f,Email,2024-04-19,13.03
CUS01778,Rohan,Hussain,customer1778@email.co.uk,,,28.0,Male,Paid Social,2022-01-26,42.0
CUS01779,Zoe,Johnson,customer1779@email.co.uk,Birmingham,England,40.0,m,Paid Social,2023-06-25,64.62
CUS01780,Isla,McCarthy,customer1780@email.co.uk,Birmingham,England,33.0,M,Paid Social,2023-05-12,64.62
CUS01781,Emma,Davies,customer1781@email.co.uk,London,England,41.0,Female,Paid Social,2022-06-22,45.78
CUS01782,Freddie,Ahmed,customer1782@email.co.uk,Leeds,England,39.0,F,Email,2024-09-05,14.2
CUS01783,Sara,Burke,customer1783@email.co.uk,Sheffield,England,51.0,male,Paid Social,2024-09-10,99.43
CUS01784,Jack,Hussain,customer1784@email.co.uk,London,England,20.0,FEMALE,Paid Social,2022-12-23,54.39
CUS01785,Ava,Taylor,customer1785@email.co.uk,Bristol,England,32.0,M,Paid Social,2024-05-25,91.22
CUS01786,Mason,Williams,customer1786@email.co.uk,,,32.0,f,Paid Social,2024-11-07,108.38
CUS01787,James,Kelly,customer1787@email.co.uk,London,England,40.0,male,Paid Social,2023-12-22,76.78
CUS01788,Emily,Malik,customer1788@email.co.uk,Glasgow,Scotland,55.0,female,Paid Social,2023-06-08,64.62
CUS01789,Sophie,Wilson,customer1789@email.co.uk,Cardiff,Wales,36.0,f,Direct,2024-04-25,0.0
CUS01790,Fatima,Thomas,customer1790@email.co.uk,Manchester,England,42.0,F,Referral,2023-07-09,23.48
CUS01791,Dylan,Davies,customer1791@email.co.uk,Birmingham,England,45.0,M,Email,2023-12-16,10.97
CUS01792,Megan,Martin,customer1792@email.co.uk,London,England,47.0,M,Paid Social,2024-04-02,91.22
CUS01793,Ella,Wilson,customer1793@email.co.uk,London,England,23.0,F,Paid Social,2023-03-01,59.29
CUS01794,Omar,Shah,customer1794@email.co.uk,,,47.0,F,Email,2024-04-03,13.03
CUS01795,Amelia,Ahmed,customer1795@email.co.uk,Glasgow,Scotland,26.0,F,Paid Social,2023-11-04,76.78
CUS01796,Hassan,Patel,customer1796@email.co.uk,London,England,28.0,M,Paid Social,2023-12-31,76.78
CUS01797,Yusuf,Smith,customer1797@email.co.uk,Bristol,England,47.0,M,Paid Social,2023-02-23,59.29
CUS01798,Isabella,Wilson,customer1798@email.co.uk,London,England,24.0,M,Paid Social,2024-06-27,91.22
CUS01799,Ava,Ahmed,customer1799@email.co.uk,Cardiff,Wales,41.0,M,Paid Social,2022-09-10,49.9
CUS01800,Chloe,Ryan,customer1800@email.co.uk,London,England,18.0,Woman,Paid Social,2023-10-11,76.78
CUS01801,Ethan,Murphy,customer1801@email.co.uk,Liverpool,England,18.0,F,Paid Social,2023-11-19,76.78
CUS01802,Harry,Kelly,customer1802@email.co.uk,Glasgow,Scotland,,f,Google Ads,2022-01-21,38.0
CUS01803,Ethan,Evans,customer1803@email.co.uk,Newcastle,England,29.0,M,Organic,2024-08-14,18.94
CUS01804,Ethan,Connor,customer1804@email.co.uk,London,England,30.0,F,Referral,2023-12-04,25.59
CUS01805,Muhammad,Kelly,customer1805@email.co.uk,London,England,52.0,M,Email,2022-05-30,6.54
CUS01806,Alfie,Williams,customer1806@email.co.uk,Edinburgh,Scotland,22.0,M,Google Ads,2024-09-29,89.96
CUS01807,Rohan,Robinson,customer1807@email.co.uk,Glasgow,Scotland,36.0,M,Paid Social,2024-05-23,91.22
CUS01808,Isabella,Shah,customer1808@email.co.uk,Birmingham,England,58.0,f,Email,2024-11-14,15.48
CUS01809,Isla,Kumar,customer1809@email.co.uk,London,England,38.0,F,Paid Social,2024-04-24,91.22
CUS01810,Oliver,Flynn,customer1810@email.co.uk,Manchester,England,40.0,OTHER,Referral,2023-11-01,25.59
CUS01811,Ryan,Wilson,customer1811@email.co.uk,,,19.0,F,Organic,2024-08-07,18.94
CUS01812,Oliver,Murphy,customer1812@email.co.uk,Glasgow,Scotland,25.0,F,Paid Social,2023-05-27,64.62
CUS01813,Alfie,Brown,customer1813@email.co.uk,Liverpool,England,31.0,M,Organic,2023-08-24,13.42
CUS01814,Isabella,White,customer1814@email.co.uk,London,England,23.0,F,Google Ads,2023-05-24,58.47
CUS01815,Leo,Connor,customer1815@email.co.uk,Cardiff,Wales,36.0,Male,Direct,2023-04-16,0.0
CUS01816,Lily,Ali,customer1816@email.co.uk,London,England,39.0,F,Google Ads,2024-11-29,98.06
CUS01817,Leo,Flynn,customer1817@email.co.uk,London,England,49.0,FEMALE,Google Ads,2023-11-03,69.47
CUS01818,Isabella,Byrne,customer1818@email.co.uk,London,England,29.0,M,Paid Social,2023-11-04,76.78
CUS01819,Aisha,Lewis,customer1819@email.co.uk,Birmingham,England,43.0,M,Google Ads,2023-06-19,58.47
CUS01820,Ryan,Smith,customer1820@email.co.uk,Manchester,England,18.0,F,Paid Social,2023-04-18,64.62
CUS01821,Oliver,Patel,customer1821@email.co.uk,London,England,40.0,F,Google Ads,2022-12-05,49.21
CUS01822,Leo,Murphy,customer1822@email.co.uk,London,England,21.0,M,Email,2024-12-02,15.48
CUS01823,Chloe,O'Brien,customer1823@email.co.uk,Birmingham,England,54.0,M,Paid Social,2024-06-14,91.22
CUS01824,Harry,Williams,customer1824@email.co.uk,Newcastle,England,33.0,Non-binary,Paid Social,2023-10-11,76.78
CUS01825,George,White,customer1825@email.co.uk,London,England,18.0,M,Google Ads,2024-01-07,75.72
CUS01826,Megan,Kelly,customer1826@email.co.uk,,,25.0,M,Paid Social,2024-09-20,99.43
CUS01827,Aiden,O'Brien,customer1827@email.co.uk,Leeds,England,44.0,F,Paid Social,2023-06-09,64.62
CUS01828,Amelia,Kumar,customer1828@email.co.uk,Edinburgh,Scotland,26.0,M,Google Ads,2023-02-11,53.64
CUS01829,Aiden,Thompson,customer1829@email.co.uk,Bristol,England,45.0,Female,Organic,2023-10-07,14.62
CUS01830,Megan,Ryan,customer1830@email.co.uk,Birmingham,England,18.0,F,Paid Social,2023-09-20,70.44
CUS01831,George,Ahmed,customer1831@email.co.uk,Nottingham,England,40.0,M,Google Ads,2024-09-14,89.96
CUS01832,Liam,Ryan,customer1832@email.co.uk,glasgow,Scotland,26.0,F,Google Ads,2024-11-03,98.06
CUS01833,Emily,Hall,customer1833@email.co.uk,Glasgow,Scotland,35.0,M,Google Ads,2024-10-08,98.06
CUS01834,Freddie,Flynn,customer1834@email.co.uk,London,England,31.0,F,Google Ads,2024-05-07,82.53
CUS01835,Megan,Williams,customer1835@email.co.uk,London,England,21.0,F,Google Ads,2023-11-17,69.47
CUS01836,Emily,Johnson,customer1836@email.co.uk,Liverpool,England,43.0,F,Paid Social,2022-10-14,54.39
CUS01837,Mason,Malik,customer1837@email.co.uk,london,England,39.0,F,Paid Social,2024-11-22,108.38
CUS01838,Liam,McCarthy,customer1838@email.co.uk,London,England,31.0,F,Paid Social,2024-10-04,108.38
CUS01839,Nathan,Ali,customer1839@email.co.uk,London,England,53.0,m,Google Ads,2023-11-16,69.47
CUS01840,Ethan,Khan,customer1840@email.co.uk,London,England,34.0,F,Google Ads,2024-07-05,89.96
CUS01841,James,Patel,customer1841@email.co.uk,Liverpool,England,24.0,M,Organic,2024-11-06,20.64
CUS01842,Natalie,O'Brien,customer1842@email.co.uk,Newcastle,England,48.0,F,Paid Social,2023-03-18,59.29
CUS01843,Liam,Thompson,customer1843@email.co.uk,Glasgow,Scotland,28.0,,Google Ads,2023-12-18,69.47
CUS01844,Oliver,Robinson,customer1844@email.co.uk,London,England,39.0,f,Paid Social,2024-12-08,108.38
CUS01845,Nathan,Kelly,customer1845@email.co.uk,London ,England,51.0,F,Email,2022-11-28,7.77
CUS01846,Harry,Roberts,customer1846@email.co.uk,Manchester,England,56.0,M,Paid Social,2022-09-11,49.9
CUS01847,Omar,Roberts,customer1847@email.co.uk,Glasgow,Scotland,31.0,F,Referral,2024-12-02,36.13
CUS01848,Jessica,Ali,customer1848@email.co.uk,London,England,37.0,male,Paid Social,2024-10-21,108.38
CUS01849,Jessica,Brown,customer1849@email.co.uk,Edinburgh,Scotland,56.0,F,Paid Social,2022-04-03,45.78
CUS01850,Chloe,Clark,customer1850@email.co.uk,Birmingham,England,34.0,m,Paid Social,2023-12-22,76.78
CUS01851,Ethan,McCarthy,customer1851@email.co.uk,Manchester,England,22.0,M,Paid Social,2024-03-15,83.69
CUS01852,Ella,Ryan,customer1852@email.co.uk,Bristol,England,30.0,m,Organic,2024-05-30,17.38
CUS01853,Natalie,Thomas,customer1853@email.co.uk,Edinburgh,Scotland,32.0,M,Google Ads,2024-02-06,75.72
CUS01854,Aisha,Williams,customer1854@email.co.uk,London,England,28.0,M,Paid Social,2023-12-10,76.78
CUS01855,Mia,Evans,customer1855@email.co.uk,Sheffield,England,27.0,F,Paid Social,2024-01-23,83.69
CUS01856,Isla,Singh,customer1856@email.co.uk,Manchestr,England,35.0,f,Google Ads,2024-02-10,75.72
CUS01857,Riya,McCarthy,customer1857@email.co.uk,Liverpool,England,27.0,M,Paid Social,2022-06-19,45.78
CUS01858,Riya,Evans,customer1858@email.co.uk,London,England,30.0,F,Paid Social,2022-10-13,54.39
CUS01859,Mason,Walker,customer1859@email.co.uk,Birmingham,England,34.0,Male,Referral,2023-02-18,19.76
CUS01860,Ava,Roberts,customer1860@email.co.uk,Manchester,England,37.0,F,Google Ads,2024-11-21,98.06
CUS01861,Rohan,Brown,customer1861@email.co.uk,Leeds,England,47.0,M,Paid Social,2023-09-27,70.44
CUS01862,Sophie,Patel,customer1862@email.co.uk,London,England,35.0,M,Paid Social,2024-02-02,83.69
CUS01863,Hassan,Ahmed,customer1863@email.co.uk,Birmingham,England,31.0,M,Paid Social,2024-12-13,108.38
CUS01864,Chloe,Robinson,customer1864@email.co.uk,Leeds,England,34.0,female,Paid Social,2022-07-01,49.9
CUS01865,Ethan,Connor,customer1865@email.co.uk,London,England,35.0,M,Paid Social,2022-11-03,54.39
CUS01866,Fatima,Hussain,customer1866@email.co.uk,Manchester,England,27.0,M,Paid Social,2023-02-10,59.29
CUS01867,Liam,Taylor,customer1867@email.co.uk,Manchestr,England,37.0,F,Email,2024-11-16,15.48
CUS01868,Fatima,Patel,customer1868@email.co.uk,Nottingham,England,19.0,M,Paid Social,2024-05-31,91.22
CUS01869,Arjun,Khan,customer1869@email.co.uk,Sheffield,England,40.0,M,Paid Social,2022-08-14,49.9
CUS01870,Emma,Walsh,customer1870@email.co.uk,Manchester,England,25.0,M,Organic,2022-05-18,8.72
CUS01871,Mason,Robinson,customer1871@email.co.uk,Glasgow,Scotland,18.0,F,Paid Social,2022-10-08,54.39
CUS01872,Ava,Shah,customer1872@email.co.uk,London,England,36.0,M,,2024-11-14,108.38
CUS01873,Leo,Thomas,customer1873@email.co.uk,Leeds,England,33.0,F,Google Ads,2023-08-07,63.73
CUS01874,Emily,Smith,customer1874@email.co.uk,Manchester,England,22.0,F,Paid Social,2024-10-16,108.38
CUS01875,Arjun,Malik,customer1875@email.co.uk,London,England,25.0,M,Paid Social,2024-09-27,99.43
CUS01876,Aiden,Kumar,customer1876@email.co.uk,Leeds,England,48.0,F,Google Ads,2024-12-12,98.06
CUS01877,Aiden,McCarthy,customer1877@email.co.uk,Manchester,England,36.0,F,Paid Social,2023-11-26,76.78
CUS01878,Sara,Hall,customer1878@email.co.uk,Birmingham,England,24.0,M,Referral,2023-01-26,19.76
CUS01879,Amelia,Flynn,customer1879@email.co.uk,Leeds,England,38.0,M,Google Ads,2023-11-08,69.47
CUS01880,George,Roberts,customer1880@email.co.uk,MANCHESTER,England,36.0,M,Organic,2024-11-03,20.64
CUS01881,Sophie,Hall,customer1881@email.co.uk,Liverpool,England,34.0,F,Paid Social,2024-12-01,108.38
CUS01882,Isabella,McCarthy,customer1882@email.co.uk,Bristol,England,34.0,F,Organic,2023-07-11,13.42
CUS01883,Mia,Patel,customer1883@email.co.uk,Sheffield,England,21.0,M,Google Ads,2023-10-17,69.47
CUS01884,George,Martin,customer1884@email.co.uk,Leeds,England,55.0,F,Paid Social,2024-08-14,99.43
CUS01885,Natalie,Davies,customer1885@email.co.uk,Bristol,England,26.0,Male,Google Ads,2023-07-11,63.73
CUS01886,Natalie,White,customer1886@email.co.uk,newcastle,England,39.0,M,Google Ads,2022-12-13,49.21
CUS01887,Sophie,Flynn,customer1887@email.co.uk,London,England,38.0,F,Google Ads,2023-02-06,53.64
CUS01888,Ethan,Malik,customer1888@email.co.uk,Newcastle,England,38.0,F,Paid Social,2023-10-10,76.78
CUS01889,Ethan,Singh,customer1889@email.co.uk,Birmingham,England,18.0,FEMALE,Paid Social,2022-12-12,54.39
CUS01890,Omar,Brown,customer1890@email.co.uk,Birmingham,England,23.0,F,Paid Social,2024-07-14,99.43
CUS01891,Grace,Khan,customer1891@email.co.uk,Manchester,England,35.0,m,Google Ads,2024-04-09,82.53
CUS01892,Olivia,Lewis,customer1892@email.co.uk,London,England,34.0,F,Google Ads,2024-11-23,98.06
CUS01893,Isabella,Byrne,customer1893@email.co.uk,,,32.0,M,Organic,2024-06-28,17.38
CUS01894,Oliver,Johnson,customer1894@email.co.uk,London,England,43.0,F,Paid Social,2023-09-12,70.44
CUS01895,Riya,Lewis,customer1895@email.co.uk,London,England,30.0,f,Email,2022-10-23,7.77
CUS01896,Ava,Jones,customer1896@email.co.uk,London,England,22.0,F,Google Ads,2022-12-09,49.21
CUS01897,Emily,Taylor,customer1897@email.co.uk,Leeds,England,35.0,M,Google Ads,2024-10-30,98.06
CUS01898,Aiden,Kumar,customer1898@email.co.uk,Newcastle,England,29.0,F,Organic,2024-03-03,15.94
CUS01899,Isla,Kelly,customer1899@email.co.uk,Liverpool,England,20.0,M,Paid Social,2022-07-11,49.9
CUS01900,Lily,Walsh,customer1900@email.co.uk,,,22.0,M,Google Ads,2023-10-29,69.47
CUS01901,Priya,Evans,customer1901@email.co.uk,Leeds,England,26.0,F,Organic,2024-07-16,18.94
CUS01902,Isla,Robinson,customer1902@email.co.uk,Birmingham,England,45.0,male,Paid Social,2024-08-21,99.43
CUS01903,Omar,Taylor,customer1903@email.co.uk,Sheffield,England,38.0,F,Paid Social,2024-09-21,99.43
CUS01904,Freddie,Kelly,customer1904@email.co.uk,Edinburgh,Scotland,22.0,F,Paid Social,2024-11-12,108.38
CUS01905,Jack,Davies,customer1905@email.co.uk,London,England,18.0,M,Direct,2023-10-12,0.0
CUS01906,George,McCarthy,customer1906@email.co.uk,London,England,33.0,F,Email,2024-04-09,13.03
CUS01907,Liam,Thomas,customer1907@email.co.uk,London,England,29.0,M,Google Ads,2022-05-21,41.42
CUS01908,James,Martin,customer1908@email.co.uk,Liverpool,England,29.0,M,Google Ads,2024-04-03,82.53
CUS01909,Jessica,Byrne,customer1909@email.co.uk,London,England,18.0,M,Paid Social,2023-11-08,76.78
CUS01910,Priya,Smith,customer1910@email.co.uk,,,36.0,M,Google Ads,2022-11-20,49.21
CUS01911,Riya,Khan,customer1911@email.co.uk,Glasgow,Scotland,30.0,F,Organic,2022-12-25,10.36
CUS01912,Oliver,Anderson,customer1912@email.co.uk,Manchester,England,29.0,Woman,Paid Social,2024-05-21,91.22
CUS01913,Muhammad,Khan,customer1913@email.co.uk,Glasgoe,Scotland,24.0,Woman,Google Ads,2022-11-30,49.21
CUS01914,Hassan,Jones,customer1914@email.co.uk,Bristol,England,39.0,F,Paid Social,2023-05-07,64.62
CUS01915,Priya,Murphy,customer1915@email.co.uk,London,England,36.0,M,Paid Social,2023-06-18,64.62
CUS01916,Aiden,Burke,customer1916@email.co.uk,Newcastle,England,32.0,m,Paid Social,2024-07-11,99.43
CUS01917,Rohan,Patel,customer1917@email.co.uk,BRISTOL,England,30.0,M,Referral,2022-11-03,18.13
CUS01918,Olivia,Taylor,customer1918@email.co.uk,Manchester,England,41.0,F,Paid Social,2022-05-31,45.78
CUS01919,Logan,Williams,customer1919@email.co.uk,Bristol,England,28.0,M,Google Ads,2022-10-24,49.21
CUS01920,Noah,Burke,customer1920@email.co.uk,London,England,46.0,M,Google Ads,2024-05-25,82.53
CUS01921,Liam,Murphy,customer1921@email.co.uk,Edinburgh,Scotland,23.0,F,Paid Social,2022-04-14,45.78
CUS01922,Lauren,Hussain,customer1922@email.co.uk,Leeds,England,34.0,F,Paid Social,2023-12-04,76.78
CUS01923,Isabella,Malik,customer1923@email.co.uk,Birmingham,England,25.0,M,Email,2023-11-02,10.97
CUS01924,James,Jones,customer1924@email.co.uk,Leeds,England,28.0,M,Paid Social,2023-06-14,64.62
CUS01925,Muhammad,McCarthy,customer1925@email.co.uk,,,33.0,F,Paid Social,2023-05-13,64.62
CUS01926,Priya,Khan,customer1926@email.co.uk,Bristol,England,30.0,F,Paid Social,2023-11-24,76.78
CUS01927,Jack,Sharma,customer1927@email.co.uk,London,England,20.0,M,Email,2022-05-02,6.54
CUS01928,Megan,Patel,customer1928@email.co.uk,Newcastle,England,30.0,M,Paid Social,2023-04-12,64.62
CUS01929,Amelia,Davies,customer1929@email.co.uk,Liverpool,England,,M,Google Ads,2023-08-01,63.73
CUS01930,Oliver,Roberts,customer1930@email.co.uk,London,England,33.0,f,Paid Social,2022-08-31,49.9
CUS01931,Emily,Roberts,customer1931@email.co.uk,London,England,25.0,M,Paid Social,2023-11-15,76.78
CUS01932,Hannah,Davies,customer1932@email.co.uk,Birmingham,England,25.0,M,Google Ads,2023-03-25,53.64
CUS01933,Ethan,Ahmed,customer1933@email.co.uk,London,England,43.0,M,Direct,2022-05-09,0.0
CUS01934,Dylan,Shah,customer1934@email.co.uk,,,48.0,F,Paid Social,2022-08-10,49.9
CUS01935,Zoe,Flynn,customer1935@email.co.uk,London,England,24.0,M,Paid Social,2023-04-18,64.62
CUS01936,Mia,Roberts,customer1936@email.co.uk,Birmingham,England,34.0,F,Paid Social,2024-04-03,91.22
CUS01937,Arjun,Kelly,customer1937@email.co.uk,London,England,32.0,F,Google Ads,2024-08-16,89.96
CUS01938,Ella,Patel,customer1938@email.co.uk,,,18.0,Man,Email,2023-10-16,10.97
CUS01939,Poppy,Burke,customer1939@email.co.uk,Bristol,England,38.0,f,Google Ads,2022-04-08,41.42
CUS01940,Isabella,O'Brien,customer1940@email.co.uk,Manchester,England,22.0,Man,Paid Social,2024-01-22,83.69
CUS01941,Yusuf,Williams,customer1941@email.co.uk,birmingham,England,46.0,F,Referral,2024-11-09,36.13
CUS01942,Sara,Hall,customer1942@email.co.uk,Birmingham,England,27.0,M,Paid Social,2022-04-16,45.78
CUS01943,Priya,Connor,customer1943@email.co.uk,Nottingham,England,26.0,F,Paid Social,2023-05-13,64.62
CUS01944,Fatima,Malik,customer1944@email.co.uk,London,England,30.0,F,Google Ads,2022-02-10,38.0
CUS01945,Mia,Lewis,customer1945@email.co.uk,London,England,37.0,Other,Google Ads,2023-12-20,69.47
CUS01946,Mason,Ryan,customer1946@email.co.uk,Sheffield,England,26.0,Woman,Google Ads,2022-07-07,45.15
CUS01947,Hannah,Lewis,customer1947@email.co.uk,Birmingham,England,,M,Paid Social,2024-11-27,108.38
CUS01948,Freddie,Clark,customer1948@email.co.uk,London,England,29.0,F,Google Ads,2023-07-22,63.73
CUS01949,James,Connor,customer1949@email.co.uk,Edinburgh,Scotland,38.0,Female,Organic,2024-02-13,15.94
CUS01950,Emma,Evans,customer1950@email.co.uk,Manchester,England,30.0,Other,Google Ads,2023-04-19,58.47
CUS01951,Priya,Ahmed,customer1951@email.co.uk,Liverpool,England,34.0,F,Google Ads,2023-04-29,58.47
CUS01952,Leo,Thompson,customer1952@email.co.uk,London,England,44.0,male,Paid Social,2022-01-29,42.0
CUS01953,Aiden,Davies,customer1953@email.co.uk,Liverpool,England,29.0,male,Paid Social,2024-10-14,108.38
CUS01954,Oliver,Burke,customer1954@email.co.uk,Liverpool,England,29.0,M,Paid Social,2023-01-19,59.29
CUS01955,Freddie,Wilson,customer1955@email.co.uk,Newcastle,England,18.0,F,Email,2022-12-21,7.77
CUS01956,Jack,Byrne,customer1956@email.co.uk,Manchester,England,19.0,Male,Paid Social,2023-05-29,64.62
CUS01957,Chloe,Anderson,customer1957@email.co.uk,Manchester,England,18.0,f,Paid Social,2022-10-25,54.39
CUS01958,Mia,White,customer1958@email.co.uk,Leeds,England,27.0,Other,Google Ads,2023-03-29,53.64
CUS01959,Isabella,Kelly,customer1959@email.co.uk,Leeds,England,43.0,Female,Paid Social,2023-02-09,59.29
CUS01960,Mason,Roberts,customer1960@email.co.uk,Cardiff,Wales,30.0,M,Google Ads,2024-12-17,98.06
CUS01961,Olivia,Johnson,customer1961@email.co.uk,London,England,20.0,M,Paid Social,2024-10-21,108.38
CUS01962,Hannah,Jones,customer1962@email.co.uk,Bristol,England,32.0,f,Google Ads,2023-02-11,53.64
CUS01963,Ethan,Robinson,customer1963@email.co.uk,London,England,33.0,Woman,Organic,2024-09-21,18.94
CUS01964,Ryan,Murphy,customer1964@email.co.uk,,,28.0,F,Referral,2022-03-24,14.0
CUS01965,Emily,Shah,customer1965@email.co.uk,Liverpool,England,18.0,male,,2023-12-14,69.47
CUS01966,Lucas,Malik,customer1966@email.co.uk,London,England,36.0,M,Google Ads,2024-10-11,98.06
CUS01967,Emily,Khan,customer1967@email.co.uk,Birmingham,England,38.0,M,Referral,2022-11-23,18.13
CUS01968,Oliver,Evans,customer1968@email.co.uk,London,England,18.0,MALE,Referral,2022-09-26,16.63
CUS01969,Arjun,Smith,customer1969@email.co.uk,London,England,29.0,F,Paid Social,2024-08-11,99.43
CUS01970,George,Hussain,customer1970@email.co.uk,Edinburgh,Scotland,51.0,M,Google Ads,2024-03-24,75.72
CUS01971,Rohan,Shah,customer1971@email.co.uk,London,England,18.0,M,,2024-12-16,20.64
CUS01972,Jack,Thompson,customer1972@email.co.uk,Birmingham,England,34.0,MALE,Paid Social,2022-09-23,49.9
CUS01973,Ella,Ali,customer1973@email.co.uk,Manchester,England,19.0,M,Paid Social,2022-09-09,49.9
CUS01974,Logan,Ali,customer1974@email.co.uk,Edinburgh,Scotland,19.0,Other,Paid Social,2022-04-23,45.78
CUS01975,Arjun,Thompson,customer1975@email.co.uk,Glasgow,Scotland,18.0,M,Paid Social,2023-04-14,64.62
CUS01976,Oliver,Clark,customer1976@email.co.uk,Glasgow,Scotland,27.0,Man,Paid Social,2022-04-10,45.78
CUS01977,Oliver,Clark,customer1977@email.co.uk,Bristol,England,36.0,F,Paid Social,2024-02-02,83.69
CUS01978,Fatima,Singh,customer1978@email.co.uk,Birmingham,England,42.0,,Paid Social,2022-06-10,45.78
CUS01979,Ava,Thompson,customer1979@email.co.uk,Birmingham,England,34.0,M,Paid Social,2023-09-13,70.44
CUS01980,Ethan,Anderson,customer1980@email.co.uk,London,England,55.0,M,Paid Social,2023-11-09,76.78
CUS01981,Muhammad,Singh,customer1981@email.co.uk,Newcastle,England,32.0,F,Paid Social,2022-06-10,45.78
CUS01982,Priya,Lewis,customer1982@email.co.uk,Edinburgh,Scotland,23.0,F,Paid Social,2024-05-05,91.22
CUS01983,Sophie,Murphy,customer1983@email.co.uk,London,England,35.0,F,Referral,2024-12-26,36.13
CUS01984,Emily,McCarthy,customer1984@email.co.uk,Manchester,England,33.0,female,Paid Social,2023-07-02,70.44
CUS01985,Amelia,O'Brien,customer1985@email.co.uk,Bristol,England,29.0,Man,Organic,2023-11-10,14.62
CUS01986,Sara,Lewis,customer1986@email.co.uk,Glasgow,Scotland,39.0,F,Paid Social,2023-06-16,64.62
CUS01987,Yusuf,Thomas,customer1987@email.co.uk,London,England,28.0,F,Paid Social,2024-12-20,108.38
CUS01988,Sophie,Walker,customer1988@email.co.uk,London,England,33.0,M,Google Ads,2024-10-01,98.06
CUS01989,Noah,Patel,customer1989@email.co.uk,Leeds,England,25.0,Woman,Paid Social,2024-12-13,108.38
CUS01990,James,Murphy,customer1990@email.co.uk,Sheffield,England,25.0,F,Google Ads,2023-06-29,58.47
CUS01991,Ava,Johnson,customer1991@email.co.uk,London,England,38.0,M,Google Ads,2023-04-03,58.47
CUS01992,Muhammad,Burke,customer1992@email.co.uk,Cardiff,Wales,36.0,M,Paid Social,2022-02-09,42.0
CUS01993,Lauren,Kumar,customer1993@email.co.uk,London,England,47.0,M,Direct,2022-05-27,0.0
CUS01994,Emily,Flynn,customer1994@email.co.uk,,,24.0,M,Direct,2024-12-06,0.0
CUS01995,Jack,Anderson,customer1995@email.co.uk,Manchester,England,18.0,Other,Paid Social,2023-12-25,76.78
CUS01996,Hassan,Ahmed,customer1996@email.co.uk,Leeds,England,28.0,M,Paid Social,2023-09-05,70.44
CUS01997,Harry,Kumar,customer1997@email.co.uk,Leeds,England,32.0,M,Paid Social,2022-09-22,49.9
CUS01998,Olivia,Singh,customer1998@email.co.uk,Birmingham,England,19.0,M,Paid Social,2024-11-26,108.38
CUS01999,Freddie,Hall,customer1999@email.co.uk,Edinburgh,Scotland,34.0,F,Paid Social,2022-03-27,42.0
CUS02000,Rohan,Jones,customer2000@email.co.uk,Leeds,England,27.0,m,Direct,2024-03-18,0.0
CUS02001,Alfie,Roberts,customer2001@email.co.uk,Newcastle,England,18.0,M,Organic,2024-01-10,15.94
CUS02002,James,Thomas,customer2002@email.co.uk,London,England,18.0,M,Google Ads,2024-06-13,82.53
CUS02003,Sophie,Roberts,customer2003@email.co.uk,Birmingham,England,29.0,Other,Paid Social,2024-06-25,91.22
CUS02004,Chloe,Shah,customer2004@email.co.uk,Nottingham,England,45.0,M,Paid Social,2024-04-16,91.22
CUS02005,Charlie,Johnson,customer2005@email.co.uk,SHEFFIELD,England,30.0,F,Paid Social,2023-12-03,76.78
CUS02006,Nathan,Hussain,customer2006@email.co.uk,Cardiff,Wales,46.0,F,Organic,2023-08-21,13.42
CUS02007,Noah,Sharma,customer2007@email.co.uk,Manchester,England,43.0,female,Paid Social,2024-08-18,99.43
CUS02008,Liam,Hussain,customer2008@email.co.uk,Manchester,England,53.0,M,Google Ads,2022-08-17,45.15
CUS02009,Liam,Williams,customer2009@email.co.uk,leeds,England,37.0,M,Paid Social,2023-02-11,59.29
CUS02010,Natalie,Robinson,customer2010@email.co.uk,London ,England,24.0,F,Paid Social,2024-07-30,99.43
CUS02011,Isla,Smith,customer2011@email.co.uk,Birmingham,England,30.0,F,Paid Social,2024-11-01,108.38
CUS02012,Harry,Thomas,customer2012@email.co.uk,,,19.0,M,Paid Social,2024-04-03,91.22
CUS02013,Chloe,Kelly,customer2013@email.co.uk,Sheffield,England,45.0,M,Paid Social,2022-04-13,45.78
CUS02014,Poppy,McCarthy,customer2014@email.co.uk,Manchester,England,45.0,Woman,Google Ads,2024-09-13,89.96
CUS02015,Dylan,Evans,customer2015@email.co.uk,London,England,27.0,F,Paid Social,2024-12-13,108.38
CUS02016,Omar,Jones,customer2016@email.co.uk,Manchester,England,32.0,M,Paid Social,2023-09-20,70.44
CUS02017,Jack,Khan,customer2017@email.co.uk,Edinburgh,Scotland,35.0,M,Google Ads,2023-07-03,63.73
CUS02018,George,Wilson,customer2018@email.co.uk,Birmingham,England,42.0,female,Paid Social,2023-05-19,64.62
CUS02019,Alfie,Murphy,customer2019@email.co.uk,glasgow,Scotland,32.0,F,Paid Social,2024-01-22,83.69
CUS02020,Freddie,Ryan,customer2020@email.co.uk,Newcastle,England,18.0,M,Paid Social,2022-10-07,54.39
CUS02021,Dylan,Smith,customer2021@email.co.uk,Edinburgh,Scotland,40.0,F,Google Ads,2022-08-20,45.15
CUS02022,Olivia,Thompson,customer2022@email.co.uk,Manchester,England,45.0,F,Paid Social,2024-12-26,108.38
CUS02023,Rohan,Byrne,customer2023@email.co.uk,London,England,38.0,M,Direct,2023-10-30,0.0
CUS02024,Leo,Byrne,customer2024@email.co.uk,Glasgow,Scotland,38.0,F,Paid Social,2023-11-08,76.78
CUS02025,Chloe,Wilson,customer2025@email.co.uk,London,England,33.0,M,Google Ads,2023-03-13,53.64
CUS02026,Hannah,Shah,customer2026@email.co.uk,Leeds,England,37.0,Woman,Paid Social,2022-04-05,45.78
CUS02027,Grace,Brown,customer2027@email.co.uk,Edinburgh,Scotland,36.0,M,Google Ads,2022-05-07,41.42
CUS02028,Ethan,Anderson,customer2028@email.co.uk,Birmingham,England,47.0,M,Paid Social,2022-04-29,45.78
CUS02029,Poppy,Brown,customer2029@email.co.uk,London,England,32.0,M,Direct,2024-05-16,0.0
CUS02030,Jessica,White,customer2030@email.co.uk,London,England,18.0,F,Paid Social,2024-07-28,99.43
CUS02031,James,Clark,customer2031@email.co.uk,,,45.0,M,Paid Social,2024-12-03,108.38
CUS02032,Jessica,Brown,customer2032@email.co.uk,EDINBURGH,Scotland,38.0,,Google Ads,2024-12-20,98.06
CUS02033,Harry,Martin,customer2033@email.co.uk,Edinburgh,Scotland,53.0,M,Paid Social,2022-09-13,49.9
CUS02034,Chloe,Taylor,customer2034@email.co.uk,Glasgow,Scotland,32.0,M,Paid Social,2022-02-06,42.0
CUS02035,Logan,Connor,customer2035@email.co.uk,Manchester,England,35.0,Other,Paid Social,2024-04-27,91.22
CUS02036,Mason,Lewis,customer2036@email.co.uk,Manchester,England,37.0,F,Paid Social,2023-02-28,59.29
CUS02037,James,Khan,customer2037@email.co.uk,London,England,41.0,female,Paid Social,2024-11-18,108.38
CUS02038,Aisha,Williams,customer2038@email.co.uk,Sheffield,England,36.0,Female,Direct,2023-10-17,0.0
CUS02039,Priya,Malik,customer2039@email.co.uk,Newcastle,England,27.0,MALE,Paid Social,2023-08-27,70.44
CUS02040,Zoe,Walker,customer2040@email.co.uk,Glasgow,Scotland,30.0,F,Google Ads,2023-08-06,63.73
CUS02041,Mia,Patel,customer2041@email.co.uk,Manchester,England,26.0,F,Paid Social,2023-03-21,59.29
CUS02042,Aisha,Sharma,customer2042@email.co.uk,Manchester,England,36.0,Man,Paid Social,2023-12-11,76.78
CUS02043,Hassan,Lewis,customer2043@email.co.uk,Edinburgh,Scotland,29.0,F,Google Ads,2022-10-26,49.21
CUS02044,Aiden,Singh,customer2044@email.co.uk,London,England,30.0,FEMALE,Paid Social,2024-12-18,108.38
CUS02045,Muhammad,Byrne,customer2045@email.co.uk,Manchester,England,31.0,MALE,Paid Social,2024-08-23,99.43
CUS02046,Logan,Ali,customer2046@email.co.uk,MANCHESTER,England,18.0,F,Email,2024-10-03,15.48
CUS02047,Leo,Ali,customer2047@email.co.uk,London,England,42.0,MALE,Google Ads,2024-11-30,98.06
CUS02048,Yusuf,Ali,customer2048@email.co.uk,Leeds,England,49.0,F,Google Ads,2024-04-25,82.53
CUS02049,Logan,Roberts,customer2049@email.co.uk,Sheffield,England,40.0,M,Organic,2024-11-07,20.64
CUS02050,Riya,Smith,customer2050@email.co.uk,Newcastle,England,37.0,M,Google Ads,2024-06-20,82.53
CUS02051,Ava,Kelly,customer2051@email.co.uk,London,England,42.0,M,Paid Social,2023-10-04,76.78
CUS02052,Chloe,Clark,customer2052@email.co.uk,London,England,38.0,M,Paid Social,2022-02-19,42.0
CUS02053,Aisha,Burke,customer2053@email.co.uk,Bristoll,England,36.0,F,Paid Social,2023-11-09,76.78
CUS02054,Omar,Ali,customer2054@email.co.uk,London,England,19.0,Woman,Paid Social,2023-11-24,76.78
CUS02055,Ava,Martin,customer2055@email.co.uk,London,England,31.0,M,Paid Social,2024-06-18,91.22
CUS02056,Arjun,Wilson,customer2056@email.co.uk,Liverpool,England,35.0,FEMALE,Google Ads,2024-10-15,98.06
CUS02057,Noah,Burke,customer2057@email.co.uk,London,England,51.0,F,Google Ads,2024-02-23,75.72
CUS02058,Harry,Taylor,customer2058@email.co.uk,sheffield,England,30.0,Woman,Paid Social,2022-06-12,45.78
CUS02059,Aiden,Connor,customer2059@email.co.uk,London,England,40.0,M,Paid Social,2022-06-18,45.78
CUS02060,Muhammad,Kumar,customer2060@email.co.uk,London,England,26.0,M,Google Ads,2024-10-17,98.06
CUS02061,Mia,Khan,customer2061@email.co.uk,London,England,48.0,f,Paid Social,2024-10-25,108.38
CUS02062,Nathan,McCarthy,customer2062@email.co.uk,Edinburgh,Scotland,33.0,Man,Paid Social,2023-07-15,70.44
CUS02063,James,O'Brien,customer2063@email.co.uk,Leeds,England,33.0,Female,Paid Social,2022-05-13,45.78
CUS02064,Hassan,O'Brien,customer2064@email.co.uk,Manchester,England,32.0,M,Paid Social,2022-07-11,49.9
CUS02065,Chloe,Patel,customer2065@email.co.uk,Manchester,England,34.0,F,Paid Social,2022-07-21,49.9
CUS02066,Natalie,Byrne,customer2066@email.co.uk,MANCHESTER,England,49.0,M,Direct,2024-11-13,0.0
CUS02067,Lucas,Robinson,customer2067@email.co.uk,Birmingham,England,38.0,F,Google Ads,2023-07-21,63.73
CUS02068,Riya,Ali,customer2068@email.co.uk,Bristol,England,40.0,M,Paid Social,2023-09-23,70.44
CUS02069,Ethan,Brown,customer2069@email.co.uk,Manchester,England,39.0,F,Paid Social,2024-09-03,99.43
CUS02070,Aiden,Ryan,customer2070@email.co.uk,London,England,39.0,M,Email,2022-12-16,7.77
CUS02071,Jessica,Burke,customer2071@email.co.uk,birmingham,England,46.0,F,Paid Social,2023-11-20,76.78
CUS02072,Arjun,Khan,customer2072@email.co.uk,Manchester,England,31.0,F,Email,2023-12-21,10.97
CUS02073,George,Byrne,customer2073@email.co.uk,Birmingham,England,18.0,M,Organic,2023-07-31,13.42
CUS02074,Arjun,Thompson,customer2074@email.co.uk,Glasgow,Scotland,40.0,Man,,2022-07-30,49.9
CUS02075,Megan,Clark,customer2075@email.co.uk,Birmingham,England,44.0,M,Google Ads,2023-08-10,63.73
CUS02076,Isabella,O'Brien,customer2076@email.co.uk,Sheffield,England,43.0,F,Paid Social,2022-07-18,49.9
CUS02077,Omar,Shah,customer2077@email.co.uk,London,England,33.0,Man,Google Ads,2023-04-05,58.47
CUS02078,Hannah,Flynn,customer2078@email.co.uk,Birmingham,England,32.0,M,Paid Social,2023-07-14,70.44
CUS02079,Emma,McCarthy,customer2079@email.co.uk,BIRMINGHAM,England,25.0,FEMALE,Google Ads,2022-11-02,49.21
CUS02080,Poppy,Roberts,customer2080@email.co.uk,Birmingham,England,36.0,,Referral,2024-12-30,36.13
CUS02081,George,Ryan,customer2081@email.co.uk,Sheffield,England,18.0,Male,Paid Social,2024-05-03,91.22
CUS02082,Mason,Ryan,customer2082@email.co.uk,London,England,31.0,FEMALE,Paid Social,2024-11-23,108.38
CUS02083,Emily,Ryan,customer2083@email.co.uk,Leeds,England,26.0,Male,Email,2024-11-23,15.48
CUS02084,Amelia,Ahmed,customer2084@email.co.uk,Edinburgh,Scotland,27.0,M,Paid Social,2023-02-19,59.29
CUS02085,Ava,White,customer2085@email.co.uk,,,39.0,Woman,Paid Social,2022-09-04,49.9
CUS02086,Leo,Malik,customer2086@email.co.uk,Birmingham,England,45.0,f,Google Ads,2024-12-27,98.06
CUS02087,Olivia,Williams,customer2087@email.co.uk,London,England,44.0,M,Google Ads,2023-11-06,69.47
CUS02088,Muhammad,Ali,customer2088@email.co.uk,London,England,35.0,female,Paid Social,2024-04-19,91.22
CUS02089,Mason,Singh,customer2089@email.co.uk,glasgow,Scotland,49.0,F,Paid Social,2024-10-13,108.38
CUS02090,Alfie,Sharma,customer2090@email.co.uk,Cardiff,Wales,30.0,M,Paid Social,2023-05-04,64.62
CUS02091,Leo,Clark,customer2091@email.co.uk,London,England,21.0,F,Paid Social,2023-12-31,76.78
CUS02092,Lucas,Evans,customer2092@email.co.uk,London,England,47.0,M,Google Ads,2023-03-10,53.64
CUS02093,Mason,Shah,customer2093@email.co.uk,Birmingham,England,44.0,M,Organic,2022-11-22,10.36
CUS02094,Arjun,Ryan,customer2094@email.co.uk,Leeds,England,36.0,M,Paid Social,2022-03-18,42.0
CUS02095,Hannah,Hall,customer2095@email.co.uk,Cardiff,Wales,25.0,F,,2022-12-09,54.39
CUS02096,Ryan,Davies,customer2096@email.co.uk,London,England,48.0,M,Paid Social,2022-12-22,54.39
CUS02097,Jessica,Hussain,customer2097@email.co.uk,Manchester,England,35.0,male,Google Ads,2024-06-28,82.53
CUS02098,Lily,Kumar,customer2098@email.co.uk,Liverpool,England,999.0,Male,Google Ads,2023-11-09,69.47
CUS02099,Aisha,Wilson,customer2099@email.co.uk,Birmingham,England,32.0,Man,Paid Social,2024-07-22,99.43
CUS02100,Ryan,O'Brien,customer2100@email.co.uk,Manchester,England,36.0,F,Google Ads,2023-02-18,53.64
CUS02101,Omar,White,customer2101@email.co.uk,Leeds,England,46.0,Male,Referral,2022-11-20,18.13
CUS02102,Yusuf,Ryan,customer2102@email.co.uk,London,England,37.0,F,Paid Social,2023-12-21,76.78
CUS02103,Leo,Smith,customer2103@email.co.uk,Leeds,England,33.0,F,Paid Social,2023-01-22,59.29
CUS02104,Rohan,Thomas,customer2104@email.co.uk,Bristol,England,26.0,F,Paid Social,2024-07-04,99.43
CUS02105,Mason,Murphy,customer2105@email.co.uk,London,England,45.0,F,Paid Social,2023-06-23,64.62
CUS02106,Hannah,Robinson,customer2106@email.co.uk,Edinburgh,Scotland,37.0,F,Paid Social,2023-02-08,59.29
CUS02107,Megan,Ahmed,customer2107@email.co.uk,Liverpool,England,21.0,female,Google Ads,2024-07-04,89.96
CUS02108,Hannah,Patel,customer2108@email.co.uk,Liverpool,England,18.0,F,Paid Social,2022-10-31,54.39
CUS02109,Lucas,Clark,customer2109@email.co.uk,London,England,35.0,F,Paid Social,2024-06-07,91.22
CUS02110,Oliver,Connor,customer2110@email.co.uk,manchester,England,29.0,FEMALE,Paid Social,2023-07-03,70.44
CUS02111,Isla,Smith,customer2111@email.co.uk,London,England,51.0,F,Paid Social,2022-06-09,45.78
CUS02112,Ella,Clark,customer2112@email.co.uk,Glasgow,Scotland,28.0,M,Google Ads,2024-02-22,75.72
CUS02113,Jack,Flynn,customer2113@email.co.uk,BIRMINGHAM,England,27.0,Man,Paid Social,2024-01-26,83.69
CUS02114,Olivia,Hall,customer2114@email.co.uk,Bristol,England,49.0,M,Paid Social,2022-07-01,49.9
CUS02115,Fatima,Byrne,customer2115@email.co.uk,Manchester,England,25.0,,,2023-09-19,63.73
CUS02116,Jessica,Khan,customer2116@email.co.uk,London,England,37.0,F,Paid Social,2023-09-22,70.44
CUS02117,Isabella,Robinson,customer2117@email.co.uk,Manchestr,England,34.0,f,Paid Social,2024-05-29,91.22
CUS02118,Isabella,Kumar,customer2118@email.co.uk,Cardiff,Wales,29.0,M,Paid Social,2022-11-07,54.39
CUS02119,Noah,Ryan,customer2119@email.co.uk,Birmingham,England,18.0,M,Paid Social,2023-12-08,76.78
CUS02120,Riya,Murphy,customer2120@email.co.uk,Birmingham,England,37.0,M,Organic,2024-12-27,20.64
CUS02121,Noah,Martin,customer2121@email.co.uk,Glasgow,Scotland,18.0,,Referral,2022-02-08,14.0
CUS02122,Freddie,Singh,customer2122@email.co.uk,London,England,43.0,F,Direct,2024-05-30,0.0
CUS02123,Lily,Burke,customer2123@email.co.uk,London,England,18.0,F,Google Ads,2023-05-16,58.47
CUS02124,Sara,Ahmed,customer2124@email.co.uk,London,England,18.0,F,Google Ads,2023-10-15,69.47
CUS02125,Harry,Kumar,customer2125@email.co.uk,London,England,49.0,M,Paid Social,2023-02-11,59.29
CUS02126,Lucas,Ahmed,customer2126@email.co.uk,Cardiff,Wales,32.0,M,Paid Social,2023-09-19,70.44
CUS02127,Harry,Walker,customer2127@email.co.uk,London,England,27.0,M,Organic,2023-10-25,14.62
CUS02128,Logan,Singh,customer2128@email.co.uk,Bristol,England,18.0,F,Google Ads,2024-11-17,98.06
CUS02129,Priya,Kelly,customer2129@email.co.uk,London,England,37.0,F,Google Ads,2024-10-19,98.06
CUS02130,Isabella,Shah,customer2130@email.co.uk,Birmingham,England,20.0,Man,Organic,2024-11-22,20.64
CUS02131,Ava,Ali,customer2131@email.co.uk,Liverpool,England,57.0,M,Paid Social,2024-12-13,108.38
CUS02132,Natalie,Thomas,customer2132@email.co.uk,Nottingham,England,21.0,other,Google Ads,2023-07-08,63.73
CUS02133,Megan,Martin,customer2133@email.co.uk,Liverpool,England,18.0,Female,Paid Social,2024-07-29,99.43
CUS02134,Fatima,Flynn,customer2134@email.co.uk,Manchester,England,39.0,M,Google Ads,2024-11-01,98.06
CUS02135,Mason,Brown,customer2135@email.co.uk,Leeds,England,18.0,M,Organic,2022-07-25,9.5
CUS02136,Arjun,Anderson,customer2136@email.co.uk,Sheffield,England,18.0,F,Paid Social,2024-06-08,91.22
CUS02137,Liam,Brown,customer2137@email.co.uk,London,England,37.0,M,Google Ads,2023-12-20,69.47
CUS02138,Noah,Kumar,customer2138@email.co.uk,London,England,36.0,F,Google Ads,2022-11-08,49.21
CUS02139,Lucas,Hussain,customer2139@email.co.uk,London,England,46.0,male,Paid Social,2024-02-27,83.69
CUS02140,Hannah,Sharma,customer2140@email.co.uk,Manchester,England,24.0,male,Google Ads,2024-05-01,82.53
CUS02141,Grace,Jones,customer2141@email.co.uk,Liverpool,England,49.0,,Google Ads,2024-03-25,75.72
CUS02142,Charlie,Flynn,customer2142@email.co.uk,Birmingham,England,35.0,F,Google Ads,2022-01-16,38.0
CUS02143,Ella,Malik,customer2143@email.co.uk,Glasgow,Scotland,39.0,M,Paid Social,2024-11-19,108.38
CUS02144,Nathan,Singh,customer2144@email.co.uk,Liverpol,England,34.0,M,Google Ads,2023-05-18,58.47
CUS02145,Logan,O'Brien,customer2145@email.co.uk,Glasgow,Scotland,18.0,m,Paid Social,2024-08-18,99.43
CUS02146,Olivia,Brown,customer2146@email.co.uk,Bristol,England,23.0,M,Paid Social,2022-09-17,49.9
CUS02147,Ryan,Hussain,customer2147@email.co.uk,London,England,36.0,FEMALE,Paid Social,2024-01-15,83.69
CUS02148,Grace,Thomas,customer2148@email.co.uk,,,39.0,F,Google Ads,2022-04-27,41.42
CUS02149,Chloe,Smith,customer2149@email.co.uk,Sheffield,England,31.0,M,Paid Social,2023-12-06,76.78
CUS02150,Arjun,Thompson,customer2150@email.co.uk,Manchester,England,18.0,M,Google Ads,2024-03-17,75.72
CUS02151,Hassan,Martin,customer2151@email.co.uk,Birmingham,England,33.0,M,Paid Social,2023-06-30,64.62
CUS02152,Aiden,Byrne,customer2152@email.co.uk,Glasgow,Scotland,29.0,male,Google Ads,2024-05-31,82.53
CUS02153,Harry,Walker,customer2153@email.co.uk,Birmingham,England,21.0,F,Email,2023-10-04,10.97
CUS02154,Mia,Patel,customer2154@email.co.uk,Leeds,England,23.0,F,Paid Social,2022-04-24,45.78
CUS02155,Sara,Ali,customer2155@email.co.uk,Manchester,England,21.0,O,Paid Social,2022-03-26,42.0
CUS02156,Sara,Malik,customer2156@email.co.uk,Birmingham,England,43.0,M,Google Ads,2022-04-15,41.42
CUS02157,Alfie,Davies,customer2157@email.co.uk,London,England,37.0,M,Email,2023-05-03,9.23
CUS02158,Poppy,Brown,customer2158@email.co.uk,Manchester,England,42.0,F,Google Ads,2024-11-21,98.06
CUS02159,Ella,Smith,customer2159@email.co.uk,London,England,45.0,M,Referral,2023-04-20,21.54
CUS02160,Charlie,Murphy,customer2160@email.co.uk,Birmingham,England,45.0,F,Paid Social,2024-08-31,99.43
CUS02161,Noah,Anderson,customer2161@email.co.uk,Cardiff,Wales,27.0,M,Organic,2024-03-14,15.94
CUS02162,Ella,Malik,customer2162@email.co.uk,Newcastle,England,39.0,female,Paid Social,2024-05-16,91.22
CUS02163,Jack,Martin,customer2163@email.co.uk,London,England,35.0,F,Paid Social,2024-03-27,83.69
CUS02164,Fatima,Patel,customer2164@email.co.uk,sheffield,England,26.0,m,Email,2022-11-11,7.77
CUS02165,Emma,Taylor,customer2165@email.co.uk,Newcastle,England,36.0,M,Google Ads,2024-10-18,98.06
CUS02166,Mia,Sharma,customer2166@email.co.uk,Leeds,England,41.0,F,Google Ads,2023-08-03,63.73
CUS02167,Natalie,Thomas,customer2167@email.co.uk,Leeds,England,18.0,M,Paid Social,2024-11-24,108.38
CUS02168,Logan,Taylor,customer2168@email.co.uk,London,England,44.0,Female,Paid Social,2022-02-08,42.0
CUS02169,Riya,Roberts,customer2169@email.co.uk,Bristol,England,41.0,F,Google Ads,2022-07-22,45.15
CUS02170,Muhammad,Patel,customer2170@email.co.uk,London,England,18.0,F,Paid Social,2022-08-20,49.9
CUS02171,Isla,Ryan,customer2171@email.co.uk,Liverpool,England,18.0,M,Paid Social,2024-06-09,91.22
CUS02172,James,White,customer2172@email.co.uk,Birmingham,England,45.0,MALE,Paid Social,2022-07-11,49.9
CUS02173,Zoe,Lewis,customer2173@email.co.uk,Leeds,England,38.0,F,Paid Social,2023-08-19,70.44
CUS02174,Hannah,Clark,customer2174@email.co.uk,Sheffield,England,47.0,F,Google Ads,2023-11-08,69.47
CUS02175,Noah,Khan,customer2175@email.co.uk,Birmigham,England,36.0,F,Paid Social,2023-11-08,76.78
CUS02176,Lucas,Clark,customer2176@email.co.uk,Liverpool,England,40.0,F,Google Ads,2023-03-04,53.64
CUS02177,Arjun,Hall,customer2177@email.co.uk,Birmingham,England,22.0,M,Google Ads,2024-10-26,98.06
CUS02178,Mia,Hussain,customer2178@email.co.uk,Birmingham,England,31.0,F,Paid Social,2023-09-11,70.44
CUS02179,Chloe,Sharma,customer2179@email.co.uk,London,England,32.0,Female,Paid Social,2022-10-15,54.39
CUS02180,Rohan,Taylor,customer2180@email.co.uk,Manchester,England,37.0,F,Paid Social,2023-12-06,76.78
CUS02181,Sophie,Hall,customer2181@email.co.uk,London,England,21.0,m,Google Ads,2022-07-19,45.15
CUS02182,Ava,Ali,customer2182@email.co.uk,Glasgow,Scotland,41.0,F,Google Ads,2024-04-11,82.53
CUS02183,Dylan,Byrne,customer2183@email.co.uk,LONDON,England,36.0,F,Paid Social,2022-10-12,54.39
CUS02184,Isabella,Hall,customer2184@email.co.uk,Birmingham,England,44.0,M,Google Ads,2024-11-01,98.06
CUS02185,Isla,Thomas,customer2185@email.co.uk,Edinburgh,Scotland,41.0,M,Paid Social,2022-05-29,45.78
CUS02186,Jack,Anderson,customer2186@email.co.uk,Birmingham,England,32.0,m,Paid Social,2023-03-25,59.29
CUS02187,Zoe,Ahmed,customer2187@email.co.uk,Cardiff,Wales,32.0,OTHER,Google Ads,2022-11-22,49.21
CUS02188,Nathan,Murphy,customer2188@email.co.uk,London,England,28.0,F,Paid Social,2023-12-15,76.78
CUS02189,Fatima,Flynn,customer2189@email.co.uk,London,England,31.0,M,Paid Social,2023-07-20,70.44
CUS02190,Leo,Ahmed,customer2190@email.co.uk,Birmingham,England,40.0,M,Paid Social,2023-09-11,70.44
CUS02191,Liam,Martin,customer2191@email.co.uk,Liverpool,England,18.0,F,Google Ads,2023-09-06,63.73
CUS02192,Nathan,Connor,customer2192@email.co.uk,Birmingham,England,24.0,m,Google Ads,2024-01-30,75.72
CUS02193,Arjun,Taylor,customer2193@email.co.uk,Manchester,England,31.0,Other,Google Ads,2023-01-04,53.64
CUS02194,Omar,Khan,customer2194@email.co.uk,Bristol,England,32.0,M,Google Ads,2023-04-11,58.47
CUS02195,James,Byrne,customer2195@email.co.uk,London,England,34.0,F,Google Ads,2022-12-30,49.21
CUS02196,George,Sharma,customer2196@email.co.uk,Manchester,England,26.0,m,Google Ads,2022-09-04,45.15
CUS02197,Ella,Khan,customer2197@email.co.uk,,,25.0,F,Paid Social,2024-02-17,83.69
CUS02198,Harry,Lewis,customer2198@email.co.uk,London,England,34.0,f,Paid Social,2024-11-24,108.38
CUS02199,Poppy,Kumar,customer2199@email.co.uk,Manchester,England,23.0,F,Google Ads,2024-11-11,98.06
CUS02200,Lily,Martin,customer2200@email.co.uk,Manchester,England,18.0,M,Google Ads,2024-12-11,98.06
CUS02201,Fatima,Anderson,customer2201@email.co.uk,Edinburgh,Scotland,18.0,M,Paid Social,2022-07-15,49.9
CUS02202,Natalie,Burke,customer2202@email.co.uk,birmingham,England,18.0,F,Referral,2024-05-30,30.41
CUS02203,Nathan,Hussain,customer2203@email.co.uk,Manchester,England,34.0,Female,Paid Social,2022-05-23,45.78
CUS02204,Omar,Kumar,customer2204@email.co.uk,Bristol,England,36.0,M,Email,2024-08-31,14.2
CUS02205,Emily,Anderson,customer2205@email.co.uk,Leeds,England,44.0,m,Paid Social,2024-09-25,99.43
CUS02206,Jack,White,customer2206@email.co.uk,London,England,43.0,M,Paid Social,2023-10-09,76.78
CUS02207,Dylan,Wilson,customer2207@email.co.uk,Leeds,England,37.0,FEMALE,Paid Social,2024-12-24,108.38
CUS02208,Jack,Thomas,customer2208@email.co.uk,London,England,18.0,MALE,Google Ads,2023-09-23,63.73
CUS02209,George,Kelly,customer2209@email.co.uk,London,England,42.0,F,Paid Social,2023-11-25,76.78
CUS02210,Grace,White,customer2210@email.co.uk,NEWCASTLE,England,31.0,M,Google Ads,2023-05-02,58.47
CUS02211,James,Connor,customer2211@email.co.uk,Leeds,England,35.0,M,Paid Social,2024-09-03,99.43
CUS02212,Hassan,Johnson,customer2212@email.co.uk,London,England,31.0,FEMALE,Paid Social,2023-12-11,76.78
CUS02213,Grace,Thompson,customer2213@email.co.uk,Leeds,England,33.0,Man,Email,2023-10-30,10.97
CUS02214,Rohan,Walker,customer2214@email.co.uk,London,England,43.0,Female,Organic,2023-08-11,13.42
CUS02215,Emily,Byrne,customer2215@email.co.uk,London,England,30.0,Male,Google Ads,2024-07-04,89.96
CUS02216,Amelia,Roberts,customer2216@email.co.uk,Leeds,England,25.0,m,Paid Social,2022-05-20,45.78
CUS02217,Sara,Anderson,customer2217@email.co.uk,Manchester,England,21.0,MALE,Google Ads,2024-02-28,75.72
CUS02218,Hannah,Evans,customer2218@email.co.uk,Leeds,England,42.0,M,Paid Social,2022-05-21,45.78
CUS02219,Nathan,Evans,customer2219@email.co.uk,Leeds,England,26.0,M,Organic,2022-11-23,10.36
CUS02220,Isla,Davies,customer2220@email.co.uk,Liverpool,England,39.0,F,Google Ads,2022-03-15,38.0
CUS02221,Jack,Sharma,customer2221@email.co.uk,Leeds,England,35.0,F,Paid Social,2023-11-11,76.78
CUS02222,Poppy,Clark,customer2222@email.co.uk,London,England,37.0,M,Paid Social,2024-11-29,108.38
CUS02223,Fatima,Kumar,customer2223@email.co.uk,Leeds,England,30.0,F,Paid Social,2022-11-20,54.39
CUS02224,Rohan,Singh,customer2224@email.co.uk,Leeds,England,34.0,M,Email,2022-07-19,7.13
CUS02225,Leo,Taylor,customer2225@email.co.uk,Manchester,England,,,Paid Social,2023-11-16,76.78
CUS02226,Aisha,Thomas,customer2226@email.co.uk,EDINBURGH,Scotland,27.0,F,Paid Social,2022-02-19,42.0
CUS02227,Harry,Johnson,customer2227@email.co.uk,London,England,38.0,F,Paid Social,2023-05-17,64.62
CUS02228,Ryan,Walker,customer2228@email.co.uk,Leeds,England,38.0,MALE,Paid Social,2023-09-04,70.44
CUS02229,Yusuf,Thompson,customer2229@email.co.uk,,,52.0,F,Organic,2022-05-28,8.72
CUS02230,Natalie,Khan,customer2230@email.co.uk,Birmingham,England,28.0,Male,Google Ads,2024-10-30,98.06
CUS02231,Fatima,Connor,customer2231@email.co.uk,Birmingham,England,41.0,M,Google Ads,2023-06-26,58.47
CUS02232,Omar,Roberts,customer2232@email.co.uk,London,England,43.0,F,Google Ads,2023-12-27,69.47
CUS02233,Sophie,Clark,customer2233@email.co.uk,Sheffield,England,29.0,M,Email,2022-07-19,7.13
CUS02234,Muhammad,Connor,customer2234@email.co.uk,Manchester,England,26.0,F,Google Ads,2024-12-13,98.06
CUS02235,Emily,Roberts,customer2235@email.co.uk,London,England,23.0,M,Paid Social,2022-10-22,54.39
CUS02236,Arjun,Thompson,customer2236@email.co.uk,LONDON,England,34.0,M,Paid Social,2023-09-26,70.44
CUS02237,Aiden,Williams,customer2237@email.co.uk,Manchester,England,38.0,M,Paid Social,2022-06-13,45.78
CUS02238,Muhammad,Ali,customer2238@email.co.uk,Manchester,England,24.0,M,Google Ads,2022-09-21,45.15
CUS02239,Leo,Walker,customer2239@email.co.uk,Manchester,England,43.0,F,Paid Social,2022-08-22,49.9
CUS02240,Poppy,Byrne,customer2240@email.co.uk,birmingham,England,18.0,F,Paid Social,2023-06-28,64.62
CUS02241,Aisha,Davies,customer2241@email.co.uk,Bristol,England,22.0,M,Google Ads,2022-06-13,41.42
CUS02242,Isla,Malik,customer2242@email.co.uk,Newcastle,England,26.0,f,Paid Social,2023-09-27,70.44
CUS02243,Leo,White,customer2243@email.co.uk,Bristol,England,25.0,M,Paid Social,2023-12-12,76.78
CUS02244,Dylan,Patel,customer2244@email.co.uk,Birmingham,England,42.0,M,Referral,2022-11-02,18.13
CUS02245,Rohan,Hussain,customer2245@email.co.uk,Bristol,England,33.0,M,Paid Social,2024-07-17,99.43
CUS02246,Alfie,Williams,customer2246@email.co.uk,Leeds,England,39.0,F,Referral,2022-05-26,15.26
CUS02247,Ethan,Wilson,customer2247@email.co.uk,Glasgow,Scotland,47.0,F,Google Ads,2023-12-18,69.47
CUS02248,Arjun,Anderson,customer2248@email.co.uk,Bristol,England,46.0,Female,Google Ads,2024-08-26,89.96
CUS02249,Priya,Ryan,customer2249@email.co.uk,Bristol,England,43.0,F,Paid Social,2024-02-02,83.69
CUS02250,Hannah,Brown,customer2250@email.co.uk,Birmingham,England,24.0,m,Google Ads,2022-01-12,38.0
CUS02251,Lily,Murphy,customer2251@email.co.uk,Sheffield,England,43.0,F,Google Ads,2022-05-24,41.42
CUS02252,Ethan,Jones,customer2252@email.co.uk,Edinburgh,Scotland,45.0,F,Paid Social,2022-04-07,45.78
CUS02253,Yusuf,Murphy,customer2253@email.co.uk,Newcastle,England,18.0,F,Email,2022-08-12,7.13
CUS02254,Noah,Martin,customer2254@email.co.uk,Edinburgh,Scotland,18.0,male,Paid Social,2023-11-16,76.78
CUS02255,Grace,Lewis,customer2255@email.co.uk,London,England,25.0,M,Paid Social,2024-12-08,108.38
CUS02256,Sophie,Kelly,customer2256@email.co.uk,Sheffield,England,24.0,M,Google Ads,2023-06-08,58.47
CUS02257,Natalie,Byrne,customer2257@email.co.uk,,,28.0,M,Paid Social,2024-08-05,99.43
CUS02258,Yusuf,Davies,customer2258@email.co.uk,Leeds,England,30.0,FEMALE,Google Ads,2023-01-20,53.64
CUS02259,Isla,Thomas,customer2259@email.co.uk,Edinburgh,Scotland,35.0,Male,Paid Social,2024-12-16,108.38
CUS02260,Emma,Lewis,customer2260@email.co.uk,Glasgow,Scotland,27.0,M,Email,2023-06-24,9.23
CUS02261,Sara,Thompson,customer2261@email.co.uk,London,England,30.0,M,Organic,2022-11-05,10.36
CUS02262,Natalie,Hall,customer2262@email.co.uk,London,England,38.0,M,Paid Social,2022-11-02,54.39
CUS02263,Harry,Flynn,customer2263@email.co.uk,London,England,23.0,FEMALE,Google Ads,2022-07-21,45.15
CUS02264,Lauren,Evans,customer2264@email.co.uk,London,England,25.0,Male,Paid Social,2022-06-03,45.78
CUS02265,James,Shah,customer2265@email.co.uk,Edinburgh,Scotland,,Woman,Paid Social,2024-11-20,108.38
CUS02266,Isla,Roberts,customer2266@email.co.uk,Birmingham,England,28.0,F,Paid Social,2024-06-05,91.22
CUS02267,Arjun,Hall,customer2267@email.co.uk,London,England,18.0,F,,2022-09-05,49.9
CUS02268,Jack,White,customer2268@email.co.uk,Birmingham,England,50.0,Other,,2024-01-15,83.69
CUS02269,Liam,Shah,customer2269@email.co.uk,Londen,England,35.0,f,Paid Social,2023-09-24,70.44
CUS02270,Ryan,O'Brien,customer2270@email.co.uk,Cardiff,Wales,43.0,F,,2022-05-19,41.42
CUS02271,Ava,Patel,customer2271@email.co.uk,Birmingham,England,40.0,MALE,Email,2024-12-24,15.48
CUS02272,Hassan,Ahmed,customer2272@email.co.uk,Manchestor,England,27.0,M,Paid Social,2022-12-10,54.39
CUS02273,Olivia,Wilson,customer2273@email.co.uk,Leeds,England,37.0,M,Paid Social,2023-12-17,76.78
CUS02274,Sophie,Brown,customer2274@email.co.uk,London,England,39.0,F,Paid Social,2023-05-29,64.62
CUS02275,Omar,Connor,customer2275@email.co.uk,Glasgow,Scotland,45.0,M,Referral,2023-10-17,25.59
CUS02276,Nathan,Evans,customer2276@email.co.uk,Manchester,England,26.0,F,Google Ads,2024-12-26,98.06
CUS02277,Hassan,Connor,customer2277@email.co.uk,Leeds,England,36.0,F,Paid Social,2024-07-15,99.43
CUS02278,Alfie,Johnson,customer2278@email.co.uk,Manchester,England,26.0,M,Google Ads,2022-12-12,49.21
CUS02279,Lauren,Hussain,customer2279@email.co.uk,London,England,18.0,male,Paid Social,2024-05-17,91.22
CUS02280,Nathan,Williams,customer2280@email.co.uk,Sheffield,England,43.0,M,Paid Social,2023-09-24,70.44
CUS02281,Harry,Williams,customer2281@email.co.uk,London,England,29.0,F,Paid Social,2022-12-12,54.39
CUS02282,Chloe,Flynn,customer2282@email.co.uk,Glasgow,Scotland,42.0,M,Paid Social,2023-12-07,76.78
CUS02283,Charlie,Sharma,customer2283@email.co.uk,,,42.0,F,Paid Social,2022-12-07,54.39
CUS02284,Priya,Thomas,customer2284@email.co.uk,Glasgow,Scotland,19.0,female,Paid Social,2024-08-28,99.43
CUS02285,Logan,McCarthy,customer2285@email.co.uk,Manchester,England,42.0,F,Paid Social,2023-03-03,59.29
CUS02286,Ethan,Brown,customer2286@email.co.uk,,,30.0,M,Google Ads,2022-06-29,41.42
CUS02287,Mason,Johnson,customer2287@email.co.uk,glasgow,Scotland,40.0,F,Paid Social,2024-10-11,108.38
CUS02288,Mason,Johnson,customer2288@email.co.uk,Manchester,England,18.0,M,,2022-10-07,54.39
CUS02289,Arjun,Davies,customer2289@email.co.uk,London,England,18.0,Woman,Paid Social,2024-05-21,91.22
CUS02290,Liam,Smith,customer2290@email.co.uk,Liverpool,England,18.0,Man,Paid Social,2024-10-15,108.38
CUS02291,Priya,O'Brien,customer2291@email.co.uk,Manchester,England,36.0,M,Paid Social,2024-06-09,91.22
CUS02292,Sophie,Roberts,customer2292@email.co.uk,London,England,18.0,M,Google Ads,2024-12-02,98.06
CUS02293,Isabella,Evans,customer2293@email.co.uk,London,England,38.0,Male,Google Ads,2023-01-21,53.64
CUS02294,Charlie,Robinson,customer2294@email.co.uk,London,England,35.0,M,Google Ads,2023-06-13,58.47
CUS02295,Alfie,Roberts,customer2295@email.co.uk,London,England,39.0,FEMALE,Google Ads,2024-03-03,75.72
CUS02296,Grace,Lewis,customer2296@email.co.uk,Manchester,England,48.0,M,Direct,2022-07-26,0.0
CUS02297,Zoe,Byrne,customer2297@email.co.uk,London,England,45.0,Male,Paid Social,2024-12-25,108.38
CUS02298,Alfie,Khan,customer2298@email.co.uk,London,England,43.0,M,Paid Social,2024-04-01,91.22
CUS02299,Nathan,Robinson,customer2299@email.co.uk,Bristol,England,29.0,m,Paid Social,2024-04-22,91.22
CUS02300,Amelia,McCarthy,customer2300@email.co.uk,Manchester,England,39.0,F,Google Ads,2023-12-25,69.47
CUS02301,Zoe,Williams,customer2301@email.co.uk,Birmingham,England,25.0,Female,Paid Social,2023-11-02,76.78
CUS02302,Chloe,Clark,customer2302@email.co.uk,Manchester,England,22.0,F,Google Ads,2022-11-05,49.21
CUS02303,Mason,Martin,customer2303@email.co.uk,Cardiff,Wales,22.0,F,Google Ads,2022-07-09,45.15
CUS02304,Lily,Hussain,customer2304@email.co.uk,London,England,35.0,Other,Organic,2022-12-26,10.36
CUS02305,Mia,Anderson,customer2305@email.co.uk,LEEDS,England,29.0,Female,,2022-03-06,42.0
CUS02306,Freddie,Robinson,customer2306@email.co.uk,Leeds,England,35.0,M,Paid Social,2024-02-16,83.69
CUS02307,Omar,Byrne,customer2307@email.co.uk,Bristol,England,26.0,Man,Google Ads,2022-10-21,49.21
CUS02308,Chloe,Robinson,customer2308@email.co.uk,Glasgow,Scotland,44.0,M,Paid Social,2024-11-17,108.38
CUS02309,Charlie,Smith,customer2309@email.co.uk,Manchester,England,21.0,Woman,Google Ads,2022-07-14,45.15
CUS02310,Charlie,Taylor,customer2310@email.co.uk,Glasgow,Scotland,36.0,F,Email,2023-04-08,9.23
CUS02311,Grace,McCarthy,customer2311@email.co.uk,Glasgow,Scotland,30.0,F,Organic,2024-10-08,20.64
CUS02312,Emily,Thompson,customer2312@email.co.uk,Sheffield,England,35.0,female,Paid Social,2024-02-13,83.69
CUS02313,Noah,Johnson,customer2313@email.co.uk,Newcastle,England,21.0,O,Google Ads,2023-07-30,63.73
CUS02314,Leo,Clark,customer2314@email.co.uk,,,24.0,Female,Email,2024-06-13,13.03
CUS02315,Oliver,Singh,customer2315@email.co.uk,London,England,33.0,M,Paid Social,2023-07-15,70.44
CUS02316,Aiden,Burke,customer2316@email.co.uk,Birmingham,England,28.0,M,Google Ads,2022-09-20,45.15
CUS02317,Hannah,Wilson,customer2317@email.co.uk,London,England,38.0,M,Paid Social,2024-12-20,108.38
CUS02318,Lily,McCarthy,customer2318@email.co.uk,Newcastle,England,41.0,F,Paid Social,2024-10-18,108.38
CUS02319,Alfie,Davies,customer2319@email.co.uk,Liverpol,England,38.0,F,Paid Social,2024-06-19,91.22
CUS02320,Arjun,Flynn,customer2320@email.co.uk,Newcastle,England,21.0,M,Paid Social,2023-02-08,59.29
CUS02321,Emily,Thompson,customer2321@email.co.uk,Newcastle,England,35.0,M,Paid Social,2023-11-04,76.78
CUS02322,Ava,Kelly,customer2322@email.co.uk,Birmingham,England,23.0,M,Paid Social,2022-06-13,45.78
CUS02323,Sara,Walsh,customer2323@email.co.uk,Liverpool,England,56.0,F,Paid Social,2022-03-24,42.0
CUS02324,Fatima,Taylor,customer2324@email.co.uk,Cardiff,Wales,25.0,Male,Paid Social,2024-11-30,108.38
CUS02325,Ava,Brown,customer2325@email.co.uk,Leeds,England,25.0,M,Paid Social,2023-08-03,70.44
CUS02326,Lauren,Patel,customer2326@email.co.uk,Leeds,England,32.0,Woman,Paid Social,2022-11-24,54.39
CUS02327,Charlie,Williams,customer2327@email.co.uk,Bristol,England,31.0,Woman,Email,2024-08-06,14.2
CUS02328,Emily,Burke,customer2328@email.co.uk,London,England,37.0,FEMALE,Paid Social,2023-11-16,76.78
CUS02329,Sara,White,customer2329@email.co.uk,Glasgow,Scotland,34.0,F,Google Ads,2024-04-02,82.53
CUS02330,Sophie,Patel,customer2330@email.co.uk,London,England,23.0,FEMALE,Paid Social,2022-07-13,49.9
CUS02331,Noah,Malik,customer2331@email.co.uk,London,England,51.0,F,Paid Social,2023-09-04,70.44
CUS02332,Natalie,White,customer2332@email.co.uk,Newcastle,England,22.0,F,Google Ads,2023-07-23,63.73
CUS02333,James,Khan,customer2333@email.co.uk,London,England,47.0,F,Paid Social,2023-03-03,59.29
CUS02334,Logan,Sharma,customer2334@email.co.uk,Leeds,England,25.0,male,,2022-10-18,54.39
CUS02335,Harry,Davies,customer2335@email.co.uk,Nottingham,England,35.0,M,Paid Social,2024-10-19,108.38
CUS02336,Ava,Roberts,customer2336@email.co.uk,Leeds,England,26.0,Woman,Paid Social,2024-06-23,91.22
CUS02337,Omar,Walsh,customer2337@email.co.uk,London,England,38.0,M,Google Ads,2023-12-10,69.47
CUS02338,Rohan,Johnson,customer2338@email.co.uk,Newcastle,England,45.0,M,Paid Social,2023-01-25,59.29
CUS02339,Leo,Shah,customer2339@email.co.uk,,,21.0,M,,2024-03-02,83.69
CUS02340,Sara,Thomas,customer2340@email.co.uk,Cardiff,Wales,18.0,Man,,2023-07-26,70.44
CUS02341,Emily,Martin,customer2341@email.co.uk,Birmingham,England,18.0,m,Paid Social,2022-01-06,42.0
CUS02342,Poppy,Patel,customer2342@email.co.uk,Sheffield,England,40.0,,Paid Social,2024-02-14,83.69
CUS02343,Fatima,Brown,customer2343@email.co.uk,Bristol,England,25.0,f,Paid Social,2024-04-07,91.22
CUS02344,James,O'Brien,customer2344@email.co.uk,Leeds,England,18.0,F,Paid Social,2024-12-10,108.38
CUS02345,Harry,Murphy,customer2345@email.co.uk,London,England,27.0,M,Google Ads,2024-09-09,89.96
CUS02346,Hannah,Patel,customer2346@email.co.uk,,,39.0,male,Google Ads,2022-05-30,41.42
CUS02347,George,Kelly,customer2347@email.co.uk,Leeds,England,34.0,MALE,Paid Social,2023-04-04,64.62
CUS02348,Riya,Brown,customer2348@email.co.uk,London,England,23.0,M,Paid Social,2022-04-03,45.78
CUS02349,Isla,Taylor,customer2349@email.co.uk,Bristol,England,31.0,MALE,Google Ads,2022-05-13,41.42
CUS02350,Mason,Sharma,customer2350@email.co.uk,London,England,41.0,M,Paid Social,2023-09-25,70.44
CUS02351,Noah,Shah,customer2351@email.co.uk,London,England,31.0,F,Google Ads,2022-11-17,49.21
CUS02352,Natalie,Johnson,customer2352@email.co.uk,London,England,58.0,Woman,Google Ads,2022-05-02,41.42
CUS02353,Grace,Murphy,customer2353@email.co.uk,Glasgoe,Scotland,27.0,Female,Google Ads,2024-02-21,75.72
CUS02354,Freddie,Clark,customer2354@email.co.uk,Bristol,England,65.0,M,Paid Social,2024-11-17,108.38
CUS02355,Aisha,Hall,customer2355@email.co.uk,Manchester,England,31.0,F,Google Ads,2024-09-09,89.96
CUS02356,Jack,Malik,customer2356@email.co.uk,London,England,41.0,M,Paid Social,2022-04-20,45.78
CUS02357,Rohan,Flynn,customer2357@email.co.uk,liverpool,England,46.0,F,Email,2023-03-08,8.47
CUS02358,Amelia,Singh,customer2358@email.co.uk,Bristol,England,28.0,M,Paid Social,2022-03-24,42.0
CUS02359,Lucas,Walsh,customer2359@email.co.uk,Bristoll,England,30.0,F,Paid Social,2023-08-06,70.44
CUS02360,Sophie,Flynn,customer2360@email.co.uk,Edinburgh,Scotland,42.0,M,Google Ads,2024-11-25,98.06
CUS02361,Zoe,Wilson,customer2361@email.co.uk,London,England,42.0,M,Paid Social,2022-11-03,54.39
CUS02362,George,Clark,customer2362@email.co.uk,Sheffield,England,32.0,m,Paid Social,2024-06-12,91.22
CUS02363,Yusuf,Thompson,customer2363@email.co.uk,London,England,35.0,F,Google Ads,2023-10-25,69.47
CUS02364,Ava,Martin,customer2364@email.co.uk,London,England,26.0,F,Paid Social,2023-11-12,76.78
CUS02365,Natalie,Malik,customer2365@email.co.uk,Birmingham,England,23.0,M,Google Ads,2024-09-16,89.96
CUS02366,Mia,Robinson,customer2366@email.co.uk,Manchester,England,36.0,M,Paid Social,2023-03-27,59.29
CUS02367,Grace,McCarthy,customer2367@email.co.uk,Birmingham,England,27.0,Male,Paid Social,2023-04-15,64.62
CUS02368,Rohan,Taylor,customer2368@email.co.uk,Manchester,England,34.0,F,Google Ads,2024-06-19,82.53
CUS02369,Aiden,Hussain,customer2369@email.co.uk,London,England,18.0,F,Paid Social,2022-08-29,49.9
CUS02370,Riya,Patel,customer2370@email.co.uk,Sheffield,England,29.0,Female,Paid Social,2022-07-11,49.9
CUS02371,Lucas,Hussain,customer2371@email.co.uk,London,England,37.0,F,Google Ads,2023-07-25,63.73
CUS02372,Noah,Thompson,customer2372@email.co.uk,Leeds,England,35.0,M,Organic,2023-07-07,13.42
CUS02373,Priya,Patel,customer2373@email.co.uk,,,28.0,f,Google Ads,2023-03-15,53.64
CUS02374,Arjun,Kelly,customer2374@email.co.uk,London,England,40.0,M,Paid Social,2022-12-26,54.39
CUS02375,Dylan,Hall,customer2375@email.co.uk,London,England,18.0,M,Google Ads,2024-10-25,98.06
CUS02376,James,Hall,customer2376@email.co.uk,Edinburgh,Scotland,32.0,F,Paid Social,2023-07-25,70.44
CUS02377,Grace,Kelly,customer2377@email.co.uk,London,England,45.0,M,Paid Social,2023-03-24,59.29
CUS02378,Oliver,Wilson,customer2378@email.co.uk,London,England,50.0,F,Referral,2024-08-04,33.14
CUS02379,Emma,Sharma,customer2379@email.co.uk,,,24.0,f,Paid Social,2024-09-27,99.43
CUS02380,Logan,Kelly,customer2380@email.co.uk,Glasgow,Scotland,39.0,F,Email,2024-05-14,13.03
CUS02381,Sophie,Malik,customer2381@email.co.uk,London,England,46.0,M,Paid Social,2024-12-11,108.38
CUS02382,Leo,Patel,customer2382@email.co.uk,Birmingham,England,24.0,M,Paid Social,2022-08-03,49.9
CUS02383,Zoe,Anderson,customer2383@email.co.uk,London,England,30.0,M,Google Ads,2023-09-06,63.73
CUS02384,Noah,Shah,customer2384@email.co.uk,Birmingham,England,29.0,M,Organic,2024-08-27,18.94
CUS02385,Aiden,Malik,customer2385@email.co.uk,Newcastle,England,43.0,Man,Organic,2024-12-16,20.64
CUS02386,Megan,Williams,customer2386@email.co.uk,Leeds,England,39.0,M,Email,2022-11-08,7.77
CUS02387,Lily,Patel,customer2387@email.co.uk,Cardiff,Wales,18.0,female,Google Ads,2024-06-25,82.53
CUS02388,Noah,Lewis,customer2388@email.co.uk,London,England,37.0,F,Google Ads,2022-11-19,49.21
CUS02389,Olivia,Kumar,customer2389@email.co.uk,London,England,43.0,F,Paid Social,2023-07-11,70.44
CUS02390,Logan,Byrne,customer2390@email.co.uk,London,England,18.0,M,Paid Social,2024-07-02,99.43
CUS02391,Ava,Wilson,customer2391@email.co.uk,London,England,30.0,M,Paid Social,2024-07-19,99.43
CUS02392,Emily,Williams,customer2392@email.co.uk,Manchester,England,23.0,M,,2022-04-26,15.26
CUS02393,Lucas,White,customer2393@email.co.uk,Leeds,England,40.0,M,Google Ads,2022-12-27,49.21
CUS02394,Lucas,Lewis,customer2394@email.co.uk,Cardiff,Wales,25.0,male,Paid Social,2024-12-10,108.38
CUS02395,Liam,Roberts,customer2395@email.co.uk,London,England,33.0,M,Google Ads,2023-12-14,69.47
CUS02396,Mason,Johnson,customer2396@email.co.uk,Cardiff,Wales,18.0,,Paid Social,2023-12-21,76.78
CUS02397,Poppy,Shah,customer2397@email.co.uk,London,England,36.0,M,Paid Social,2022-12-27,54.39
CUS02398,Megan,Hussain,customer2398@email.co.uk,Leeds,England,38.0,F,Google Ads,2023-09-10,63.73
CUS02399,Sophie,Murphy,customer2399@email.co.uk,London,England,25.0,M,Paid Social,2023-01-22,59.29
CUS02400,Muhammad,Walsh,customer2400@email.co.uk,Sheffield,England,25.0,Other,Paid Social,2022-08-25,49.9
CUS02401,Lauren,Martin,customer2401@email.co.uk,Birmingham,England,32.0,M,Paid Social,2023-02-16,59.29
CUS02402,Amelia,Hussain,customer2402@email.co.uk,Bristol,England,33.0,F,Paid Social,2023-12-06,76.78
CUS02403,Hannah,Smith,customer2403@email.co.uk,Sheffield,England,35.0,M,Paid Social,2023-11-14,76.78
CUS02404,James,White,customer2404@email.co.uk,London,England,29.0,MALE,Paid Social,2023-11-15,76.78
CUS02405,Charlie,Robinson,customer2405@email.co.uk,London,England,,M,Paid Social,2023-05-09,64.62
CUS02406,Nathan,McCarthy,customer2406@email.co.uk,Manchestr,England,18.0,FEMALE,Google Ads,2023-08-24,63.73
CUS02407,Arjun,Clark,customer2407@email.co.uk,,,45.0,F,Paid Social,2024-10-19,108.38
CUS02408,Hassan,Shah,customer2408@email.co.uk,London,England,35.0,F,Google Ads,2024-11-17,98.06
CUS02409,Rohan,Evans,customer2409@email.co.uk,Newcastel,England,30.0,Man,Paid Social,2024-11-05,108.38
CUS02410,Mia,Walsh,customer2410@email.co.uk,Birmingham,England,44.0,F,Organic,2022-12-09,10.36
CUS02411,Arjun,Ali,customer2411@email.co.uk,Manchester,England,48.0,MALE,Email,2024-03-02,11.96
CUS02412,Freddie,Clark,customer2412@email.co.uk,Leeds,England,47.0,Man,Paid Social,2024-07-17,99.43
CUS02413,Arjun,Sharma,customer2413@email.co.uk,Manchester,England,26.0,Male,,2023-04-18,64.62
CUS02414,George,Walsh,customer2414@email.co.uk,London,England,44.0,m,Google Ads,2023-10-07,69.47
CUS02415,Megan,Patel,customer2415@email.co.uk,London,England,21.0,Man,Email,2024-10-05,15.48
CUS02416,Ryan,Lewis,customer2416@email.co.uk,Birmingham,England,36.0,Woman,Google Ads,2024-05-16,82.53
CUS02417,Lily,Ahmed,customer2417@email.co.uk,Liverpool,England,41.0,,Paid Social,2024-06-08,91.22
CUS02418,Sophie,Ali,customer2418@email.co.uk,BRISTOL,England,18.0,M,Google Ads,2022-06-01,41.42
CUS02419,Hannah,Taylor,customer2419@email.co.uk,Manchester,England,32.0,M,Google Ads,2022-04-18,41.42
CUS02420,Priya,Murphy,customer2420@email.co.uk,Edinburgh,Scotland,24.0,female,Paid Social,2024-05-02,91.22
CUS02421,Grace,Ahmed,customer2421@email.co.uk,Birmingham,England,60.0,Other,Referral,2023-12-17,25.59
CUS02422,Aisha,Jones,customer2422@email.co.uk,Manchester,England,47.0,M,Paid Social,2022-10-09,54.39
CUS02423,Jack,Wilson,customer2423@email.co.uk,London,England,40.0,Other,Google Ads,2022-01-11,38.0
CUS02424,Mia,Ali,customer2424@email.co.uk,Newcastle,England,44.0,M,Organic,2022-12-09,10.36
CUS02425,Ryan,Hall,customer2425@email.co.uk,Leeds,England,45.0,M,Google Ads,2024-02-15,75.72
CUS02426,Yusuf,Walsh,customer2426@email.co.uk,London,England,32.0,M,Referral,2023-06-01,21.54
CUS02427,Leo,Kelly,customer2427@email.co.uk,London,England,50.0,M,Paid Social,2024-03-21,83.69
CUS02428,Hassan,Malik,customer2428@email.co.uk,Cardiff,Wales,28.0,Other,Google Ads,2022-09-15,45.15
CUS02429,Harry,Khan,customer2429@email.co.uk,Cardiff,Wales,19.0,F,Paid Social,2024-03-18,83.69
CUS02430,Emma,Thomas,customer2430@email.co.uk,Londen,England,28.0,M,Paid Social,2022-07-17,49.9
CUS02431,James,Lewis,customer2431@email.co.uk,Bristol,England,22.0,M,Paid Social,2024-11-04,108.38
CUS02432,Leo,Martin,customer2432@email.co.uk,Birmingham,England,38.0,Man,Paid Social,2022-12-28,54.39
CUS02433,Natalie,McCarthy,customer2433@email.co.uk,London,England,25.0,,Email,2022-01-12,6.0
CUS02434,Chloe,Williams,customer2434@email.co.uk,Edinburgh,Scotland,31.0,M,Google Ads,2024-08-17,89.96
CUS02435,Aiden,White,customer2435@email.co.uk,Newcastle,England,25.0,M,Paid Social,2023-04-09,64.62
CUS02436,Hassan,Flynn,customer2436@email.co.uk,Bristol,England,34.0,Female,Referral,2023-07-24,23.48
CUS02437,Priya,Lewis,customer2437@email.co.uk,London,England,19.0,FEMALE,Paid Social,2022-09-03,49.9
CUS02438,Riya,Robinson,customer2438@email.co.uk,London,England,50.0,Male,Paid Social,2022-11-12,54.39
CUS02439,Lily,Byrne,customer2439@email.co.uk,London,England,31.0,F,Paid Social,2023-07-13,70.44
CUS02440,Oliver,Sharma,customer2440@email.co.uk,London,England,18.0,Female,Paid Social,2023-02-27,59.29
CUS02441,Mia,Sharma,customer2441@email.co.uk,Bristol,England,36.0,M,Paid Social,2023-11-02,76.78
CUS02442,Priya,Davies,customer2442@email.co.uk,Manchester,England,19.0,F,Paid Social,2023-01-14,59.29
CUS02443,Rohan,Ali,customer2443@email.co.uk,Birmingham,England,41.0,M,Paid Social,2023-08-25,70.44
CUS02444,Grace,Ahmed,customer2444@email.co.uk,Leeds,England,24.0,M,Organic,2022-03-08,8.0
CUS02445,Aisha,Lewis,customer2445@email.co.uk,London,England,39.0,MALE,Referral,2023-11-01,25.59
CUS02446,Muhammad,Johnson,customer2446@email.co.uk,BIRMINGHAM,England,33.0,F,Paid Social,2024-01-13,83.69
CUS02447,Ella,Murphy,customer2447@email.co.uk,London,England,46.0,M,Paid Social,2024-11-05,108.38
CUS02448,Jack,Byrne,customer2448@email.co.uk,Sheffield,England,26.0,M,Organic,2024-05-29,17.38
CUS02449,Ethan,Thomas,customer2449@email.co.uk,Edinburgh,Scotland,25.0,FEMALE,Google Ads,2022-05-30,41.42
CUS02450,Isla,Ryan,customer2450@email.co.uk,London,England,40.0,Male,Google Ads,2023-06-03,58.47
CUS02451,Jack,Johnson,customer2451@email.co.uk,London,England,21.0,m,Paid Social,2024-07-09,99.43
CUS02452,Sophie,Ryan,customer2452@email.co.uk,London,England,32.0,M,Paid Social,2024-05-31,91.22
CUS02453,Amelia,Hall,customer2453@email.co.uk,Manchester,England,44.0,O,Paid Social,2022-04-20,45.78
CUS02454,Jack,Flynn,customer2454@email.co.uk,Newcastle,England,30.0,male,Direct,2022-03-06,0.0
CUS02455,Sophie,Ali,customer2455@email.co.uk,Glasgow,Scotland,37.0,male,Google Ads,2023-10-25,69.47
CUS02456,Sara,Ahmed,customer2456@email.co.uk,Bristol,England,18.0,f,Paid Social,2023-09-06,70.44
CUS02457,Aisha,White,customer2457@email.co.uk,London,England,27.0,Man,Organic,2022-08-24,9.5
CUS02458,Jessica,Hall,customer2458@email.co.uk,Newcastle,England,34.0,F,Google Ads,2023-01-09,53.64
CUS02459,Emma,Martin,customer2459@email.co.uk,Leeds,England,31.0,F,Paid Social,2023-05-16,64.62
CUS02460,Megan,Khan,customer2460@email.co.uk,London,England,30.0,M,Google Ads,2024-08-04,89.96
CUS02461,Ryan,Hussain,customer2461@email.co.uk,Birmingham,England,24.0,f,Paid Social,2022-12-31,54.39
CUS02462,Charlie,Clark,customer2462@email.co.uk,Cardiff,Wales,32.0,M,Referral,2024-08-22,33.14
CUS02463,Mason,Hussain,customer2463@email.co.uk,London,England,19.0,M,Google Ads,2024-09-22,89.96
CUS02464,Muhammad,Ali,customer2464@email.co.uk,edinburgh,Scotland,29.0,M,Google Ads,2022-12-19,49.21
CUS02465,Emma,Lewis,customer2465@email.co.uk,Manchester,England,40.0,M,Paid Social,2024-10-03,108.38
CUS02466,Alfie,Anderson,customer2466@email.co.uk,London,England,33.0,f,Paid Social,2022-06-02,45.78
CUS02467,Megan,Kumar,customer2467@email.co.uk,Newcastle,England,21.0,M,Google Ads,2023-06-24,58.47
CUS02468,Chloe,Sharma,customer2468@email.co.uk,Manchester,England,33.0,F,Google Ads,2022-06-30,41.42
CUS02469,Riya,Johnson,customer2469@email.co.uk,Edinburgh,Scotland,29.0,m,Google Ads,2023-04-12,58.47
CUS02470,Sara,Khan,customer2470@email.co.uk,Bristol,England,46.0,FEMALE,Referral,2023-02-13,19.76
CUS02471,Harry,Roberts,customer2471@email.co.uk,London,England,,male,Paid Social,2024-07-11,99.43
CUS02472,Jessica,Byrne,customer2472@email.co.uk,Glasgow,Scotland,39.0,M,Google Ads,2024-09-15,89.96
CUS02473,Emma,Connor,customer2473@email.co.uk,Manchester,England,38.0,M,Paid Social,2023-04-26,64.62
CUS02474,Arjun,Sharma,customer2474@email.co.uk,London,England,31.0,m,Google Ads,2023-05-03,58.47
CUS02475,Yusuf,Brown,customer2475@email.co.uk,EDINBURGH,Scotland,24.0,F,Organic,2024-12-11,20.64
CUS02476,Jessica,Hussain,customer2476@email.co.uk,Leeds,England,18.0,F,,2022-09-28,0.0
CUS02477,Mason,Hussain,customer2477@email.co.uk,London,England,69.0,F,Paid Social,2023-10-03,76.78
CUS02478,Hannah,Walker,customer2478@email.co.uk,Manchester,England,18.0,Man,Organic,2023-12-31,14.62
CUS02479,Riya,Wilson,customer2479@email.co.uk,Newcastle,England,38.0,M,Direct,2024-03-29,0.0
CUS02480,Isabella,Kumar,customer2480@email.co.uk,Newcastle,England,44.0,MALE,Paid Social,2022-09-16,49.9
CUS02481,Sara,Smith,customer2481@email.co.uk,Manchester,England,26.0,FEMALE,Google Ads,2023-04-04,58.47
CUS02482,Harry,Byrne,customer2482@email.co.uk,Nottingham,England,18.0,f,Paid Social,2022-09-09,49.9
CUS02483,Aisha,McCarthy,customer2483@email.co.uk,Nottingham,England,48.0,F,Direct,2024-07-07,0.0
CUS02484,Sophie,Shah,customer2484@email.co.uk,Edinburgh,Scotland,29.0,M,Paid Social,2024-06-09,91.22
CUS02485,Lauren,Ahmed,customer2485@email.co.uk,London,England,28.0,m,Email,2024-09-06,14.2
CUS02486,Isabella,Robinson,customer2486@email.co.uk,Sheffield,England,18.0,female,Paid Social,2023-08-16,70.44
CUS02487,George,Connor,customer2487@email.co.uk,Edinburgh,Scotland,18.0,FEMALE,Google Ads,2022-02-15,38.0
CUS02488,Charlie,Kelly,customer2488@email.co.uk,Glasgow,Scotland,25.0,M,Organic,2024-11-06,20.64
CUS02489,Rohan,Sharma,customer2489@email.co.uk,Sheffield,England,43.0,male,Paid Social,2022-07-09,49.9
CUS02490,Fatima,Wilson,customer2490@email.co.uk,Glasgow,Scotland,42.0,F,Paid Social,2022-11-29,54.39
CUS02491,Sophie,Johnson,customer2491@email.co.uk,Leeds,England,48.0,M,Paid Social,2022-03-11,42.0
CUS02492,Priya,White,customer2492@email.co.uk,Liverpool,England,43.0,,Google Ads,2023-07-09,63.73
CUS02493,Omar,Wilson,customer2493@email.co.uk,London,England,32.0,F,Paid Social,2024-05-07,91.22
CUS02494,Sara,Hussain,customer2494@email.co.uk,Bristol,England,18.0,f,Paid Social,2024-11-21,108.38
CUS02495,Aiden,Patel,customer2495@email.co.uk,London,England,25.0,F,Paid Social,2023-11-30,76.78
CUS02496,Aiden,Hussain,customer2496@email.co.uk,Bristol,England,52.0,F,Google Ads,2022-06-12,41.42
CUS02497,Grace,Patel,customer2497@email.co.uk,London,England,40.0,MALE,Paid Social,2024-10-28,108.38
CUS02498,Ethan,White,customer2498@email.co.uk,Manchester,England,46.0,M,Paid Social,2022-06-29,45.78
CUS02499,Fatima,Roberts,customer2499@email.co.uk,London,England,25.0,F,Email,2022-11-13,7.77
CUS02500,Zoe,Ryan,customer2500@email.co.uk,Cardiff,Wales,33.0,Woman,Paid Social,2022-11-26,54.39
CUS02501,Logan,Walker,customer2501@email.co.uk,Liverpool,England,40.0,F,Paid Social,2024-10-29,108.38
CUS02502,Freddie,Anderson,customer2502@email.co.uk,Birmingham,England,28.0,F,Paid Social,2023-07-25,70.44
CUS02503,Liam,Brown,customer2503@email.co.uk,Manchester,England,33.0,F,Paid Social,2024-09-25,99.43
CUS02504,Logan,Brown,customer2504@email.co.uk,London,England,32.0,F,Email,2023-12-06,10.97
CUS02505,Chloe,Smith,customer2505@email.co.uk,London,England,33.0,M,Paid Social,2023-10-08,76.78
CUS02506,Ella,Robinson,customer2506@email.co.uk,Glasgow,Scotland,18.0,M,Paid Social,2024-08-04,99.43
CUS02507,Ella,Singh,customer2507@email.co.uk,Leeds,England,35.0,M,Direct,2022-11-18,0.0
CUS02508,Aiden,Anderson,customer2508@email.co.uk,Birmingham,England,37.0,f,Paid Social,2023-01-23,59.29
CUS02509,Ella,Lewis,customer2509@email.co.uk,Liverpool,England,54.0,F,Paid Social,2024-11-12,108.38
CUS02510,Rohan,Thomas,customer2510@email.co.uk,Edinburgh,Scotland,48.0,F,Paid Social,2024-01-17,83.69
CUS02511,Leo,Thompson,customer2511@email.co.uk,Manchester,England,39.0,other,Google Ads,2023-06-22,58.47
CUS02512,Arjun,Robinson,customer2512@email.co.uk,Leeds,England,18.0,,Paid Social,2024-02-24,83.69
CUS02513,Chloe,Wilson,customer2513@email.co.uk,Sheffield,England,41.0,F,Paid Social,2024-06-30,91.22
CUS02514,Lily,Williams,customer2514@email.co.uk,Manchester,England,37.0,F,Direct,2024-05-25,0.0
CUS02515,Hassan,Ali,customer2515@email.co.uk,BIRMINGHAM,England,26.0,F,Paid Social,2023-11-03,76.78
CUS02516,Lily,Thomas,customer2516@email.co.uk,Manchester,England,42.0,Woman,Paid Social,2024-02-16,83.69
CUS02517,Priya,Ali,customer2517@email.co.uk,Leeds,England,29.0,F,Paid Social,2022-12-10,54.39
CUS02518,Megan,Lewis,customer2518@email.co.uk,Sheffield,England,34.0,F,Paid Social,2023-10-12,76.78
CUS02519,Fatima,Brown,customer2519@email.co.uk,London,England,37.0,Male,Google Ads,2024-10-27,98.06
CUS02520,Sara,Kelly,customer2520@email.co.uk,London,England,18.0,M,Google Ads,2024-11-14,98.06
CUS02521,Lauren,Walsh,customer2521@email.co.uk,Sheffield,England,30.0,F,Google Ads,2022-02-21,38.0
CUS02522,Jessica,Kelly,customer2522@email.co.uk,Nottingham,England,26.0,F,Paid Social,2022-12-26,54.39
CUS02523,Emily,Thompson,customer2523@email.co.uk,Leeds,England,28.0,M,Google Ads,2023-01-03,53.64
CUS02524,Sophie,Evans,customer2524@email.co.uk,Leeds,England,48.0,Female,Paid Social,2023-04-18,64.62
CUS02525,Mason,McCarthy,customer2525@email.co.uk,Bristol,England,47.0,M,Paid Social,2023-03-17,59.29
CUS02526,Noah,Ahmed,customer2526@email.co.uk,London,England,57.0,F,Paid Social,2023-02-09,59.29
CUS02527,Oliver,Ryan,customer2527@email.co.uk,Bristol,England,41.0,F,Paid Social,2023-10-03,76.78
CUS02528,George,Wilson,customer2528@email.co.uk,Manchester,England,31.0,Man,Google Ads,2022-12-14,49.21
CUS02529,Muhammad,Anderson,customer2529@email.co.uk,Liverpool,England,37.0,F,Paid Social,2024-06-12,91.22
CUS02530,James,Malik,customer2530@email.co.uk,Edinburgh,Scotland,60.0,male,Paid Social,2022-03-07,42.0
CUS02531,Riya,Thomas,customer2531@email.co.uk,Manchester,England,49.0,Non-binary,Referral,2024-12-10,36.13
CUS02532,Ryan,Lewis,customer2532@email.co.uk,Manchester,England,44.0,F,Google Ads,2022-10-31,49.21
CUS02533,Chloe,Taylor,customer2533@email.co.uk,Birmingham,England,28.0,Male,Paid Social,2024-11-03,108.38
CUS02534,Ryan,Flynn,customer2534@email.co.uk,London,England,22.0,F,Google Ads,2024-04-21,82.53
CUS02535,Mia,Kelly,customer2535@email.co.uk,Sheffield,England,27.0,F,Referral,2024-10-28,36.13
CUS02536,Harry,Williams,customer2536@email.co.uk,Birmingham,England,21.0,M,Paid Social,2023-08-23,70.44
CUS02537,Zoe,Malik,customer2537@email.co.uk,London,England,21.0,Other,Google Ads,2023-04-13,58.47
CUS02538,Alfie,O'Brien,customer2538@email.co.uk,Manchester,England,36.0,,Paid Social,2024-01-28,83.69
CUS02539,Poppy,Walker,customer2539@email.co.uk,London,England,39.0,M,Paid Social,2022-11-06,54.39
CUS02540,Riya,Patel,customer2540@email.co.uk,Sheffield,England,55.0,M,Email,2023-08-07,10.06
CUS02541,Liam,Ryan,customer2541@email.co.uk,London,England,29.0,F,Paid Social,2023-11-26,76.78
CUS02542,Ella,Thompson,customer2542@email.co.uk,London,England,27.0,f,Paid Social,2022-08-03,49.9
CUS02543,Emily,Connor,customer2543@email.co.uk,London,England,39.0,F,Email,2024-08-18,14.2
CUS02544,Emily,Walker,customer2544@email.co.uk,Sheffield,England,42.0,F,Organic,2023-09-18,13.42
CUS02545,Ella,Byrne,customer2545@email.co.uk,Liverpool,England,18.0,FEMALE,Paid Social,2023-11-19,76.78
CUS02546,Fatima,Jones,customer2546@email.co.uk,London,England,40.0,M,Paid Social,2024-04-21,91.22
CUS02547,Poppy,White,customer2547@email.co.uk,London,England,27.0,F,Organic,2024-11-05,20.64
CUS02548,Oliver,Walsh,customer2548@email.co.uk,Liverpool,England,36.0,FEMALE,Google Ads,2022-08-24,45.15
CUS02549,Jessica,Singh,customer2549@email.co.uk,Birmingham,England,43.0,Other,Paid Social,2022-11-03,54.39
CUS02550,Mason,Brown,customer2550@email.co.uk,Manchestr,England,31.0,Woman,Paid Social,2022-08-04,49.9
CUS02551,Riya,Lewis,customer2551@email.co.uk,London,England,29.0,male,Google Ads,2024-12-10,98.06
CUS02552,Omar,Davies,customer2552@email.co.uk,Leeds,England,18.0,m,Google Ads,2023-08-19,63.73
CUS02553,Natalie,Wilson,customer2553@email.co.uk,Londen,England,24.0,M,Referral,2024-05-31,30.41
CUS02554,Aiden,Ali,customer2554@email.co.uk,London,England,45.0,F,Paid Social,2022-10-03,54.39
CUS02555,Chloe,Flynn,customer2555@email.co.uk,Birmingham,England,29.0,F,Google Ads,2024-11-21,98.06
CUS02556,Logan,Thompson,customer2556@email.co.uk,Sheffield,England,34.0,F,Paid Social,2022-08-07,49.9
CUS02557,Arjun,Taylor,customer2557@email.co.uk,Edinburgh,Scotland,49.0,F,Google Ads,2024-04-17,82.53
CUS02558,Mason,Byrne,customer2558@email.co.uk,Manchester,England,23.0,F,Email,2022-03-03,6.0
CUS02559,Liam,Clark,customer2559@email.co.uk,Glasgow,Scotland,39.0,M,Paid Social,2024-10-12,108.38
CUS02560,George,O'Brien,customer2560@email.co.uk,Leeds,England,49.0,F,Google Ads,2023-07-01,63.73
CUS02561,Ella,Thomas,customer2561@email.co.uk,Manchester,England,29.0,FEMALE,,2024-02-22,83.69
CUS02562,Dylan,Malik,customer2562@email.co.uk,Glasgow,Scotland,29.0,M,Paid Social,2024-01-10,83.69
CUS02563,Rohan,Burke,customer2563@email.co.uk,London,England,40.0,M,Paid Social,2022-11-11,54.39
CUS02564,Nathan,Martin,customer2564@email.co.uk,Birmingham,England,43.0,M,Email,2023-09-14,10.06
CUS02565,Liam,Burke,customer2565@email.co.uk,London,England,30.0,F,Paid Social,2022-01-07,42.0
CUS02566,Isla,Wilson,customer2566@email.co.uk,Glasgow,Scotland,58.0,male,Google Ads,2024-07-31,89.96
CUS02567,Aiden,Johnson,customer2567@email.co.uk,Glasgow,Scotland,18.0,M,Paid Social,2023-09-14,70.44
CUS02568,Lily,Martin,customer2568@email.co.uk,Glasgow,Scotland,18.0,F,Paid Social,2023-02-03,59.29
CUS02569,George,Ryan,customer2569@email.co.uk,London,England,20.0,f,Google Ads,2023-07-07,63.73
CUS02570,Oliver,Kumar,customer2570@email.co.uk,Edinburgh,Scotland,46.0,F,Paid Social,2023-07-23,70.44
CUS02571,Sara,Martin,customer2571@email.co.uk,Leeds,England,51.0,M,Paid Social,2022-09-24,49.9
CUS02572,Fatima,Martin,customer2572@email.co.uk,Birmingham,England,35.0,F,Google Ads,2023-06-05,58.47
CUS02573,Sara,Clark,customer2573@email.co.uk,Birmingham,England,18.0,FEMALE,Paid Social,2024-04-18,91.22
CUS02574,Isla,Connor,customer2574@email.co.uk,London,England,32.0,F,Organic,2023-12-07,14.62
CUS02575,Yusuf,Walker,customer2575@email.co.uk,Leeds,England,18.0,male,Paid Social,2024-12-27,108.38
CUS02576,Hassan,Jones,customer2576@email.co.uk,Manchester,England,29.0,F,Paid Social,2024-06-30,91.22
CUS02577,Hassan,Burke,customer2577@email.co.uk,Newcastle,England,47.0,F,Google Ads,2024-09-11,89.96
CUS02578,Omar,Jones,customer2578@email.co.uk,Leeds,England,31.0,M,Paid Social,2022-09-07,49.9
CUS02579,George,Shah,customer2579@email.co.uk,London,England,22.0,F,Paid Social,2023-11-12,76.78
CUS02580,Emily,Sharma,customer2580@email.co.uk,Liverpool,England,26.0,M,Referral,2022-12-17,18.13
CUS02581,James,Byrne,customer2581@email.co.uk,Bristol,England,22.0,Man,Google Ads,2022-12-12,49.21
CUS02582,Isabella,Connor,customer2582@email.co.uk,bristol,England,22.0,f,Paid Social,2023-04-20,64.62
CUS02583,Ethan,Johnson,customer2583@email.co.uk,Cardiff,Wales,19.0,M,Email,2023-12-14,10.97
CUS02584,Ella,Khan,customer2584@email.co.uk,Edinburgh,Scotland,23.0,F,Google Ads,2023-07-30,63.73
CUS02585,Ethan,Hall,customer2585@email.co.uk,manchester,England,35.0,M,Paid Social,2023-07-12,70.44
CUS02586,Charlie,Williams,customer2586@email.co.uk,Birmingham,England,50.0,Woman,Paid Social,2023-06-04,64.62
CUS02587,Hassan,White,customer2587@email.co.uk,Liverpool,England,21.0,M,Google Ads,2024-12-24,98.06
CUS02588,Aisha,Shah,customer2588@email.co.uk,Birmingham,England,44.0,F,Paid Social,2023-08-08,70.44
CUS02589,Logan,Jones,customer2589@email.co.uk,,,38.0,F,Paid Social,2024-11-16,108.38
CUS02590,Fatima,Malik,customer2590@email.co.uk,Birmingham,England,44.0,male,Referral,2024-12-27,36.13
CUS02591,Sara,Evans,customer2591@email.co.uk,Birmingham,England,19.0,M,Direct,2024-02-12,0.0
CUS02592,Liam,Evans,customer2592@email.co.uk,London,England,34.0,m,Google Ads,2024-12-18,98.06
CUS02593,Leo,Ahmed,customer2593@email.co.uk,Birmingham,England,26.0,F,Paid Social,2024-12-31,108.38
CUS02594,Sara,O'Brien,customer2594@email.co.uk,London,England,18.0,M,Google Ads,2024-08-31,89.96
CUS02595,Grace,Davies,customer2595@email.co.uk,Glasgow,Scotland,39.0,M,Email,2024-05-28,13.03
CUS02596,Liam,Khan,customer2596@email.co.uk,Leeds,England,19.0,M,Paid Social,2022-11-26,54.39
CUS02597,Emma,Thomas,customer2597@email.co.uk,Manchester,England,43.0,F,Paid Social,2022-10-25,54.39
CUS02598,Charlie,Ryan,customer2598@email.co.uk,Liverpool,England,18.0,F,Paid Social,2022-04-19,45.78
CUS02599,Ella,Clark,customer2599@email.co.uk,London,England,47.0,F,Paid Social,2022-11-23,54.39
CUS02600,Chloe,Ali,customer2600@email.co.uk,London,England,27.0,FEMALE,Paid Social,2023-11-17,76.78
CUS02601,Emily,Shah,customer2601@email.co.uk,Birmingham,England,30.0,M,Google Ads,2023-08-26,63.73
CUS02602,Isabella,Jones,customer2602@email.co.uk,London,England,30.0,M,Paid Social,2024-07-05,99.43
CUS02603,Isla,Lewis,customer2603@email.co.uk,Manchester,England,39.0,M,Email,2023-03-13,8.47
CUS02604,Hannah,Singh,customer2604@email.co.uk,Manchester,England,18.0,Woman,Paid Social,2024-02-12,83.69
CUS02605,Sara,Ali,customer2605@email.co.uk,Bristol,England,27.0,F,Paid Social,2023-05-30,64.62
CUS02606,Amelia,Singh,customer2606@email.co.uk,Manchestr,England,18.0,Man,Google Ads,2022-11-26,49.21
CUS02607,Freddie,Thomas,customer2607@email.co.uk,Glasgow,Scotland,40.0,m,Paid Social,2024-07-24,99.43
CUS02608,James,Wilson,customer2608@email.co.uk,London,England,18.0,M,Organic,2023-03-01,11.29
CUS02609,Emily,Flynn,customer2609@email.co.uk,London,England,33.0,female,Paid Social,2023-11-11,76.78
CUS02610,Zoe,Ali,customer2610@email.co.uk,Manchester,England,37.0,M,Paid Social,2022-12-23,54.39
CUS02611,Oliver,Smith,customer2611@email.co.uk,Bristol,England,34.0,M,Referral,2024-03-18,27.9
CUS02612,Noah,Malik,customer2612@email.co.uk,Nottingham,England,30.0,Woman,Paid Social,2022-10-13,54.39
CUS02613,Sara,Williams,customer2613@email.co.uk,London,England,35.0,Woman,Referral,2022-05-05,15.26
CUS02614,Emily,McCarthy,customer2614@email.co.uk,London,England,33.0,male,Paid Social,2024-02-20,83.69
CUS02615,Zoe,Brown,customer2615@email.co.uk,Glasgow,Scotland,35.0,M,Paid Social,2023-10-24,76.78
CUS02616,Muhammad,Patel,customer2616@email.co.uk,Birmingham,England,20.0,Other,Paid Social,2024-03-21,83.69
CUS02617,Megan,Connor,customer2617@email.co.uk,London,England,43.0,M,Google Ads,2022-05-29,41.42
CUS02618,Nathan,Murphy,customer2618@email.co.uk,London,England,,F,Paid Social,2024-07-26,99.43
CUS02619,Sara,Anderson,customer2619@email.co.uk,Glasgow,Scotland,18.0,male,Paid Social,2022-04-11,45.78
CUS02620,James,Robinson,customer2620@email.co.uk,Bristol,England,25.0,M,,2024-12-06,108.38
CUS02621,Emily,Shah,customer2621@email.co.uk,Londen,England,19.0,M,Google Ads,2024-11-27,98.06
CUS02622,Lucas,Evans,customer2622@email.co.uk,Birmingham,England,34.0,m,Google Ads,2024-08-17,89.96
CUS02623,Charlie,Flynn,customer2623@email.co.uk,Newcastle,England,27.0,f,Referral,2023-03-30,19.76
CUS02624,Freddie,Martin,customer2624@email.co.uk,Edinburgh,Scotland,37.0,F,Paid Social,2024-03-15,83.69
CUS02625,Ryan,Malik,customer2625@email.co.uk,Manchester,England,46.0,M,Organic,2024-12-27,20.64
CUS02626,Ella,Flynn,customer2626@email.co.uk,London,England,42.0,Man,Google Ads,2024-05-30,82.53
CUS02627,Riya,Kumar,customer2627@email.co.uk,Liverpool,England,43.0,F,Google Ads,2024-04-01,82.53
CUS02628,Yusuf,Brown,customer2628@email.co.uk,Sheffield,England,43.0,Other,Paid Social,2022-03-10,42.0
CUS02629,Ella,Taylor,customer2629@email.co.uk,London,England,18.0,MALE,Paid Social,2022-03-21,42.0
CUS02630,Emma,Johnson,customer2630@email.co.uk,Manchester,England,33.0,Woman,Google Ads,2024-02-23,75.72
CUS02631,Aiden,Robinson,customer2631@email.co.uk,London,England,32.0,F,Google Ads,2023-09-25,63.73
CUS02632,Fatima,O'Brien,customer2632@email.co.uk,Manchester,England,33.0,F,Paid Social,2023-10-20,76.78
CUS02633,Aisha,O'Brien,customer2633@email.co.uk,London,England,38.0,M,Google Ads,2022-11-03,49.21
CUS02634,Lauren,Roberts,customer2634@email.co.uk,London,England,40.0,f,Paid Social,2023-03-19,59.29
CUS02635,Alfie,Murphy,customer2635@email.co.uk,Manchester,England,41.0,F,Google Ads,2024-11-01,98.06
CUS02636,Lauren,Ali,customer2636@email.co.uk,Leeds,England,22.0,M,Referral,2023-06-04,21.54
CUS02637,George,Robinson,customer2637@email.co.uk,,,24.0,M,Paid Social,2024-12-15,108.38
CUS02638,Poppy,Smith,customer2638@email.co.uk,liverpool,England,18.0,m,Paid Social,2022-10-04,54.39
CUS02639,Aiden,McCarthy,customer2639@email.co.uk,Birmingham,England,46.0,F,Google Ads,2023-11-19,69.47
CUS02640,Hassan,Thompson,customer2640@email.co.uk,Liverpool,England,18.0,F,Google Ads,2024-03-06,75.72
CUS02641,Riya,Williams,customer2641@email.co.uk,Bristol,England,29.0,Woman,,2024-04-29,82.53
CUS02642,Ava,Evans,customer2642@email.co.uk,,,27.0,F,Paid Social,2024-08-21,99.43
CUS02643,Isla,Smith,customer2643@email.co.uk,Edinburgh,Scotland,32.0,M,Paid Social,2024-07-06,99.43
CUS02644,Harry,Malik,customer2644@email.co.uk,Leeds,England,43.0,F,Paid Social,2024-09-02,99.43
CUS02645,Jack,Hussain,customer2645@email.co.uk,manchester,England,22.0,F,Paid Social,2022-04-29,45.78
CUS02646,Ava,Thompson,customer2646@email.co.uk,Manchester,England,18.0,F,Paid Social,2022-06-02,45.78
CUS02647,Sara,Williams,customer2647@email.co.uk,Birmingham,England,19.0,F,Paid Social,2022-08-18,49.9
CUS02648,Mia,McCarthy,customer2648@email.co.uk,Edinburgh,Scotland,46.0,F,Paid Social,2022-11-08,54.39
CUS02649,Logan,Clark,customer2649@email.co.uk,Sheffield,England,40.0,F,Paid Social,2024-05-31,91.22
CUS02650,Harry,Roberts,customer2650@email.co.uk,Bristol,England,35.0,FEMALE,Paid Social,2023-11-23,76.78
CUS02651,Nathan,Jones,customer2651@email.co.uk,BIRMINGHAM,England,28.0,M,Paid Social,2024-05-20,91.22
CUS02652,Emma,Evans,customer2652@email.co.uk,London,England,42.0,Male,Paid Social,2024-01-10,83.69
CUS02653,Yusuf,Evans,customer2653@email.co.uk,London,England,26.0,M,Paid Social,2023-12-08,76.78
CUS02654,Olivia,Roberts,customer2654@email.co.uk,London,England,32.0,F,Paid Social,2022-10-27,54.39
CUS02655,Hannah,Johnson,customer2655@email.co.uk,Glasgow,Scotland,24.0,M,Paid Social,2024-10-08,108.38
CUS02656,Megan,Walsh,customer2656@email.co.uk,Edinburgh,Scotland,37.0,M,Google Ads,2024-07-22,89.96
CUS02657,Muhammad,Evans,customer2657@email.co.uk,Leeds,England,24.0,Other,Paid Social,2024-07-06,99.43
CUS02658,Chloe,Ali,customer2658@email.co.uk,London,England,,M,Paid Social,2024-11-23,108.38
CUS02659,James,Brown,customer2659@email.co.uk,London,England,18.0,Other,Paid Social,2023-07-09,70.44
CUS02660,Oliver,Connor,customer2660@email.co.uk,Manchester,England,21.0,Male,Paid Social,2023-08-08,70.44
CUS02661,Priya,Davies,customer2661@email.co.uk,Manchester,England,38.0,M,Paid Social,2023-10-01,76.78
CUS02662,Chloe,Connor,customer2662@email.co.uk,Bristol,England,35.0,M,Direct,2023-05-16,0.0
CUS02663,Megan,Burke,customer2663@email.co.uk,Newcastle,England,25.0,M,Paid Social,2023-11-06,76.78
CUS02664,Lauren,Byrne,customer2664@email.co.uk,Manchester,England,23.0,Woman,Paid Social,2024-02-20,83.69
CUS02665,George,Taylor,customer2665@email.co.uk,Nottingham,England,27.0,Other,Google Ads,2023-12-27,69.47
CUS02666,Arjun,Byrne,customer2666@email.co.uk,cardiff,Wales,34.0,F,Paid Social,2022-10-16,54.39
CUS02667,Megan,Walker,customer2667@email.co.uk,Birmingham,England,27.0,Male,Email,2024-06-07,13.03
CUS02668,Nathan,Hussain,customer2668@email.co.uk,Newcastle,England,29.0,FEMALE,Google Ads,2022-05-17,41.42
CUS02669,Arjun,Smith,customer2669@email.co.uk,Bristol,England,26.0,MALE,Paid Social,2022-11-15,54.39
CUS02670,Mia,Anderson,customer2670@email.co.uk,London,England,21.0,M,Referral,2023-07-10,23.48
CUS02671,Oliver,White,customer2671@email.co.uk,Birmingham,England,20.0,female,Google Ads,2024-09-10,89.96
CUS02672,Chloe,Malik,customer2672@email.co.uk,Liverpool,England,18.0,M,Google Ads,2022-12-24,49.21
CUS02673,Emily,Wilson,customer2673@email.co.uk,Bristol,England,42.0,F,Google Ads,2024-09-11,89.96
CUS02674,Fatima,Anderson,customer2674@email.co.uk,Leeds,England,30.0,M,Paid Social,2023-12-22,76.78
CUS02675,Arjun,Singh,customer2675@email.co.uk,Liverpool,England,18.0,female,Google Ads,2024-05-12,82.53
CUS02676,Alfie,Burke,customer2676@email.co.uk,London,England,27.0,F,Google Ads,2023-03-06,53.64
CUS02677,Noah,Byrne,customer2677@email.co.uk,Manchester,England,25.0,F,Organic,2024-12-15,20.64
CUS02678,Hannah,Shah,customer2678@email.co.uk,London,England,44.0,Female,Paid Social,2024-03-21,83.69
CUS02679,Rohan,Evans,customer2679@email.co.uk,Manchester,England,18.0,F,Direct,2022-06-02,0.0
CUS02680,Noah,Robinson,customer2680@email.co.uk,Birmingham,England,46.0,FEMALE,Paid Social,2024-08-22,99.43
CUS02681,Charlie,Davies,customer2681@email.co.uk,London,England,29.0,Other,Google Ads,2023-09-27,63.73
CUS02682,Mason,Lewis,customer2682@email.co.uk,Birmingham,England,26.0,MALE,Google Ads,2024-09-17,89.96
CUS02683,Sophie,Hall,customer2683@email.co.uk,Birmingham,England,49.0,M,Google Ads,2024-05-13,82.53
CUS02684,Yusuf,Walker,customer2684@email.co.uk,Manchester,England,31.0,F,Paid Social,2024-12-12,108.38
CUS02685,Leo,Murphy,customer2685@email.co.uk,Cardiff,Wales,23.0,F,Email,2024-11-11,15.48
CUS02686,Lauren,McCarthy,customer2686@email.co.uk,London,England,44.0,M,Organic,2024-04-08,17.38
CUS02687,Liam,Martin,customer2687@email.co.uk,Brumingham,England,28.0,F,Paid Social,2024-07-15,99.43
CUS02688,James,Davies,customer2688@email.co.uk,CARDIFF,Wales,39.0,MALE,Google Ads,2022-04-30,41.42
CUS02689,George,Williams,customer2689@email.co.uk,,,18.0,F,Paid Social,2024-08-11,99.43
CUS02690,Alfie,Kelly,customer2690@email.co.uk,Glasgow,Scotland,42.0,Man,Google Ads,2024-06-17,82.53
CUS02691,Emily,Ryan,customer2691@email.co.uk,Manchester,England,34.0,M,Google Ads,2024-11-29,98.06
CUS02692,Lucas,Malik,customer2692@email.co.uk,Glasgow,Scotland,27.0,M,Paid Social,2024-07-05,99.43
CUS02693,Logan,Burke,customer2693@email.co.uk,Birmingham,England,25.0,male,Google Ads,2024-02-06,75.72
CUS02694,Ella,Anderson,customer2694@email.co.uk,Manchester,England,22.0,M,Organic,2024-07-27,18.94
CUS02695,Yusuf,Davies,customer2695@email.co.uk,,,40.0,M,Paid Social,2024-01-15,83.69
CUS02696,Oliver,Taylor,customer2696@email.co.uk,Cardiff,Wales,18.0,M,Paid Social,2023-10-12,76.78
CUS02697,Fatima,Jones,customer2697@email.co.uk,Manchester,England,28.0,Female,Referral,2024-12-20,36.13
CUS02698,Arjun,Thomas,customer2698@email.co.uk,Bristol,England,54.0,M,Paid Social,2023-10-24,76.78
CUS02699,Dylan,Taylor,customer2699@email.co.uk,Birmigham,England,22.0,M,Paid Social,2022-07-02,49.9
CUS02700,Olivia,Burke,customer2700@email.co.uk,Sheffield,England,31.0,MALE,Paid Social,2022-04-06,45.78
CUS02701,Lily,Kumar,customer2701@email.co.uk,Birmingham,England,30.0,F,Paid Social,2023-06-08,64.62
CUS02702,Isabella,Thomas,customer2702@email.co.uk,Edinburgh,Scotland,38.0,F,Google Ads,2023-09-15,63.73
CUS02703,Isabella,Hall,customer2703@email.co.uk,,,36.0,FEMALE,Paid Social,2023-12-05,76.78
CUS02704,Ethan,Jones,customer2704@email.co.uk,Edinburgh,Scotland,18.0,MALE,Google Ads,2022-05-16,41.42
CUS02705,Muhammad,Ali,customer2705@email.co.uk,Leeds,England,18.0,M,Paid Social,2023-12-01,76.78
CUS02706,Charlie,Johnson,customer2706@email.co.uk,London,England,36.0,F,Google Ads,2024-12-07,98.06
CUS02707,Ryan,Johnson,customer2707@email.co.uk,Bristol,England,21.0,F,Google Ads,2024-07-02,89.96
CUS02708,Priya,O'Brien,customer2708@email.co.uk,London,England,30.0,F,Paid Social,2024-05-16,91.22
CUS02709,Yusuf,Burke,customer2709@email.co.uk,leeds,England,38.0,M,Paid Social,2023-11-09,76.78
CUS02710,Yusuf,Khan,customer2710@email.co.uk,Bristol,England,41.0,MALE,Paid Social,2024-10-28,108.38
CUS02711,Jessica,Robinson,customer2711@email.co.uk,Manchester,England,28.0,F,Paid Social,2022-06-17,45.78
CUS02712,James,Sharma,customer2712@email.co.uk,Birmingham,England,33.0,M,Google Ads,2024-07-26,89.96
CUS02713,Zoe,Jones,customer2713@email.co.uk,London,England,35.0,M,Paid Social,2024-05-26,91.22
CUS02714,Liam,Thompson,customer2714@email.co.uk,Birmingham,England,18.0,m,Paid Social,2023-06-19,64.62
CUS02715,Zoe,Shah,customer2715@email.co.uk,Sheffield,England,47.0,F,Paid Social,2023-10-20,76.78
CUS02716,Liam,Smith,customer2716@email.co.uk,newcastle,England,35.0,F,Paid Social,2022-09-14,49.9
CUS02717,Sara,Robinson,customer2717@email.co.uk,LEEDS,England,21.0,female,Paid Social,2022-01-16,42.0
CUS02718,Liam,Davies,customer2718@email.co.uk,Glasgow,Scotland,34.0,F,Paid Social,2023-04-29,64.62
CUS02719,Zoe,Johnson,customer2719@email.co.uk,London,England,40.0,M,Paid Social,2023-05-02,64.62
CUS02720,Charlie,Williams,customer2720@email.co.uk,Manchester,England,35.0,FEMALE,Organic,2023-11-12,14.62
CUS02721,Muhammad,Singh,customer2721@email.co.uk,London,England,50.0,F,Referral,2023-05-11,21.54
CUS02722,Riya,Patel,customer2722@email.co.uk,Newcastle,England,31.0,M,Referral,2024-11-01,36.13
CUS02723,Mason,Brown,customer2723@email.co.uk,Bristol,England,54.0,M,Paid Social,2022-09-03,49.9
CUS02724,Zoe,Wilson,customer2724@email.co.uk,Birmingham,England,7.0,M,Paid Social,2024-09-08,99.43
CUS02725,Nathan,Johnson,customer2725@email.co.uk,Glasgow,Scotland,25.0,F,Google Ads,2023-11-27,69.47
CUS02726,Emily,Ryan,customer2726@email.co.uk,Cardiff,Wales,31.0,M,Paid Social,2022-11-27,54.39
CUS02727,Jack,Byrne,customer2727@email.co.uk,Birmingham,England,36.0,M,Paid Social,2024-10-21,108.38
CUS02728,Ava,Sharma,customer2728@email.co.uk,Liverpool,England,33.0,M,Paid Social,2023-12-03,76.78
CUS02729,Hannah,Davies,customer2729@email.co.uk,,,42.0,M,Google Ads,2022-06-26,41.42
CUS02730,Priya,Anderson,customer2730@email.co.uk,Edinburgh,Scotland,49.0,,Referral,2024-10-14,36.13
CUS02731,Emily,Walker,customer2731@email.co.uk,Newcastle,England,31.0,M,Google Ads,2023-01-24,53.64
CUS02732,Yusuf,Smith,customer2732@email.co.uk,Birmingham,England,18.0,female,Google Ads,2023-12-16,69.47
CUS02733,Fatima,Clark,customer2733@email.co.uk,Manchester,England,18.0,M,Google Ads,2024-04-21,82.53
CUS02734,Dylan,Wilson,customer2734@email.co.uk,London,England,35.0,M,Paid Social,2024-06-25,91.22
CUS02735,Olivia,Burke,customer2735@email.co.uk,Manchester,England,34.0,M,Referral,2024-05-30,30.41
CUS02736,Ryan,Burke,customer2736@email.co.uk,Liverpool,England,53.0,F,Direct,2024-09-14,0.0
CUS02737,Rohan,Johnson,customer2737@email.co.uk,Newcastle,England,44.0,F,Google Ads,2024-07-20,89.96
CUS02738,Aisha,Walker,customer2738@email.co.uk,London,England,24.0,F,Google Ads,2022-10-31,49.21
CUS02739,Yusuf,Hussain,customer2739@email.co.uk,Manchester,England,41.0,M,Google Ads,2023-12-06,69.47
CUS02740,Ava,Patel,customer2740@email.co.uk,London,England,37.0,,Paid Social,2023-10-23,76.78
CUS02741,Isabella,Jones,customer2741@email.co.uk,Manchester,England,31.0,M,Paid Social,2022-08-18,49.9
CUS02742,Noah,Anderson,customer2742@email.co.uk,Bristol,England,18.0,M,Google Ads,2023-08-21,63.73
CUS02743,Priya,Clark,customer2743@email.co.uk,Liverpool,England,32.0,M,Organic,2024-07-25,18.94
CUS02744,Megan,Flynn,customer2744@email.co.uk,London ,England,18.0,M,Paid Social,2023-09-03,70.44
CUS02745,Leo,Brown,customer2745@email.co.uk,Newcastle,England,25.0,F,Paid Social,2023-07-05,70.44
CUS02746,Lauren,Brown,customer2746@email.co.uk,Leeds,England,41.0,FEMALE,Paid Social,2023-10-06,76.78
CUS02747,Aisha,Hussain,customer2747@email.co.uk,Glasgow,Scotland,18.0,M,Referral,2023-12-11,25.59
CUS02748,Sophie,Brown,customer2748@email.co.uk,Bristol,England,23.0,F,Paid Social,2024-07-14,99.43
CUS02749,George,Brown,customer2749@email.co.uk,London,England,21.0,F,Google Ads,2024-10-03,98.06
CUS02750,Zoe,Smith,customer2750@email.co.uk,Birmigham,England,26.0,M,Email,2023-02-23,8.47
CUS02751,George,Ahmed,customer2751@email.co.uk,Cardiff,Wales,40.0,Male,Paid Social,2023-01-07,59.29
CUS02752,George,Roberts,customer2752@email.co.uk,Sheffield,England,28.0,M,Email,2023-04-03,9.23
CUS02753,Mia,Wilson,customer2753@email.co.uk,London,England,25.0,male,Email,2024-10-12,15.48
CUS02754,Omar,Murphy,customer2754@email.co.uk,Manchester,England,29.0,Male,Paid Social,2024-11-07,108.38
CUS02755,Priya,Walsh,customer2755@email.co.uk,Cardiff,Wales,0.0,Female,Referral,2023-05-06,21.54
CUS02756,Aisha,Lewis,customer2756@email.co.uk,Liverpool,England,22.0,M,Paid Social,2024-09-16,99.43
CUS02757,Sara,Kumar,customer2757@email.co.uk,Sheffield,England,33.0,male,Google Ads,2023-11-27,69.47
CUS02758,Olivia,Evans,customer2758@email.co.uk,Londen,England,23.0,F,Paid Social,2024-12-07,108.38
CUS02759,Isabella,Hall,customer2759@email.co.uk,Manchestr,England,30.0,M,Paid Social,2023-12-15,76.78
CUS02760,Aiden,Sharma,customer2760@email.co.uk,Leeds,England,36.0,M,Email,2024-11-08,15.48
CUS02761,Aisha,White,customer2761@email.co.uk,Birmingham,England,18.0,M,Paid Social,2023-12-04,76.78
CUS02762,Ryan,Evans,customer2762@email.co.uk,London,England,26.0,F,Google Ads,2023-05-15,58.47
CUS02763,Nathan,Patel,customer2763@email.co.uk,Manchester,England,45.0,F,Paid Social,2024-09-30,99.43
CUS02764,Muhammad,Anderson,customer2764@email.co.uk,Edinburgh,Scotland,41.0,M,Paid Social,2023-05-01,64.62
CUS02765,Oliver,Ali,customer2765@email.co.uk,Liverpool,England,32.0,F,Paid Social,2024-08-05,99.43
CUS02766,Poppy,Evans,customer2766@email.co.uk,Manchester,England,40.0,Other,Paid Social,2023-11-19,76.78
CUS02767,Emily,Shah,customer2767@email.co.uk,Glasgow,Scotland,38.0,FEMALE,Email,2023-04-13,9.23
CUS02768,Arjun,Patel,customer2768@email.co.uk,London,England,18.0,M,Paid Social,2023-10-06,76.78
CUS02769,Jessica,Burke,customer2769@email.co.uk,,,43.0,F,Paid Social,2024-11-09,108.38
CUS02770,James,Martin,customer2770@email.co.uk,Manchester,England,37.0,male,Paid Social,2023-03-08,59.29
CUS02771,George,Davies,customer2771@email.co.uk,Edinburgh,Scotland,24.0,Other,Paid Social,2022-06-10,45.78
CUS02772,Amelia,Flynn,customer2772@email.co.uk,Birmingham,England,46.0,M,Paid Social,2024-11-08,108.38
CUS02773,Sophie,Clark,customer2773@email.co.uk,London,England,38.0,F,Google Ads,2022-07-26,45.15
CUS02774,Olivia,Williams,customer2774@email.co.uk,Birmingham,England,32.0,M,Paid Social,2022-12-05,54.39
CUS02775,Leo,O'Brien,customer2775@email.co.uk,Manchester,England,34.0,M,Paid Social,2023-10-10,76.78
CUS02776,Charlie,Taylor,customer2776@email.co.uk,Manchester,England,35.0,FEMALE,Paid Social,2024-07-28,99.43
CUS02777,Lucas,Clark,customer2777@email.co.uk,Leeds,England,37.0,MALE,Google Ads,2024-12-18,98.06
CUS02778,Priya,Davies,customer2778@email.co.uk,Leeds,England,30.0,F,Paid Social,2022-10-29,54.39
CUS02779,Ella,Flynn,customer2779@email.co.uk,Bristol,England,18.0,M,Google Ads,2022-12-06,49.21
CUS02780,Poppy,Taylor,customer2780@email.co.uk,Cardiff,Wales,29.0,m,Google Ads,2024-12-29,98.06
CUS02781,George,Walker,customer2781@email.co.uk,Liverpool,England,28.0,M,Google Ads,2023-12-10,69.47
CUS02782,James,Lewis,customer2782@email.co.uk,Manchester,England,33.0,,Google Ads,2024-10-10,98.06
CUS02783,Freddie,Shah,customer2783@email.co.uk,London,England,43.0,M,Organic,2023-06-04,12.31
CUS02784,Mason,Byrne,customer2784@email.co.uk,Newcastle,England,20.0,F,Paid Social,2023-02-24,59.29
CUS02785,Omar,White,customer2785@email.co.uk,Leeds,England,36.0,Other,Paid Social,2024-10-20,108.38
CUS02786,Freddie,Ahmed,customer2786@email.co.uk,Leeds,England,26.0,F,Paid Social,2022-11-15,54.39
CUS02787,Hassan,Clark,customer2787@email.co.uk,Leeds,England,38.0,F,Paid Social,2023-01-11,59.29
CUS02788,Mason,Ahmed,customer2788@email.co.uk,Bristol,England,22.0,F,Paid Social,2023-06-08,64.62
CUS02789,Amelia,Ryan,customer2789@email.co.uk,LIVERPOOL,England,42.0,M,Paid Social,2023-04-28,64.62
CUS02790,Arjun,Wilson,customer2790@email.co.uk,Leeds,England,46.0,F,Paid Social,2022-10-03,54.39
CUS02791,Ava,Johnson,customer2791@email.co.uk,Liverpool,England,31.0,F,Paid Social,2023-02-24,59.29
CUS02792,Lily,Ali,customer2792@email.co.uk,Bristol,England,48.0,Woman,,2022-10-12,49.21
CUS02793,Yusuf,Jones,customer2793@email.co.uk,Glasgow,Scotland,40.0,M,Paid Social,2023-11-20,76.78
CUS02794,Poppy,Martin,customer2794@email.co.uk,London,England,35.0,f,Paid Social,2024-05-07,91.22
CUS02795,Poppy,Ali,customer2795@email.co.uk,SHEFFIELD,England,24.0,M,Paid Social,2023-11-09,76.78
CUS02796,Mason,Robinson,customer2796@email.co.uk,London,England,42.0,male,Paid Social,2022-05-17,45.78
CUS02797,Priya,O'Brien,customer2797@email.co.uk,Sheffield,England,35.0,Female,Email,2023-12-29,10.97
CUS02798,Isabella,Smith,customer2798@email.co.uk,London,England,40.0,m,Organic,2024-05-26,17.38
CUS02799,Jack,Evans,customer2799@email.co.uk,Glasgow,Scotland,51.0,Man,Google Ads,2022-10-16,49.21
CUS02800,Arjun,Ali,customer2800@email.co.uk,London,England,27.0,FEMALE,Google Ads,2023-10-14,69.47
CUS02801,Mason,Robinson,customer2801@email.co.uk,Leeds,England,45.0,F,Referral,2024-12-14,36.13
CUS02802,Lily,Jones,customer2802@email.co.uk,Bristol,England,39.0,m,Paid Social,2024-09-10,99.43
CUS02803,Emma,Kumar,customer2803@email.co.uk,Manchester,England,30.0,M,Google Ads,2023-09-15,63.73
CUS02804,Grace,Wilson,customer2804@email.co.uk,London,England,34.0,F,Google Ads,2022-12-30,49.21
CUS02805,Alfie,Malik,customer2805@email.co.uk,Liverpool,England,47.0,F,Email,2022-09-25,7.13
CUS02806,Mia,Murphy,customer2806@email.co.uk,London,England,24.0,F,Paid Social,2022-04-07,45.78
CUS02807,Noah,Hussain,customer2807@email.co.uk,Manchestor,England,45.0,,Email,2022-12-08,7.77
CUS02808,Alfie,Murphy,customer2808@email.co.uk,London,England,37.0,M,Paid Social,2023-10-18,76.78
CUS02809,Emma,White,customer2809@email.co.uk,cardiff,Wales,37.0,F,Referral,2023-10-28,25.59
CUS02810,Poppy,Singh,customer2810@email.co.uk,Manchester,England,54.0,F,Organic,2022-10-11,10.36
CUS02811,Ryan,Taylor,customer2811@email.co.uk,Bristol,England,33.0,F,Google Ads,2023-09-13,63.73
CUS02812,Alfie,Martin,customer2812@email.co.uk,Manchestr,England,31.0,F,Google Ads,2023-08-30,63.73
CUS02813,George,Lewis,customer2813@email.co.uk,Glasgow,Scotland,,M,Email,2024-08-25,14.2
CUS02814,Mason,Kumar,customer2814@email.co.uk,Manchester,England,40.0,M,Paid Social,2024-11-17,108.38
CUS02815,Emma,Robinson,customer2815@email.co.uk,Glasgow,Scotland,49.0,F,Referral,2024-12-07,36.13
CUS02816,Liam,Connor,customer2816@email.co.uk,London,England,32.0,F,Paid Social,2023-10-17,76.78
CUS02817,Jack,Brown,customer2817@email.co.uk,Edinburgh,Scotland,30.0,F,Paid Social,2024-10-01,108.38
CUS02818,Chloe,Thompson,customer2818@email.co.uk,Birmingham,England,43.0,M,Paid Social,2024-02-11,83.69
CUS02819,Emma,Anderson,customer2819@email.co.uk,London,England,60.0,M,Email,2022-07-03,7.13
CUS02820,Ella,Burke,customer2820@email.co.uk,Liverpool,England,41.0,m,Paid Social,2022-05-21,45.78
CUS02821,Lucas,Wilson,customer2821@email.co.uk,Sheffield,England,18.0,F,Organic,2024-01-19,15.94
CUS02822,Jack,Singh,customer2822@email.co.uk,Glasgow,Scotland,47.0,F,Paid Social,2024-04-24,91.22
CUS02823,Hannah,Taylor,customer2823@email.co.uk,Birmingham,England,28.0,F,Paid Social,2024-03-22,83.69
CUS02824,Ava,Ryan,customer2824@email.co.uk,manchester,England,33.0,MALE,Paid Social,2023-10-14,76.78
CUS02825,Amelia,Walsh,customer2825@email.co.uk,London,England,45.0,M,Google Ads,2023-12-31,69.47
CUS02826,Muhammad,Anderson,customer2826@email.co.uk,Manchester,England,18.0,female,Paid Social,2024-04-04,91.22
CUS02827,Charlie,Davies,customer2827@email.co.uk,Manchester,England,24.0,M,Paid Social,2024-05-16,91.22
CUS02828,Emma,Clark,customer2828@email.co.uk,London,England,45.0,male,Email,2022-09-03,7.13
CUS02829,Nathan,Malik,customer2829@email.co.uk,Cardiff,Wales,34.0,M,Google Ads,2023-10-06,69.47
CUS02830,Omar,Thomas,customer2830@email.co.uk,London,England,28.0,F,Paid Social,2023-04-23,64.62
CUS02831,George,Kumar,customer2831@email.co.uk,Manchester,England,20.0,F,Google Ads,2023-10-13,69.47
CUS02832,Riya,Khan,customer2832@email.co.uk,Leeds,England,33.0,f,Google Ads,2023-07-07,63.73
CUS02833,Charlie,Anderson,customer2833@email.co.uk,Liverpool,England,54.0,F,Paid Social,2022-05-21,45.78
CUS02834,Jessica,Ahmed,customer2834@email.co.uk,London,England,44.0,M,Google Ads,2024-08-07,89.96
CUS02835,George,Wilson,customer2835@email.co.uk,london,England,24.0,MALE,Paid Social,2023-11-13,76.78
CUS02836,Fatima,O'Brien,customer2836@email.co.uk,Newcastle,England,33.0,F,Email,2024-10-20,15.48
CUS02837,Emma,Clark,customer2837@email.co.uk,Manchester,England,36.0,male,,2022-04-02,0.0
CUS02838,Olivia,Walsh,customer2838@email.co.uk,,,45.0,M,Paid Social,2022-06-25,45.78
CUS02839,James,Walsh,customer2839@email.co.uk,,,48.0,F,Google Ads,2022-08-07,45.15
CUS02840,Oliver,O'Brien,customer2840@email.co.uk,Leeds,England,19.0,M,Paid Social,2024-10-16,108.38
CUS02841,Rohan,Williams,customer2841@email.co.uk,Bristol,England,44.0,F,Google Ads,2023-11-03,69.47
CUS02842,Zoe,Thompson,customer2842@email.co.uk,Edinburgh,Scotland,33.0,F,Google Ads,2024-07-01,89.96
CUS02843,Sara,Murphy,customer2843@email.co.uk,Glasgow,Scotland,23.0,F,Paid Social,2022-05-27,45.78
CUS02844,Arjun,Kelly,customer2844@email.co.uk,London,England,31.0,M,Paid Social,2024-06-27,91.22
CUS02845,Freddie,Ahmed,customer2845@email.co.uk,Manchestor,England,18.0,Man,Email,2022-05-28,6.54
CUS02846,Leo,Ali,customer2846@email.co.uk,Edinburgh,Scotland,22.0,O,Organic,2024-11-12,20.64
CUS02847,Muhammad,Williams,customer2847@email.co.uk,Glasgow,Scotland,38.0,M,Google Ads,2023-11-07,69.47
CUS02848,Mason,White,customer2848@email.co.uk,Leeds,England,37.0,M,Paid Social,2024-12-08,108.38
CUS02849,Aisha,Thompson,customer2849@email.co.uk,Sheffield,England,41.0,M,Organic,2024-03-03,15.94
CUS02850,Oliver,Kelly,customer2850@email.co.uk,Manchester,England,39.0,Female,Google Ads,2024-01-14,75.72
CUS02851,Nathan,Davies,customer2851@email.co.uk,Manchester,England,43.0,male,Paid Social,2022-10-04,54.39
CUS02852,Ryan,Anderson,customer2852@email.co.uk,London,England,40.0,Male,Referral,2024-02-28,27.9
CUS02853,Harry,Walker,customer2853@email.co.uk,Manchester,England,22.0,m,Paid Social,2024-07-04,99.43
CUS02854,Ryan,Thomas,customer2854@email.co.uk,London,England,46.0,F,Paid Social,2024-01-28,83.69
CUS02855,Isla,Hall,customer2855@email.co.uk,London,England,20.0,M,Email,2024-05-02,13.03
CUS02856,Hassan,Khan,customer2856@email.co.uk,Birmingham,England,25.0,M,Google Ads,2024-10-28,98.06
CUS02857,Natalie,Martin,customer2857@email.co.uk,London,England,34.0,M,Paid Social,2024-05-10,91.22
CUS02858,George,Hussain,customer2858@email.co.uk,London,England,26.0,MALE,,2024-03-12,83.69
CUS02859,Oliver,Johnson,customer2859@email.co.uk,Glasgow,Scotland,38.0,F,Email,2023-11-17,10.97
CUS02860,James,Ahmed,customer2860@email.co.uk,Bristol,England,46.0,Man,Referral,2023-09-14,23.48
CUS02861,Emma,Thompson,customer2861@email.co.uk,Birmingham,England,36.0,F,Google Ads,2024-05-26,82.53
CUS02862,George,O'Brien,customer2862@email.co.uk,Nottingham,England,22.0,MALE,Paid Social,2024-09-11,99.43
CUS02863,Mason,Walsh,customer2863@email.co.uk,London,England,48.0,F,Email,2024-06-10,13.03
CUS02864,Hassan,Murphy,customer2864@email.co.uk,Leeds,England,49.0,M,Paid Social,2022-07-01,49.9
CUS02865,Rohan,Anderson,customer2865@email.co.uk,,,23.0,F,Paid Social,2022-12-28,54.39
CUS02866,Megan,Anderson,customer2866@email.co.uk,Glasgow,Scotland,28.0,MALE,,2024-02-02,83.69
CUS02867,Isla,O'Brien,customer2867@email.co.uk,Liverpool,England,33.0,M,Paid Social,2023-12-13,76.78
CUS02868,Isla,Hall,customer2868@email.co.uk,Sheffield,England,35.0,,Google Ads,2024-11-15,98.06
CUS02869,Nathan,Lewis,customer2869@email.co.uk,Shefield,England,59.0,F,Paid Social,2024-12-22,108.38
CUS02870,Poppy,Khan,customer2870@email.co.uk,Glasgow,Scotland,34.0,F,Organic,2024-11-04,20.64
CUS02871,Harry,Sharma,customer2871@email.co.uk,London,England,29.0,Man,Paid Social,2024-01-20,83.69
CUS02872,Olivia,Patel,customer2872@email.co.uk,Sheffield,England,40.0,F,Paid Social,2024-06-01,91.22
CUS02873,Logan,Jones,customer2873@email.co.uk,Leeds,England,22.0,M,Paid Social,2024-09-29,99.43
CUS02874,Ella,Ahmed,customer2874@email.co.uk,Bristol,England,30.0,Man,Google Ads,2022-09-06,45.15
CUS02875,Sara,Johnson,customer2875@email.co.uk,Birmingham,England,46.0,F,Google Ads,2023-03-30,53.64
CUS02876,Ava,Smith,customer2876@email.co.uk,Manchester,England,18.0,F,Paid Social,2022-02-28,42.0
CUS02877,Leo,Kelly,customer2877@email.co.uk,Manchester,England,42.0,F,Paid Social,2024-02-16,83.69
CUS02878,Isabella,Kelly,customer2878@email.co.uk,Leeds,England,43.0,M,Paid Social,2024-11-16,108.38
CUS02879,Nathan,O'Brien,customer2879@email.co.uk,London,England,,M,Paid Social,2022-01-12,42.0
CUS02880,Mia,Connor,customer2880@email.co.uk,Newcastle,England,47.0,Woman,Google Ads,2022-08-08,45.15
CUS02881,Fatima,Ali,customer2881@email.co.uk,Nottingham,England,48.0,,Google Ads,2022-11-09,49.21
CUS02882,Freddie,Clark,customer2882@email.co.uk,Sheffield,England,40.0,Woman,Paid Social,2024-07-28,99.43
CUS02883,Ava,Connor,customer2883@email.co.uk,London,England,35.0,M,Organic,2023-06-09,12.31
CUS02884,Alfie,Lewis,customer2884@email.co.uk,london,England,23.0,M,Paid Social,2022-11-08,54.39
CUS02885,Logan,Roberts,customer2885@email.co.uk,Nottingham,England,27.0,M,Paid Social,2023-06-12,64.62
CUS02886,Freddie,Ryan,customer2886@email.co.uk,London,England,38.0,F,Google Ads,2022-12-28,49.21
CUS02887,Freddie,Flynn,customer2887@email.co.uk,Cardiff,Wales,28.0,M,Google Ads,2022-12-23,49.21
CUS02888,Muhammad,Taylor,customer2888@email.co.uk,Liverpool,England,33.0,F,Email,2023-12-12,10.97
CUS02889,Amelia,Thompson,customer2889@email.co.uk,Manchester,England,26.0,M,Direct,2024-04-12,0.0
CUS02890,Dylan,Johnson,customer2890@email.co.uk,Glasgow,Scotland,35.0,F,Google Ads,2022-12-22,49.21
CUS02891,Noah,Flynn,customer2891@email.co.uk,Birmingham,England,44.0,F,Paid Social,2023-12-01,76.78
CUS02892,Ryan,Sharma,customer2892@email.co.uk,London,England,44.0,M,Paid Social,2022-03-09,42.0
CUS02893,Isabella,McCarthy,customer2893@email.co.uk,Leeds,England,53.0,F,Google Ads,2024-12-15,98.06
CUS02894,Arjun,Thompson,customer2894@email.co.uk,Manchester,England,45.0,Man,Google Ads,2022-07-04,45.15
CUS02895,Leo,Lewis,customer2895@email.co.uk,Glasgow,Scotland,29.0,Man,Google Ads,2023-12-07,69.47
CUS02896,Fatima,Sharma,customer2896@email.co.uk,Birmingham,England,20.0,Other,Direct,2024-12-30,0.0
CUS02897,Charlie,Taylor,customer2897@email.co.uk,NEWCASTLE,England,32.0,M,Paid Social,2023-04-11,64.62
CUS02898,Dylan,Evans,customer2898@email.co.uk,Birmingham,England,49.0,M,Paid Social,2023-02-19,59.29
CUS02899,Oliver,Walker,customer2899@email.co.uk,Manchester,England,35.0,F,Google Ads,2024-06-20,82.53
CUS02900,George,Walker,customer2900@email.co.uk,London,England,26.0,F,Google Ads,2023-09-25,63.73
CUS02901,Yusuf,White,customer2901@email.co.uk,Sheffield,England,30.0,F,Paid Social,2023-01-13,59.29
CUS02902,Freddie,Sharma,customer2902@email.co.uk,Bristol,England,45.0,M,Paid Social,2023-12-17,76.78
CUS02903,George,Ryan,customer2903@email.co.uk,Bristol,England,18.0,female,Paid Social,2024-09-10,99.43
CUS02904,Lucas,Hall,customer2904@email.co.uk,Liverpool,England,50.0,M,Paid Social,2024-04-11,91.22
CUS02905,Arjun,Walsh,customer2905@email.co.uk,Glasgow,Scotland,25.0,f,Paid Social,2022-12-13,54.39
CUS02906,Natalie,Wilson,customer2906@email.co.uk,London,England,24.0,F,Paid Social,2024-04-09,91.22
CUS02907,Ryan,Robinson,customer2907@email.co.uk,London,England,18.0,M,Referral,2024-11-22,36.13
CUS02908,Grace,Ryan,customer2908@email.co.uk,Bristol,England,18.0,M,Google Ads,2022-11-07,49.21
CUS02909,Natalie,Ahmed,customer2909@email.co.uk,Sheffield,England,,F,Organic,2024-03-22,15.94
CUS02910,Hannah,Connor,customer2910@email.co.uk,Manchester,England,50.0,FEMALE,Paid Social,2023-10-29,76.78
CUS02911,Isla,Singh,customer2911@email.co.uk,Birmingham,England,18.0,M,Google Ads,2024-04-04,82.53
CUS02912,George,Flynn,customer2912@email.co.uk,London,England,35.0,FEMALE,Google Ads,2022-08-25,45.15
CUS02913,Isabella,McCarthy,customer2913@email.co.uk,Birmingham,England,38.0,M,Email,2022-12-07,7.77
CUS02914,Lucas,White,customer2914@email.co.uk,Newcastel,England,26.0,M,Organic,2023-05-13,12.31
CUS02915,Aisha,Clark,customer2915@email.co.uk,Bristol,England,37.0,female,Google Ads,2024-09-21,89.96
CUS02916,Priya,Robinson,customer2916@email.co.uk,Birmingham,England,34.0,F,Google Ads,2023-06-26,58.47
CUS02917,Logan,Ahmed,customer2917@email.co.uk,,,34.0,F,Paid Social,2023-05-01,64.62
CUS02918,Hannah,Clark,customer2918@email.co.uk,LEEDS,England,42.0,F,Paid Social,2024-06-23,91.22
CUS02919,Rohan,Brown,customer2919@email.co.uk,London,England,27.0,M,Paid Social,2022-08-26,49.9
CUS02920,Aisha,Taylor,customer2920@email.co.uk,Bristol,England,44.0,M,Google Ads,2023-04-08,58.47
CUS02921,Megan,O'Brien,customer2921@email.co.uk,London,England,44.0,F,Paid Social,2023-12-01,76.78
CUS02922,Emily,Khan,customer2922@email.co.uk,Manchester,England,30.0,m,Referral,2023-05-12,21.54
CUS02923,James,Kumar,customer2923@email.co.uk,Liverpool,England,18.0,male,Email,2024-01-08,11.96
CUS02924,Emma,Patel,customer2924@email.co.uk,Glasgow,Scotland,24.0,f,Paid Social,2024-01-14,83.69
CUS02925,Rohan,White,customer2925@email.co.uk,Cardiff,Wales,24.0,MALE,Google Ads,2022-08-30,45.15
CUS02926,Nathan,Khan,customer2926@email.co.uk,Glasgow,Scotland,34.0,Woman,Paid Social,2022-08-18,49.9
CUS02927,Poppy,Singh,customer2927@email.co.uk,London ,England,19.0,M,Email,2024-08-01,14.2
CUS02928,Noah,Anderson,customer2928@email.co.uk,Liverpool,England,50.0,F,Paid Social,2023-08-02,70.44
CUS02929,Zoe,Sharma,customer2929@email.co.uk,Newcastle,England,37.0,O,Paid Social,2022-09-10,49.9
CUS02930,Aiden,Thomas,customer2930@email.co.uk,London,England,20.0,M,Referral,2022-05-26,15.26
CUS02931,Hassan,Thompson,customer2931@email.co.uk,Glasgow,Scotland,27.0,F,Paid Social,2023-08-04,70.44
CUS02932,Mason,Ahmed,customer2932@email.co.uk,Manchester,England,18.0,M,Google Ads,2024-09-23,89.96
CUS02933,Lucas,Murphy,customer2933@email.co.uk,Leeds,England,36.0,Male,Email,2022-11-14,7.77
CUS02934,Sara,Ahmed,customer2934@email.co.uk,London,England,49.0,M,,2024-12-29,20.64
CUS02935,Freddie,Thompson,customer2935@email.co.uk,London,England,29.0,M,Paid Social,2022-02-19,42.0
CUS02936,Riya,Anderson,customer2936@email.co.uk,Sheffield,England,36.0,M,Google Ads,2024-01-01,75.72
CUS02937,Jessica,Wilson,customer2937@email.co.uk,Bristol,England,26.0,M,Google Ads,2024-05-12,82.53
CUS02938,Harry,Walsh,customer2938@email.co.uk,London,England,23.0,F,Paid Social,2023-11-20,76.78
CUS02939,Freddie,Hussain,customer2939@email.co.uk,Leeds,England,50.0,F,Email,2022-12-31,7.77
CUS02940,Megan,Sharma,customer2940@email.co.uk,Glasgow,Scotland,36.0,M,Paid Social,2023-04-04,64.62
CUS02941,Priya,Brown,customer2941@email.co.uk,London,England,27.0,M,Paid Social,2023-12-04,76.78
CUS02942,Emma,Flynn,customer2942@email.co.uk,Leeds,England,26.0,Man,Referral,2024-11-04,36.13
CUS02943,Nathan,Patel,customer2943@email.co.uk,glasgow,Scotland,,M,Google Ads,2023-08-05,63.73
CUS02944,Ella,Byrne,customer2944@email.co.uk,Sheffield,England,36.0,F,Paid Social,2023-05-10,64.62
CUS02945,Ethan,Shah,customer2945@email.co.uk,Newcastle,England,39.0,Man,,2023-07-14,70.44
CUS02946,Fatima,Singh,customer2946@email.co.uk,Bristol,England,31.0,F,Paid Social,2024-12-31,108.38
CUS02947,Muhammad,White,customer2947@email.co.uk,London,England,44.0,F,Organic,2023-01-13,11.29
CUS02948,Emma,Jones,customer2948@email.co.uk,Birmingham,England,37.0,F,Paid Social,2022-10-09,54.39
CUS02949,Rohan,Johnson,customer2949@email.co.uk,London,England,43.0,M,Paid Social,2024-11-03,108.38
CUS02950,Aiden,Ahmed,customer2950@email.co.uk,,,25.0,F,Paid Social,2022-08-06,49.9
CUS02951,Alfie,Walker,customer2951@email.co.uk,London,England,20.0,M,Email,2024-09-21,14.2
CUS02952,Mia,Anderson,customer2952@email.co.uk,Glasgow,Scotland,28.0,M,Email,2024-02-18,11.96
CUS02953,Riya,Robinson,customer2953@email.co.uk,Birmigham,England,30.0,M,Organic,2024-12-07,20.64
CUS02954,Fatima,Flynn,customer2954@email.co.uk,Edinburgh,Scotland,18.0,Man,Email,2023-04-05,9.23
CUS02955,Sara,Martin,customer2955@email.co.uk,Birmingham,England,45.0,female,Email,2024-10-05,15.48
CUS02956,Mason,Hall,customer2956@email.co.uk,London,England,33.0,F,Google Ads,2022-06-12,41.42
CUS02957,Priya,Clark,customer2957@email.co.uk,London,England,26.0,M,Paid Social,2024-07-30,99.43
CUS02958,Amelia,Brown,customer2958@email.co.uk,Liverpool,England,42.0,Female,Google Ads,2023-04-17,58.47
CUS02959,Lauren,Malik,customer2959@email.co.uk,Glasgow,Scotland,18.0,Male,Paid Social,2023-09-20,70.44
CUS02960,Arjun,Flynn,customer2960@email.co.uk,London,England,41.0,F,Paid Social,2024-08-13,99.43
CUS02961,Harry,Martin,customer2961@email.co.uk,Sheffield,England,54.0,M,Organic,2024-03-02,15.94
CUS02962,James,Kelly,customer2962@email.co.uk,Edinburgh,Scotland,27.0,m,Direct,2023-09-18,0.0
CUS02963,Zoe,Sharma,customer2963@email.co.uk,London,England,30.0,M,Paid Social,2023-03-01,59.29
CUS02964,Omar,Connor,customer2964@email.co.uk,Newcastel,England,34.0,F,Paid Social,2024-07-06,99.43
CUS02965,Jessica,Jones,customer2965@email.co.uk,London,England,57.0,M,Paid Social,2023-09-26,70.44
CUS02966,George,Smith,customer2966@email.co.uk,Leeds,England,31.0,F,Google Ads,2022-12-17,49.21
CUS02967,Olivia,Davies,customer2967@email.co.uk,London,England,41.0,M,Paid Social,2023-07-05,70.44
CUS02968,Aisha,Robinson,customer2968@email.co.uk,Sheffield,England,49.0,F,Google Ads,2024-08-12,89.96
CUS02969,James,White,customer2969@email.co.uk,London,England,41.0,F,Google Ads,2022-04-28,41.42
CUS02970,Poppy,White,customer2970@email.co.uk,LONDON,England,40.0,,Paid Social,2023-04-11,64.62
CUS02971,Isabella,Robinson,customer2971@email.co.uk,London,England,22.0,Female,Google Ads,2024-06-09,82.53
CUS02972,Oliver,Jones,customer2972@email.co.uk,,,52.0,F,Paid Social,2024-01-31,83.69
CUS02973,Alfie,Davies,customer2973@email.co.uk,Edinburgh,Scotland,46.0,FEMALE,Paid Social,2023-08-28,70.44
CUS02974,Noah,Martin,customer2974@email.co.uk,Bristol,England,37.0,F,Referral,2022-09-19,16.63
CUS02975,Leo,O'Brien,customer2975@email.co.uk,Leeds,England,22.0,M,Paid Social,2022-04-10,45.78
CUS02976,Liam,Brown,customer2976@email.co.uk,glasgow,Scotland,33.0,MALE,Paid Social,2023-07-15,70.44
CUS02977,Hannah,Shah,customer2977@email.co.uk,Liverpool,England,31.0,M,Paid Social,2024-05-01,91.22
CUS02978,Muhammad,Walker,customer2978@email.co.uk,Bristol,England,39.0,M,Email,2023-01-15,8.47
CUS02979,Logan,O'Brien,customer2979@email.co.uk,Manchester,England,28.0,M,Paid Social,2024-11-07,108.38
CUS02980,Isabella,Patel,customer2980@email.co.uk,Manchester,England,27.0,FEMALE,Google Ads,2024-02-10,75.72
CUS02981,Jack,Davies,customer2981@email.co.uk,Sheffield,England,50.0,M,Paid Social,2023-09-14,70.44
CUS02982,Isabella,Johnson,customer2982@email.co.uk,Liverpool,England,31.0,F,Paid Social,2024-07-05,99.43
CUS02983,Isabella,Davies,customer2983@email.co.uk,Cardiff,Wales,18.0,female,Organic,2023-03-11,11.29
CUS02984,George,Burke,customer2984@email.co.uk,,,23.0,F,Google Ads,2024-11-03,98.06
CUS02985,Jack,Clark,customer2985@email.co.uk,Newcastle,England,35.0,F,Google Ads,2023-06-07,58.47
CUS02986,Freddie,Patel,customer2986@email.co.uk,London,England,24.0,M,Google Ads,2022-01-14,38.0
CUS02987,Liam,Walsh,customer2987@email.co.uk,Cardiff,Wales,58.0,MALE,Paid Social,2024-12-19,108.38
CUS02988,Grace,Roberts,customer2988@email.co.uk,Glasgow,Scotland,36.0,M,Paid Social,2023-10-26,76.78
CUS02989,Isla,Kelly,customer2989@email.co.uk,London,England,19.0,Male,Direct,2024-11-08,0.0
CUS02990,Mia,Taylor,customer2990@email.co.uk,Birmingham,England,44.0,male,Paid Social,2022-07-14,49.9
CUS02991,Yusuf,Roberts,customer2991@email.co.uk,London,England,20.0,M,Paid Social,2022-11-09,54.39
CUS02992,Aisha,Singh,customer2992@email.co.uk,Edinburgh,Scotland,32.0,Male,Paid Social,2023-10-13,76.78
CUS02993,Lucas,Walker,customer2993@email.co.uk,Liverpool,England,36.0,F,,2024-11-04,108.38
CUS02994,Fatima,Jones,customer2994@email.co.uk,London ,England,37.0,F,Paid Social,2022-06-19,45.78
CUS02995,Poppy,Hall,customer2995@email.co.uk,Liverpool,England,31.0,M,Paid Social,2023-11-23,76.78
CUS02996,George,O'Brien,customer2996@email.co.uk,Birmingham,England,20.0,Woman,Google Ads,2024-07-08,89.96
CUS02997,Charlie,Brown,customer2997@email.co.uk,Glasgow,Scotland,43.0,Female,Google Ads,2023-07-03,63.73
CUS02998,Natalie,Roberts,customer2998@email.co.uk,London,England,18.0,M,Paid Social,2023-09-04,70.44
CUS02999,Isla,Kumar,customer2999@email.co.uk,London,England,36.0,M,Google Ads,2024-11-24,98.06
CUS03000,Nathan,Thompson,customer3000@email.co.uk,Glasgow,Scotland,38.0,Non-binary,Google Ads,2023-11-23,69.47
CUS03001,Megan,Davies,customer3001@email.co.uk,Manchester,England,21.0,,Google Ads,2024-05-03,82.53
CUS03002,Arjun,O'Brien,customer3002@email.co.uk,,,22.0,F,Paid Social,2024-04-15,91.22
CUS03003,Ella,Singh,customer3003@email.co.uk,birmingham,England,39.0,F,Paid Social,2024-11-05,108.38
CUS03004,Freddie,Smith,customer3004@email.co.uk,Sheffield,England,53.0,M,Google Ads,2023-05-06,58.47
CUS03005,Isla,Flynn,customer3005@email.co.uk,Newcastle,England,30.0,M,Paid Social,2023-11-29,76.78
CUS03006,Emily,Evans,customer3006@email.co.uk,london,England,37.0,M,Google Ads,2022-11-20,49.21
CUS03007,Riya,Malik,customer3007@email.co.uk,Birmingham,England,35.0,F,Paid Social,2023-04-25,64.62
CUS03008,Ava,Clark,customer3008@email.co.uk,Bristol,England,27.0,M,Paid Social,2024-09-06,99.43
CUS03009,Chloe,Singh,customer3009@email.co.uk,Cardiff,Wales,29.0,M,,2024-12-10,98.06
CUS03010,Hannah,Byrne,customer3010@email.co.uk,Birmingham,England,32.0,M,Google Ads,2023-04-18,58.47
CUS03011,Liam,Taylor,customer3011@email.co.uk,Glasgow,Scotland,34.0,M,Email,2024-07-11,14.2
CUS03012,Oliver,Thompson,customer3012@email.co.uk,London,England,38.0,F,Paid Social,2023-11-23,76.78
CUS03013,Omar,Jones,customer3013@email.co.uk,Newcastle,England,24.0,F,Paid Social,2024-05-05,91.22
CUS03014,Poppy,Walsh,customer3014@email.co.uk,Newcastle,England,47.0,F,Paid Social,2023-06-05,64.62
CUS03015,Lily,Anderson,customer3015@email.co.uk,Londen,England,25.0,Female,Direct,2023-05-20,0.0
CUS03016,Riya,Malik,customer3016@email.co.uk,Manchester,England,45.0,female,Paid Social,2022-11-14,54.39
CUS03017,Megan,Martin,customer3017@email.co.uk,Leeds,England,40.0,,Google Ads,2023-10-31,69.47
CUS03018,Olivia,Anderson,customer3018@email.co.uk,Liverpool,England,34.0,Female,Paid Social,2022-04-23,45.78
CUS03019,Sophie,Clark,customer3019@email.co.uk,Liverpool,England,35.0,Man,Paid Social,2024-10-09,108.38
CUS03020,Freddie,Johnson,customer3020@email.co.uk,London,England,32.0,male,Paid Social,2022-12-17,54.39
CUS03021,Jack,Thompson,customer3021@email.co.uk,Edinburgh,Scotland,38.0,F,Email,2024-03-01,11.96
CUS03022,Nathan,Patel,customer3022@email.co.uk,Newcastle,England,33.0,f,Paid Social,2023-11-03,76.78
CUS03023,Fatima,Hall,customer3023@email.co.uk,Liverpool,England,29.0,M,Paid Social,2023-05-13,64.62
CUS03024,Aiden,Khan,customer3024@email.co.uk,London,England,25.0,F,Paid Social,2024-11-29,108.38
CUS03025,Hannah,Hall,customer3025@email.co.uk,Sheffield,England,26.0,F,Paid Social,2024-09-29,99.43
CUS03026,Jack,Kelly,customer3026@email.co.uk,Glasgow,Scotland,41.0,M,,2024-06-17,91.22
CUS03027,Muhammad,Davies,customer3027@email.co.uk,Birmingham,England,27.0,M,Direct,2022-07-27,0.0
CUS03028,Lily,Taylor,customer3028@email.co.uk,Manchester,England,51.0,M,Paid Social,2023-09-22,70.44
CUS03029,Muhammad,Walsh,customer3029@email.co.uk,London,England,25.0,M,Paid Social,2024-03-21,83.69
CUS03030,Ava,Roberts,customer3030@email.co.uk,glasgow,Scotland,18.0,Male,Paid Social,2022-06-24,45.78
CUS03031,Olivia,Robinson,customer3031@email.co.uk,Liverpool,England,21.0,M,Paid Social,2024-05-09,91.22
CUS03032,Nathan,Jones,customer3032@email.co.uk,Manchester,England,39.0,F,Paid Social,2024-09-01,99.43
CUS03033,Isla,Khan,customer3033@email.co.uk,Birmingham,England,18.0,F,Google Ads,2024-12-02,98.06
CUS03034,Alfie,Walsh,customer3034@email.co.uk,Manchester,England,37.0,m,Email,2023-10-31,10.97
CUS03035,Fatima,Ryan,customer3035@email.co.uk,Glasgow,Scotland,18.0,F,Paid Social,2022-03-07,42.0
CUS03036,Mason,O'Brien,customer3036@email.co.uk,Liverpool,England,18.0,M,Paid Social,2022-11-16,54.39
CUS03037,Hannah,Hall,customer3037@email.co.uk,Birmingham,England,38.0,,Organic,2024-08-21,18.94
CUS03038,Sara,Brown,customer3038@email.co.uk,Manchester,England,39.0,female,Direct,2022-09-09,0.0
CUS03039,Charlie,Brown,customer3039@email.co.uk,Edinburgh,Scotland,36.0,female,Paid Social,2024-02-14,83.69
CUS03040,Megan,Ali,customer3040@email.co.uk,London,England,27.0,,Paid Social,2024-03-24,83.69
CUS03041,Dylan,O'Brien,customer3041@email.co.uk,Edinburgh,Scotland,18.0,M,Referral,2023-09-03,23.48
CUS03042,George,Clark,customer3042@email.co.uk,London,England,43.0,f,Email,2024-08-02,14.2
CUS03043,Arjun,Walsh,customer3043@email.co.uk,London,England,45.0,Other,Paid Social,2022-08-03,49.9
CUS03044,Poppy,Kumar,customer3044@email.co.uk,London,England,27.0,other,Referral,2024-02-11,27.9
CUS03045,Muhammad,O'Brien,customer3045@email.co.uk,Bristol,England,31.0,M,,2023-06-22,9.23
CUS03046,Fatima,Sharma,customer3046@email.co.uk,Leeds,England,35.0,FEMALE,Google Ads,2024-10-06,98.06
CUS03047,Sara,Ahmed,customer3047@email.co.uk,Londen,England,19.0,M,Paid Social,2023-07-10,70.44
CUS03048,Zoe,Kumar,customer3048@email.co.uk,London,England,32.0,M,Paid Social,2022-10-31,54.39
CUS03049,Sara,Khan,customer3049@email.co.uk,Leds,England,38.0,F,Paid Social,2023-05-09,64.62
CUS03050,Megan,Taylor,customer3050@email.co.uk,Birmingham,England,35.0,Female,Google Ads,2023-11-15,69.47
CUS03051,Charlie,Malik,customer3051@email.co.uk,Birmingham,England,38.0,M,Direct,2022-06-01,0.0
CUS03052,Noah,Lewis,customer3052@email.co.uk,Sheffield,England,33.0,M,Google Ads,2024-10-11,98.06
CUS03053,Freddie,Williams,customer3053@email.co.uk,Newcastle,England,18.0,f,Paid Social,2024-03-22,83.69
CUS03054,Mia,Thomas,customer3054@email.co.uk,Glasgow,Scotland,22.0,M,Email,2023-03-30,8.47
CUS03055,George,Malik,customer3055@email.co.uk,London,England,31.0,MALE,Google Ads,2024-01-24,75.72
CUS03056,Rohan,Burke,customer3056@email.co.uk,Manchester,England,32.0,M,Paid Social,2024-12-22,108.38
CUS03057,Harry,Hall,customer3057@email.co.uk,London,England,25.0,m,Referral,2024-01-16,27.9
CUS03058,Arjun,Brown,customer3058@email.co.uk,Manchester,England,48.0,F,Google Ads,2023-07-21,63.73
CUS03059,Yusuf,Patel,customer3059@email.co.uk,LONDON,England,34.0,Man,Organic,2024-04-24,17.38
CUS03060,Dylan,Ryan,customer3060@email.co.uk,Cardiff,Wales,23.0,Man,Paid Social,2024-07-06,99.43
CUS03061,Noah,Roberts,customer3061@email.co.uk,Birmingham,England,18.0,M,Paid Social,2024-04-29,91.22
CUS03062,Aiden,Evans,customer3062@email.co.uk,Birmingham,England,46.0,M,Google Ads,2022-11-18,49.21
CUS03063,Fatima,Taylor,customer3063@email.co.uk,Sheffield,England,36.0,Female,Paid Social,2022-02-19,42.0
CUS03064,Harry,Walker,customer3064@email.co.uk,Bristol,England,33.0,M,Paid Social,2023-04-04,64.62
CUS03065,Sara,Thomas,customer3065@email.co.uk,London,England,60.0,F,Google Ads,2023-08-23,63.73
CUS03066,Hannah,Evans,customer3066@email.co.uk,London,England,33.0,M,Organic,2024-09-14,18.94
CUS03067,Aisha,Brown,customer3067@email.co.uk,Sheffield,England,35.0,F,Email,2022-06-13,6.54
CUS03068,Muhammad,Johnson,customer3068@email.co.uk,Sheffield,England,38.0,F,Google Ads,2024-09-25,89.96
CUS03069,Zoe,Kelly,customer3069@email.co.uk,Liverpool,England,18.0,M,Google Ads,2022-04-29,41.42
CUS03070,Logan,Johnson,customer3070@email.co.uk,Birmingham,England,18.0,m,Google Ads,2023-03-31,53.64
CUS03071,Ava,White,customer3071@email.co.uk,Newcastle,England,,M,Paid Social,2023-07-18,70.44
CUS03072,Lucas,Singh,customer3072@email.co.uk,Leeds,England,31.0,F,Paid Social,2024-11-23,108.38
CUS03073,Fatima,Patel,customer3073@email.co.uk,London,England,46.0,MALE,Paid Social,2024-12-02,108.38
CUS03074,Mason,Wilson,customer3074@email.co.uk,Bristol,England,31.0,M,Paid Social,2022-03-29,42.0
CUS03075,Ava,Malik,customer3075@email.co.uk,Birmingham,England,28.0,F,Direct,2022-11-06,0.0
CUS03076,Mia,Wilson,customer3076@email.co.uk,Manchester,England,49.0,F,Paid Social,2023-09-07,70.44
CUS03077,Noah,Clark,customer3077@email.co.uk,Glasgow,Scotland,43.0,female,Paid Social,2023-01-24,59.29
CUS03078,Hassan,Ali,customer3078@email.co.uk,Leeds,England,37.0,M,Paid Social,2024-12-04,108.38
CUS03079,Emma,Thompson,customer3079@email.co.uk,,,24.0,FEMALE,Google Ads,2024-01-31,75.72
CUS03080,Olivia,Kelly,customer3080@email.co.uk,Nottingham,England,32.0,M,Paid Social,2023-04-17,64.62
CUS03081,Lily,Malik,customer3081@email.co.uk,London,England,36.0,m,Paid Social,2024-01-11,83.69
CUS03082,Aiden,Martin,customer3082@email.co.uk,BIRMINGHAM,England,18.0,M,,2024-04-16,30.41
CUS03083,Omar,Thomas,customer3083@email.co.uk,Manchester,England,40.0,F,Paid Social,2024-10-06,108.38
CUS03084,Hassan,Martin,customer3084@email.co.uk,London,England,47.0,m,Paid Social,2024-10-30,108.38
CUS03085,Grace,Evans,customer3085@email.co.uk,London,England,33.0,F,Google Ads,2023-08-07,63.73
CUS03086,Chloe,Patel,customer3086@email.co.uk,Sheffield,England,39.0,F,Google Ads,2024-07-08,89.96
CUS03087,Ava,Jones,customer3087@email.co.uk,Leedes,England,18.0,F,Paid Social,2024-12-16,108.38
CUS03088,Isabella,Walsh,customer3088@email.co.uk,London,England,25.0,f,Paid Social,2023-11-20,76.78
CUS03089,Emma,Roberts,customer3089@email.co.uk,London,England,38.0,Female,Email,2024-06-13,13.03
CUS03090,Megan,Khan,customer3090@email.co.uk,Sheffield,England,27.0,M,Paid Social,2023-10-18,76.78
CUS03091,Muhammad,White,customer3091@email.co.uk,London,England,18.0,M,Paid Social,2023-06-24,64.62
CUS03092,Omar,Patel,customer3092@email.co.uk,Newcastle,England,20.0,F,Organic,2022-11-12,10.36
CUS03093,Rohan,Martin,customer3093@email.co.uk,London,England,35.0,Woman,Google Ads,2022-06-18,41.42
CUS03094,Arjun,Sharma,customer3094@email.co.uk,London,England,18.0,F,Paid Social,2023-04-14,64.62
CUS03095,Jack,Smith,customer3095@email.co.uk,London,England,48.0,female,Paid Social,2023-05-22,64.62
CUS03096,Poppy,McCarthy,customer3096@email.co.uk,Manchester,England,45.0,male,Google Ads,2023-12-15,69.47
CUS03097,Ethan,Smith,customer3097@email.co.uk,Edinburgh,Scotland,46.0,M,Email,2024-04-12,13.03
CUS03098,Yusuf,Clark,customer3098@email.co.uk,LEEDS,England,30.0,M,Google Ads,2024-05-24,82.53
CUS03099,Lauren,Williams,customer3099@email.co.uk,Glasgow,Scotland,28.0,M,Google Ads,2024-07-18,89.96
CUS03100,Harry,Khan,customer3100@email.co.uk,Glasgow,Scotland,24.0,M,Google Ads,2023-12-17,69.47
CUS03101,Poppy,Khan,customer3101@email.co.uk,Birmingham,England,36.0,Woman,Google Ads,2023-11-07,69.47
CUS03102,Jessica,Ahmed,customer3102@email.co.uk,Bristol,England,23.0,M,Google Ads,2024-01-30,75.72
CUS03103,Sophie,Ahmed,customer3103@email.co.uk,Manchester,England,27.0,F,Paid Social,2024-05-15,91.22
CUS03104,Megan,Shah,customer3104@email.co.uk,Leeds,England,45.0,F,Paid Social,2024-09-26,99.43
CUS03105,Aiden,Ali,customer3105@email.co.uk,Leedes,England,31.0,F,Paid Social,2022-12-24,54.39
CUS03106,Lily,Wilson,customer3106@email.co.uk,Sheffield,England,39.0,F,Google Ads,2024-10-08,98.06
CUS03107,Poppy,Smith,customer3107@email.co.uk,Bristol,England,38.0,F,Paid Social,2022-11-08,54.39
CUS03108,Rohan,Sharma,customer3108@email.co.uk,Bristol,England,44.0,F,Paid Social,2022-02-11,42.0
CUS03109,Yusuf,McCarthy,customer3109@email.co.uk,Birmingham,England,35.0,F,Paid Social,2024-08-13,99.43
CUS03110,Yusuf,Robinson,customer3110@email.co.uk,Bristol,England,21.0,female,Google Ads,2022-12-05,49.21
CUS03111,Priya,Taylor,customer3111@email.co.uk,Manchester,England,49.0,F,Email,2024-09-20,14.2
CUS03112,Omar,Johnson,customer3112@email.co.uk,Manchester,England,59.0,F,Email,2023-05-25,9.23
CUS03113,Yusuf,Roberts,customer3113@email.co.uk,Leeds,England,32.0,MALE,Paid Social,2023-05-20,64.62
CUS03114,Sophie,Clark,customer3114@email.co.uk,London,England,31.0,F,Paid Social,2024-10-16,108.38
CUS03115,Chloe,Khan,customer3115@email.co.uk,Leeds,England,44.0,M,Paid Social,2024-07-09,99.43
CUS03116,Lucas,Singh,customer3116@email.co.uk,Leeds,England,27.0,F,Direct,2022-04-28,0.0
CUS03117,Sophie,Thomas,customer3117@email.co.uk,London,England,18.0,M,Paid Social,2024-11-29,108.38
CUS03118,Ava,Byrne,customer3118@email.co.uk,Manchester,England,47.0,male,Paid Social,2022-11-16,54.39
CUS03119,Fatima,Patel,customer3119@email.co.uk,Manchester,England,45.0,F,Paid Social,2024-04-08,91.22
CUS03120,Arjun,Taylor,customer3120@email.co.uk,Liverpool,England,47.0,F,Paid Social,2024-11-27,108.38
CUS03121,Ethan,White,customer3121@email.co.uk,Manchester,England,18.0,Male,Referral,2024-09-24,33.14
CUS03122,Muhammad,Thomas,customer3122@email.co.uk,Manchester,England,51.0,M,Google Ads,2023-10-18,69.47
CUS03123,Hassan,Byrne,customer3123@email.co.uk,London,England,29.0,m,Google Ads,2024-12-01,98.06
CUS03124,Priya,Taylor,customer3124@email.co.uk,Manchester,England,51.0,m,Google Ads,2024-04-28,82.53
CUS03125,Mia,Malik,customer3125@email.co.uk,Sheffield,England,38.0,M,Paid Social,2022-12-22,54.39
CUS03126,Liam,O'Brien,customer3126@email.co.uk,Cardiff,Wales,28.0,M,Email,2024-12-11,15.48
CUS03127,Nathan,Anderson,customer3127@email.co.uk,Manchester,England,18.0,M,Google Ads,2023-12-13,69.47
CUS03128,Omar,Patel,customer3128@email.co.uk,,,46.0,female,Organic,2023-04-11,12.31
CUS03129,Mason,Robinson,customer3129@email.co.uk,Liverpool,England,18.0,female,Paid Social,2023-08-22,70.44
CUS03130,George,Evans,customer3130@email.co.uk,Manchester,England,18.0,M,Paid Social,2022-11-04,54.39
CUS03131,Alfie,Khan,customer3131@email.co.uk,Manchester,England,59.0,F,Google Ads,2023-12-17,69.47
CUS03132,Oliver,Jones,customer3132@email.co.uk,Manchester,England,33.0,F,,2023-12-13,76.78
CUS03133,Poppy,Ahmed,customer3133@email.co.uk,Shefield,England,42.0,Other,Paid Social,2022-09-24,49.9
CUS03134,George,Burke,customer3134@email.co.uk,Liverpool,England,18.0,M,Email,2023-07-30,10.06
CUS03135,George,Murphy,customer3135@email.co.uk,Birmingham,England,21.0,F,Paid Social,2023-01-12,59.29
CUS03136,Hassan,Taylor,customer3136@email.co.uk,Glasgow,Scotland,31.0,M,Paid Social,2024-11-04,108.38
CUS03137,Isla,Malik,customer3137@email.co.uk,Manchester,England,,MALE,Paid Social,2022-11-05,54.39
CUS03138,Riya,Hussain,customer3138@email.co.uk,London,England,,M,Paid Social,2024-01-25,83.69
CUS03139,Sophie,O'Brien,customer3139@email.co.uk,Cardiff,Wales,21.0,female,Paid Social,2024-03-09,83.69
CUS03140,Lucas,Hall,customer3140@email.co.uk,London,England,43.0,F,Paid Social,2024-01-17,83.69
CUS03141,Riya,McCarthy,customer3141@email.co.uk,LONDON,England,36.0,Man,Google Ads,2023-06-13,58.47
CUS03142,Emma,Khan,customer3142@email.co.uk,London,England,49.0,F,Google Ads,2022-12-17,49.21
CUS03143,Ethan,Hall,customer3143@email.co.uk,Manchestr,England,46.0,m,Paid Social,2022-01-21,42.0
CUS03144,Hassan,Shah,customer3144@email.co.uk,London,England,34.0,M,Paid Social,2022-11-13,54.39
CUS03145,Ella,Evans,customer3145@email.co.uk,Birmingham,England,43.0,F,Organic,2024-08-30,18.94
CUS03146,Lauren,Flynn,customer3146@email.co.uk,Cardiff,Wales,31.0,female,Google Ads,2023-02-04,53.64
CUS03147,Hannah,Brown,customer3147@email.co.uk,Cardiff,Wales,34.0,Woman,Organic,2023-11-21,14.62
CUS03148,Emma,Kumar,customer3148@email.co.uk,Leedes,England,18.0,M,Paid Social,2023-03-08,59.29
CUS03149,Logan,Smith,customer3149@email.co.uk,Manchester,England,34.0,F,Referral,2022-05-07,15.26
CUS03150,Arjun,Thompson,customer3150@email.co.uk,London,England,18.0,female,Google Ads,2023-08-07,63.73
CUS03151,Emily,Anderson,customer3151@email.co.uk,London,England,23.0,M,Paid Social,2024-12-27,108.38
CUS03152,Mason,Byrne,customer3152@email.co.uk,Manchester,England,22.0,M,Paid Social,2023-07-16,70.44
CUS03153,Mason,Wilson,customer3153@email.co.uk,Manchester,England,49.0,f,Google Ads,2023-04-26,58.47
CUS03154,Priya,McCarthy,customer3154@email.co.uk,London,England,43.0,MALE,Google Ads,2023-12-17,69.47
CUS03155,Harry,Malik,customer3155@email.co.uk,Cardif,Wales,42.0,f,Organic,2023-05-27,12.31
CUS03156,Natalie,McCarthy,customer3156@email.co.uk,London,England,42.0,M,Organic,2022-12-10,10.36
CUS03157,Dylan,Jones,customer3157@email.co.uk,Birmingham,England,22.0,m,Google Ads,2023-06-23,58.47
CUS03158,Fatima,Thomas,customer3158@email.co.uk,Glasgow,Scotland,30.0,M,Paid Social,2024-11-06,108.38
CUS03159,Dylan,Davies,customer3159@email.co.uk,Manchester,England,27.0,M,Google Ads,2022-09-01,45.15
CUS03160,Olivia,Ryan,customer3160@email.co.uk,Leeds,England,25.0,M,Paid Social,2022-08-15,49.9
CUS03161,Lily,Walsh,customer3161@email.co.uk,Manchester,England,36.0,Female,Referral,2024-07-05,33.14
CUS03162,Hassan,Shah,customer3162@email.co.uk,Liverpool,England,18.0,F,Google Ads,2022-10-30,49.21
CUS03163,Charlie,Thompson,customer3163@email.co.uk,LEEDS,England,26.0,M,Paid Social,2022-08-15,49.9
CUS03164,Hassan,Kelly,customer3164@email.co.uk,Newcastle,England,32.0,M,Google Ads,2022-12-16,49.21
CUS03165,Jack,Thompson,customer3165@email.co.uk,Londen,England,18.0,F,Email,2024-10-26,15.48
CUS03166,Mason,Singh,customer3166@email.co.uk,London,England,33.0,M,Paid Social,2024-11-27,108.38
CUS03167,Amelia,Ali,customer3167@email.co.uk,Bristol,England,19.0,M,Paid Social,2024-11-23,108.38
CUS03168,Riya,Brown,customer3168@email.co.uk,LONDON,England,,Man,Direct,2023-03-31,0.0
CUS03169,Logan,Martin,customer3169@email.co.uk,Leeds,England,18.0,F,Paid Social,2024-11-09,108.38
CUS03170,Muhammad,Hall,customer3170@email.co.uk,Bristol,England,25.0,M,Paid Social,2022-05-06,45.78
CUS03171,Liam,Walsh,customer3171@email.co.uk,Manchester,England,58.0,M,Paid Social,2023-10-12,76.78
CUS03172,Omar,White,customer3172@email.co.uk,Birmingham,England,35.0,M,Paid Social,2023-12-02,76.78
CUS03173,Grace,Byrne,customer3173@email.co.uk,Leeds,England,27.0,M,Direct,2023-09-08,0.0
CUS03174,Yusuf,Walsh,customer3174@email.co.uk,Birmingham,England,18.0,M,Paid Social,2024-12-19,108.38
CUS03175,James,Roberts,customer3175@email.co.uk,Glasgow,Scotland,29.0,Man,Paid Social,2024-07-05,99.43
CUS03176,Lauren,Ali,customer3176@email.co.uk,Bristoll,England,20.0,F,Paid Social,2023-10-07,76.78
CUS03177,Mia,Johnson,customer3177@email.co.uk,Edinburgh,Scotland,44.0,F,Paid Social,2024-06-14,91.22
CUS03178,Olivia,Jones,customer3178@email.co.uk,Leeds,England,37.0,M,Organic,2024-07-12,18.94
CUS03179,Priya,Connor,customer3179@email.co.uk,BRISTOL,England,22.0,F,Paid Social,2022-07-18,49.9
CUS03180,Yusuf,Wilson,customer3180@email.co.uk,London,England,30.0,M,Google Ads,2023-04-11,58.47
CUS03181,Ella,Ahmed,customer3181@email.co.uk,London,England,37.0,F,Paid Social,2023-04-18,64.62
CUS03182,Jack,Taylor,customer3182@email.co.uk,Sheffield,England,18.0,M,Paid Social,2024-11-29,108.38
CUS03183,Emily,Walsh,customer3183@email.co.uk,Newcastle,England,25.0,F,Paid Social,2024-10-03,108.38
CUS03184,Oliver,Walsh,customer3184@email.co.uk,Liverpool,England,29.0,male,Paid Social,2023-03-12,59.29
CUS03185,Fatima,Anderson,customer3185@email.co.uk,Nottingham,England,33.0,F,Paid Social,2024-12-25,108.38
CUS03186,Chloe,Malik,customer3186@email.co.uk,London,England,40.0,F,Email,2022-05-20,6.54
CUS03187,Leo,Connor,customer3187@email.co.uk,Birmingham,England,47.0,M,Google Ads,2023-04-26,58.47
CUS03188,Emily,Roberts,customer3188@email.co.uk,Sheffield,England,33.0,,Direct,2022-11-10,0.0
CUS03189,Leo,Kumar,customer3189@email.co.uk,Birmingham,England,18.0,f,Direct,2023-11-12,0.0
CUS03190,Oliver,Singh,customer3190@email.co.uk,Leeds,England,39.0,m,Organic,2024-11-09,20.64
CUS03191,Freddie,Kelly,customer3191@email.co.uk,Leeds,England,22.0,f,Google Ads,2024-08-05,89.96
CUS03192,Aisha,Clark,customer3192@email.co.uk,London,England,19.0,M,Google Ads,2022-03-23,38.0
CUS03193,Lauren,Lewis,customer3193@email.co.uk,Leeds,England,41.0,MALE,Paid Social,2022-12-21,54.39
CUS03194,Poppy,Sharma,customer3194@email.co.uk,Sheffield,England,24.0,M,Paid Social,2024-07-26,99.43
CUS03195,Emily,Walsh,customer3195@email.co.uk,London,England,39.0,F,Google Ads,2023-02-07,53.64
CUS03196,Riya,Malik,customer3196@email.co.uk,Bristol,England,48.0,F,Paid Social,2024-09-02,99.43
CUS03197,Jack,Davies,customer3197@email.co.uk,Birmingham,England,20.0,F,Email,2024-02-15,11.96
CUS03198,Sara,Smith,customer3198@email.co.uk,Newcastle,England,36.0,male,Paid Social,2024-05-10,91.22
CUS03199,Liam,Johnson,customer3199@email.co.uk,Nottingham,England,18.0,M,Paid Social,2024-05-27,91.22
CUS03200,Hassan,Robinson,customer3200@email.co.uk,Manchester,England,32.0,female,Paid Social,2023-12-20,76.78
CUS03201,Zoe,Clark,customer3201@email.co.uk,Manchester,England,42.0,M,Google Ads,2022-10-26,49.21
CUS03202,Poppy,Ryan,customer3202@email.co.uk,Cardiff,Wales,39.0,M,Organic,2024-08-27,18.94
CUS03203,Olivia,Thompson,customer3203@email.co.uk,London,England,18.0,,Email,2023-12-11,10.97
CUS03204,Lauren,White,customer3204@email.co.uk,Manchester,England,35.0,F,Email,2024-06-04,13.03
CUS03205,Isla,Flynn,customer3205@email.co.uk,Bristol,England,29.0,M,Paid Social,2022-03-03,42.0
CUS03206,Omar,Wilson,customer3206@email.co.uk,Glasgow,Scotland,39.0,F,Paid Social,2022-10-22,54.39
CUS03207,Hassan,Malik,customer3207@email.co.uk,Nottingham,England,56.0,female,Direct,2023-12-12,0.0
CUS03208,Fatima,Kelly,customer3208@email.co.uk,Birmingham,England,26.0,Man,Email,2024-08-18,14.2
CUS03209,Fatima,Anderson,customer3209@email.co.uk,Bristol,England,31.0,M,Paid Social,2023-05-30,64.62
CUS03210,Jessica,Singh,customer3210@email.co.uk,Glasgow,Scotland,35.0,M,Paid Social,2024-07-02,99.43
CUS03211,Chloe,Taylor,customer3211@email.co.uk,London,England,33.0,,Organic,2022-01-04,8.0
CUS03212,Grace,Smith,customer3212@email.co.uk,Leeds,England,33.0,Female,Paid Social,2022-04-05,45.78
CUS03213,Ryan,Davies,customer3213@email.co.uk,Cardiff,Wales,47.0,F,Paid Social,2024-05-01,91.22
CUS03214,George,Connor,customer3214@email.co.uk,Leeds,England,18.0,F,Google Ads,2024-12-24,98.06
CUS03215,Rohan,Sharma,customer3215@email.co.uk,London,England,36.0,F,Google Ads,2023-04-03,58.47
CUS03216,Leo,Khan,customer3216@email.co.uk,London,England,,M,Email,2023-04-29,9.23
CUS03217,Nathan,Johnson,customer3217@email.co.uk,Manchester,England,27.0,M,Paid Social,2023-05-04,64.62
CUS03218,Riya,Anderson,customer3218@email.co.uk,Birmingham,England,36.0,M,Organic,2023-12-22,14.62
CUS03219,Zoe,Patel,customer3219@email.co.uk,Glasgow,Scotland,40.0,M,Paid Social,2023-07-08,70.44
CUS03220,Logan,Robinson,customer3220@email.co.uk,Bristol,England,30.0,M,Paid Social,2023-06-03,64.62
CUS03221,Isla,Thompson,customer3221@email.co.uk,Brumingham,England,21.0,F,Email,2024-07-17,14.2
CUS03222,Amelia,Sharma,customer3222@email.co.uk,Manchester,England,30.0,FEMALE,Google Ads,2022-01-05,38.0
CUS03223,Ethan,Burke,customer3223@email.co.uk,Sheffield,England,39.0,f,Paid Social,2024-10-17,108.38
CUS03224,Dylan,Hall,customer3224@email.co.uk,Manchester,England,18.0,Man,Paid Social,2024-06-22,91.22
CUS03225,Sophie,Johnson,customer3225@email.co.uk,Liverpool,England,36.0,F,Organic,2024-12-06,20.64
CUS03226,Riya,Anderson,customer3226@email.co.uk,Cardiff,Wales,42.0,M,Paid Social,2024-09-23,99.43
CUS03227,Ryan,Davies,customer3227@email.co.uk,Manchester,England,21.0,Female,Paid Social,2024-08-10,99.43
CUS03228,Leo,Martin,customer3228@email.co.uk,,,29.0,F,Paid Social,2023-03-01,59.29
CUS03229,Natalie,Khan,customer3229@email.co.uk,London,England,22.0,male,Google Ads,2024-07-29,89.96
CUS03230,Alfie,Walsh,customer3230@email.co.uk,Liverpool,England,28.0,Male,Google Ads,2024-01-07,75.72
CUS03231,Lily,White,customer3231@email.co.uk,Birmingham,England,27.0,Male,Referral,2023-05-16,21.54
CUS03232,Logan,O'Brien,customer3232@email.co.uk,Bristol,England,33.0,F,Google Ads,2024-08-26,89.96
CUS03233,Ryan,Flynn,customer3233@email.co.uk,Edinburgh,Scotland,,F,Paid Social,2023-10-19,76.78
CUS03234,Grace,O'Brien,customer3234@email.co.uk,Liverpool,England,35.0,M,Paid Social,2024-12-22,108.38
CUS03235,Jessica,O'Brien,customer3235@email.co.uk,Bristol,England,21.0,F,Paid Social,2024-06-04,91.22
CUS03236,Hannah,Martin,customer3236@email.co.uk,Sheffield,England,22.0,M,Paid Social,2024-10-24,108.38
CUS03237,Emma,Flynn,customer3237@email.co.uk,Birmingham,England,28.0,M,Paid Social,2024-11-07,108.38
CUS03238,Chloe,Roberts,customer3238@email.co.uk,London,England,36.0,Other,Referral,2023-12-26,25.59
CUS03239,Chloe,Johnson,customer3239@email.co.uk,London,England,26.0,F,Paid Social,2024-11-02,108.38
CUS03240,Poppy,Brown,customer3240@email.co.uk,Birmingham,England,46.0,M,Paid Social,2024-01-07,83.69
CUS03241,Ethan,Ali,customer3241@email.co.uk,Liverpool,England,47.0,M,,2023-11-06,76.78
CUS03242,George,Hussain,customer3242@email.co.uk,Birmingham,England,22.0,M,Google Ads,2024-12-29,98.06
CUS03243,Charlie,Shah,customer3243@email.co.uk,Newcastle,England,45.0,FEMALE,Paid Social,2024-05-09,91.22
CUS03244,Omar,Singh,customer3244@email.co.uk,Leeds,England,41.0,M,Email,2024-05-03,13.03
CUS03245,Liam,Shah,customer3245@email.co.uk,Londn,England,35.0,F,Google Ads,2024-12-25,98.06
CUS03246,Fatima,Hussain,customer3246@email.co.uk,liverpool,England,42.0,M,Paid Social,2024-02-24,83.69
CUS03247,Priya,Roberts,customer3247@email.co.uk,London,England,29.0,F,Google Ads,2022-01-08,38.0
CUS03248,Nathan,McCarthy,customer3248@email.co.uk,Glasgow,Scotland,23.0,Male,Paid Social,2024-04-18,91.22
CUS03249,Mia,Smith,customer3249@email.co.uk,Glasgow,Scotland,30.0,M,Email,2024-02-23,11.96
CUS03250,Harry,O'Brien,customer3250@email.co.uk,bristol,England,18.0,M,Paid Social,2024-06-09,91.22
CUS03251,Ethan,Walsh,customer3251@email.co.uk,Glasgow,Scotland,28.0,male,Google Ads,2024-12-17,98.06
CUS03252,Riya,Hussain,customer3252@email.co.uk,Bristol,England,30.0,M,Paid Social,2024-06-18,91.22
CUS03253,Dylan,Burke,customer3253@email.co.uk,Leedes,England,20.0,F,Google Ads,2024-12-28,98.06
CUS03254,Sophie,Johnson,customer3254@email.co.uk,Glasgow,Scotland,20.0,,Paid Social,2024-08-05,99.43
CUS03255,Mia,Smith,customer3255@email.co.uk,Manchester,England,33.0,M,Google Ads,2024-12-20,98.06
CUS03256,Rohan,Roberts,customer3256@email.co.uk,Manchester,England,26.0,M,Google Ads,2023-08-23,63.73
CUS03257,Riya,Ahmed,customer3257@email.co.uk,Birmingham,England,36.0,M,Google Ads,2022-12-19,49.21
CUS03258,Rohan,Hussain,customer3258@email.co.uk,Edinburgh,Scotland,39.0,F,Paid Social,2023-12-02,76.78
CUS03259,Muhammad,Flynn,customer3259@email.co.uk,Birmingham,England,32.0,F,Paid Social,2024-10-31,108.38
CUS03260,Ella,Thompson,customer3260@email.co.uk,Liverpool,England,18.0,M,Paid Social,2024-10-08,108.38
CUS03261,Liam,Johnson,customer3261@email.co.uk,London,England,39.0,F,Paid Social,2024-04-11,91.22
CUS03262,Mia,Connor,customer3262@email.co.uk,London,England,36.0,M,Paid Social,2023-07-18,70.44
CUS03263,Aiden,White,customer3263@email.co.uk,London,England,26.0,F,Google Ads,2023-01-30,53.64
CUS03264,Lily,Wilson,customer3264@email.co.uk,Liverpool,England,32.0,male,Organic,2022-03-01,8.0
CUS03265,Freddie,Jones,customer3265@email.co.uk,Bristol,England,34.0,M,Google Ads,2023-08-03,63.73
CUS03266,Megan,Khan,customer3266@email.co.uk,London,England,30.0,M,Paid Social,2023-11-01,76.78
CUS03267,Emma,Kumar,customer3267@email.co.uk,Newcastle,England,23.0,F,Email,2024-12-21,15.48
CUS03268,Grace,Lewis,customer3268@email.co.uk,London,England,43.0,,Paid Social,2023-12-13,76.78
CUS03269,Mason,Ryan,customer3269@email.co.uk,Manchester,England,18.0,M,Paid Social,2023-12-21,76.78
CUS03270,Oliver,Shah,customer3270@email.co.uk,Edinburgh,Scotland,38.0,M,Paid Social,2023-09-25,70.44
CUS03271,Mia,Byrne,customer3271@email.co.uk,Glasgow,Scotland,19.0,,Paid Social,2022-02-05,42.0
CUS03272,Muhammad,O'Brien,customer3272@email.co.uk,Sheffield,England,25.0,Woman,Email,2023-02-19,8.47
CUS03273,Alfie,Patel,customer3273@email.co.uk,Londn,England,39.0,F,Paid Social,2024-03-29,83.69
CUS03274,Isabella,Ali,customer3274@email.co.uk,Leeds,England,42.0,M,Paid Social,2024-05-21,91.22
CUS03275,Megan,Kelly,customer3275@email.co.uk,London,England,18.0,M,Paid Social,2024-12-03,108.38
CUS03276,Ella,Clark,customer3276@email.co.uk,Leeds,England,37.0,M,Paid Social,2023-10-11,76.78
CUS03277,Oliver,Ahmed,customer3277@email.co.uk,NEWCASTLE,England,26.0,F,Organic,2024-05-01,17.38
CUS03278,Lucas,Brown,customer3278@email.co.uk,London,England,46.0,MALE,Paid Social,2024-08-13,99.43
CUS03279,Mason,Byrne,customer3279@email.co.uk,,,18.0,F,Google Ads,2024-07-08,89.96
CUS03280,James,Lewis,customer3280@email.co.uk,Bristol,England,37.0,F,Paid Social,2022-08-07,49.9
CUS03281,Liam,Walker,customer3281@email.co.uk,Manchester,England,37.0,F,Paid Social,2024-11-01,108.38
CUS03282,Grace,Johnson,customer3282@email.co.uk,Birmingham,England,31.0,male,,2024-07-04,99.43
CUS03283,Aisha,Ali,customer3283@email.co.uk,Sheffield,England,26.0,M,Paid Social,2024-04-11,91.22
CUS03284,Oliver,Brown,customer3284@email.co.uk,Bristol,England,41.0,F,Paid Social,2022-09-03,49.9
CUS03285,Isla,Anderson,customer3285@email.co.uk,London,England,32.0,FEMALE,Paid Social,2024-11-29,108.38
CUS03286,Jack,Thomas,customer3286@email.co.uk,Leeds,England,42.0,f,Paid Social,2024-04-22,91.22
CUS03287,Leo,Hall,customer3287@email.co.uk,London,England,25.0,M,Referral,2022-11-02,18.13
CUS03288,Poppy,Thompson,customer3288@email.co.uk,Manchester,England,33.0,F,Organic,2023-12-26,14.62
CUS03289,Jack,Singh,customer3289@email.co.uk,Glasgow,Scotland,37.0,F,Paid Social,2022-09-09,49.9
CUS03290,Isabella,Wilson,customer3290@email.co.uk,Manchester,England,59.0,Man,Paid Social,2022-04-22,45.78
CUS03291,Omar,Evans,customer3291@email.co.uk,London,England,33.0,Male,Paid Social,2024-05-25,91.22
CUS03292,Leo,Connor,customer3292@email.co.uk,Edinburgh,Scotland,34.0,female,Paid Social,2024-06-19,91.22
CUS03293,Mia,Davies,customer3293@email.co.uk,London,England,31.0,M,Paid Social,2023-11-09,76.78
CUS03294,Sara,Roberts,customer3294@email.co.uk,Leeds,England,41.0,male,Google Ads,2022-09-11,45.15
CUS03295,Dylan,Martin,customer3295@email.co.uk,London,England,34.0,M,Email,2023-04-17,9.23
CUS03296,Harry,Murphy,customer3296@email.co.uk,Leeds,England,40.0,F,Google Ads,2022-07-08,45.15
CUS03297,Omar,Ali,customer3297@email.co.uk,Bristol,England,,F,Paid Social,2022-12-01,54.39
CUS03298,Dylan,Davies,customer3298@email.co.uk,Leeds,England,18.0,M,Paid Social,2022-05-10,45.78
CUS03299,Riya,White,customer3299@email.co.uk,Manchester,England,43.0,Man,Organic,2024-04-04,17.38
CUS03300,Lauren,Thomas,customer3300@email.co.uk,Birmingham,England,46.0,F,Google Ads,2024-07-27,89.96
CUS03301,Sophie,Williams,customer3301@email.co.uk,sheffield,England,27.0,M,Referral,2023-11-10,25.59
CUS03302,Noah,Taylor,customer3302@email.co.uk,Birmingham,England,43.0,M,Paid Social,2024-04-01,91.22
CUS03303,Amelia,Wilson,customer3303@email.co.uk,London,England,25.0,M,Google Ads,2022-09-12,45.15
CUS03304,Harry,Jones,customer3304@email.co.uk,London,England,49.0,M,,2024-11-10,108.38
CUS03305,Muhammad,Johnson,customer3305@email.co.uk,Newcastle,England,45.0,M,Google Ads,2024-01-02,75.72
CUS03306,Alfie,Malik,customer3306@email.co.uk,London,England,44.0,M,Paid Social,2022-08-05,49.9
CUS03307,Amelia,Evans,customer3307@email.co.uk,edinburgh,Scotland,36.0,m,Paid Social,2023-11-21,76.78
CUS03308,Olivia,Martin,customer3308@email.co.uk,Liverpool,England,39.0,M,Paid Social,2023-09-18,70.44
CUS03309,Lauren,Shah,customer3309@email.co.uk,London,England,30.0,M,Referral,2024-10-15,36.13
CUS03310,Rohan,Martin,customer3310@email.co.uk,London,England,37.0,MALE,Paid Social,2024-06-30,91.22
CUS03311,Mason,Wilson,customer3311@email.co.uk,London,England,48.0,F,Paid Social,2022-06-27,45.78
CUS03312,Dylan,Khan,customer3312@email.co.uk,Glasgow,Scotland,45.0,M,Google Ads,2024-03-18,75.72
CUS03313,Aiden,Sharma,customer3313@email.co.uk,Londen,England,29.0,M,Paid Social,2022-04-19,45.78
CUS03314,Isabella,Kumar,customer3314@email.co.uk,London,England,39.0,F,,2023-10-25,10.97
CUS03315,Poppy,O'Brien,customer3315@email.co.uk,Birmingham,England,26.0,M,Paid Social,2024-09-18,99.43
CUS03316,Oliver,White,customer3316@email.co.uk,Newcastle,England,29.0,,Google Ads,2022-10-31,49.21
CUS03317,Amelia,White,customer3317@email.co.uk,London,England,30.0,,Paid Social,2024-03-17,83.69
CUS03318,Leo,Shah,customer3318@email.co.uk,London,England,49.0,F,,2023-07-21,70.44
CUS03319,Riya,Taylor,customer3319@email.co.uk,Manchester,England,35.0,M,Paid Social,2022-07-22,49.9
CUS03320,Ryan,Ryan,customer3320@email.co.uk,Birmingham,England,43.0,F,Paid Social,2024-10-29,108.38
CUS03321,Megan,Williams,customer3321@email.co.uk,Manchester,England,26.0,M,,2024-06-02,17.38
CUS03322,Ryan,Connor,customer3322@email.co.uk,Manchester,England,32.0,M,Paid Social,2023-01-14,59.29
CUS03323,Ella,Smith,customer3323@email.co.uk,Manchester,England,38.0,F,Paid Social,2022-11-10,54.39
CUS03324,Ryan,Kumar,customer3324@email.co.uk,Liverpool,England,26.0,F,Email,2023-05-25,9.23
CUS03325,Oliver,Kelly,customer3325@email.co.uk,Edinburgh,Scotland,37.0,M,Paid Social,2024-05-28,91.22
CUS03326,Riya,Patel,customer3326@email.co.uk,London,England,30.0,,Google Ads,2024-11-14,98.06
CUS03327,Arjun,Hussain,customer3327@email.co.uk,Birmingham,England,30.0,male,Referral,2023-11-09,25.59
CUS03328,Chloe,Roberts,customer3328@email.co.uk,London,England,36.0,F,Organic,2022-01-09,8.0
CUS03329,Jack,Connor,customer3329@email.co.uk,Bristol,England,34.0,M,Referral,2022-02-03,14.0
CUS03330,Hannah,Roberts,customer3330@email.co.uk,Sheffield,England,32.0,M,Organic,2022-12-18,10.36
CUS03331,Grace,White,customer3331@email.co.uk,London,England,43.0,M,Paid Social,2024-07-31,99.43
CUS03332,Aisha,Ali,customer3332@email.co.uk,Sheffield,England,44.0,m,Paid Social,2022-10-05,54.39
CUS03333,Amelia,Smith,customer3333@email.co.uk,Newcastle,England,28.0,Other,Paid Social,2023-12-19,76.78
CUS03334,Chloe,Walsh,customer3334@email.co.uk,London,England,40.0,F,Paid Social,2022-03-08,42.0
CUS03335,James,Ahmed,customer3335@email.co.uk,Edinburgh,Scotland,44.0,F,Paid Social,2023-04-11,64.62
CUS03336,Logan,Martin,customer3336@email.co.uk,Leeds,England,32.0,F,Paid Social,2024-04-01,91.22
CUS03337,Ella,Ali,customer3337@email.co.uk,London,England,34.0,M,Paid Social,2024-04-23,91.22
CUS03338,Omar,Sharma,customer3338@email.co.uk,Leeds,England,34.0,F,Paid Social,2022-02-13,42.0
CUS03339,Liam,O'Brien,customer3339@email.co.uk,Birmingham,England,29.0,F,Paid Social,2022-10-15,54.39
CUS03340,Natalie,Burke,customer3340@email.co.uk,Manchester,England,38.0,M,Paid Social,2022-12-05,54.39
CUS03341,Amelia,Khan,customer3341@email.co.uk,Birmingham,England,53.0,MALE,Paid Social,2022-12-28,54.39
CUS03342,Lucas,Martin,customer3342@email.co.uk,Manchester,England,33.0,M,Paid Social,2023-05-27,64.62
CUS03343,Jessica,Anderson,customer3343@email.co.uk,Birmingham,England,24.0,MALE,Google Ads,2024-08-03,89.96
CUS03344,Arjun,Burke,customer3344@email.co.uk,London,England,37.0,Male,Paid Social,2022-07-06,49.9
CUS03345,James,Flynn,customer3345@email.co.uk,London,England,33.0,female,Referral,2022-12-04,18.13
CUS03346,Aisha,Khan,customer3346@email.co.uk,LONDON,England,30.0,M,Organic,2023-10-14,14.62
CUS03347,Muhammad,Connor,customer3347@email.co.uk,London,England,18.0,F,Direct,2024-07-28,0.0
CUS03348,Isabella,Burke,customer3348@email.co.uk,Manchester,England,43.0,FEMALE,Paid Social,2024-07-20,99.43
CUS03349,Liam,Johnson,customer3349@email.co.uk,Manchester,England,18.0,M,Paid Social,2022-07-13,49.9
CUS03350,Ella,Byrne,customer3350@email.co.uk,Bristol,England,24.0,female,Paid Social,2023-11-21,76.78
CUS03351,Grace,Lewis,customer3351@email.co.uk,,,44.0,M,Google Ads,2024-03-19,75.72
CUS03352,Noah,Murphy,customer3352@email.co.uk,Leeds,England,50.0,M,Google Ads,2023-08-24,63.73
CUS03353,Yusuf,Williams,customer3353@email.co.uk,Sheffield,England,42.0,M,Organic,2024-10-02,20.64
CUS03354,Leo,Singh,customer3354@email.co.uk,London,England,26.0,F,Direct,2022-07-15,0.0
CUS03355,Yusuf,Davies,customer3355@email.co.uk,Glasgow,Scotland,30.0,Female,Organic,2023-12-08,14.62
CUS03356,Ella,Sharma,customer3356@email.co.uk,London,England,42.0,M,Paid Social,2024-05-29,91.22
CUS03357,Lily,Flynn,customer3357@email.co.uk,Bristol,England,21.0,F,Paid Social,2024-12-20,108.38
CUS03358,Chloe,Singh,customer3358@email.co.uk,Glasgow,Scotland,27.0,M,Referral,2022-01-25,14.0
CUS03359,Fatima,Smith,customer3359@email.co.uk,Bristol,England,43.0,F,Paid Social,2024-06-05,91.22
CUS03360,Noah,Flynn,customer3360@email.co.uk,Bristol,England,40.0,M,Paid Social,2023-05-05,64.62
CUS03361,Sara,Thomas,customer3361@email.co.uk,Bristol,England,29.0,M,Paid Social,2024-06-26,91.22
CUS03362,Charlie,Ali,customer3362@email.co.uk,Liverpool,England,48.0,F,Paid Social,2023-11-16,76.78
CUS03363,Jessica,Wilson,customer3363@email.co.uk,Glasgow,Scotland,31.0,MALE,Organic,2024-07-28,18.94
CUS03364,Lauren,Singh,customer3364@email.co.uk,London,England,25.0,F,Paid Social,2022-10-01,54.39
CUS03365,Ryan,Clark,customer3365@email.co.uk,London,England,41.0,MALE,Paid Social,2024-11-14,108.38
CUS03366,Noah,Kumar,customer3366@email.co.uk,London,England,33.0,Male,Organic,2023-06-30,12.31
CUS03367,Priya,Ahmed,customer3367@email.co.uk,Liverpool,England,38.0,M,Paid Social,2024-08-20,99.43
CUS03368,Charlie,Williams,customer3368@email.co.uk,LONDON,England,27.0,F,Paid Social,2023-03-01,59.29
CUS03369,Grace,Hall,customer3369@email.co.uk,Cardiff,Wales,41.0,F,,2022-08-21,49.9
CUS03370,Emily,Brown,customer3370@email.co.uk,Bristol,England,27.0,F,Organic,2023-05-08,12.31
CUS03371,Priya,Clark,customer3371@email.co.uk,London,England,40.0,M,Referral,2024-04-17,30.41
CUS03372,Jessica,Ahmed,customer3372@email.co.uk,,,35.0,Female,Paid Social,2024-11-17,108.38
CUS03373,Emily,Walsh,customer3373@email.co.uk,Leeds,England,27.0,Male,Google Ads,2023-10-26,69.47
CUS03374,Chloe,Ryan,customer3374@email.co.uk,London,England,31.0,M,Paid Social,2023-04-26,64.62
CUS03375,Dylan,McCarthy,customer3375@email.co.uk,Leeds,England,31.0,f,Paid Social,2024-11-23,108.38
CUS03376,Aisha,Lewis,customer3376@email.co.uk,Birmingham,England,38.0,Other,Paid Social,2024-06-22,91.22
CUS03377,Nathan,Khan,customer3377@email.co.uk,London,England,28.0,m,Organic,2023-09-11,13.42
CUS03378,Aiden,O'Brien,customer3378@email.co.uk,London,England,33.0,F,Paid Social,2024-03-23,83.69
CUS03379,Alfie,Williams,customer3379@email.co.uk,Glasgow,Scotland,34.0,MALE,Google Ads,2022-12-26,49.21
CUS03380,Hassan,Roberts,customer3380@email.co.uk,,,40.0,Female,Google Ads,2023-10-27,69.47
CUS03381,Rohan,Walker,customer3381@email.co.uk,London,England,27.0,M,Paid Social,2023-07-14,70.44
CUS03382,Jack,Kelly,customer3382@email.co.uk,newcastle,England,45.0,F,Paid Social,2022-12-18,54.39
CUS03383,Zoe,Thomas,customer3383@email.co.uk,Birmingham,England,32.0,F,Organic,2022-06-14,8.72
CUS03384,Ethan,Ali,customer3384@email.co.uk,London,England,31.0,Woman,Paid Social,2022-12-02,54.39
CUS03385,Ava,Clark,customer3385@email.co.uk,Birmingham,England,35.0,Man,Google Ads,2024-08-15,89.96
CUS03386,Chloe,Williams,customer3386@email.co.uk,Cardiff,Wales,,F,Paid Social,2024-07-10,99.43
CUS03387,Ryan,O'Brien,customer3387@email.co.uk,Leeds,England,38.0,F,Referral,2023-08-27,23.48
CUS03388,Oliver,Davies,customer3388@email.co.uk,Bristol,England,25.0,M,Paid Social,2024-10-25,108.38
CUS03389,Noah,Williams,customer3389@email.co.uk,London,England,18.0,F,Paid Social,2022-09-22,49.9
CUS03390,Emily,Malik,customer3390@email.co.uk,Nottingham,England,21.0,Male,Referral,2024-06-16,30.41
CUS03391,Lauren,O'Brien,customer3391@email.co.uk,cardiff,Wales,32.0,M,Paid Social,2024-07-13,99.43
CUS03392,Fatima,Davies,customer3392@email.co.uk,London,England,18.0,M,Google Ads,2022-05-12,41.42
CUS03393,Omar,Walker,customer3393@email.co.uk,Leeds,England,52.0,F,Paid Social,2024-10-13,108.38
CUS03394,Liam,Kelly,customer3394@email.co.uk,Brumingham,England,18.0,M,Paid Social,2024-07-23,99.43
CUS03395,Olivia,Thomas,customer3395@email.co.uk,London,England,32.0,,Google Ads,2023-09-24,63.73
CUS03396,Priya,Wilson,customer3396@email.co.uk,Birmingham,England,22.0,M,Paid Social,2023-10-24,76.78
CUS03397,Priya,White,customer3397@email.co.uk,leeds,England,25.0,female,Paid Social,2023-12-25,76.78
CUS03398,Chloe,Clark,customer3398@email.co.uk,London,England,30.0,Man,Google Ads,2023-10-09,69.47
CUS03399,Liam,Johnson,customer3399@email.co.uk,,,30.0,f,Paid Social,2022-04-21,45.78
CUS03400,Amelia,Thompson,customer3400@email.co.uk,Liverpool,England,30.0,f,Email,2023-08-19,10.06
CUS03401,Emma,Thompson,customer3401@email.co.uk,London,England,45.0,OTHER,Paid Social,2024-10-12,108.38
CUS03402,Isabella,Clark,customer3402@email.co.uk,,,18.0,Female,Paid Social,2023-11-21,76.78
CUS03403,Jack,Thompson,customer3403@email.co.uk,Edinburgh,Scotland,33.0,M,Paid Social,2022-12-17,54.39
CUS03404,Amelia,Burke,customer3404@email.co.uk,Liverpool,England,29.0,F,Google Ads,2024-11-10,98.06
CUS03405,Sophie,Brown,customer3405@email.co.uk,London,England,19.0,F,Paid Social,2023-08-13,70.44
CUS03406,Riya,Ali,customer3406@email.co.uk,,,32.0,FEMALE,Paid Social,2022-10-25,54.39
CUS03407,Zoe,Burke,customer3407@email.co.uk,Birmingham,England,35.0,male,Paid Social,2024-01-04,83.69
CUS03408,Ryan,Anderson,customer3408@email.co.uk,London,England,23.0,F,Direct,2022-10-13,0.0
CUS03409,Charlie,Sharma,customer3409@email.co.uk,,,39.0,MALE,Email,2024-02-16,11.96
CUS03410,Emma,Khan,customer3410@email.co.uk,Bristol,England,24.0,M,Paid Social,2024-04-19,91.22
CUS03411,Rohan,Taylor,customer3411@email.co.uk,Manchester,England,30.0,F,Google Ads,2022-11-03,49.21
CUS03412,Hassan,Ali,customer3412@email.co.uk,Sheffield,England,35.0,M,Google Ads,2023-04-01,58.47
CUS03413,Poppy,Malik,customer3413@email.co.uk,Manchester,England,55.0,F,Paid Social,2023-12-28,76.78
CUS03414,Emma,Ryan,customer3414@email.co.uk,Glasgow,Scotland,36.0,other,Paid Social,2022-11-26,54.39
CUS03415,Isla,Clark,customer3415@email.co.uk,London,England,38.0,Other,Paid Social,2024-09-06,99.43
CUS03416,Amelia,Ryan,customer3416@email.co.uk,Sheffield,England,43.0,FEMALE,Paid Social,2024-06-13,91.22
CUS03417,Rohan,Wilson,customer3417@email.co.uk,Manchester,England,39.0,OTHER,Google Ads,2022-10-14,49.21
CUS03418,Mia,Khan,customer3418@email.co.uk,Manchester,England,26.0,F,Google Ads,2023-12-28,69.47
CUS03419,Aiden,Johnson,customer3419@email.co.uk,Edinburgh,Scotland,41.0,M,Google Ads,2023-12-17,69.47
CUS03420,Freddie,O'Brien,customer3420@email.co.uk,Sheffield,England,35.0,M,Google Ads,2023-06-13,58.47
CUS03421,Emma,Murphy,customer3421@email.co.uk,Birmingham,England,33.0,M,Paid Social,2024-03-28,83.69
CUS03422,Jessica,McCarthy,customer3422@email.co.uk,Leeds,England,52.0,M,Google Ads,2023-08-17,63.73
CUS03423,Mason,Evans,customer3423@email.co.uk,Bristol,England,44.0,M,Google Ads,2023-09-03,63.73
CUS03424,Mia,Murphy,customer3424@email.co.uk,Birmingham,England,32.0,F,Google Ads,2023-07-07,63.73
CUS03425,Yusuf,Flynn,customer3425@email.co.uk,London,England,20.0,M,Google Ads,2023-12-18,69.47
CUS03426,Liam,Johnson,customer3426@email.co.uk,Newcastle,England,42.0,M,Email,2022-01-03,6.0
CUS03427,Liam,Evans,customer3427@email.co.uk,Manchester,England,37.0,F,Paid Social,2024-01-13,83.69
CUS03428,Mason,Ali,customer3428@email.co.uk,Leds,England,32.0,M,,2022-07-29,45.15
CUS03429,Alfie,Thomas,customer3429@email.co.uk,London,England,35.0,M,Paid Social,2022-12-02,54.39
CUS03430,Grace,Flynn,customer3430@email.co.uk,Edinburgh,Scotland,34.0,F,Paid Social,2024-08-29,99.43
CUS03431,Lily,Patel,customer3431@email.co.uk,Glasgow,Scotland,48.0,M,Paid Social,2022-12-01,54.39
CUS03432,Lucas,McCarthy,customer3432@email.co.uk,London,England,24.0,M,Referral,2024-02-11,27.9
CUS03433,Mia,White,customer3433@email.co.uk,Bristol,England,25.0,M,Google Ads,2022-12-25,49.21
CUS03434,Muhammad,Jones,customer3434@email.co.uk,Edinburgh,Scotland,23.0,M,Paid Social,2024-12-29,108.38
CUS03435,Muhammad,Anderson,customer3435@email.co.uk,Cardiff,Wales,52.0,M,Paid Social,2024-12-21,108.38
CUS03436,Nathan,Wilson,customer3436@email.co.uk,Manchester,England,42.0,M,Paid Social,2023-04-24,64.62
CUS03437,Lily,Malik,customer3437@email.co.uk,London,England,27.0,female,Google Ads,2024-11-12,98.06
CUS03438,Riya,Ahmed,customer3438@email.co.uk,Leeds,England,28.0,M,Paid Social,2024-11-12,108.38
CUS03439,Ella,Ahmed,customer3439@email.co.uk,Leeds,England,32.0,F,Google Ads,2022-11-13,49.21
CUS03440,Emma,Martin,customer3440@email.co.uk,Bristol,England,39.0,F,Paid Social,2023-06-16,64.62
CUS03441,Zoe,White,customer3441@email.co.uk,Edinburgh,Scotland,22.0,Female,Google Ads,2022-10-31,49.21
CUS03442,Mason,Martin,customer3442@email.co.uk,Leeds,England,18.0,M,Google Ads,2022-12-03,49.21
CUS03443,Lauren,Martin,customer3443@email.co.uk,London,England,22.0,M,Paid Social,2023-11-16,76.78
CUS03444,Sophie,Walker,customer3444@email.co.uk,Glasgow,Scotland,30.0,F,Paid Social,2023-10-31,76.78
CUS03445,Fatima,Robinson,customer3445@email.co.uk,,,34.0,M,Google Ads,2023-09-11,63.73
CUS03446,Fatima,Flynn,customer3446@email.co.uk,London,England,36.0,M,Organic,2022-11-08,10.36
CUS03447,George,Sharma,customer3447@email.co.uk,London,England,25.0,M,Paid Social,2023-11-20,76.78
CUS03448,James,Anderson,customer3448@email.co.uk,Cardiff,Wales,29.0,MALE,Paid Social,2024-11-30,108.38
CUS03449,Mia,Brown,customer3449@email.co.uk,Liverpool,England,28.0,M,Paid Social,2023-05-28,64.62
CUS03450,Emily,Walsh,customer3450@email.co.uk,Glasgow,Scotland,44.0,F,Paid Social,2024-04-30,91.22
CUS03451,Chloe,Wilson,customer3451@email.co.uk,liverpool,England,38.0,F,Paid Social,2022-12-05,54.39
CUS03452,Yusuf,Robinson,customer3452@email.co.uk,Birmingham,England,23.0,M,Paid Social,2024-07-03,99.43
CUS03453,Arjun,Wilson,customer3453@email.co.uk,Manchester,England,41.0,M,Direct,2023-12-19,0.0
CUS03454,Rohan,Walker,customer3454@email.co.uk,London,England,21.0,F,Paid Social,2024-11-15,108.38
CUS03455,Charlie,Martin,customer3455@email.co.uk,Bristol,England,43.0,F,Google Ads,2022-05-29,41.42
CUS03456,Rohan,Flynn,customer3456@email.co.uk,London,England,56.0,F,Paid Social,2024-03-28,83.69
CUS03457,Fatima,Smith,customer3457@email.co.uk,Liverpool,England,51.0,F,Google Ads,2023-08-07,63.73
CUS03458,Jessica,Taylor,customer3458@email.co.uk,Glasgow,Scotland,34.0,MALE,Paid Social,2023-06-09,64.62
CUS03459,Dylan,Davies,customer3459@email.co.uk,London,England,36.0,M,Paid Social,2023-04-25,64.62
CUS03460,Jessica,Khan,customer3460@email.co.uk,London,England,25.0,F,Google Ads,2024-11-07,98.06
CUS03461,Ella,Smith,customer3461@email.co.uk,Bristol,England,20.0,M,Google Ads,2022-12-25,49.21
CUS03462,Chloe,Sharma,customer3462@email.co.uk,Cardiff,Wales,42.0,F,Direct,2024-02-27,0.0
CUS03463,Ethan,Flynn,customer3463@email.co.uk,Glasgow,Scotland,18.0,F,Paid Social,2022-03-03,42.0
CUS03464,Zoe,White,customer3464@email.co.uk,London,England,46.0,M,Google Ads,2024-12-10,98.06
CUS03465,James,McCarthy,customer3465@email.co.uk,London,England,41.0,Female,Paid Social,2024-08-18,99.43
CUS03466,Isla,White,customer3466@email.co.uk,London,England,21.0,M,Paid Social,2024-05-02,91.22
CUS03467,Poppy,Evans,customer3467@email.co.uk,Bristol,England,37.0,F,Paid Social,2023-11-11,76.78
CUS03468,Emily,Wilson,customer3468@email.co.uk,Bristol,England,43.0,m,Paid Social,2023-05-29,64.62
CUS03469,Jessica,Flynn,customer3469@email.co.uk,Edinburgh,Scotland,34.0,Other,Google Ads,2023-08-24,63.73
CUS03470,Hassan,Walsh,customer3470@email.co.uk,London,England,39.0,M,Paid Social,2024-03-31,83.69
CUS03471,Muhammad,Ali,customer3471@email.co.uk,London,England,34.0,F,Paid Social,2023-11-05,76.78
CUS03472,Aiden,Jones,customer3472@email.co.uk,London,England,30.0,F,Google Ads,2024-11-03,98.06
CUS03473,George,Kelly,customer3473@email.co.uk,Bristol,England,42.0,M,Referral,2023-04-14,21.54
CUS03474,Aisha,Singh,customer3474@email.co.uk,Birmingham,England,54.0,M,Google Ads,2024-10-11,98.06
CUS03475,Alfie,Lewis,customer3475@email.co.uk,,,34.0,M,Paid Social,2023-03-13,59.29
CUS03476,Chloe,Roberts,customer3476@email.co.uk,Birmingham,England,33.0,,Organic,2022-09-04,9.5
CUS03477,Dylan,Ahmed,customer3477@email.co.uk,Manchester,England,28.0,M,Email,2022-08-09,7.13
CUS03478,Arjun,Jones,customer3478@email.co.uk,Manchester,England,39.0,Male,Google Ads,2023-01-11,53.64
CUS03479,Oliver,Taylor,customer3479@email.co.uk,Leds,England,32.0,F,Google Ads,2024-11-15,98.06
CUS03480,Dylan,Burke,customer3480@email.co.uk,Leeds,England,26.0,M,Paid Social,2024-08-17,99.43
CUS03481,Zoe,Ali,customer3481@email.co.uk,London,England,18.0,M,Organic,2024-06-17,17.38
CUS03482,Amelia,Ahmed,customer3482@email.co.uk,Cardiff,Wales,23.0,Male,Paid Social,2023-03-21,59.29
CUS03483,Omar,Ahmed,customer3483@email.co.uk,Leeds,England,21.0,m,Paid Social,2022-11-23,54.39
CUS03484,Mia,Thomas,customer3484@email.co.uk,Birmingham,England,39.0,F,Email,2023-05-31,9.23
CUS03485,Ethan,Ahmed,customer3485@email.co.uk,Manchester,England,41.0,Woman,Paid Social,2024-04-09,91.22
CUS03486,Isabella,Byrne,customer3486@email.co.uk,London,England,34.0,M,Paid Social,2022-09-28,49.9
CUS03487,Leo,Johnson,customer3487@email.co.uk,London,England,39.0,M,Paid Social,2023-11-17,76.78
CUS03488,Amelia,Roberts,customer3488@email.co.uk,Manchester,England,35.0,male,Email,2023-06-08,9.23
CUS03489,Leo,Wilson,customer3489@email.co.uk,Newcastle,England,18.0,Man,Paid Social,2024-07-10,99.43
CUS03490,Natalie,Wilson,customer3490@email.co.uk,Manchester,England,47.0,F,Google Ads,2024-03-13,75.72
CUS03491,Amelia,Hall,customer3491@email.co.uk,Sheffield,England,45.0,M,Referral,2022-09-10,16.63
CUS03492,Chloe,McCarthy,customer3492@email.co.uk,Manchester,England,40.0,Female,Paid Social,2023-03-24,59.29
CUS03493,Ella,Evans,customer3493@email.co.uk,Sheffield,England,42.0,MALE,Google Ads,2024-08-24,89.96
CUS03494,Mia,Murphy,customer3494@email.co.uk,Birmingham,England,18.0,F,Google Ads,2024-10-30,98.06
CUS03495,Logan,Malik,customer3495@email.co.uk,London,England,25.0,F,Paid Social,2023-11-06,76.78
CUS03496,Zoe,Smith,customer3496@email.co.uk,London,England,21.0,M,Direct,2024-09-10,0.0
CUS03497,Omar,Taylor,customer3497@email.co.uk,Birmingham,England,51.0,F,Direct,2022-11-18,0.0
CUS03498,Ava,Singh,customer3498@email.co.uk,Newcastle,England,23.0,M,Google Ads,2023-07-21,63.73
CUS03499,Freddie,Robinson,customer3499@email.co.uk,Manchester,England,39.0,F,Paid Social,2024-03-12,83.69
CUS03500,Yusuf,Smith,customer3500@email.co.uk,Leds,England,49.0,F,Paid Social,2022-03-05,42.0
CUS03501,Ava,Shah,customer3501@email.co.uk,Cardiff,Wales,28.0,M,Google Ads,2023-11-18,69.47
CUS03502,Ava,Davies,customer3502@email.co.uk,Manchester,England,54.0,M,Paid Social,2024-10-03,108.38
CUS03503,Emma,Flynn,customer3503@email.co.uk,Nottingham,England,28.0,F,Google Ads,2022-11-18,49.21
CUS03504,Lucas,Singh,customer3504@email.co.uk,Manchester,England,24.0,Other,Paid Social,2022-01-30,42.0
CUS03505,Liam,O'Brien,customer3505@email.co.uk,Birmingham,England,24.0,M,Google Ads,2024-03-17,75.72
CUS03506,Yusuf,Williams,customer3506@email.co.uk,Leeds,England,18.0,M,Paid Social,2024-04-01,91.22
CUS03507,Poppy,Taylor,customer3507@email.co.uk,London,England,32.0,MALE,Google Ads,2022-12-16,49.21
CUS03508,Ryan,Walsh,customer3508@email.co.uk,Bristol,England,18.0,F,Google Ads,2023-04-17,58.47
CUS03509,Ava,Williams,customer3509@email.co.uk,london,England,37.0,male,Google Ads,2023-05-09,58.47
CUS03510,Lauren,White,customer3510@email.co.uk,Sheffield,England,21.0,female,Google Ads,2022-06-06,41.42
CUS03511,Isla,Brown,customer3511@email.co.uk,London,England,18.0,M,Google Ads,2024-06-25,82.53
CUS03512,Isabella,Davies,customer3512@email.co.uk,Leeds,England,49.0,M,Paid Social,2022-11-21,54.39
CUS03513,Sara,Patel,customer3513@email.co.uk,Edinburgh,Scotland,33.0,F,Email,2024-07-21,14.2
CUS03514,Yusuf,Davies,customer3514@email.co.uk,Glasgow,Scotland,33.0,Male,Referral,2024-03-22,27.9
CUS03515,Liam,Davies,customer3515@email.co.uk,london,England,18.0,,Google Ads,2022-07-06,45.15
CUS03516,Dylan,Hall,customer3516@email.co.uk,Birmingham,England,31.0,Female,Google Ads,2024-06-29,82.53
CUS03517,George,Walsh,customer3517@email.co.uk,Leeds,England,28.0,F,Paid Social,2022-09-03,49.9
CUS03518,Sara,Kumar,customer3518@email.co.uk,London,England,34.0,Man,Paid Social,2024-03-30,83.69
CUS03519,Ava,Roberts,customer3519@email.co.uk,London,England,35.0,M,Referral,2022-05-28,15.26
CUS03520,Olivia,Hall,customer3520@email.co.uk,Sheffield,England,37.0,M,Google Ads,2023-12-23,69.47
CUS03521,Dylan,Khan,customer3521@email.co.uk,London,England,18.0,F,Google Ads,2023-09-03,63.73
CUS03522,Charlie,Walsh,customer3522@email.co.uk,Bristol,England,18.0,F,Google Ads,2023-11-14,69.47
CUS03523,Dylan,Johnson,customer3523@email.co.uk,Bristol,England,44.0,FEMALE,Direct,2024-06-29,0.0
CUS03524,Natalie,Williams,customer3524@email.co.uk,Birmingham,England,47.0,F,Paid Social,2024-06-20,91.22
CUS03525,Grace,Wilson,customer3525@email.co.uk,Glasgow,Scotland,59.0,F,Google Ads,2022-04-06,41.42
CUS03526,Hassan,Johnson,customer3526@email.co.uk,Edinburgh,Scotland,28.0,Man,Paid Social,2022-09-29,49.9
CUS03527,Riya,Taylor,customer3527@email.co.uk,London,England,36.0,M,Google Ads,2024-12-21,98.06
CUS03528,Lily,Walsh,customer3528@email.co.uk,,,27.0,F,Google Ads,2023-08-28,63.73
CUS03529,Harry,Patel,customer3529@email.co.uk,London,England,18.0,F,Paid Social,2024-09-06,99.43
CUS03530,Jack,Evans,customer3530@email.co.uk,Bristol,England,32.0,FEMALE,Google Ads,2023-12-01,69.47
CUS03531,Hannah,Martin,customer3531@email.co.uk,Birmingham,England,46.0,M,Paid Social,2024-07-22,99.43
CUS03532,Chloe,Hussain,customer3532@email.co.uk,London,England,42.0,F,Google Ads,2022-05-17,41.42
CUS03533,Amelia,Thompson,customer3533@email.co.uk,Manchester,England,18.0,M,Google Ads,2023-10-31,69.47
CUS03534,Arjun,Anderson,customer3534@email.co.uk,London,England,33.0,m,Google Ads,2024-07-03,89.96
CUS03535,Dylan,Clark,customer3535@email.co.uk,Birmingham,England,30.0,Male,Google Ads,2023-07-31,63.73
CUS03536,Arjun,Malik,customer3536@email.co.uk,Edinburgh,Scotland,25.0,M,Google Ads,2024-05-28,82.53
CUS03537,Noah,Robinson,customer3537@email.co.uk,Glasgow,Scotland,53.0,M,Paid Social,2024-09-14,99.43
CUS03538,Nathan,Smith,customer3538@email.co.uk,Edinburgh,Scotland,21.0,M,Organic,2024-08-30,18.94
CUS03539,Aisha,Thompson,customer3539@email.co.uk,Birmingham,England,48.0,M,Paid Social,2022-11-14,54.39
CUS03540,Arjun,Hussain,customer3540@email.co.uk,London,England,26.0,F,,2024-11-10,15.48
CUS03541,Charlie,Martin,customer3541@email.co.uk,Bristol,England,41.0,m,Google Ads,2023-12-24,69.47
CUS03542,Logan,Davies,customer3542@email.co.uk,Glasgow,Scotland,39.0,female,Google Ads,2022-10-24,49.21
CUS03543,Zoe,Walker,customer3543@email.co.uk,Liverpool,England,43.0,M,Paid Social,2024-08-09,99.43
CUS03544,Mason,Patel,customer3544@email.co.uk,Leeds,England,34.0,F,Email,2022-12-26,7.77
CUS03545,Ava,Lewis,customer3545@email.co.uk,Sheffield,England,52.0,M,Paid Social,2023-04-25,64.62
CUS03546,Arjun,Patel,customer3546@email.co.uk,Sheffield,England,22.0,Male,Paid Social,2023-08-01,70.44
CUS03547,Poppy,Williams,customer3547@email.co.uk,Cardiff,Wales,19.0,F,Paid Social,2023-11-03,76.78
CUS03548,Aiden,Sharma,customer3548@email.co.uk,Leeds,England,32.0,m,Organic,2022-10-11,10.36
CUS03549,Aisha,Singh,customer3549@email.co.uk,Glasgow,Scotland,42.0,M,Referral,2024-09-30,33.14
CUS03550,George,Roberts,customer3550@email.co.uk,London,England,38.0,m,Paid Social,2024-09-04,99.43
CUS03551,Noah,Brown,customer3551@email.co.uk,London,England,42.0,M,Google Ads,2023-03-18,53.64
CUS03552,Jack,Byrne,customer3552@email.co.uk,,,34.0,Female,Paid Social,2024-12-14,108.38
CUS03553,Isla,Clark,customer3553@email.co.uk,Birmingham,England,18.0,female,Direct,2022-04-29,0.0
CUS03554,Riya,Evans,customer3554@email.co.uk,London,England,18.0,F,Direct,2022-08-02,0.0
CUS03555,Lucas,Walsh,customer3555@email.co.uk,Leeds,England,41.0,M,Direct,2024-07-15,0.0
CUS03556,Rohan,Murphy,customer3556@email.co.uk,Sheffield,England,41.0,Other,Google Ads,2022-12-15,49.21
CUS03557,Isabella,Martin,customer3557@email.co.uk,Manchester,England,30.0,M,Paid Social,2022-11-16,54.39
CUS03558,Charlie,Murphy,customer3558@email.co.uk,Shefield,England,39.0,F,Google Ads,2022-02-22,38.0
CUS03559,Ella,Kumar,customer3559@email.co.uk,Edinburgh,Scotland,36.0,Male,Email,2023-04-20,9.23
CUS03560,Lily,Brown,customer3560@email.co.uk,Leeds,England,33.0,M,Paid Social,2022-05-24,45.78
CUS03561,Natalie,O'Brien,customer3561@email.co.uk,London,England,39.0,m,Paid Social,2024-03-06,83.69
CUS03562,Freddie,Roberts,customer3562@email.co.uk,Birmingham,England,39.0,M,,2022-01-16,42.0
CUS03563,George,O'Brien,customer3563@email.co.uk,Newcastle,England,54.0,F,Paid Social,2023-08-25,70.44
CUS03564,Dylan,Thomas,customer3564@email.co.uk,London,England,41.0,M,Google Ads,2024-10-29,98.06
CUS03565,Arjun,Jones,customer3565@email.co.uk,Sheffield,England,46.0,M,Google Ads,2023-12-11,69.47
CUS03566,Aisha,White,customer3566@email.co.uk,london,England,33.0,M,Paid Social,2023-04-21,64.62
CUS03567,Natalie,Williams,customer3567@email.co.uk,London,England,25.0,M,Google Ads,2022-07-13,45.15
CUS03568,Fatima,Brown,customer3568@email.co.uk,Glasgow,Scotland,18.0,Male,Google Ads,2024-12-05,98.06
CUS03569,Alfie,Khan,customer3569@email.co.uk,Bristol,England,31.0,M,Paid Social,2022-02-14,42.0
CUS03570,Ava,Taylor,customer3570@email.co.uk,Bristol,England,18.0,M,Paid Social,2023-10-29,76.78
CUS03571,Poppy,Flynn,customer3571@email.co.uk,London,England,36.0,F,Google Ads,2023-06-08,58.47
CUS03572,Omar,Lewis,customer3572@email.co.uk,Birmingham,England,40.0,M,Referral,2024-07-18,33.14
CUS03573,Ethan,Johnson,customer3573@email.co.uk,Birmingham,England,36.0,M,Paid Social,2023-12-29,76.78
CUS03574,Aisha,Ahmed,customer3574@email.co.uk,Bristol,England,36.0,female,Paid Social,2024-11-26,108.38
CUS03575,Logan,Lewis,customer3575@email.co.uk,Londen,England,33.0,male,Paid Social,2024-12-04,108.38
CUS03576,Amelia,Kumar,customer3576@email.co.uk,Leeds,England,26.0,Female,Google Ads,2024-06-09,82.53
CUS03577,Ryan,White,customer3577@email.co.uk,London,England,26.0,M,Google Ads,2023-10-06,69.47
CUS03578,James,Thomas,customer3578@email.co.uk,Londen,England,48.0,f,Paid Social,2023-11-21,76.78
CUS03579,Noah,Byrne,customer3579@email.co.uk,Manchester,England,23.0,F,Google Ads,2024-11-16,98.06
CUS03580,Omar,Singh,customer3580@email.co.uk,London,England,22.0,M,Google Ads,2024-06-17,82.53
CUS03581,Ava,Roberts,customer3581@email.co.uk,Manchester,England,44.0,M,Paid Social,2024-06-30,91.22
CUS03582,Arjun,Clark,customer3582@email.co.uk,Manchester,England,43.0,M,Direct,2024-11-27,0.0
CUS03583,Fatima,Wilson,customer3583@email.co.uk,Leeds,England,33.0,F,Paid Social,2023-06-13,64.62
CUS03584,Alfie,Ali,customer3584@email.co.uk,Nottingham,England,40.0,FEMALE,Email,2024-09-13,14.2
CUS03585,Noah,Thompson,customer3585@email.co.uk,Leeds,England,18.0,M,Paid Social,2024-07-04,99.43
CUS03586,James,Roberts,customer3586@email.co.uk,London,England,49.0,Other,Paid Social,2023-06-26,64.62
CUS03587,Harry,Shah,customer3587@email.co.uk,Glasgow,Scotland,31.0,F,Paid Social,2024-07-05,99.43
CUS03588,Noah,Hall,customer3588@email.co.uk,London,England,40.0,F,Paid Social,2022-07-11,49.9
CUS03589,Natalie,Khan,customer3589@email.co.uk,London,England,23.0,Woman,Paid Social,2022-02-13,42.0
CUS03590,Hassan,Connor,customer3590@email.co.uk,Bristol,England,40.0,F,Referral,2024-10-19,36.13
CUS03591,Natalie,Kumar,customer3591@email.co.uk,London,England,44.0,M,Paid Social,2024-12-18,108.38
CUS03592,Priya,McCarthy,customer3592@email.co.uk,Edinburgh,Scotland,36.0,F,Organic,2023-08-20,13.42
CUS03593,Zoe,Martin,customer3593@email.co.uk,London,England,29.0,M,Referral,2023-07-03,23.48
CUS03594,Sophie,Ryan,customer3594@email.co.uk,London,England,26.0,,Paid Social,2022-12-01,54.39
CUS03595,Emily,O'Brien,customer3595@email.co.uk,Bristol,England,34.0,M,Direct,2024-11-25,0.0
CUS03596,Omar,Patel,customer3596@email.co.uk,Birmingham,England,35.0,Male,Paid Social,2023-01-01,59.29
CUS03597,Freddie,Ahmed,customer3597@email.co.uk,Leeds,England,43.0,F,Google Ads,2024-03-16,75.72
CUS03598,Ethan,Walsh,customer3598@email.co.uk,Birmingham,England,32.0,F,Email,2024-08-31,14.2
CUS03599,Mia,Flynn,customer3599@email.co.uk,Manchester,England,36.0,Man,Email,2023-09-12,10.06
CUS03600,Poppy,Burke,customer3600@email.co.uk,Nottingham,England,18.0,F,Paid Social,2024-12-07,108.38
CUS03601,Jessica,Walsh,customer3601@email.co.uk,leeds,England,21.0,f,Paid Social,2023-06-04,64.62
CUS03602,Freddie,Walsh,customer3602@email.co.uk,Londen,England,26.0,M,Paid Social,2024-07-25,99.43
CUS03603,Oliver,Sharma,customer3603@email.co.uk,Birmingham,England,38.0,Man,Organic,2022-11-21,10.36
CUS03604,Dylan,Kelly,customer3604@email.co.uk,Manchester,England,41.0,,Paid Social,2023-10-11,76.78
CUS03605,Olivia,Williams,customer3605@email.co.uk,Glasgoe,Scotland,36.0,M,Paid Social,2024-05-12,91.22
CUS03606,Zoe,Walker,customer3606@email.co.uk,London,England,27.0,M,Paid Social,2022-12-25,54.39
CUS03607,Jessica,Wilson,customer3607@email.co.uk,Liverpool,England,39.0,Female,Paid Social,2024-09-16,99.43
CUS03608,Sara,Kumar,customer3608@email.co.uk,Sheffield,England,32.0,M,Google Ads,2024-11-27,98.06
CUS03609,Sara,Ahmed,customer3609@email.co.uk,London,England,40.0,Man,Organic,2023-02-23,11.29
CUS03610,Hannah,O'Brien,customer3610@email.co.uk,Birmingham,England,37.0,F,Paid Social,2023-10-24,76.78
CUS03611,Ava,Walsh,customer3611@email.co.uk,Birmingham,England,35.0,M,Paid Social,2022-02-10,42.0
CUS03612,Zoe,Ali,customer3612@email.co.uk,Cardiff,Wales,18.0,F,Paid Social,2023-07-19,70.44
CUS03613,Zoe,Walker,customer3613@email.co.uk,Sheffield,England,40.0,F,,2024-01-07,83.69
CUS03614,Lily,Hussain,customer3614@email.co.uk,London,England,27.0,M,Google Ads,2022-09-27,45.15
CUS03615,Fatima,Williams,customer3615@email.co.uk,London,England,24.0,M,Google Ads,2024-12-19,98.06
CUS03616,Isabella,O'Brien,customer3616@email.co.uk,Sheffield,England,33.0,M,Paid Social,2022-10-15,54.39
CUS03617,Muhammad,Anderson,customer3617@email.co.uk,Newcastle,England,21.0,F,Paid Social,2023-11-03,76.78
CUS03618,Omar,Kumar,customer3618@email.co.uk,London,England,18.0,M,Organic,2022-01-24,8.0
CUS03619,Ethan,Hall,customer3619@email.co.uk,Bristol,England,34.0,M,Paid Social,2023-03-09,59.29
CUS03620,Nathan,Ahmed,customer3620@email.co.uk,Leeds,England,20.0,M,Paid Social,2024-08-20,99.43
CUS03621,Noah,Ahmed,customer3621@email.co.uk,Birmingham,England,,m,Paid Social,2023-07-23,70.44
CUS03622,Omar,Anderson,customer3622@email.co.uk,London,England,36.0,F,Paid Social,2024-10-06,108.38
CUS03623,Poppy,Singh,customer3623@email.co.uk,Manchester,England,61.0,M,Google Ads,2024-09-04,89.96
CUS03624,Priya,Clark,customer3624@email.co.uk,Glasgow,Scotland,38.0,F,Paid Social,2023-08-22,70.44
CUS03625,Riya,Ahmed,customer3625@email.co.uk,Brumingham,England,47.0,M,Paid Social,2022-09-19,49.9
CUS03626,Aisha,Jones,customer3626@email.co.uk,Leeds,England,35.0,F,Paid Social,2024-08-26,99.43
CUS03627,Jessica,Connor,customer3627@email.co.uk,London,England,18.0,F,Paid Social,2024-11-17,108.38
CUS03628,Jack,Patel,customer3628@email.co.uk,Glasgow,Scotland,27.0,M,Paid Social,2022-12-17,54.39
CUS03629,Mason,Sharma,customer3629@email.co.uk,Manchester,England,39.0,,Google Ads,2022-05-24,41.42
CUS03630,Harry,Singh,customer3630@email.co.uk,London,England,22.0,O,Paid Social,2024-09-25,99.43
CUS03631,Lauren,Ryan,customer3631@email.co.uk,Nottingham,England,41.0,F,Direct,2024-01-24,0.0
CUS03632,Arjun,Hall,customer3632@email.co.uk,Manchester,England,47.0,M,Direct,2022-12-31,0.0
CUS03633,Poppy,Patel,customer3633@email.co.uk,london,England,23.0,,Google Ads,2022-10-11,49.21
CUS03634,Liam,O'Brien,customer3634@email.co.uk,London,England,35.0,f,Google Ads,2023-10-26,69.47
CUS03635,Charlie,White,customer3635@email.co.uk,London,England,,F,Email,2024-11-20,15.48
CUS03636,Grace,Evans,customer3636@email.co.uk,Liverpool,England,45.0,F,Paid Social,2022-10-04,54.39
CUS03637,Mason,Martin,customer3637@email.co.uk,London,England,28.0,F,Google Ads,2024-06-04,82.53
CUS03638,Jessica,Murphy,customer3638@email.co.uk,Manchester,England,51.0,M,Paid Social,2022-12-25,54.39
CUS03639,Harry,Thomas,customer3639@email.co.uk,Bristol,England,18.0,M,Organic,2023-12-30,14.62
CUS03640,Liam,Sharma,customer3640@email.co.uk,London,England,37.0,F,Paid Social,2023-09-04,70.44
CUS03641,Ryan,Walker,customer3641@email.co.uk,Birmingham,England,30.0,M,Paid Social,2023-12-12,76.78
CUS03642,Logan,Roberts,customer3642@email.co.uk,London,England,25.0,M,Paid Social,2022-08-21,49.9
CUS03643,Muhammad,Roberts,customer3643@email.co.uk,Manchester,England,33.0,F,Email,2024-10-11,15.48
CUS03644,Priya,White,customer3644@email.co.uk,Birmingham,England,18.0,MALE,Google Ads,2024-12-23,98.06
CUS03645,Fatima,Johnson,customer3645@email.co.uk,Londen,England,31.0,FEMALE,Email,2023-10-26,10.97
CUS03646,Ethan,Lewis,customer3646@email.co.uk,Manchester,England,33.0,female,Organic,2023-07-18,13.42
CUS03647,Jack,Robinson,customer3647@email.co.uk,Liverpool,England,40.0,male,Google Ads,2024-08-07,89.96
CUS03648,Liam,Williams,customer3648@email.co.uk,London,England,35.0,M,Paid Social,2022-10-06,54.39
CUS03649,Olivia,Taylor,customer3649@email.co.uk,Leeds,England,35.0,F,Google Ads,2022-05-17,41.42
CUS03650,Dylan,Singh,customer3650@email.co.uk,Birmingham,England,25.0,Man,Organic,2024-05-29,17.38
CUS03651,Isla,Roberts,customer3651@email.co.uk,London,England,41.0,M,Paid Social,2023-11-28,76.78
CUS03652,Sara,Ahmed,customer3652@email.co.uk,Liverpool,England,32.0,M,Email,2024-02-28,11.96
CUS03653,Chloe,Wilson,customer3653@email.co.uk,London,England,35.0,f,Google Ads,2022-03-07,38.0
CUS03654,Alfie,Lewis,customer3654@email.co.uk,Manchester,England,25.0,Male,Paid Social,2024-10-11,108.38
CUS03655,Ryan,Walsh,customer3655@email.co.uk,Edinburgh,Scotland,45.0,F,Paid Social,2024-04-09,91.22
CUS03656,Aiden,Kelly,customer3656@email.co.uk,Birmingham,England,24.0,M,Paid Social,2022-07-18,49.9
CUS03657,Isabella,Jones,customer3657@email.co.uk,London,England,34.0,F,Paid Social,2024-04-02,91.22
CUS03658,Aiden,Ali,customer3658@email.co.uk,Bristol,England,22.0,male,Paid Social,2024-12-20,108.38
CUS03659,Olivia,Ali,customer3659@email.co.uk,Glasgow,Scotland,39.0,F,Google Ads,2022-12-29,49.21
CUS03660,James,Ahmed,customer3660@email.co.uk,Manchester,England,42.0,F,Paid Social,2024-11-29,108.38
CUS03661,Alfie,Khan,customer3661@email.co.uk,,,42.0,M,Paid Social,2024-12-08,108.38
CUS03662,Liam,Thomas,customer3662@email.co.uk,,,44.0,F,Paid Social,2024-09-23,99.43
CUS03663,Rohan,Williams,customer3663@email.co.uk,Edinburgh,Scotland,31.0,F,Paid Social,2023-10-18,76.78
CUS03664,Megan,Martin,customer3664@email.co.uk,Newcastle,England,52.0,Female,Google Ads,2023-09-05,63.73
CUS03665,Emily,Jones,customer3665@email.co.uk,Sheffield,England,29.0,F,Email,2023-05-31,9.23
CUS03666,Natalie,McCarthy,customer3666@email.co.uk,Bristol,England,57.0,Other,Google Ads,2024-08-03,89.96
CUS03667,Megan,Thompson,customer3667@email.co.uk,Leeds,England,44.0,M,Paid Social,2022-09-12,49.9
CUS03668,Lily,Evans,customer3668@email.co.uk,,,21.0,Man,Paid Social,2023-11-20,76.78
CUS03669,Isla,Robinson,customer3669@email.co.uk,Newcastle,England,25.0,F,Paid Social,2023-11-29,76.78
CUS03670,Poppy,O'Brien,customer3670@email.co.uk,London,England,37.0,M,Paid Social,2024-11-22,108.38
CUS03671,Natalie,McCarthy,customer3671@email.co.uk,Birmingham,England,27.0,Man,Email,2024-11-11,15.48
CUS03672,Muhammad,Wilson,customer3672@email.co.uk,Leeds,England,24.0,FEMALE,Organic,2023-10-12,14.62
CUS03673,Harry,McCarthy,customer3673@email.co.uk,Liverpool,England,49.0,M,Paid Social,2024-01-08,83.69
CUS03674,Muhammad,Ryan,customer3674@email.co.uk,Bristol,England,58.0,F,Referral,2024-05-20,30.41
CUS03675,Priya,Kelly,customer3675@email.co.uk,Birmingham,England,54.0,F,Paid Social,2023-11-26,76.78
CUS03676,Noah,Walsh,customer3676@email.co.uk,Sheffield,England,31.0,M,Paid Social,2023-02-13,59.29
CUS03677,Nathan,Wilson,customer3677@email.co.uk,Birmingham,England,31.0,Other,Google Ads,2022-09-23,45.15
CUS03678,Ava,Anderson,customer3678@email.co.uk,Bristol,England,26.0,F,Paid Social,2023-12-10,76.78
CUS03679,Ryan,Hall,customer3679@email.co.uk,Newcastle,England,37.0,female,Paid Social,2023-08-25,70.44
CUS03680,Logan,Ahmed,customer3680@email.co.uk,Leeds,England,38.0,F,Direct,2023-01-20,0.0
CUS03681,James,Thompson,customer3681@email.co.uk,London,England,33.0,f,Organic,2023-05-10,12.31
CUS03682,Alfie,Patel,customer3682@email.co.uk,Cardiff,Wales,30.0,FEMALE,Google Ads,2022-04-01,41.42
CUS03683,Aiden,Robinson,customer3683@email.co.uk,Manchester,England,18.0,M,Paid Social,2023-12-04,76.78
CUS03684,Priya,Singh,customer3684@email.co.uk,Edinburgh,Scotland,31.0,FEMALE,Google Ads,2022-05-26,41.42
CUS03685,Ava,Patel,customer3685@email.co.uk,,,41.0,M,Paid Social,2022-07-10,49.9
CUS03686,Natalie,Robinson,customer3686@email.co.uk,Newcastle,England,32.0,F,Paid Social,2024-07-21,99.43
CUS03687,Lucas,Williams,customer3687@email.co.uk,Manchester,England,30.0,M,Google Ads,2022-07-13,45.15
CUS03688,Hannah,Connor,customer3688@email.co.uk,birmingham,England,20.0,Other,Google Ads,2024-05-11,82.53
CUS03689,Sophie,Lewis,customer3689@email.co.uk,London,England,19.0,M,Paid Social,2023-10-19,76.78
CUS03690,Emma,O'Brien,customer3690@email.co.uk,London,England,37.0,F,Paid Social,2022-12-16,54.39
CUS03691,Nathan,Smith,customer3691@email.co.uk,London,England,18.0,M,Google Ads,2023-12-16,69.47
CUS03692,Jack,Ali,customer3692@email.co.uk,LIVERPOOL,England,48.0,other,Google Ads,2023-11-13,69.47
CUS03693,Nathan,Thompson,customer3693@email.co.uk,Leeds,England,39.0,m,Paid Social,2024-11-12,108.38
CUS03694,Lauren,Burke,customer3694@email.co.uk,Birmingham,England,42.0,M,Organic,2024-12-11,20.64
CUS03695,Olivia,Kelly,customer3695@email.co.uk,London,England,39.0,F,Paid Social,2023-09-25,70.44
CUS03696,Emma,Connor,customer3696@email.co.uk,Liverpool,England,25.0,,Direct,2023-06-03,0.0
CUS03697,Lucas,Johnson,customer3697@email.co.uk,Newcastle,England,49.0,F,Google Ads,2023-12-26,69.47
CUS03698,Charlie,Clark,customer3698@email.co.uk,London,England,43.0,M,Google Ads,2022-07-18,45.15
CUS03699,Yusuf,Kumar,customer3699@email.co.uk,Leeds,England,30.0,M,Paid Social,2023-11-17,76.78
CUS03700,Noah,Hall,customer3700@email.co.uk,Londn,England,30.0,male,Google Ads,2022-07-01,45.15
CUS03701,Nathan,Anderson,customer3701@email.co.uk,liverpool,England,47.0,M,Google Ads,2023-01-30,53.64
CUS03702,Aisha,Smith,customer3702@email.co.uk,bristol,England,18.0,FEMALE,Referral,2024-07-08,33.14
CUS03703,George,Davies,customer3703@email.co.uk,London,England,37.0,M,Email,2024-07-19,14.2
CUS03704,Noah,White,customer3704@email.co.uk,London,England,27.0,F,Organic,2023-10-07,14.62
CUS03705,Mason,Smith,customer3705@email.co.uk,Liverpol,England,28.0,Other,Google Ads,2024-12-10,98.06
CUS03706,Dylan,Sharma,customer3706@email.co.uk,London,England,18.0,M,Paid Social,2022-09-13,49.9
CUS03707,Chloe,Malik,customer3707@email.co.uk,NOTTINGHAM,England,44.0,F,Google Ads,2023-03-30,53.64
CUS03708,Lily,Shah,customer3708@email.co.uk,Sheffield,England,41.0,M,Paid Social,2023-12-31,76.78
CUS03709,Hannah,Ahmed,customer3709@email.co.uk,Birmingham,England,25.0,M,Paid Social,2023-09-04,70.44
CUS03710,Fatima,Johnson,customer3710@email.co.uk,Glasgow,Scotland,35.0,F,Paid Social,2024-03-18,83.69
CUS03711,Charlie,Walsh,customer3711@email.co.uk,Bristol,England,25.0,M,Paid Social,2022-06-14,45.78
CUS03712,Hannah,Murphy,customer3712@email.co.uk,London,England,,Female,Paid Social,2024-06-01,91.22
CUS03713,Alfie,Ahmed,customer3713@email.co.uk,Liverpool,England,39.0,F,Paid Social,2022-09-29,49.9
CUS03714,Lily,Byrne,customer3714@email.co.uk,Edinburgh,Scotland,43.0,Male,Paid Social,2023-01-20,59.29
CUS03715,Emily,Thompson,customer3715@email.co.uk,Liverpool,England,41.0,f,Google Ads,2022-10-20,49.21
CUS03716,Lucas,Shah,customer3716@email.co.uk,London,England,24.0,MALE,Google Ads,2024-06-02,82.53
CUS03717,Liam,Kelly,customer3717@email.co.uk,manchester,England,20.0,m,Email,2022-03-27,6.0
CUS03718,Megan,Connor,customer3718@email.co.uk,Liverpool,England,34.0,M,Google Ads,2024-12-18,98.06
CUS03719,Ella,Lewis,customer3719@email.co.uk,Liverpool,England,37.0,Male,Paid Social,2023-06-14,64.62
CUS03720,Lily,Davies,customer3720@email.co.uk,Sheffield,England,27.0,M,Google Ads,2022-12-06,49.21
CUS03721,Megan,Ahmed,customer3721@email.co.uk,Newcastle,England,24.0,F,Google Ads,2023-04-16,58.47
CUS03722,Alfie,Ahmed,customer3722@email.co.uk,Newcastle,England,41.0,MALE,Paid Social,2023-10-25,76.78
CUS03723,Arjun,Byrne,customer3723@email.co.uk,Bristol,England,20.0,M,Email,2022-12-04,7.77
CUS03724,Priya,Khan,customer3724@email.co.uk,Manchester,England,32.0,F,Paid Social,2024-07-12,99.43
CUS03725,Freddie,Patel,customer3725@email.co.uk,Manchester,England,37.0,FEMALE,Google Ads,2024-07-06,89.96
CUS03726,Rohan,Wilson,customer3726@email.co.uk,Bristol,England,30.0,F,Google Ads,2024-02-24,75.72
CUS03727,Liam,Johnson,customer3727@email.co.uk,Birmingham,England,21.0,M,,2024-11-09,108.38
CUS03728,Logan,Jones,customer3728@email.co.uk,Sheffield,England,34.0,M,Google Ads,2024-06-04,82.53
CUS03729,Mason,Thompson,customer3729@email.co.uk,London,England,,M,Referral,2022-09-25,16.63
CUS03730,Aiden,Smith,customer3730@email.co.uk,Liverpool,England,27.0,F,Paid Social,2023-01-09,59.29
CUS03731,Amelia,Martin,customer3731@email.co.uk,Birmingham,England,32.0,M,Paid Social,2023-10-06,76.78
CUS03732,Arjun,Byrne,customer3732@email.co.uk,Leeds,England,42.0,F,Google Ads,2023-03-25,53.64
CUS03733,Ryan,Ahmed,customer3733@email.co.uk,London,England,48.0,F,Paid Social,2023-07-10,70.44
CUS03734,Aiden,Clark,customer3734@email.co.uk,Manchester,England,18.0,M,Paid Social,2023-10-05,76.78
CUS03735,Poppy,White,customer3735@email.co.uk,Birmingham,England,29.0,male,Organic,2024-08-01,18.94
CUS03736,Fatima,Malik,customer3736@email.co.uk,Manchester,England,40.0,,Paid Social,2023-11-27,76.78
CUS03737,Amelia,Ahmed,customer3737@email.co.uk,Londn,England,18.0,F,Google Ads,2024-09-20,89.96
CUS03738,Omar,Taylor,customer3738@email.co.uk,Birmingham,England,57.0,Other,Google Ads,2024-01-24,75.72
CUS03739,Oliver,Ali,customer3739@email.co.uk,London,England,26.0,M,Paid Social,2022-01-19,42.0
CUS03740,Poppy,Khan,customer3740@email.co.uk,Manchester,England,32.0,F,Paid Social,2024-12-24,108.38
CUS03741,Rohan,Hussain,customer3741@email.co.uk,Leeds,England,37.0,M,Paid Social,2022-09-07,49.9
CUS03742,Rohan,Williams,customer3742@email.co.uk,Manchester,England,41.0,M,Paid Social,2023-07-09,70.44
CUS03743,Grace,Byrne,customer3743@email.co.uk,Birmingham,England,27.0,M,Paid Social,2022-02-16,42.0
CUS03744,Emma,Martin,customer3744@email.co.uk,Manchester,England,38.0,M,Google Ads,2023-11-15,69.47
CUS03745,Zoe,White,customer3745@email.co.uk,Birmingham,England,49.0,F,Paid Social,2024-04-20,91.22
CUS03746,George,White,customer3746@email.co.uk,Liverpool,England,46.0,Female,Direct,2023-02-21,0.0
CUS03747,Aisha,White,customer3747@email.co.uk,Sheffield,England,29.0,F,Organic,2024-11-21,20.64
CUS03748,Isabella,Walsh,customer3748@email.co.uk,Manchester,England,24.0,F,Google Ads,2022-09-11,45.15
CUS03749,Freddie,Burke,customer3749@email.co.uk,Cardiff,Wales,44.0,F,Paid Social,2024-12-02,108.38
CUS03750,Sara,Johnson,customer3750@email.co.uk,Sheffield,England,,M,Google Ads,2024-08-03,89.96
CUS03751,Arjun,Walsh,customer3751@email.co.uk,Nottingham,England,20.0,M,Organic,2022-09-14,9.5
CUS03752,Muhammad,Walker,customer3752@email.co.uk,London,England,40.0,F,Email,2022-07-05,7.13
CUS03753,Mia,Byrne,customer3753@email.co.uk,Liverpool,England,29.0,M,Paid Social,2022-05-10,45.78
CUS03754,Freddie,O'Brien,customer3754@email.co.uk,London,England,44.0,M,Google Ads,2023-12-21,69.47
CUS03755,Omar,Burke,customer3755@email.co.uk,London,England,22.0,m,Paid Social,2022-12-23,54.39
CUS03756,Alfie,Thomas,customer3756@email.co.uk,Birmingham,England,31.0,Man,Direct,2024-12-15,0.0
CUS03757,Jessica,Hall,customer3757@email.co.uk,Birmingham,England,29.0,male,Google Ads,2022-07-23,45.15
CUS03758,Sophie,Martin,customer3758@email.co.uk,London,England,25.0,MALE,Paid Social,2024-08-24,99.43
CUS03759,Zoe,Burke,customer3759@email.co.uk,London,England,37.0,MALE,Paid Social,2023-06-16,64.62
CUS03760,Sara,McCarthy,customer3760@email.co.uk,,,21.0,F,Paid Social,2022-02-05,42.0
CUS03761,Poppy,Kumar,customer3761@email.co.uk,Birmingham,England,34.0,M,Google Ads,2024-06-17,82.53
CUS03762,Hassan,Khan,customer3762@email.co.uk,Birmingham,England,39.0,m,Paid Social,2023-12-27,76.78
CUS03763,Ella,Thomas,customer3763@email.co.uk,Leeds,England,18.0,M,Paid Social,2022-12-04,54.39
CUS03764,Yusuf,Ahmed,customer3764@email.co.uk,Leeds,England,22.0,Woman,Paid Social,2023-05-23,64.62
CUS03765,Grace,Kumar,customer3765@email.co.uk,Bristol,England,34.0,Male,Google Ads,2022-09-11,45.15
CUS03766,Mia,Johnson,customer3766@email.co.uk,Manchester,England,40.0,M,Direct,2022-08-20,0.0
CUS03767,Jack,Evans,customer3767@email.co.uk,Birmingham,England,28.0,Other,Direct,2023-12-15,0.0
CUS03768,Noah,Burke,customer3768@email.co.uk,Newcastle,England,26.0,F,Paid Social,2023-11-24,76.78
CUS03769,Megan,Williams,customer3769@email.co.uk,Glasgow,Scotland,31.0,FEMALE,Paid Social,2022-11-12,54.39
CUS03770,Natalie,Walsh,customer3770@email.co.uk,Birmingham,England,,F,Paid Social,2023-03-08,59.29
CUS03771,Omar,Roberts,customer3771@email.co.uk,LONDON,England,36.0,M,Referral,2024-12-29,36.13
CUS03772,Jessica,Brown,customer3772@email.co.uk,Liverpool,England,28.0,F,Google Ads,2023-05-20,58.47
CUS03773,Olivia,Ryan,customer3773@email.co.uk,Liverpool,England,28.0,M,Paid Social,2023-10-17,76.78
CUS03774,Oliver,Jones,customer3774@email.co.uk,Manchester,England,28.0,m,Paid Social,2022-09-24,49.9
CUS03775,Megan,Thompson,customer3775@email.co.uk,London,England,22.0,F,Paid Social,2022-02-27,42.0
CUS03776,Ryan,Davies,customer3776@email.co.uk,Manchestor,England,33.0,MALE,Paid Social,2024-01-31,83.69
CUS03777,Aisha,Malik,customer3777@email.co.uk,London,England,39.0,male,Google Ads,2022-12-14,49.21
CUS03778,Zoe,Robinson,customer3778@email.co.uk,,,32.0,F,Paid Social,2024-06-24,91.22
CUS03779,Olivia,Martin,customer3779@email.co.uk,Birmingham,England,41.0,,Email,2022-12-05,7.77
CUS03780,Muhammad,Patel,customer3780@email.co.uk,Glasgow,Scotland,33.0,F,Paid Social,2023-06-08,64.62
CUS03781,Lauren,Jones,customer3781@email.co.uk,London,England,27.0,F,Google Ads,2024-03-17,75.72
CUS03782,Freddie,Patel,customer3782@email.co.uk,London,England,21.0,F,Google Ads,2024-05-04,82.53
CUS03783,Mason,Brown,customer3783@email.co.uk,London,England,35.0,Woman,Paid Social,2023-05-09,64.62
CUS03784,George,Jones,customer3784@email.co.uk,Manchester,England,22.0,F,Email,2024-06-09,13.03
CUS03785,Megan,Wilson,customer3785@email.co.uk,Birmingham,England,52.0,Man,Direct,2023-12-10,0.0
CUS03786,Jack,Johnson,customer3786@email.co.uk,Bristol,England,31.0,m,Paid Social,2024-08-31,99.43
CUS03787,Aisha,Walker,customer3787@email.co.uk,Bristol,England,31.0,MALE,Organic,2024-07-08,18.94
CUS03788,Arjun,Lewis,customer3788@email.co.uk,Sheffield,England,18.0,M,Google Ads,2024-09-06,89.96
CUS03789,Sophie,Davies,customer3789@email.co.uk,Manchester,England,37.0,female,Paid Social,2023-01-09,59.29
CUS03790,Emily,Kumar,customer3790@email.co.uk,London,England,23.0,M,Google Ads,2022-06-03,41.42
CUS03791,Lauren,Lewis,customer3791@email.co.uk,London,England,32.0,f,Paid Social,2022-01-08,42.0
CUS03792,Mia,Smith,customer3792@email.co.uk,Sheffield,England,38.0,Male,Paid Social,2023-04-22,64.62
CUS03793,Jack,Walker,customer3793@email.co.uk,London,England,45.0,M,Paid Social,2023-07-29,70.44
CUS03794,Poppy,Hall,customer3794@email.co.uk,Glasgow,Scotland,26.0,F,Paid Social,2023-01-11,59.29
CUS03795,Noah,Connor,customer3795@email.co.uk,Nottingham,England,22.0,M,Paid Social,2022-09-25,49.9
CUS03796,Emma,Burke,customer3796@email.co.uk,Liverpool,England,34.0,M,Paid Social,2023-08-14,70.44
CUS03797,Lauren,Roberts,customer3797@email.co.uk,Edinburgh,Scotland,44.0,M,Paid Social,2023-03-19,59.29
CUS03798,Lucas,Byrne,customer3798@email.co.uk,Manchester,England,45.0,f,Google Ads,2022-03-13,38.0
CUS03799,Nathan,Ali,customer3799@email.co.uk,Birmingham,England,37.0,F,Google Ads,2024-09-19,89.96
CUS03800,Nathan,Martin,customer3800@email.co.uk,Birmigham,England,31.0,Male,Direct,2023-11-12,0.0
CUS03801,Poppy,Lewis,customer3801@email.co.uk,Londn,England,33.0,Man,Organic,2022-10-14,10.36
CUS03802,Jessica,Walsh,customer3802@email.co.uk,Manchester,England,34.0,M,Paid Social,2023-04-21,64.62
CUS03803,Ava,Thomas,customer3803@email.co.uk,LIVERPOOL,England,18.0,F,Google Ads,2023-12-19,69.47
CUS03804,Aisha,Hall,customer3804@email.co.uk,London,England,18.0,Man,Google Ads,2022-06-26,41.42
CUS03805,Aiden,Williams,customer3805@email.co.uk,London,England,29.0,F,Organic,2023-11-11,14.62
CUS03806,Poppy,Evans,customer3806@email.co.uk,Manchester,England,30.0,female,Google Ads,2024-06-18,82.53
CUS03807,Emily,Kumar,customer3807@email.co.uk,London,England,27.0,M,Google Ads,2022-09-30,45.15
CUS03808,Mason,Malik,customer3808@email.co.uk,Glasgow,Scotland,18.0,M,Paid Social,2023-11-05,76.78
CUS03809,Chloe,Shah,customer3809@email.co.uk,Edinburgh,Scotland,30.0,F,Paid Social,2024-11-04,108.38
CUS03810,Chloe,Murphy,customer3810@email.co.uk,London,England,21.0,F,Email,2024-05-16,13.03
CUS03811,Oliver,Burke,customer3811@email.co.uk,BRISTOL,England,34.0,FEMALE,Google Ads,2023-09-06,63.73
CUS03812,Yusuf,Shah,customer3812@email.co.uk,London,England,36.0,M,Google Ads,2022-03-01,38.0
CUS03813,Aiden,Anderson,customer3813@email.co.uk,London,England,45.0,M,Google Ads,2024-11-22,98.06
CUS03814,Amelia,Shah,customer3814@email.co.uk,Leeds,England,54.0,Male,Paid Social,2024-12-21,108.38
CUS03815,Grace,Hussain,customer3815@email.co.uk,Bristol,England,57.0,M,Paid Social,2024-08-01,99.43
CUS03816,Amelia,Ryan,customer3816@email.co.uk,London ,England,23.0,F,Paid Social,2022-12-03,54.39
CUS03817,Yusuf,Roberts,customer3817@email.co.uk,Glasgow,Scotland,29.0,F,Paid Social,2023-12-24,76.78
CUS03818,Dylan,White,customer3818@email.co.uk,Sheffield,England,35.0,m,Paid Social,2024-08-20,99.43
CUS03819,Emma,Walsh,customer3819@email.co.uk,London,England,35.0,M,Google Ads,2023-11-19,69.47
CUS03820,Emily,Martin,customer3820@email.co.uk,London,England,48.0,Woman,Paid Social,2024-12-14,108.38
CUS03821,Priya,Robinson,customer3821@email.co.uk,Glasgow,Scotland,42.0,M,Google Ads,2024-01-06,75.72
CUS03822,Ethan,McCarthy,customer3822@email.co.uk,London,England,35.0,f,Email,2022-01-15,6.0
CUS03823,Charlie,Clark,customer3823@email.co.uk,Manchester,England,29.0,M,Paid Social,2023-03-07,59.29
CUS03824,Jessica,Shah,customer3824@email.co.uk,Glasgow,Scotland,45.0,F,Organic,2024-12-29,20.64
CUS03825,Riya,Wilson,customer3825@email.co.uk,London,England,34.0,Woman,Paid Social,2024-12-20,108.38
CUS03826,Emma,Walker,customer3826@email.co.uk,London,England,46.0,M,Paid Social,2024-11-18,108.38
CUS03827,Lucas,Flynn,customer3827@email.co.uk,London,England,20.0,M,Paid Social,2022-11-14,54.39
CUS03828,Natalie,Anderson,customer3828@email.co.uk,Birmingham,England,41.0,M,Paid Social,2022-12-26,54.39
CUS03829,Muhammad,Singh,customer3829@email.co.uk,LONDON,England,34.0,Male,Google Ads,2024-01-20,75.72
CUS03830,James,Hall,customer3830@email.co.uk,London,England,23.0,M,Google Ads,2022-03-18,38.0
CUS03831,Isabella,Thomas,customer3831@email.co.uk,Leeds,England,26.0,M,Paid Social,2024-11-02,108.38
CUS03832,Mia,Connor,customer3832@email.co.uk,Edinburgh,Scotland,25.0,FEMALE,Paid Social,2023-10-19,76.78
CUS03833,Lauren,McCarthy,customer3833@email.co.uk,London,England,50.0,F,Paid Social,2024-06-13,91.22
CUS03834,Riya,Thomas,customer3834@email.co.uk,Birmingham,England,18.0,M,Google Ads,2024-02-02,75.72
CUS03835,Aisha,Johnson,customer3835@email.co.uk,Sheffield,England,34.0,F,Organic,2023-05-30,12.31
CUS03836,Lily,Evans,customer3836@email.co.uk,London,England,29.0,F,Paid Social,2024-11-08,108.38
CUS03837,Rohan,Singh,customer3837@email.co.uk,Bristol,England,36.0,F,Google Ads,2022-12-17,49.21
CUS03838,Nathan,Singh,customer3838@email.co.uk,Cardiff,Wales,29.0,OTHER,Direct,2023-11-07,0.0
CUS03839,Rohan,Singh,customer3839@email.co.uk,Birmingham,England,40.0,f,Google Ads,2023-08-06,63.73
CUS03840,Isla,Evans,customer3840@email.co.uk,Birmingham,England,19.0,F,Email,2024-05-31,13.03
CUS03841,Leo,Sharma,customer3841@email.co.uk,Edinburgh,Scotland,29.0,F,Referral,2024-05-20,30.41
CUS03842,Olivia,Walsh,customer3842@email.co.uk,London,England,27.0,F,Paid Social,2023-09-10,70.44
CUS03843,Leo,Khan,customer3843@email.co.uk,Glasgow,Scotland,32.0,Female,Paid Social,2023-04-22,64.62
CUS03844,Poppy,Singh,customer3844@email.co.uk,Sheffield,England,26.0,MALE,Paid Social,2022-11-16,54.39
CUS03845,Lucas,Lewis,customer3845@email.co.uk,Birmingham,England,31.0,Female,Paid Social,2022-04-08,45.78
CUS03846,Leo,Evans,customer3846@email.co.uk,Cardiff,Wales,26.0,M,Paid Social,2023-08-29,70.44
CUS03847,Olivia,McCarthy,customer3847@email.co.uk,Leeds,England,35.0,M,Google Ads,2022-01-07,38.0
CUS03848,Isla,Johnson,customer3848@email.co.uk,Birmingham,England,,M,Google Ads,2023-05-20,58.47
CUS03849,Emma,Flynn,customer3849@email.co.uk,London,England,52.0,M,Paid Social,2024-12-13,108.38
CUS03850,Zoe,Martin,customer3850@email.co.uk,Leeds,England,32.0,F,,2024-03-23,75.72
CUS03851,Ryan,Walsh,customer3851@email.co.uk,Manchester,England,28.0,M,Email,2023-07-29,10.06
CUS03852,Grace,Evans,customer3852@email.co.uk,Birmingham,England,18.0,MALE,Paid Social,2024-11-29,108.38
CUS03853,Oliver,Martin,customer3853@email.co.uk,Glasgow,Scotland,39.0,M,Paid Social,2024-12-29,108.38
CUS03854,Ryan,Williams,customer3854@email.co.uk,Liverpool,England,37.0,M,Google Ads,2024-07-25,89.96
CUS03855,Sara,McCarthy,customer3855@email.co.uk,London,England,47.0,Woman,Google Ads,2023-03-17,53.64
CUS03856,Charlie,Byrne,customer3856@email.co.uk,Manchester,England,50.0,Male,Email,2024-10-29,15.48
CUS03857,Dylan,Anderson,customer3857@email.co.uk,London,England,43.0,F,Paid Social,2024-08-08,99.43
CUS03858,Sara,Hall,customer3858@email.co.uk,Bristol,England,47.0,female,Google Ads,2024-03-19,75.72
CUS03859,Riya,Kelly,customer3859@email.co.uk,Birmingham,England,30.0,F,Google Ads,2023-09-29,63.73
CUS03860,Poppy,McCarthy,customer3860@email.co.uk,Leeds,England,31.0,M,Google Ads,2023-01-19,53.64
CUS03861,Olivia,Shah,customer3861@email.co.uk,Manchester,England,48.0,F,Paid Social,2023-03-08,59.29
CUS03862,Mason,Evans,customer3862@email.co.uk,Birmingham,England,38.0,Female,Google Ads,2023-11-11,69.47
CUS03863,Emma,Brown,customer3863@email.co.uk,London,England,35.0,F,Google Ads,2023-11-02,69.47
CUS03864,Priya,Johnson,customer3864@email.co.uk,Sheffield,England,18.0,M,Google Ads,2023-09-11,63.73
CUS03865,Aisha,Hall,customer3865@email.co.uk,Leeds,England,50.0,M,Paid Social,2024-08-12,99.43
CUS03866,Leo,Clark,customer3866@email.co.uk,Newcastle,England,28.0,F,Google Ads,2022-12-22,49.21
CUS03867,Mia,Evans,customer3867@email.co.uk,London,England,18.0,m,Google Ads,2022-08-03,45.15
CUS03868,Jack,McCarthy,customer3868@email.co.uk,london,England,32.0,Woman,Google Ads,2022-10-09,49.21
CUS03869,Jack,Martin,customer3869@email.co.uk,Sheffield,England,18.0,M,Paid Social,2024-02-11,83.69
CUS03870,Ava,Anderson,customer3870@email.co.uk,Glasgow,Scotland,35.0,F,Google Ads,2022-03-13,38.0
CUS03871,Noah,Clark,customer3871@email.co.uk,Londn,England,42.0,F,Paid Social,2023-03-28,59.29
CUS03872,Isabella,Davies,customer3872@email.co.uk,Leeds,England,41.0,female,Email,2022-10-08,7.77
CUS03873,Isabella,Murphy,customer3873@email.co.uk,Newcastle,England,28.0,F,Direct,2022-03-04,0.0
CUS03874,Olivia,Clark,customer3874@email.co.uk,Birmingham,England,37.0,F,Paid Social,2024-11-29,108.38
CUS03875,James,Hall,customer3875@email.co.uk,Manchester,England,32.0,F,Paid Social,2023-06-02,64.62
CUS03876,Nathan,Thompson,customer3876@email.co.uk,Cardiff,Wales,23.0,male,Email,2024-11-07,15.48
CUS03877,Mason,Robinson,customer3877@email.co.uk,London,England,32.0,Woman,Paid Social,2023-10-11,76.78
CUS03878,Omar,Sharma,customer3878@email.co.uk,London,England,19.0,M,Google Ads,2024-12-14,98.06
CUS03879,Alfie,Thompson,customer3879@email.co.uk,Manchestor,England,32.0,F,Google Ads,2022-08-27,45.15
CUS03880,James,Wilson,customer3880@email.co.uk,Leeds,England,55.0,,Paid Social,2023-06-11,64.62
CUS03881,Liam,Evans,customer3881@email.co.uk,London,England,21.0,Male,Google Ads,2022-12-21,49.21
CUS03882,Ryan,Murphy,customer3882@email.co.uk,Manchester,England,48.0,m,Paid Social,2024-06-30,91.22
CUS03883,Sara,Jones,customer3883@email.co.uk,Leeds,England,31.0,Man,Paid Social,2022-12-16,54.39
CUS03884,Poppy,Anderson,customer3884@email.co.uk,LONDON,England,25.0,F,Paid Social,2023-12-08,76.78
CUS03885,Ethan,Williams,customer3885@email.co.uk,London,England,46.0,Woman,Google Ads,2022-10-31,49.21
CUS03886,Muhammad,Ali,customer3886@email.co.uk,London,England,55.0,M,Paid Social,2022-05-11,45.78
CUS03887,Logan,Byrne,customer3887@email.co.uk,London,England,18.0,M,Google Ads,2024-11-01,98.06
CUS03888,Aiden,Thompson,customer3888@email.co.uk,,,39.0,M,Google Ads,2024-07-21,89.96
CUS03889,Sophie,Sharma,customer3889@email.co.uk,London,England,23.0,M,Google Ads,2024-08-10,89.96
CUS03890,George,Burke,customer3890@email.co.uk,London,England,21.0,F,Google Ads,2024-12-30,98.06
CUS03891,Chloe,Kumar,customer3891@email.co.uk,London,England,47.0,Woman,Google Ads,2024-10-01,98.06
CUS03892,Rohan,Singh,customer3892@email.co.uk,Londn,England,31.0,F,Paid Social,2022-05-16,45.78
CUS03893,Natalie,Ryan,customer3893@email.co.uk,Newcastle,England,19.0,Female,Google Ads,2023-02-12,53.64
CUS03894,Yusuf,O'Brien,customer3894@email.co.uk,Sheffield,England,42.0,m,Paid Social,2023-07-29,70.44
CUS03895,Jessica,White,customer3895@email.co.uk,Manchester,England,18.0,Woman,Paid Social,2024-12-02,108.38
CUS03896,Logan,Sharma,customer3896@email.co.uk,BIRMINGHAM,England,28.0,M,Google Ads,2022-02-19,38.0
CUS03897,Emily,Taylor,customer3897@email.co.uk,London,England,38.0,Other,Paid Social,2024-06-20,91.22
CUS03898,Mia,Anderson,customer3898@email.co.uk,London,England,30.0,M,Direct,2022-05-09,0.0
CUS03899,Nathan,McCarthy,customer3899@email.co.uk,Birmingham,England,26.0,M,Paid Social,2022-10-11,54.39
CUS03900,Ava,Connor,customer3900@email.co.uk,Leedes,England,34.0,F,Paid Social,2022-12-18,54.39
CUS03901,Chloe,Wilson,customer3901@email.co.uk,Newcastle,England,18.0,F,Google Ads,2023-09-03,63.73
CUS03902,Noah,Ahmed,customer3902@email.co.uk,Edinburgh,Scotland,51.0,F,Paid Social,2024-11-08,108.38
CUS03903,Dylan,Smith,customer3903@email.co.uk,London,England,37.0,M,Paid Social,2024-10-07,108.38
CUS03904,James,Clark,customer3904@email.co.uk,Cardiff,Wales,18.0,F,Paid Social,2023-04-03,64.62
CUS03905,Riya,Murphy,customer3905@email.co.uk,London,England,43.0,F,Paid Social,2024-12-23,108.38
CUS03906,Riya,Johnson,customer3906@email.co.uk,Liverpool,England,27.0,M,Google Ads,2022-05-02,41.42
CUS03907,Isla,O'Brien,customer3907@email.co.uk,London,England,25.0,M,Google Ads,2022-04-29,41.42
CUS03908,Freddie,Hall,customer3908@email.co.uk,bristol,England,32.0,F,Google Ads,2023-10-11,69.47
CUS03909,Dylan,Anderson,customer3909@email.co.uk,Birmingham,England,18.0,M,Paid Social,2023-05-04,64.62
CUS03910,Leo,Hussain,customer3910@email.co.uk,Glasgow,Scotland,34.0,M,Paid Social,2024-10-16,108.38
CUS03911,Arjun,Smith,customer3911@email.co.uk,Manchester,England,30.0,F,Paid Social,2022-03-01,42.0
CUS03912,Arjun,Walker,customer3912@email.co.uk,Birmingham,England,35.0,F,Email,2024-10-27,15.48
CUS03913,Oliver,Ali,customer3913@email.co.uk,Liverpool,England,27.0,F,Paid Social,2023-02-12,59.29
CUS03914,Ryan,Khan,customer3914@email.co.uk,Manchester,England,51.0,M,Email,2024-08-07,14.2
CUS03915,Hannah,Kelly,customer3915@email.co.uk,Bristol,England,23.0,,Paid Social,2022-02-09,42.0
CUS03916,Poppy,Patel,customer3916@email.co.uk,London,England,51.0,Male,Paid Social,2024-11-14,108.38
CUS03917,George,Thomas,customer3917@email.co.uk,Manchester,England,43.0,F,Paid Social,2024-09-10,99.43
CUS03918,Jack,Davies,customer3918@email.co.uk,NEWCASTLE,England,20.0,MALE,Google Ads,2023-12-24,69.47
CUS03919,Lily,Williams,customer3919@email.co.uk,Birmingham,England,40.0,M,Paid Social,2024-09-15,99.43
CUS03920,Lily,Hall,customer3920@email.co.uk,Cardiff,Wales,32.0,F,Organic,2024-08-18,18.94
CUS03921,Zoe,Johnson,customer3921@email.co.uk,Manchester,England,18.0,F,Paid Social,2024-10-04,108.38
CUS03922,Alfie,Davies,customer3922@email.co.uk,Bristol,England,30.0,M,Paid Social,2024-04-26,91.22
CUS03923,Omar,Brown,customer3923@email.co.uk,Sheffield,England,34.0,M,Paid Social,2024-12-14,108.38
CUS03924,Sophie,Jones,customer3924@email.co.uk,,,23.0,Woman,Paid Social,2023-12-20,76.78
CUS03925,Sara,Ahmed,customer3925@email.co.uk,Birmingham,England,38.0,M,Google Ads,2024-05-10,82.53
CUS03926,Fatima,White,customer3926@email.co.uk,Bristol,England,30.0,m,Organic,2023-10-05,14.62
CUS03927,Megan,Hussain,customer3927@email.co.uk,Leeds,England,18.0,,Paid Social,2024-12-24,108.38
CUS03928,Riya,Walsh,customer3928@email.co.uk,Liverpool,England,18.0,F,Paid Social,2022-02-22,42.0
CUS03929,Hassan,Sharma,customer3929@email.co.uk,Birmingham,England,19.0,m,Paid Social,2024-06-19,91.22
CUS03930,Alfie,Wilson,customer3930@email.co.uk,Londen,England,63.0,,Paid Social,2022-12-15,54.39
CUS03931,Hannah,Malik,customer3931@email.co.uk,Edinburgh,Scotland,37.0,M,Paid Social,2024-04-15,91.22
CUS03932,Sophie,Murphy,customer3932@email.co.uk,SHEFFIELD,England,33.0,Woman,Organic,2022-10-16,10.36
CUS03933,Ryan,Ali,customer3933@email.co.uk,Manchestor,England,23.0,,Paid Social,2023-05-07,64.62
CUS03934,Charlie,Singh,customer3934@email.co.uk,Birmingham,England,27.0,M,Paid Social,2024-04-29,91.22
CUS03935,Poppy,Ali,customer3935@email.co.uk,Bristol,England,31.0,male,Paid Social,2023-07-24,70.44
CUS03936,Isla,Khan,customer3936@email.co.uk,Liverpool,England,31.0,M,Paid Social,2024-04-06,91.22
CUS03937,Emma,Ali,customer3937@email.co.uk,Leeds,England,59.0,M,Paid Social,2024-03-16,83.69
CUS03938,Aiden,Ryan,customer3938@email.co.uk,London,England,48.0,M,Referral,2022-07-21,16.63
CUS03939,Yusuf,Connor,customer3939@email.co.uk,Birmingham,England,32.0,F,Paid Social,2024-05-07,91.22
CUS03940,Jessica,Wilson,customer3940@email.co.uk,,,22.0,F,Paid Social,2023-02-05,59.29
CUS03941,Natalie,Williams,customer3941@email.co.uk,Manchester,England,37.0,M,Paid Social,2023-08-11,70.44
CUS03942,Priya,Kumar,customer3942@email.co.uk,,,22.0,F,Paid Social,2023-11-07,76.78
CUS03943,Isabella,Martin,customer3943@email.co.uk,Leeds,England,18.0,F,Paid Social,2023-06-21,64.62
CUS03944,Leo,Kumar,customer3944@email.co.uk,London,England,39.0,F,Email,2023-01-08,8.47
CUS03945,Lucas,Burke,customer3945@email.co.uk,Sheffield,England,43.0,f,Google Ads,2022-09-28,45.15
CUS03946,Jessica,Ahmed,customer3946@email.co.uk,Leeds,England,31.0,F,Paid Social,2024-02-20,83.69
CUS03947,Leo,Kelly,customer3947@email.co.uk,Cardiff,Wales,32.0,Woman,Paid Social,2024-07-06,99.43
CUS03948,Hannah,Johnson,customer3948@email.co.uk,London,England,18.0,M,Paid Social,2022-11-02,54.39
CUS03949,Dylan,Roberts,customer3949@email.co.uk,Birmingham,England,28.0,M,Email,2024-01-17,11.96
CUS03950,Jessica,Robinson,customer3950@email.co.uk,Birmingham,England,18.0,M,Paid Social,2022-08-15,49.9
CUS03951,Alfie,Connor,customer3951@email.co.uk,Edinburgh,Scotland,43.0,Male,Direct,2024-03-13,0.0
CUS03952,Oliver,Sharma,customer3952@email.co.uk,Glasgow,Scotland,19.0,F,Google Ads,2023-03-09,53.64
CUS03953,Noah,Williams,customer3953@email.co.uk,Manchester,England,54.0,M,Paid Social,2023-05-27,64.62
CUS03954,Megan,Kumar,customer3954@email.co.uk,London,England,42.0,FEMALE,Paid Social,2024-04-13,91.22
CUS03955,Arjun,Hall,customer3955@email.co.uk,London,England,30.0,M,Organic,2023-09-24,13.42
CUS03956,Natalie,Kumar,customer3956@email.co.uk,London,England,26.0,F,Paid Social,2023-09-08,70.44
CUS03957,Fatima,Brown,customer3957@email.co.uk,London,England,18.0,M,Google Ads,2023-03-16,53.64
CUS03958,Charlie,Evans,customer3958@email.co.uk,London,England,33.0,F,Google Ads,2024-08-29,89.96
CUS03959,Aiden,Hall,customer3959@email.co.uk,London,England,35.0,,Paid Social,2023-03-17,59.29
CUS03960,Chloe,Jones,customer3960@email.co.uk,Manchester,England,38.0,F,Google Ads,2024-03-18,75.72
CUS03961,Lucas,Ahmed,customer3961@email.co.uk,,,35.0,M,Google Ads,2022-04-29,41.42
CUS03962,Freddie,O'Brien,customer3962@email.co.uk,Bristol,England,38.0,M,Google Ads,2024-11-12,98.06
CUS03963,Noah,Jones,customer3963@email.co.uk,Glasgow,Scotland,32.0,M,,2024-12-12,108.38
CUS03964,Oliver,Roberts,customer3964@email.co.uk,Cardiff,Wales,20.0,M,Google Ads,2022-10-24,49.21
CUS03965,Chloe,Thompson,customer3965@email.co.uk,Birmingham,England,31.0,M,Paid Social,2023-08-30,70.44
CUS03966,Riya,Davies,customer3966@email.co.uk,Manchester,England,35.0,f,Direct,2022-07-12,0.0
CUS03967,Noah,Connor,customer3967@email.co.uk,London,England,38.0,F,Organic,2023-07-29,13.42
CUS03968,Isla,Kelly,customer3968@email.co.uk,London,England,31.0,Other,Paid Social,2024-10-15,108.38
CUS03969,Hannah,Brown,customer3969@email.co.uk,Liverpool,England,30.0,M,Google Ads,2024-01-01,75.72
CUS03970,Freddie,Walker,customer3970@email.co.uk,Liverpool,England,18.0,F,Direct,2022-08-24,0.0
CUS03971,Logan,Kumar,customer3971@email.co.uk,London,England,39.0,MALE,Paid Social,2024-12-14,108.38
CUS03972,Isabella,Flynn,customer3972@email.co.uk,liverpool,England,35.0,M,Paid Social,2023-12-06,76.78
CUS03973,Ava,Khan,customer3973@email.co.uk,Leeds,England,25.0,M,Email,2022-05-23,6.54
CUS03974,Jack,McCarthy,customer3974@email.co.uk,Glasgow,Scotland,27.0,M,Paid Social,2023-06-04,64.62
CUS03975,Hassan,Evans,customer3975@email.co.uk,Glasgow,Scotland,28.0,F,Direct,2022-09-05,0.0
CUS03976,Zoe,Sharma,customer3976@email.co.uk,Manchester,England,66.0,Man,Google Ads,2024-10-27,98.06
CUS03977,Sophie,Kelly,customer3977@email.co.uk,London,England,37.0,F,Paid Social,2023-07-05,70.44
CUS03978,Jack,Wilson,customer3978@email.co.uk,Birmingham,England,39.0,male,Google Ads,2023-10-29,69.47
CUS03979,Charlie,Singh,customer3979@email.co.uk,Liverpool,England,29.0,M,Paid Social,2024-09-22,99.43
CUS03980,George,McCarthy,customer3980@email.co.uk,Nottingham,England,22.0,M,Paid Social,2023-12-13,76.78
CUS03981,Aisha,Anderson,customer3981@email.co.uk,Manchester,England,20.0,M,Paid Social,2022-04-11,45.78
CUS03982,Natalie,Lewis,customer3982@email.co.uk,London,England,39.0,Woman,Paid Social,2022-05-23,45.78
CUS03983,Rohan,Murphy,customer3983@email.co.uk,London,England,43.0,M,Google Ads,2022-10-12,49.21
CUS03984,Lily,White,customer3984@email.co.uk,Liverpool,England,47.0,M,Organic,2024-04-16,17.38
CUS03985,Ella,Singh,customer3985@email.co.uk,Leeds,England,42.0,F,Paid Social,2024-02-07,83.69
CUS03986,Oliver,Walker,customer3986@email.co.uk,Glasgow,Scotland,35.0,M,Paid Social,2023-05-26,64.62
CUS03987,Nathan,Flynn,customer3987@email.co.uk,Birmingham,England,32.0,F,Google Ads,2023-03-30,53.64
CUS03988,Muhammad,Hall,customer3988@email.co.uk,London ,England,40.0,male,Google Ads,2022-06-01,41.42
CUS03989,Mia,Lewis,customer3989@email.co.uk,London,England,33.0,Man,Paid Social,2022-05-16,45.78
CUS03990,Riya,Walsh,customer3990@email.co.uk,London,England,23.0,M,Google Ads,2024-03-03,75.72
CUS03991,Noah,Evans,customer3991@email.co.uk,Sheffield,England,52.0,F,Organic,2024-08-12,18.94
CUS03992,Hannah,Murphy,customer3992@email.co.uk,Manchester,England,32.0,m,Google Ads,2023-11-01,69.47
CUS03993,Liam,Thompson,customer3993@email.co.uk,London,England,38.0,M,Paid Social,2024-05-01,91.22
CUS03994,Mason,Wilson,customer3994@email.co.uk,London,England,23.0,M,Paid Social,2023-09-06,70.44
CUS03995,Muhammad,Walsh,customer3995@email.co.uk,London,England,33.0,M,Paid Social,2022-04-21,45.78
CUS03996,Chloe,Walker,customer3996@email.co.uk,Manchester,England,27.0,F,Email,2022-01-06,6.0
CUS03997,Omar,Hall,customer3997@email.co.uk,Manchester,England,53.0,M,Google Ads,2024-08-18,89.96
CUS03998,Mason,Robinson,customer3998@email.co.uk,,,37.0,M,Google Ads,2024-10-14,98.06
CUS03999,Logan,Walsh,customer3999@email.co.uk,Newcastle,England,30.0,Woman,Google Ads,2024-12-22,98.06
CUS04000,Jessica,Kelly,customer4000@email.co.uk,Manchester,England,44.0,M,Email,2023-03-22,8.47
CUS04001,Lauren,Robinson,customer4001@email.co.uk,London,England,43.0,M,Paid Social,2024-06-15,91.22
CUS04002,Dylan,Malik,customer4002@email.co.uk,Glasgow,Scotland,30.0,f,Paid Social,2024-06-21,91.22
CUS04003,Isabella,Burke,customer4003@email.co.uk,Cardiff,Wales,36.0,,Referral,2024-04-07,30.41
CUS04004,Emily,Thomas,customer4004@email.co.uk,Birmingham,England,33.0,M,Paid Social,2024-09-05,99.43
CUS04005,Mia,Thomas,customer4005@email.co.uk,Manchester,England,43.0,M,Paid Social,2024-12-06,108.38
CUS04006,Mia,Smith,customer4006@email.co.uk,London,England,20.0,M,Google Ads,2022-11-11,49.21
CUS04007,Noah,Clark,customer4007@email.co.uk,Manchester,England,36.0,M,Google Ads,2024-06-10,82.53
CUS04008,Fatima,White,customer4008@email.co.uk,Glasgow,Scotland,47.0,M,Google Ads,2023-07-29,63.73
CUS04009,Mason,Clark,customer4009@email.co.uk,Bristol,England,18.0,FEMALE,Google Ads,2024-09-10,89.96
CUS04010,Aisha,Burke,customer4010@email.co.uk,Leeds,England,40.0,f,Paid Social,2024-11-13,108.38
CUS04011,Isla,Hussain,customer4011@email.co.uk,London,England,36.0,Man,Google Ads,2024-11-28,98.06
CUS04012,Nathan,White,customer4012@email.co.uk,MANCHESTER,England,36.0,M,Google Ads,2024-07-07,89.96
CUS04013,Fatima,Evans,customer4013@email.co.uk,Sheffield,England,33.0,Man,Google Ads,2024-11-16,98.06
CUS04014,Sophie,Evans,customer4014@email.co.uk,London,England,35.0,F,Email,2022-07-27,7.13
CUS04015,Olivia,O'Brien,customer4015@email.co.uk,edinburgh,Scotland,32.0,F,Google Ads,2022-06-22,41.42
CUS04016,Priya,Ryan,customer4016@email.co.uk,London,England,18.0,M,Paid Social,2023-08-02,70.44
CUS04017,Rohan,Sharma,customer4017@email.co.uk,Liverpool,England,18.0,M,Paid Social,2024-06-02,91.22
CUS04018,Harry,Martin,customer4018@email.co.uk,Leeds,England,25.0,f,Direct,2024-08-23,0.0
CUS04019,Aiden,Hussain,customer4019@email.co.uk,,,32.0,Female,Google Ads,2024-09-19,89.96
CUS04020,Rohan,Singh,customer4020@email.co.uk,London,England,20.0,F,Paid Social,2022-08-16,49.9
CUS04021,Isla,Ahmed,customer4021@email.co.uk,Birmingham,England,44.0,Male,Paid Social,2024-04-26,91.22
CUS04022,Arjun,Connor,customer4022@email.co.uk,Liverpool,England,23.0,M,Google Ads,2023-12-04,69.47
CUS04023,Hassan,Walker,customer4023@email.co.uk,Nottingham,England,18.0,F,Google Ads,2022-10-04,49.21
CUS04024,Aiden,McCarthy,customer4024@email.co.uk,Birmingham,England,34.0,M,Google Ads,2023-10-04,69.47
CUS04025,Aiden,Walsh,customer4025@email.co.uk,Liverpool,England,45.0,F,Paid Social,2024-07-24,99.43
CUS04026,Aiden,Martin,customer4026@email.co.uk,Glasgow,Scotland,44.0,Man,Paid Social,2022-10-02,54.39
CUS04027,Lucas,Roberts,customer4027@email.co.uk,Leeds,England,18.0,M,Paid Social,2024-11-04,108.38
CUS04028,Chloe,Patel,customer4028@email.co.uk,Liverpool,England,40.0,MALE,Email,2022-10-01,7.77
CUS04029,Mia,Malik,customer4029@email.co.uk,Nottingham,England,45.0,F,,2022-06-03,45.78
CUS04030,Harry,Davies,customer4030@email.co.uk,London,England,24.0,M,Paid Social,2023-06-02,64.62
CUS04031,Ava,Brown,customer4031@email.co.uk,Manchester,England,25.0,M,Paid Social,2024-07-27,99.43
CUS04032,Fatima,Connor,customer4032@email.co.uk,London,England,18.0,F,Organic,2024-07-24,18.94
CUS04033,Olivia,Ahmed,customer4033@email.co.uk,Cardiff,Wales,47.0,M,Google Ads,2024-10-12,98.06
CUS04034,Jessica,Malik,customer4034@email.co.uk,London,England,35.0,F,Google Ads,2022-10-20,49.21
CUS04035,Emma,Patel,customer4035@email.co.uk,London,England,20.0,Female,Paid Social,2022-11-24,54.39
CUS04036,Sophie,Kelly,customer4036@email.co.uk,LONDON,England,32.0,Woman,Google Ads,2022-11-14,49.21
CUS04037,Mason,White,customer4037@email.co.uk,London,England,36.0,M,Google Ads,2022-11-15,49.21
CUS04038,Zoe,White,customer4038@email.co.uk,,,38.0,F,Paid Social,2023-08-08,70.44
CUS04039,Amelia,Davies,customer4039@email.co.uk,Birmingham,England,35.0,FEMALE,Paid Social,2024-12-29,108.38
CUS04040,Leo,McCarthy,customer4040@email.co.uk,London ,England,47.0,M,Paid Social,2024-04-19,91.22
CUS04041,Hannah,Anderson,customer4041@email.co.uk,Newcastle,England,36.0,M,Google Ads,2023-05-04,58.47
CUS04042,Emma,Patel,customer4042@email.co.uk,Birmingham,England,24.0,m,Paid Social,2024-12-08,108.38
CUS04043,Charlie,Ryan,customer4043@email.co.uk,Glasgow,Scotland,36.0,M,Referral,2023-12-10,25.59
CUS04044,Leo,Roberts,customer4044@email.co.uk,,,30.0,F,Paid Social,2022-03-25,42.0
CUS04045,Fatima,Connor,customer4045@email.co.uk,London,England,31.0,FEMALE,Paid Social,2022-05-21,45.78
CUS04046,Poppy,Patel,customer4046@email.co.uk,Glasgow,Scotland,40.0,F,Google Ads,2023-12-04,69.47
CUS04047,Lily,Hall,customer4047@email.co.uk,Glasgow,Scotland,44.0,M,Google Ads,2022-11-05,49.21
CUS04048,Noah,Lewis,customer4048@email.co.uk,London,England,44.0,F,Google Ads,2023-01-18,53.64
CUS04049,Emily,Hussain,customer4049@email.co.uk,London,England,29.0,Non-binary,Google Ads,2023-06-13,58.47
CUS04050,James,Singh,customer4050@email.co.uk,Cardiff,Wales,45.0,M,Google Ads,2024-01-06,75.72
CUS04051,Poppy,Ali,customer4051@email.co.uk,London,England,52.0,male,Paid Social,2024-11-22,108.38
CUS04052,Nathan,Smith,customer4052@email.co.uk,London,England,18.0,F,Google Ads,2022-06-13,41.42
CUS04053,Ryan,Ali,customer4053@email.co.uk,London,England,25.0,MALE,Referral,2024-11-18,36.13
CUS04054,James,Evans,customer4054@email.co.uk,Manchester,England,39.0,F,,2023-08-17,70.44
CUS04055,Poppy,Hussain,customer4055@email.co.uk,Leeds,England,26.0,M,Direct,2023-03-27,0.0
CUS04056,Isabella,Robinson,customer4056@email.co.uk,Bristol,England,41.0,F,Google Ads,2023-02-22,53.64
CUS04057,Oliver,Flynn,customer4057@email.co.uk,Sheffield,England,42.0,Male,Paid Social,2023-05-25,64.62
CUS04058,Charlie,Malik,customer4058@email.co.uk,Liverpool,England,43.0,FEMALE,Paid Social,2023-08-06,70.44
CUS04059,Fatima,Sharma,customer4059@email.co.uk,London,England,38.0,female,Paid Social,2023-07-10,70.44
CUS04060,Natalie,Walsh,customer4060@email.co.uk,Manchestr,England,44.0,F,Google Ads,2024-09-27,89.96
CUS04061,Noah,Robinson,customer4061@email.co.uk,Liverpool,England,41.0,F,Paid Social,2023-05-03,64.62
CUS04062,Ryan,Walker,customer4062@email.co.uk,Leeds,England,18.0,M,Paid Social,2022-12-13,54.39
CUS04063,Emily,Taylor,customer4063@email.co.uk,Manchestr,England,24.0,Male,Paid Social,2024-11-23,108.38
CUS04064,Mason,McCarthy,customer4064@email.co.uk,Glasgow,Scotland,42.0,M,Paid Social,2024-07-27,99.43
CUS04065,Harry,Wilson,customer4065@email.co.uk,Manchester,England,30.0,F,Paid Social,2022-03-06,42.0
CUS04066,Yusuf,Flynn,customer4066@email.co.uk,Manchester,England,18.0,MALE,Email,2023-12-05,10.97
CUS04067,Oliver,Flynn,customer4067@email.co.uk,London,England,24.0,F,Organic,2024-02-20,15.94
CUS04068,Aisha,Murphy,customer4068@email.co.uk,Leeds,England,18.0,FEMALE,Paid Social,2022-09-09,49.9
CUS04069,Mia,Roberts,customer4069@email.co.uk,Birmingham,England,22.0,M,Google Ads,2023-04-25,58.47
CUS04070,Aiden,Roberts,customer4070@email.co.uk,glasgow,Scotland,39.0,F,Email,2022-10-21,7.77
CUS04071,Zoe,Malik,customer4071@email.co.uk,London,England,26.0,M,Email,2022-06-09,6.54
CUS04072,Jessica,Shah,customer4072@email.co.uk,Birmingham,England,31.0,F,Google Ads,2023-11-07,69.47
CUS04073,Aiden,Johnson,customer4073@email.co.uk,Edinburgh,Scotland,30.0,F,Paid Social,2022-05-22,45.78
CUS04074,Isla,Davies,customer4074@email.co.uk,MANCHESTER,England,46.0,Man,Paid Social,2023-09-20,70.44
CUS04075,Fatima,McCarthy,customer4075@email.co.uk,London,England,41.0,M,Google Ads,2023-10-08,69.47
CUS04076,Sara,Patel,customer4076@email.co.uk,Birmingham,England,44.0,M,Paid Social,2024-01-06,83.69
CUS04077,Lauren,Singh,customer4077@email.co.uk,Manchester,England,40.0,male,Paid Social,2024-10-04,108.38
CUS04078,Isla,Walker,customer4078@email.co.uk,Bristol,England,38.0,M,Email,2022-03-03,6.0
CUS04079,Ella,Khan,customer4079@email.co.uk,,,18.0,M,Paid Social,2022-10-18,54.39
CUS04080,Jack,Walsh,customer4080@email.co.uk,Nottingham,England,24.0,Male,Google Ads,2024-04-09,82.53
CUS04081,Mason,Walsh,customer4081@email.co.uk,Newcastle,England,25.0,male,Paid Social,2023-08-15,70.44
CUS04082,Charlie,Williams,customer4082@email.co.uk,Leds,England,29.0,F,Paid Social,2022-10-20,54.39
CUS04083,Liam,Clark,customer4083@email.co.uk,Manchester,England,39.0,,Google Ads,2022-11-01,49.21
CUS04084,Fatima,Clark,customer4084@email.co.uk,London,England,18.0,M,Paid Social,2022-10-29,54.39
CUS04085,Arjun,Lewis,customer4085@email.co.uk,Birmingham,England,29.0,Man,Paid Social,2024-11-17,108.38
CUS04086,Dylan,Ryan,customer4086@email.co.uk,London,England,31.0,M,Paid Social,2023-06-22,64.62
CUS04087,Ryan,Kumar,customer4087@email.co.uk,London,England,43.0,Female,Paid Social,2023-12-19,76.78
CUS04088,Nathan,Malik,customer4088@email.co.uk,Liverpool,England,47.0,F,Paid Social,2023-12-16,76.78
CUS04089,Yusuf,McCarthy,customer4089@email.co.uk,London,England,33.0,male,Google Ads,2024-07-05,89.96
CUS04090,Muhammad,Wilson,customer4090@email.co.uk,Manchester,England,33.0,FEMALE,Paid Social,2023-10-12,76.78
CUS04091,Aisha,Burke,customer4091@email.co.uk,Birmingham,England,40.0,F,Google Ads,2023-06-28,58.47
CUS04092,Olivia,Wilson,customer4092@email.co.uk,London,England,34.0,F,Referral,2024-05-27,30.41
CUS04093,Ava,Thomas,customer4093@email.co.uk,London,England,38.0,F,Paid Social,2023-04-15,64.62
CUS04094,Emily,Thomas,customer4094@email.co.uk,Birmingham,England,48.0,MALE,Paid Social,2022-06-28,45.78
CUS04095,Emily,Murphy,customer4095@email.co.uk,Edinburgh,Scotland,24.0,F,Paid Social,2024-12-30,108.38
CUS04096,Arjun,Patel,customer4096@email.co.uk,London,England,46.0,M,Paid Social,2024-11-23,108.38
CUS04097,Isla,Patel,customer4097@email.co.uk,Newcastle,England,18.0,male,Direct,2023-09-16,0.0
CUS04098,Omar,Kumar,customer4098@email.co.uk,Bristol,England,60.0,Other,Paid Social,2024-06-05,91.22
CUS04099,Emma,Williams,customer4099@email.co.uk,LONDON,England,41.0,M,Paid Social,2024-09-02,99.43
CUS04100,Riya,White,customer4100@email.co.uk,Sheffield,England,37.0,F,Paid Social,2023-06-22,64.62
CUS04101,Jack,White,customer4101@email.co.uk,Glasgow,Scotland,26.0,Female,Paid Social,2022-10-22,54.39
CUS04102,Ryan,Brown,customer4102@email.co.uk,Bristol,England,40.0,F,Paid Social,2022-09-24,49.9
CUS04103,George,Kumar,customer4103@email.co.uk,Leeds,England,61.0,,Paid Social,2024-10-22,108.38
CUS04104,Oliver,Jones,customer4104@email.co.uk,Cardiff,Wales,29.0,F,Direct,2024-12-26,0.0
CUS04105,Emma,Sharma,customer4105@email.co.uk,Glasgow,Scotland,49.0,Other,Paid Social,2023-09-07,70.44
CUS04106,Chloe,Davies,customer4106@email.co.uk,Leeds,England,42.0,M,Paid Social,2024-12-19,108.38
CUS04107,Logan,Thompson,customer4107@email.co.uk,Birmingham,England,47.0,F,Paid Social,2023-10-04,76.78
CUS04108,Freddie,Taylor,customer4108@email.co.uk,,,45.0,Female,Google Ads,2023-09-12,63.73
CUS04109,Natalie,Sharma,customer4109@email.co.uk,Nottingham,England,18.0,MALE,Paid Social,2023-01-17,59.29
CUS04110,Ava,Patel,customer4110@email.co.uk,Birmigham,England,18.0,M,Paid Social,2023-12-13,76.78
CUS04111,Sophie,Murphy,customer4111@email.co.uk,,,23.0,F,Google Ads,2023-07-03,63.73
CUS04112,Logan,Hussain,customer4112@email.co.uk,LONDON,England,43.0,f,Referral,2024-10-14,36.13
CUS04113,Jack,Walsh,customer4113@email.co.uk,Birmingham,England,29.0,F,Paid Social,2024-12-03,108.38
CUS04114,James,Khan,customer4114@email.co.uk,Birmingham,England,36.0,m,Google Ads,2024-05-26,82.53
CUS04115,Harry,Kelly,customer4115@email.co.uk,London,England,44.0,F,Google Ads,2023-08-26,63.73
CUS04116,Dylan,Martin,customer4116@email.co.uk,London,England,35.0,F,Paid Social,2023-06-05,64.62
CUS04117,Poppy,Patel,customer4117@email.co.uk,Liverpool,England,37.0,M,Paid Social,2024-12-15,108.38
CUS04118,James,Jones,customer4118@email.co.uk,London,England,18.0,F,Direct,2024-04-22,0.0
CUS04119,Charlie,Taylor,customer4119@email.co.uk,Bristol,England,31.0,F,Google Ads,2024-02-20,75.72
CUS04120,Dylan,Murphy,customer4120@email.co.uk,Sheffield,England,37.0,F,,2022-01-02,42.0
CUS04121,Aisha,Murphy,customer4121@email.co.uk,Edinburgh,Scotland,25.0,M,Google Ads,2024-12-23,98.06
CUS04122,Mason,Evans,customer4122@email.co.uk,Leeds,England,37.0,M,Organic,2023-05-01,12.31
CUS04123,Natalie,Ali,customer4123@email.co.uk,Leeds,England,37.0,M,Referral,2023-11-01,25.59
CUS04124,Natalie,Khan,customer4124@email.co.uk,London,England,24.0,F,Google Ads,2022-10-02,49.21
CUS04125,James,Ali,customer4125@email.co.uk,,,37.0,Male,Paid Social,2024-12-11,108.38
CUS04126,Riya,Clark,customer4126@email.co.uk,Londn,England,26.0,Man,Paid Social,2024-10-26,108.38
CUS04127,Logan,Burke,customer4127@email.co.uk,Bristol,England,20.0,F,Google Ads,2023-07-09,63.73
CUS04128,George,Murphy,customer4128@email.co.uk,London,England,31.0,M,Google Ads,2024-08-14,89.96
CUS04129,Zoe,Ryan,customer4129@email.co.uk,Bristol,England,26.0,M,Direct,2024-12-30,0.0
CUS04130,Lucas,Evans,customer4130@email.co.uk,Manchester,England,31.0,M,Paid Social,2024-10-17,108.38
CUS04131,Grace,Evans,customer4131@email.co.uk,London,England,38.0,female,Paid Social,2022-07-05,49.9
CUS04132,Aiden,Evans,customer4132@email.co.uk,Nottingham,England,34.0,female,Email,2022-05-31,6.54
CUS04133,Grace,Singh,customer4133@email.co.uk,Bristol,England,22.0,f,Google Ads,2023-05-10,58.47
CUS04134,Chloe,Kelly,customer4134@email.co.uk,Manchester,England,51.0,F,Google Ads,2023-10-18,69.47
CUS04135,Oliver,Wilson,customer4135@email.co.uk,Leeds,England,19.0,M,Paid Social,2022-12-07,54.39
CUS04136,Omar,Kelly,customer4136@email.co.uk,Manchester,England,56.0,Female,Paid Social,2022-09-22,49.9
CUS04137,Emma,Hall,customer4137@email.co.uk,Leeds,England,26.0,M,Paid Social,2022-12-06,54.39
CUS04138,Harry,Kelly,customer4138@email.co.uk,Nottingham,England,28.0,M,Paid Social,2024-12-07,108.38
CUS04139,Logan,Kelly,customer4139@email.co.uk,Manchester,England,36.0,F,Paid Social,2024-08-26,99.43
CUS04140,Jessica,Smith,customer4140@email.co.uk,London,England,28.0,M,Google Ads,2022-09-18,45.15
CUS04141,Emma,Robinson,customer4141@email.co.uk,Manchester,England,30.0,F,Referral,2023-08-17,23.48
CUS04142,Ethan,McCarthy,customer4142@email.co.uk,BIRMINGHAM,England,44.0,F,Google Ads,2024-09-25,89.96
CUS04143,Nathan,Ali,customer4143@email.co.uk,Glasgow,Scotland,43.0,,Organic,2023-01-26,11.29
CUS04144,Charlie,Walker,customer4144@email.co.uk,London,England,29.0,M,Paid Social,2023-11-13,76.78
CUS04145,Riya,Kelly,customer4145@email.co.uk,Manchester,England,49.0,M,Google Ads,2023-02-22,53.64
CUS04146,Megan,Taylor,customer4146@email.co.uk,London,England,24.0,M,Organic,2024-11-21,20.64
CUS04147,Liam,Hall,customer4147@email.co.uk,London,England,57.0,F,Google Ads,2023-11-06,69.47
CUS04148,Zoe,Robinson,customer4148@email.co.uk,London,England,18.0,Female,Email,2023-03-23,8.47
CUS04149,Ella,Hussain,customer4149@email.co.uk,Glasgow,Scotland,35.0,F,Google Ads,2024-06-19,82.53
CUS04150,Ella,Jones,customer4150@email.co.uk,Edinburgh,Scotland,18.0,f,Paid Social,2022-12-09,54.39
CUS04151,Dylan,Malik,customer4151@email.co.uk,Glasgow,Scotland,23.0,M,Paid Social,2022-12-28,54.39
CUS04152,Mia,Flynn,customer4152@email.co.uk,Leeds,England,,F,Paid Social,2024-11-20,108.38
CUS04153,Leo,Burke,customer4153@email.co.uk,Manchester,England,39.0,F,Paid Social,2024-11-02,108.38
CUS04154,Omar,O'Brien,customer4154@email.co.uk,Nottingham,England,44.0,M,Paid Social,2022-10-14,54.39
CUS04155,Sophie,Byrne,customer4155@email.co.uk,Glasgow,Scotland,27.0,m,Paid Social,2022-06-30,45.78
CUS04156,Harry,Walker,customer4156@email.co.uk,Glasgow,Scotland,29.0,Woman,Email,2024-10-24,15.48
CUS04157,Arjun,Smith,customer4157@email.co.uk,LEEDS,England,32.0,M,Paid Social,2023-08-19,70.44
CUS04158,Leo,Khan,customer4158@email.co.uk,Leeds,England,24.0,M,Paid Social,2024-07-19,99.43
CUS04159,Fatima,Taylor,customer4159@email.co.uk,Bristol,England,18.0,M,,2023-05-15,58.47
CUS04160,Yusuf,Robinson,customer4160@email.co.uk,Glasgow,Scotland,,M,Google Ads,2022-05-03,41.42
CUS04161,Oliver,Johnson,customer4161@email.co.uk,Cardiff,Wales,27.0,F,Paid Social,2022-08-03,49.9
CUS04162,Isabella,Robinson,customer4162@email.co.uk,London,England,23.0,M,Paid Social,2023-09-26,70.44
CUS04163,Omar,Ali,customer4163@email.co.uk,London,England,52.0,Male,Paid Social,2024-06-25,91.22
CUS04164,Poppy,Ryan,customer4164@email.co.uk,Sheffield,England,37.0,M,Referral,2024-11-12,36.13
CUS04165,Lauren,Khan,customer4165@email.co.uk,Birmingham,England,29.0,M,Paid Social,2023-03-27,59.29
CUS04166,Megan,Flynn,customer4166@email.co.uk,Edinburgh,Scotland,20.0,M,Paid Social,2023-08-07,70.44
CUS04167,Leo,Evans,customer4167@email.co.uk,London,England,25.0,m,Paid Social,2024-05-26,91.22
CUS04168,Ava,Kumar,customer4168@email.co.uk,Cardiff,Wales,32.0,m,Paid Social,2024-05-04,91.22
CUS04169,Hannah,Ali,customer4169@email.co.uk,London,England,49.0,M,Email,2024-07-29,14.2
CUS04170,Ethan,Roberts,customer4170@email.co.uk,London,England,37.0,Other,Direct,2024-06-29,0.0
CUS04171,Ryan,White,customer4171@email.co.uk,London,England,45.0,F,Paid Social,2023-11-17,76.78
CUS04172,Mia,Walker,customer4172@email.co.uk,London,England,31.0,f,Paid Social,2024-07-07,99.43
CUS04173,Mason,Jones,customer4173@email.co.uk,,,33.0,M,Paid Social,2023-09-06,70.44
CUS04174,Hannah,Lewis,customer4174@email.co.uk,Birmingham,England,37.0,F,Google Ads,2024-07-28,89.96
CUS04175,Grace,Taylor,customer4175@email.co.uk,Leeds,England,34.0,m,Google Ads,2023-09-20,63.73
CUS04176,Alfie,Johnson,customer4176@email.co.uk,LEEDS,England,18.0,F,Paid Social,2022-07-16,49.9
CUS04177,James,Hussain,customer4177@email.co.uk,Liverpool,England,32.0,M,Google Ads,2024-08-25,89.96
CUS04178,Mia,Brown,customer4178@email.co.uk,Birmingham,England,24.0,M,Paid Social,2022-09-22,49.9
CUS04179,Muhammad,Patel,customer4179@email.co.uk,Glasgow,Scotland,30.0,FEMALE,Google Ads,2023-11-27,69.47
CUS04180,George,Roberts,customer4180@email.co.uk,Manchester,England,24.0,F,Email,2024-06-15,13.03
CUS04181,Lucas,Thomas,customer4181@email.co.uk,London,England,49.0,F,Paid Social,2024-02-25,83.69
CUS04182,Sophie,Byrne,customer4182@email.co.uk,Birmingham,England,28.0,F,Google Ads,2023-12-08,69.47
CUS04183,Aisha,Williams,customer4183@email.co.uk,Liverpool,England,28.0,Woman,Paid Social,2024-12-18,108.38
CUS04184,Natalie,Wilson,customer4184@email.co.uk,Sheffield,England,36.0,F,Organic,2023-01-08,11.29
CUS04185,Nathan,Walsh,customer4185@email.co.uk,Edinburgh,Scotland,42.0,m,Google Ads,2023-10-30,69.47
CUS04186,Yusuf,Roberts,customer4186@email.co.uk,London,England,33.0,Female,Google Ads,2024-06-24,82.53
CUS04187,Grace,Wilson,customer4187@email.co.uk,Manchester,England,45.0,M,Google Ads,2024-12-20,98.06
CUS04188,Emily,Roberts,customer4188@email.co.uk,Shefield,England,61.0,M,Google Ads,2022-12-10,49.21
CUS04189,Sophie,Thompson,customer4189@email.co.uk,Leeds,England,27.0,M,Paid Social,2022-03-17,42.0
CUS04190,James,Taylor,customer4190@email.co.uk,Birmingham,England,31.0,f,Paid Social,2024-08-24,99.43
CUS04191,Isabella,Evans,customer4191@email.co.uk,LONDON,England,26.0,M,Direct,2024-03-15,0.0
CUS04192,Sara,White,customer4192@email.co.uk,Sheffield,England,54.0,F,Paid Social,2023-09-05,70.44
CUS04193,Sara,Kumar,customer4193@email.co.uk,Leeds,England,18.0,F,Paid Social,2024-11-13,108.38
CUS04194,Riya,Ryan,customer4194@email.co.uk,MANCHESTER,England,31.0,M,Organic,2024-12-19,20.64
CUS04195,Muhammad,Thomas,customer4195@email.co.uk,Nottingham,England,32.0,F,Google Ads,2023-06-13,58.47
CUS04196,Olivia,Khan,customer4196@email.co.uk,Birmingham,England,24.0,M,Google Ads,2023-08-09,63.73
CUS04197,Fatima,Hussain,customer4197@email.co.uk,Manchester,England,26.0,F,Email,2023-12-08,10.97
CUS04198,Rohan,Roberts,customer4198@email.co.uk,Cardiff,Wales,38.0,M,Paid Social,2023-06-28,64.62
CUS04199,Rohan,McCarthy,customer4199@email.co.uk,Newcastle,England,28.0,,Google Ads,2023-09-03,63.73
CUS04200,Ryan,Lewis,customer4200@email.co.uk,Bristol,England,18.0,Man,Paid Social,2022-12-09,54.39
CUS04201,Isabella,Kelly,customer4201@email.co.uk,London,England,38.0,M,Paid Social,2024-09-17,99.43
CUS04202,Zoe,White,customer4202@email.co.uk,Manchester,England,30.0,male,Paid Social,2023-09-04,70.44
CUS04203,Freddie,Burke,customer4203@email.co.uk,Cardiff,Wales,28.0,F,Paid Social,2024-11-09,108.38
CUS04204,Mason,Roberts,customer4204@email.co.uk,London,England,27.0,M,Paid Social,2024-09-05,99.43
CUS04205,Ava,Jones,customer4205@email.co.uk,Edinburgh,Scotland,42.0,M,Google Ads,2023-10-26,69.47
CUS04206,Rohan,Wilson,customer4206@email.co.uk,,,41.0,FEMALE,Paid Social,2022-11-10,54.39
CUS04207,Isla,Hall,customer4207@email.co.uk,london,England,18.0,F,Paid Social,2022-02-05,42.0
CUS04208,Sara,Smith,customer4208@email.co.uk,Manchester,England,37.0,male,Paid Social,2023-02-07,59.29
CUS04209,Sophie,Khan,customer4209@email.co.uk,Birmingham,England,24.0,M,Referral,2024-08-27,33.14
CUS04210,Charlie,Walker,customer4210@email.co.uk,london,England,18.0,M,Google Ads,2023-12-04,69.47
CUS04211,Sara,Malik,customer4211@email.co.uk,Leeds,England,21.0,F,Google Ads,2024-07-19,89.96
CUS04212,Zoe,Johnson,customer4212@email.co.uk,Manchester,England,27.0,M,Google Ads,2022-06-30,41.42
CUS04213,Ryan,Evans,customer4213@email.co.uk,London,England,42.0,F,Organic,2024-07-05,18.94
CUS04214,Noah,Shah,customer4214@email.co.uk,London,England,25.0,F,Google Ads,2024-12-24,98.06
CUS04215,Aiden,White,customer4215@email.co.uk,London,England,20.0,F,Google Ads,2022-03-02,38.0
CUS04216,Amelia,Anderson,customer4216@email.co.uk,Leeds,England,,f,Paid Social,2022-08-18,49.9
CUS04217,George,Smith,customer4217@email.co.uk,Edinburgh,Scotland,25.0,F,Google Ads,2024-10-04,98.06
CUS04218,Noah,Hussain,customer4218@email.co.uk,Londen,England,18.0,Man,Referral,2023-06-23,21.54
CUS04219,Noah,Thomas,customer4219@email.co.uk,Birmingham,England,42.0,M,Google Ads,2023-04-10,58.47
CUS04220,Ava,Malik,customer4220@email.co.uk,nottingham,England,58.0,F,Paid Social,2024-09-30,99.43
CUS04221,Arjun,Taylor,customer4221@email.co.uk,,,29.0,M,Paid Social,2024-10-25,108.38
CUS04222,Logan,Kumar,customer4222@email.co.uk,Glasgow,Scotland,48.0,F,Google Ads,2024-12-27,98.06
CUS04223,Alfie,Jones,customer4223@email.co.uk,Edinburgh,Scotland,18.0,M,Google Ads,2022-12-23,49.21
CUS04224,Aiden,Patel,customer4224@email.co.uk,Newcastle,England,29.0,F,Paid Social,2023-12-21,76.78
CUS04225,Isla,Robinson,customer4225@email.co.uk,Birmingham,England,33.0,MALE,Paid Social,2022-06-29,45.78
CUS04226,Natalie,Singh,customer4226@email.co.uk,London,England,18.0,,Organic,2023-11-02,14.62
CUS04227,Fatima,Shah,customer4227@email.co.uk,London,England,54.0,F,Paid Social,2024-09-20,99.43
CUS04228,Nathan,Byrne,customer4228@email.co.uk,Birmingham,England,56.0,Woman,Paid Social,2023-04-25,64.62
CUS04229,Mason,Thomas,customer4229@email.co.uk,Birmingham,England,19.0,F,Paid Social,2023-11-07,76.78
CUS04230,Lucas,Brown,customer4230@email.co.uk,BRISTOL,England,32.0,F,Paid Social,2024-04-07,91.22
CUS04231,Lily,Sharma,customer4231@email.co.uk,Birmingham,England,43.0,F,Referral,2022-05-18,15.26
CUS04232,Lily,Walker,customer4232@email.co.uk,Cardiff,Wales,23.0,m,Paid Social,2023-02-21,59.29
CUS04233,Hassan,Wilson,customer4233@email.co.uk,Sheffield,England,35.0,F,Paid Social,2023-06-06,64.62
CUS04234,Emily,Singh,customer4234@email.co.uk,Sheffield,England,21.0,Female,Paid Social,2024-11-15,108.38
CUS04235,Muhammad,Kumar,customer4235@email.co.uk,Newcastle,England,30.0,male,Paid Social,2024-05-08,91.22
CUS04236,Lily,Martin,customer4236@email.co.uk,Leds,England,40.0,m,Paid Social,2024-02-14,83.69
CUS04237,Riya,O'Brien,customer4237@email.co.uk,London,England,40.0,F,Paid Social,2022-12-13,54.39
CUS04238,Sophie,Ali,customer4238@email.co.uk,Liverpool,England,36.0,F,Paid Social,2024-10-03,108.38
CUS04239,Megan,Davies,customer4239@email.co.uk,Manchester,England,27.0,FEMALE,Paid Social,2022-11-30,54.39
CUS04240,Alfie,Kumar,customer4240@email.co.uk,Glasgow,Scotland,24.0,FEMALE,Google Ads,2024-07-19,89.96
CUS04241,George,McCarthy,customer4241@email.co.uk,Glasgow,Scotland,42.0,F,Direct,2023-01-25,0.0
CUS04242,Ryan,Singh,customer4242@email.co.uk,LONDON,England,21.0,F,Paid Social,2024-12-01,108.38
CUS04243,Isabella,Murphy,customer4243@email.co.uk,Birmingham,England,34.0,F,Google Ads,2022-04-20,41.42
CUS04244,Isabella,Hussain,customer4244@email.co.uk,Glasgow,Scotland,26.0,F,Paid Social,2022-07-18,49.9
CUS04245,Charlie,Thompson,customer4245@email.co.uk,London,England,38.0,M,Email,2024-11-03,15.48
CUS04246,Chloe,Johnson,customer4246@email.co.uk,CARDIFF,Wales,35.0,M,Paid Social,2022-10-02,54.39
CUS04247,Chloe,Singh,customer4247@email.co.uk,Glasgow,Scotland,30.0,M,Google Ads,2023-12-27,69.47
CUS04248,Isla,Smith,customer4248@email.co.uk,Liverpool,England,31.0,Female,Google Ads,2023-05-27,58.47
CUS04249,Emma,Ali,customer4249@email.co.uk,Manchester,England,47.0,F,Paid Social,2023-12-20,76.78
CUS04250,Liam,Ali,customer4250@email.co.uk,Manchester,England,44.0,M,Google Ads,2024-02-02,75.72
CUS04251,Priya,Wilson,customer4251@email.co.uk,Birmingham,England,40.0,F,Paid Social,2023-10-04,76.78
CUS04252,Mia,Davies,customer4252@email.co.uk,Manchester,England,42.0,F,Google Ads,2023-10-26,69.47
CUS04253,Aiden,Roberts,customer4253@email.co.uk,,,43.0,M,Paid Social,2024-06-19,91.22
CUS04254,Sophie,Sharma,customer4254@email.co.uk,London,England,43.0,,Paid Social,2022-10-24,54.39
CUS04255,Chloe,Thomas,customer4255@email.co.uk,Birmingham,England,32.0,M,,2024-05-13,91.22
CUS04256,Lily,Khan,customer4256@email.co.uk,London,England,36.0,m,Paid Social,2022-03-12,42.0
CUS04257,Ryan,Malik,customer4257@email.co.uk,Glasgow,Scotland,18.0,M,Google Ads,2024-08-05,89.96
CUS04258,Lily,Flynn,customer4258@email.co.uk,Liverpool,England,44.0,F,Direct,2023-07-21,0.0
CUS04259,Emma,Burke,customer4259@email.co.uk,Leeds,England,46.0,F,Email,2024-04-25,13.03
CUS04260,Megan,Thomas,customer4260@email.co.uk,Newcastle,England,35.0,M,Paid Social,2022-09-10,49.9
CUS04261,Olivia,Clark,customer4261@email.co.uk,Manchester,England,37.0,Woman,Google Ads,2024-12-09,98.06
CUS04262,Riya,Walsh,customer4262@email.co.uk,Edinburgh,Scotland,61.0,M,Paid Social,2024-11-18,108.38
CUS04263,Oliver,Sharma,customer4263@email.co.uk,Sheffield,England,18.0,M,Paid Social,2024-10-21,108.38
CUS04264,Fatima,Jones,customer4264@email.co.uk,London,England,19.0,M,Google Ads,2024-09-01,89.96
CUS04265,Jessica,Byrne,customer4265@email.co.uk,Edinburgh,Scotland,,Man,Email,2024-07-01,14.2
CUS04266,Grace,Ahmed,customer4266@email.co.uk,cardiff,Wales,34.0,M,,2022-02-18,14.0
CUS04267,Emily,Singh,customer4267@email.co.uk,Birmingham,England,27.0,M,Paid Social,2023-09-29,70.44
CUS04268,Yusuf,Jones,customer4268@email.co.uk,London,England,18.0,,Organic,2022-11-17,10.36
CUS04269,Nathan,Sharma,customer4269@email.co.uk,Liverpol,England,43.0,F,Paid Social,2022-05-22,45.78
CUS04270,Omar,Martin,customer4270@email.co.uk,,,43.0,Woman,Referral,2024-05-10,30.41
CUS04271,Aisha,Davies,customer4271@email.co.uk,Nottingham,England,43.0,F,Google Ads,2024-12-27,98.06
CUS04272,Noah,Thompson,customer4272@email.co.uk,London,England,18.0,F,Paid Social,2024-12-16,108.38
CUS04273,Sophie,Ali,customer4273@email.co.uk,Manchester,England,40.0,f,Email,2023-07-05,10.06
CUS04274,Isla,Sharma,customer4274@email.co.uk,London,England,27.0,M,Google Ads,2022-12-03,49.21
CUS04275,Mason,McCarthy,customer4275@email.co.uk,Bristol,England,18.0,F,Paid Social,2024-01-16,83.69
CUS04276,Arjun,Malik,customer4276@email.co.uk,Manchester,England,43.0,Man,Paid Social,2022-08-22,49.9
CUS04277,Riya,Singh,customer4277@email.co.uk,Bristol,England,38.0,M,Paid Social,2024-09-02,99.43
CUS04278,Mason,Ali,customer4278@email.co.uk,Sheffield,England,24.0,M,Google Ads,2024-11-04,98.06
CUS04279,Charlie,Thompson,customer4279@email.co.uk,london,England,38.0,F,Paid Social,2024-01-31,83.69
CUS04280,George,Hall,customer4280@email.co.uk,Sheffield,England,29.0,F,Paid Social,2024-10-27,108.38
CUS04281,Hannah,Wilson,customer4281@email.co.uk,Sheffield,England,26.0,F,Paid Social,2022-11-11,54.39
CUS04282,Natalie,Kumar,customer4282@email.co.uk,Manchester,England,30.0,M,Paid Social,2024-10-23,108.38
CUS04283,Yusuf,Sharma,customer4283@email.co.uk,Nottingham,England,46.0,f,Google Ads,2023-04-08,58.47
CUS04284,Arjun,Shah,customer4284@email.co.uk,Leeds,England,39.0,F,Google Ads,2023-11-06,69.47
CUS04285,Ella,Sharma,customer4285@email.co.uk,Liverpool,England,47.0,M,Google Ads,2024-11-18,98.06
CUS04286,Riya,Johnson,customer4286@email.co.uk,London,England,23.0,M,Paid Social,2023-11-02,76.78
CUS04287,Ava,Flynn,customer4287@email.co.uk,Edinburgh,Scotland,35.0,F,Google Ads,2024-08-17,89.96
CUS04288,Chloe,Byrne,customer4288@email.co.uk,Leeds,England,39.0,M,Paid Social,2022-11-21,54.39
CUS04289,Dylan,Patel,customer4289@email.co.uk,Nottingham,England,33.0,M,Google Ads,2022-04-10,41.42
CUS04290,Isabella,Ali,customer4290@email.co.uk,London,England,34.0,F,Google Ads,2024-11-29,98.06
CUS04291,Muhammad,Murphy,customer4291@email.co.uk,London,England,18.0,MALE,Paid Social,2024-11-16,108.38
CUS04292,Omar,Kumar,customer4292@email.co.uk,,,40.0,f,Google Ads,2024-08-01,89.96
CUS04293,Harry,Murphy,customer4293@email.co.uk,Glasgow,Scotland,22.0,M,Google Ads,2023-10-26,69.47
CUS04294,Ella,Walsh,customer4294@email.co.uk,Birmingham,England,35.0,m,Paid Social,2022-12-05,54.39
CUS04295,Emily,Taylor,customer4295@email.co.uk,London,England,18.0,M,Paid Social,2022-03-29,42.0
CUS04296,Amelia,Taylor,customer4296@email.co.uk,London,England,23.0,M,Paid Social,2024-10-06,108.38
CUS04297,Ethan,Hall,customer4297@email.co.uk,Bristol,England,27.0,M,Paid Social,2024-11-04,108.38
CUS04298,Noah,Anderson,customer4298@email.co.uk,Leeds,England,33.0,F,Paid Social,2022-12-15,54.39
CUS04299,Ava,Murphy,customer4299@email.co.uk,Birmingham,England,35.0,M,Google Ads,2024-03-27,75.72
CUS04300,Sara,Hall,customer4300@email.co.uk,Glasgow,Scotland,40.0,F,Paid Social,2023-11-03,76.78
CUS04301,Ryan,Byrne,customer4301@email.co.uk,Manchester,England,40.0,M,Google Ads,2023-10-21,69.47
CUS04302,Logan,Byrne,customer4302@email.co.uk,Sheffield,England,28.0,M,Google Ads,2023-10-12,69.47
CUS04303,George,Williams,customer4303@email.co.uk,London,England,57.0,Male,Paid Social,2023-11-07,76.78
CUS04304,Omar,Brown,customer4304@email.co.uk,London,England,56.0,M,Paid Social,2022-05-09,45.78
CUS04305,Olivia,Anderson,customer4305@email.co.uk,Birmingham,England,30.0,M,Google Ads,2022-11-30,49.21
CUS04306,Aisha,Davies,customer4306@email.co.uk,Newcastle,England,31.0,male,Paid Social,2022-12-10,54.39
CUS04307,Lucas,Roberts,customer4307@email.co.uk,,,30.0,female,Direct,2023-07-15,0.0
CUS04308,Hannah,Hall,customer4308@email.co.uk,Edinbugh,Scotland,42.0,M,Google Ads,2023-06-29,58.47
CUS04309,Mason,Brown,customer4309@email.co.uk,Birmingham,England,40.0,Woman,Google Ads,2024-12-21,98.06
CUS04310,Leo,Connor,customer4310@email.co.uk,London,England,26.0,Woman,Paid Social,2024-11-19,108.38
CUS04311,Muhammad,Singh,customer4311@email.co.uk,Birmingham,England,29.0,M,Paid Social,2024-05-10,91.22
CUS04312,Poppy,Wilson,customer4312@email.co.uk,Bristol,England,38.0,M,Google Ads,2023-06-10,58.47
CUS04313,Harry,Davies,customer4313@email.co.uk,Glasgow,Scotland,40.0,m,Paid Social,2023-12-10,76.78
CUS04314,Grace,Khan,customer4314@email.co.uk,Birmingham,England,18.0,M,Organic,2023-10-09,14.62
CUS04315,Harry,Hussain,customer4315@email.co.uk,Sheffield,England,52.0,M,Paid Social,2023-06-09,64.62
CUS04316,Riya,Lewis,customer4316@email.co.uk,Londn,England,21.0,male,Paid Social,2024-10-04,108.38
CUS04317,Mason,Kumar,customer4317@email.co.uk,Newcastle,England,33.0,F,Paid Social,2024-07-22,99.43
CUS04318,Poppy,Lewis,customer4318@email.co.uk,Sheffield,England,30.0,F,Paid Social,2024-05-27,91.22
CUS04319,Olivia,Malik,customer4319@email.co.uk,Birmingham,England,25.0,M,Paid Social,2023-06-11,64.62
CUS04320,Olivia,Johnson,customer4320@email.co.uk,Manchester,England,33.0,,Paid Social,2023-07-18,70.44
CUS04321,Yusuf,Malik,customer4321@email.co.uk,Liverpool,England,28.0,F,Email,2023-05-29,9.23
CUS04322,Fatima,Shah,customer4322@email.co.uk,Birmingham,England,36.0,FEMALE,Paid Social,2024-05-01,91.22
CUS04323,Yusuf,Thomas,customer4323@email.co.uk,,,29.0,M,Paid Social,2024-06-18,91.22
CUS04324,Lauren,Hussain,customer4324@email.co.uk,Manchester,England,26.0,F,Google Ads,2024-08-25,89.96
CUS04325,Yusuf,Connor,customer4325@email.co.uk,London,England,22.0,M,Google Ads,2023-12-13,69.47
CUS04326,George,Martin,customer4326@email.co.uk,Birmingham,England,22.0,M,Email,2023-03-07,8.47
CUS04327,Sophie,Ahmed,customer4327@email.co.uk,Manchester,England,48.0,FEMALE,Paid Social,2024-08-17,99.43
CUS04328,Rohan,Lewis,customer4328@email.co.uk,Birmingham,England,24.0,FEMALE,Paid Social,2024-02-14,83.69
CUS04329,Zoe,Robinson,customer4329@email.co.uk,Newcastle,England,29.0,F,Referral,2024-12-10,36.13
CUS04330,Riya,Evans,customer4330@email.co.uk,London,England,19.0,F,Paid Social,2023-06-13,64.62
CUS04331,Mia,Patel,customer4331@email.co.uk,Sheffield,England,38.0,M,Google Ads,2022-09-30,45.15
CUS04332,Lucas,Thompson,customer4332@email.co.uk,London,England,44.0,F,Google Ads,2024-09-20,89.96
CUS04333,Megan,Khan,customer4333@email.co.uk,London,England,34.0,M,Paid Social,2022-01-05,42.0
CUS04334,James,Smith,customer4334@email.co.uk,Sheffield,England,23.0,Female,Paid Social,2022-09-24,49.9
CUS04335,Ryan,Singh,customer4335@email.co.uk,Glasgow,Scotland,42.0,M,Paid Social,2024-01-26,83.69
CUS04336,Riya,Ahmed,customer4336@email.co.uk,Birmingham,England,38.0,F,Paid Social,2024-05-03,91.22
CUS04337,Sophie,Murphy,customer4337@email.co.uk,Manchester,England,31.0,M,Google Ads,2022-12-25,49.21
CUS04338,Poppy,McCarthy,customer4338@email.co.uk,Sheffield,England,40.0,m,Paid Social,2022-03-15,42.0
CUS04339,Fatima,Thompson,customer4339@email.co.uk,Cardiff,Wales,35.0,M,Google Ads,2023-12-04,69.47
CUS04340,Sophie,Anderson,customer4340@email.co.uk,Birmingham,England,43.0,MALE,Direct,2024-07-28,0.0
CUS04341,Omar,Shah,customer4341@email.co.uk,Manchester,England,34.0,M,Referral,2024-12-26,36.13
CUS04342,Mia,O'Brien,customer4342@email.co.uk,Newcastle,England,42.0,FEMALE,Google Ads,2023-03-26,53.64
CUS04343,Ella,Shah,customer4343@email.co.uk,London,England,,F,Google Ads,2023-03-20,53.64
CUS04344,Aisha,Ali,customer4344@email.co.uk,London,England,34.0,MALE,Paid Social,2024-05-20,91.22
CUS04345,Noah,Smith,customer4345@email.co.uk,Birmigham,England,27.0,M,Paid Social,2024-08-02,99.43
CUS04346,Ella,Jones,customer4346@email.co.uk,Newcastle,England,24.0,M,Paid Social,2023-02-20,59.29
CUS04347,Natalie,Byrne,customer4347@email.co.uk,London,England,21.0,M,Paid Social,2022-07-16,49.9
CUS04348,Aisha,Ali,customer4348@email.co.uk,Sheffield,England,30.0,M,,2022-12-23,54.39
CUS04349,Riya,Khan,customer4349@email.co.uk,London,England,51.0,Woman,Referral,2022-12-22,18.13
CUS04350,Grace,Anderson,customer4350@email.co.uk,London,England,32.0,M,Paid Social,2023-11-07,76.78
CUS04351,Dylan,Connor,customer4351@email.co.uk,Glasgow,Scotland,30.0,F,Google Ads,2022-11-04,49.21
CUS04352,Lauren,Anderson,customer4352@email.co.uk,Edinburgh,Scotland,25.0,M,Paid Social,2022-05-23,45.78
CUS04353,Grace,Williams,customer4353@email.co.uk,Manchestor,England,24.0,M,,2024-12-11,98.06
CUS04354,Emma,Anderson,customer4354@email.co.uk,Birmingham,England,22.0,F,Paid Social,2024-01-21,83.69
CUS04355,Muhammad,O'Brien,customer4355@email.co.uk,Birmingham,England,31.0,F,Paid Social,2022-02-11,42.0
CUS04356,Sara,Smith,customer4356@email.co.uk,Manchester,England,35.0,F,Paid Social,2024-05-28,91.22
CUS04357,Aisha,Clark,customer4357@email.co.uk,Leeds,England,44.0,M,Paid Social,2022-10-22,54.39
CUS04358,Lily,Thomas,customer4358@email.co.uk,Birmingham,England,25.0,M,Google Ads,2023-07-09,63.73
CUS04359,Riya,Kumar,customer4359@email.co.uk,Leeds,England,49.0,M,Paid Social,2023-11-30,76.78
CUS04360,Omar,Burke,customer4360@email.co.uk,Leeds,England,36.0,F,Paid Social,2024-06-14,91.22
CUS04361,Arjun,Anderson,customer4361@email.co.uk,Edinburgh,Scotland,48.0,F,Paid Social,2024-12-10,108.38
CUS04362,Lily,Byrne,customer4362@email.co.uk,Birmingham,England,29.0,F,Google Ads,2022-12-23,49.21
CUS04363,Grace,Kelly,customer4363@email.co.uk,Leeds,England,35.0,Male,Email,2022-03-27,6.0
CUS04364,Olivia,Martin,customer4364@email.co.uk,London,England,38.0,F,Paid Social,2022-11-09,54.39
CUS04365,Sophie,Hussain,customer4365@email.co.uk,London,England,23.0,F,Paid Social,2023-04-21,64.62
CUS04366,Liam,Jones,customer4366@email.co.uk,Glasgow,Scotland,22.0,Other,Paid Social,2022-11-23,54.39
CUS04367,Charlie,Walker,customer4367@email.co.uk,Glasgoe,Scotland,40.0,FEMALE,Paid Social,2023-08-08,70.44
CUS04368,Ethan,Martin,customer4368@email.co.uk,Leeds,England,44.0,F,Paid Social,2023-08-15,70.44
CUS04369,Ella,Roberts,customer4369@email.co.uk,Cardiff,Wales,58.0,F,Referral,2024-12-01,36.13
CUS04370,Olivia,Sharma,customer4370@email.co.uk,Leeds,England,40.0,F,Paid Social,2024-12-02,108.38
CUS04371,Omar,Walker,customer4371@email.co.uk,Glasgow,Scotland,32.0,M,Google Ads,2023-08-26,63.73
CUS04372,Alfie,Ahmed,customer4372@email.co.uk,birmingham,England,32.0,F,Paid Social,2023-06-02,64.62
CUS04373,Yusuf,Flynn,customer4373@email.co.uk,Birmingham,England,21.0,M,Paid Social,2024-10-28,108.38
CUS04374,Leo,Evans,customer4374@email.co.uk,London,England,40.0,MALE,Google Ads,2024-05-14,82.53
CUS04375,Sophie,Clark,customer4375@email.co.uk,Glasgow,Scotland,23.0,F,Paid Social,2024-10-30,108.38
CUS04376,Yusuf,Walsh,customer4376@email.co.uk,London,England,36.0,F,Paid Social,2023-08-09,70.44
CUS04377,Logan,Lewis,customer4377@email.co.uk,Sheffield,England,32.0,F,Email,2022-02-21,6.0
CUS04378,Priya,Malik,customer4378@email.co.uk,London,England,27.0,MALE,Google Ads,2023-03-09,53.64
CUS04379,Lily,Connor,customer4379@email.co.uk,London,England,42.0,M,Direct,2022-11-10,0.0
CUS04380,Liam,Clark,customer4380@email.co.uk,Liverpool,England,30.0,M,Paid Social,2024-02-12,83.69
CUS04381,Arjun,Smith,customer4381@email.co.uk,London,England,30.0,M,Google Ads,2023-12-29,69.47
CUS04382,Poppy,Patel,customer4382@email.co.uk,Leeds,England,33.0,F,Paid Social,2022-07-16,49.9
CUS04383,Poppy,Khan,customer4383@email.co.uk,Liverpool,England,23.0,m,Referral,2024-08-18,33.14
CUS04384,Sara,Martin,customer4384@email.co.uk,Sheffield,England,29.0,M,Paid Social,2024-04-23,91.22
CUS04385,Dylan,Clark,customer4385@email.co.uk,Sheffield,England,32.0,M,Paid Social,2023-07-30,70.44
CUS04386,Liam,Jones,customer4386@email.co.uk,Newcastle,England,50.0,F,,2023-08-27,70.44
CUS04387,Omar,Hall,customer4387@email.co.uk,Newcastle,England,39.0,m,Paid Social,2023-09-27,70.44
CUS04388,Lily,Smith,customer4388@email.co.uk,London,England,50.0,M,Paid Social,2024-04-26,91.22
CUS04389,Chloe,Lewis,customer4389@email.co.uk,Bristol,England,23.0,M,Paid Social,2023-10-17,76.78
CUS04390,Freddie,Anderson,customer4390@email.co.uk,London,England,23.0,M,Google Ads,2024-11-07,98.06
CUS04391,Mason,Wilson,customer4391@email.co.uk,London,England,37.0,M,Paid Social,2024-02-21,83.69
CUS04392,Riya,Ahmed,customer4392@email.co.uk,LONDON,England,45.0,Man,Organic,2023-05-31,12.31
CUS04393,Liam,Wilson,customer4393@email.co.uk,London,England,29.0,F,Paid Social,2024-07-26,99.43
CUS04394,Chloe,White,customer4394@email.co.uk,London,England,18.0,M,Paid Social,2023-12-22,76.78
CUS04395,Dylan,Clark,customer4395@email.co.uk,Birmingham,England,23.0,F,Paid Social,2022-10-31,54.39
CUS04396,Noah,Flynn,customer4396@email.co.uk,Glasgow,Scotland,44.0,M,Referral,2024-04-05,30.41
CUS04397,Ryan,Murphy,customer4397@email.co.uk,London,England,59.0,M,Paid Social,2024-11-04,108.38
CUS04398,Sophie,Ahmed,customer4398@email.co.uk,London,England,23.0,M,Paid Social,2023-09-21,70.44
CUS04399,Hannah,Ryan,customer4399@email.co.uk,London,England,31.0,M,Paid Social,2023-12-21,76.78
CUS04400,Sara,Williams,customer4400@email.co.uk,London,England,22.0,MALE,Referral,2022-05-23,15.26
CUS04401,Liam,Sharma,customer4401@email.co.uk,Liverpool,England,36.0,MALE,Paid Social,2022-04-24,45.78
CUS04402,Megan,Clark,customer4402@email.co.uk,London,England,48.0,M,Paid Social,2022-12-28,54.39
CUS04403,Mia,White,customer4403@email.co.uk,London,England,39.0,F,Google Ads,2024-12-03,98.06
CUS04404,Emma,Murphy,customer4404@email.co.uk,Manchester,England,48.0,Man,Paid Social,2022-07-08,49.9
CUS04405,Liam,Thomas,customer4405@email.co.uk,Glasgow,Scotland,,Other,Paid Social,2023-04-05,64.62
CUS04406,Ava,Clark,customer4406@email.co.uk,Leedes,England,38.0,Other,Paid Social,2024-03-30,83.69
CUS04407,Lauren,Evans,customer4407@email.co.uk,Sheffield,England,53.0,Male,Google Ads,2024-11-03,98.06
CUS04408,Ava,Robinson,customer4408@email.co.uk,bristol,England,28.0,M,Paid Social,2024-12-08,108.38
CUS04409,Ava,Williams,customer4409@email.co.uk,Glasgow,Scotland,39.0,M,Paid Social,2024-03-09,83.69
CUS04410,Isla,Ryan,customer4410@email.co.uk,Glasgow,Scotland,34.0,M,Google Ads,2022-04-05,41.42
CUS04411,Ava,Thomas,customer4411@email.co.uk,,,18.0,M,Google Ads,2023-08-28,63.73
CUS04412,Zoe,Murphy,customer4412@email.co.uk,Sheffield,England,24.0,F,Paid Social,2024-11-05,108.38
CUS04413,Ethan,Murphy,customer4413@email.co.uk,Manchester,England,28.0,male,Email,2023-03-21,8.47
CUS04414,Mason,Taylor,customer4414@email.co.uk,Glasgow,Scotland,18.0,M,Google Ads,2022-01-15,38.0
CUS04415,Isla,Thompson,customer4415@email.co.uk,Bristol,England,,M,Paid Social,2024-11-19,108.38
CUS04416,Dylan,Ryan,customer4416@email.co.uk,Edinburgh,Scotland,24.0,Female,Paid Social,2024-11-01,108.38
CUS04417,Emma,Martin,customer4417@email.co.uk,Newcastle,England,26.0,Man,Organic,2024-06-10,17.38
CUS04418,Harry,Patel,customer4418@email.co.uk,Bristol,England,18.0,F,Referral,2022-10-04,18.13
CUS04419,Harry,Davies,customer4419@email.co.uk,Birmingham,England,36.0,M,Paid Social,2024-05-31,91.22
CUS04420,Jessica,Shah,customer4420@email.co.uk,London,England,36.0,M,Direct,2022-08-06,0.0
CUS04421,Alfie,Murphy,customer4421@email.co.uk,Newcastle,England,18.0,Other,Paid Social,2022-12-21,54.39
CUS04422,Leo,Walsh,customer4422@email.co.uk,London ,England,22.0,M,Google Ads,2022-02-26,38.0
CUS04423,Hannah,White,customer4423@email.co.uk,Manchester,England,18.0,F,Paid Social,2022-11-22,54.39
CUS04424,Riya,Evans,customer4424@email.co.uk,Liverpool,England,29.0,Other,Paid Social,2024-10-30,108.38
CUS04425,Hannah,Burke,customer4425@email.co.uk,London,England,19.0,F,Google Ads,2024-06-28,82.53
CUS04426,Leo,Ali,customer4426@email.co.uk,Birmingham,England,38.0,F,Google Ads,2024-04-19,82.53
CUS04427,Freddie,Hall,customer4427@email.co.uk,Liverpool,England,35.0,Other,Google Ads,2024-01-14,75.72
CUS04428,Emily,Flynn,customer4428@email.co.uk,Edinburgh,Scotland,19.0,F,Organic,2022-11-24,10.36
CUS04429,Yusuf,Patel,customer4429@email.co.uk,Sheffield,England,23.0,m,Referral,2022-06-11,15.26
CUS04430,Emma,Davies,customer4430@email.co.uk,LONDON,England,29.0,Other,Google Ads,2022-12-25,49.21
CUS04431,Emma,Patel,customer4431@email.co.uk,Manchester,England,35.0,M,Paid Social,2024-10-07,108.38
CUS04432,Aiden,Anderson,customer4432@email.co.uk,Birmingham,England,19.0,Female,Google Ads,2023-11-10,69.47
CUS04433,Sara,Shah,customer4433@email.co.uk,London,England,35.0,MALE,Google Ads,2022-05-17,41.42
CUS04434,Oliver,Murphy,customer4434@email.co.uk,London,England,18.0,F,Paid Social,2023-02-14,59.29
CUS04435,Grace,Martin,customer4435@email.co.uk,London,England,49.0,m,Paid Social,2023-09-10,70.44
CUS04436,Isla,Byrne,customer4436@email.co.uk,Glasgow,Scotland,37.0,F,Paid Social,2022-10-15,54.39
CUS04437,Chloe,Wilson,customer4437@email.co.uk,Liverpool,England,20.0,FEMALE,Referral,2022-07-11,16.63
CUS04438,Aisha,Malik,customer4438@email.co.uk,London,England,45.0,F,Paid Social,2023-10-19,76.78
CUS04439,Sara,Thompson,customer4439@email.co.uk,Birmingham,England,48.0,M,Google Ads,2024-10-21,98.06
CUS04440,Lauren,Evans,customer4440@email.co.uk,Glasgow,Scotland,25.0,M,Paid Social,2022-12-05,54.39
CUS04441,Liam,Roberts,customer4441@email.co.uk,London,England,24.0,,Paid Social,2023-08-23,70.44
CUS04442,Charlie,Martin,customer4442@email.co.uk,Londn,England,21.0,M,Organic,2024-08-14,18.94
CUS04443,Mia,Khan,customer4443@email.co.uk,London,England,22.0,F,Organic,2023-12-12,14.62
CUS04444,Mason,Davies,customer4444@email.co.uk,Bristol,England,40.0,M,Paid Social,2024-02-26,83.69
CUS04445,Logan,Evans,customer4445@email.co.uk,Glasgow,Scotland,33.0,female,Paid Social,2024-05-28,91.22
CUS04446,Yusuf,Byrne,customer4446@email.co.uk,London,England,27.0,,Google Ads,2024-08-30,89.96
CUS04447,Harry,Hall,customer4447@email.co.uk,Leeds,England,40.0,F,Paid Social,2022-04-19,45.78
CUS04448,Riya,Ali,customer4448@email.co.uk,Bristol,England,18.0,m,Paid Social,2023-12-16,76.78
CUS04449,Nathan,O'Brien,customer4449@email.co.uk,Manchester,England,38.0,Male,,2022-06-11,41.42
CUS04450,Jessica,Patel,customer4450@email.co.uk,Birmingham,England,43.0,M,Paid Social,2022-09-25,49.9
CUS04451,Sophie,Byrne,customer4451@email.co.uk,Bristol,England,30.0,M,Paid Social,2022-04-16,45.78
CUS04452,Oliver,Martin,customer4452@email.co.uk,Birmingham,England,49.0,M,Google Ads,2022-10-14,49.21
CUS04453,Grace,White,customer4453@email.co.uk,Leeds,England,39.0,M,Paid Social,2024-10-19,108.38
CUS04454,Noah,Anderson,customer4454@email.co.uk,Liverpool,England,49.0,F,Google Ads,2022-10-07,49.21
CUS04455,Ethan,Flynn,customer4455@email.co.uk,London,England,36.0,Male,Google Ads,2022-02-21,38.0
CUS04456,Dylan,Martin,customer4456@email.co.uk,Liverpool,England,56.0,F,Organic,2022-12-26,10.36
CUS04457,Omar,Brown,customer4457@email.co.uk,Newcastle,England,22.0,F,Paid Social,2024-07-18,99.43
CUS04458,Arjun,Davies,customer4458@email.co.uk,Cardiff,Wales,20.0,F,Paid Social,2023-11-18,76.78
CUS04459,Hannah,Williams,customer4459@email.co.uk,Cardiff,Wales,18.0,F,Paid Social,2023-11-27,76.78
CUS04460,Lauren,Thomas,customer4460@email.co.uk,,,25.0,Female,Referral,2024-04-01,30.41
CUS04461,Oliver,Ryan,customer4461@email.co.uk,Newcastel,England,38.0,Other,Paid Social,2023-03-30,59.29
CUS04462,Grace,Kumar,customer4462@email.co.uk,London,England,25.0,Man,Google Ads,2024-08-06,89.96
CUS04463,Lauren,Clark,customer4463@email.co.uk,Londen,England,28.0,male,,2023-10-23,76.78
CUS04464,Jessica,Jones,customer4464@email.co.uk,Manchester,England,18.0,F,Paid Social,2023-03-24,59.29
CUS04465,Logan,McCarthy,customer4465@email.co.uk,Cardiff,Wales,38.0,F,Google Ads,2023-01-04,53.64
CUS04466,Jessica,Ryan,customer4466@email.co.uk,london,England,49.0,F,Organic,2024-12-22,20.64
CUS04467,Harry,Lewis,customer4467@email.co.uk,London,England,33.0,M,Direct,2024-08-04,0.0
CUS04468,Freddie,Malik,customer4468@email.co.uk,London,England,41.0,F,Paid Social,2023-12-05,76.78
CUS04469,Emily,Anderson,customer4469@email.co.uk,London,England,38.0,M,Google Ads,2023-11-08,69.47
CUS04470,Ava,Roberts,customer4470@email.co.uk,London,England,32.0,M,Referral,2024-01-23,27.9
CUS04471,Oliver,Flynn,customer4471@email.co.uk,London,England,46.0,F,Google Ads,2022-02-27,38.0
CUS04472,Jessica,Thomas,customer4472@email.co.uk,London,England,31.0,Female,Paid Social,2022-06-06,45.78
CUS04473,Grace,Sharma,customer4473@email.co.uk,LONDON,England,40.0,M,Paid Social,2024-03-18,83.69
CUS04474,Mason,Smith,customer4474@email.co.uk,Liverpool,England,36.0,M,Referral,2024-04-15,30.41
CUS04475,Dylan,Sharma,customer4475@email.co.uk,London,England,33.0,F,Paid Social,2024-11-01,108.38
CUS04476,Aisha,Taylor,customer4476@email.co.uk,London,England,54.0,M,Paid Social,2024-02-05,83.69
CUS04477,Chloe,Evans,customer4477@email.co.uk,Glasgow,Scotland,18.0,M,Paid Social,2024-06-24,91.22
CUS04478,Grace,Flynn,customer4478@email.co.uk,London,England,22.0,F,Paid Social,2023-12-12,76.78
CUS04479,Omar,Williams,customer4479@email.co.uk,London,England,45.0,M,Paid Social,2023-07-16,70.44
CUS04480,Aiden,Thomas,customer4480@email.co.uk,London,England,29.0,M,Google Ads,2023-09-16,63.73
CUS04481,Grace,Murphy,customer4481@email.co.uk,Manchester,England,30.0,m,Email,2024-12-05,15.48
CUS04482,Olivia,Roberts,customer4482@email.co.uk,Birmingham,England,27.0,M,Paid Social,2024-11-23,108.38
CUS04483,Sara,Walsh,customer4483@email.co.uk,Liverpool,England,31.0,Other,Paid Social,2024-10-27,108.38
CUS04484,Aiden,Thomas,customer4484@email.co.uk,Cardiff,Wales,39.0,M,Direct,2023-12-17,0.0
CUS04485,Chloe,Sharma,customer4485@email.co.uk,Birmingham,England,27.0,M,Google Ads,2022-11-21,49.21
CUS04486,Jessica,Lewis,customer4486@email.co.uk,London,England,25.0,M,Google Ads,2022-05-29,41.42
CUS04487,Noah,Robinson,customer4487@email.co.uk,Liverpool,England,57.0,,Paid Social,2024-11-11,108.38
CUS04488,Alfie,Malik,customer4488@email.co.uk,Liverpool,England,18.0,F,Google Ads,2022-07-05,45.15
CUS04489,Priya,Ahmed,customer4489@email.co.uk,London,England,22.0,F,Paid Social,2023-05-23,64.62
CUS04490,Ella,Evans,customer4490@email.co.uk,Manchester,England,29.0,M,Google Ads,2024-08-29,89.96
CUS04491,Chloe,Byrne,customer4491@email.co.uk,Sheffield,England,36.0,Female,Paid Social,2022-11-14,54.39
CUS04492,Chloe,White,customer4492@email.co.uk,Edinburgh,Scotland,26.0,F,Paid Social,2024-08-14,99.43
CUS04493,Hannah,Anderson,customer4493@email.co.uk,Sheffield,England,49.0,F,Google Ads,2022-12-11,49.21
CUS04494,Freddie,Jones,customer4494@email.co.uk,Glasgow,Scotland,19.0,F,Paid Social,2024-08-01,99.43
CUS04495,Noah,Patel,customer4495@email.co.uk,Glasgow,Scotland,32.0,m,Google Ads,2024-05-25,82.53
CUS04496,Poppy,Khan,customer4496@email.co.uk,Birmingham,England,23.0,F,Google Ads,2023-02-18,53.64
CUS04497,Poppy,Wilson,customer4497@email.co.uk,GLASGOW,Scotland,39.0,Man,Google Ads,2023-05-01,58.47
CUS04498,Jack,Sharma,customer4498@email.co.uk,London,England,24.0,,Paid Social,2023-06-01,64.62
CUS04499,Olivia,Williams,customer4499@email.co.uk,London,England,43.0,F,Google Ads,2023-12-20,69.47
CUS04500,Noah,O'Brien,customer4500@email.co.uk,Birmingham,England,18.0,f,Google Ads,2024-11-10,98.06
CUS04501,Emma,Anderson,customer4501@email.co.uk,,,28.0,M,Google Ads,2023-11-28,69.47
CUS04502,Yusuf,Sharma,customer4502@email.co.uk,Glasgow,Scotland,25.0,F,Paid Social,2023-08-01,70.44
CUS04503,Sophie,Anderson,customer4503@email.co.uk,London,England,23.0,F,Paid Social,2023-07-04,70.44
CUS04504,Leo,Connor,customer4504@email.co.uk,Leeds,England,19.0,F,Email,2022-10-14,7.77
CUS04505,Rohan,Kelly,customer4505@email.co.uk,NEWCASTLE,England,24.0,male,,2024-04-11,91.22
CUS04506,Nathan,O'Brien,customer4506@email.co.uk,London,England,38.0,M,,2023-10-25,76.78
CUS04507,Amelia,Williams,customer4507@email.co.uk,Bristol,England,41.0,M,Paid Social,2024-11-04,108.38
CUS04508,Ethan,Connor,customer4508@email.co.uk,Leeds,England,24.0,,Google Ads,2023-11-09,69.47
CUS04509,Emily,Patel,customer4509@email.co.uk,Liverpool,England,34.0,F,Google Ads,2024-12-06,98.06
CUS04510,Alfie,Anderson,customer4510@email.co.uk,Birmingham,England,18.0,M,Email,2023-08-29,10.06
CUS04511,Ryan,Evans,customer4511@email.co.uk,London,England,18.0,F,Organic,2023-11-09,14.62
CUS04512,Alfie,Patel,customer4512@email.co.uk,London ,England,53.0,M,Organic,2022-10-23,10.36
CUS04513,Priya,Ryan,customer4513@email.co.uk,Glasgow,Scotland,18.0,f,Paid Social,2024-08-06,99.43
CUS04514,Sara,Ryan,customer4514@email.co.uk,London,England,38.0,M,Paid Social,2022-03-07,42.0
CUS04515,Natalie,Connor,customer4515@email.co.uk,Newcastle,England,52.0,m,Paid Social,2022-10-19,54.39
CUS04516,Leo,Taylor,customer4516@email.co.uk,Glasgow,Scotland,35.0,M,Referral,2023-04-02,21.54
CUS04517,Priya,Lewis,customer4517@email.co.uk,Liverpool,England,45.0,M,Paid Social,2024-09-21,99.43
CUS04518,Natalie,Smith,customer4518@email.co.uk,London,England,44.0,F,Paid Social,2024-01-29,83.69
CUS04519,Grace,McCarthy,customer4519@email.co.uk,Glasgow,Scotland,21.0,Man,Google Ads,2023-03-22,53.64
CUS04520,Yusuf,Sharma,customer4520@email.co.uk,London,England,18.0,Other,Direct,2024-11-14,0.0
CUS04521,Ella,Taylor,customer4521@email.co.uk,Birmingham,England,32.0,male,Paid Social,2024-09-14,99.43
CUS04522,Freddie,Patel,customer4522@email.co.uk,Manchester,England,20.0,M,Paid Social,2022-03-11,42.0
CUS04523,Dylan,Sharma,customer4523@email.co.uk,Nottingham,England,37.0,F,Paid Social,2022-12-15,54.39
CUS04524,George,Singh,customer4524@email.co.uk,Newcastle,England,48.0,M,Paid Social,2024-05-10,91.22
CUS04525,Ava,Connor,customer4525@email.co.uk,London,England,67.0,F,Google Ads,2024-10-17,98.06
CUS04526,Hannah,Ahmed,customer4526@email.co.uk,London,England,40.0,female,Paid Social,2024-06-23,91.22
CUS04527,Hannah,Hussain,customer4527@email.co.uk,London,England,37.0,Woman,Direct,2024-10-27,0.0
CUS04528,Leo,Singh,customer4528@email.co.uk,Londn,England,26.0,f,Referral,2022-08-07,16.63
CUS04529,Isabella,Ahmed,customer4529@email.co.uk,London,England,44.0,F,Paid Social,2022-01-20,42.0
CUS04530,Sophie,Kelly,customer4530@email.co.uk,Glasgow,Scotland,25.0,F,Email,2023-08-30,10.06
CUS04531,Noah,Kumar,customer4531@email.co.uk,Manchester,England,36.0,F,Paid Social,2022-05-06,45.78
CUS04532,Oliver,Khan,customer4532@email.co.uk,London,England,36.0,f,Google Ads,2024-04-03,82.53
CUS04533,Omar,Wilson,customer4533@email.co.uk,London,England,27.0,M,Paid Social,2024-11-14,108.38
CUS04534,Aiden,Murphy,customer4534@email.co.uk,Newcastle,England,48.0,M,Paid Social,2023-08-04,70.44
CUS04535,Ryan,White,customer4535@email.co.uk,Glasgow,Scotland,18.0,m,Organic,2023-12-22,14.62
CUS04536,Natalie,Wilson,customer4536@email.co.uk,Leeds,England,35.0,m,Paid Social,2023-06-30,64.62
CUS04537,Mason,Williams,customer4537@email.co.uk,Leds,England,39.0,M,Paid Social,2022-10-01,54.39
CUS04538,Ava,McCarthy,customer4538@email.co.uk,Cardiff,Wales,62.0,F,Paid Social,2022-07-26,49.9
CUS04539,James,Roberts,customer4539@email.co.uk,Liverpool,England,36.0,M,Paid Social,2024-05-29,91.22
CUS04540,Jack,Walker,customer4540@email.co.uk,Glasgow,Scotland,44.0,F,Paid Social,2024-11-08,108.38
CUS04541,Nathan,Khan,customer4541@email.co.uk,Newcastle,England,24.0,F,Google Ads,2023-06-04,58.47
CUS04542,Jack,Robinson,customer4542@email.co.uk,Leeds,England,34.0,M,Paid Social,2022-08-22,49.9
CUS04543,Arjun,Robinson,customer4543@email.co.uk,Birmingham,England,27.0,MALE,Email,2024-09-12,14.2
CUS04544,Ryan,Clark,customer4544@email.co.uk,London,England,,M,Paid Social,2023-01-04,59.29
CUS04545,Aisha,O'Brien,customer4545@email.co.uk,Edinburgh,Scotland,27.0,M,Direct,2024-07-17,0.0
CUS04546,Ryan,Ali,customer4546@email.co.uk,Manchester,England,47.0,M,Organic,2024-03-23,15.94
CUS04547,Alfie,Thompson,customer4547@email.co.uk,Liverpool,England,44.0,M,Google Ads,2023-03-26,53.64
CUS04548,Olivia,Ahmed,customer4548@email.co.uk,London,England,41.0,F,Email,2023-11-06,10.97
CUS04549,Alfie,Shah,customer4549@email.co.uk,London,England,38.0,F,Paid Social,2023-06-09,64.62
CUS04550,Natalie,Malik,customer4550@email.co.uk,Leeds,England,48.0,F,Google Ads,2022-08-06,45.15
CUS04551,Leo,Taylor,customer4551@email.co.uk,Liverpool,England,37.0,F,Paid Social,2022-11-29,54.39
CUS04552,Dylan,Anderson,customer4552@email.co.uk,Birmigham,England,40.0,M,Paid Social,2023-12-16,76.78
CUS04553,George,Kumar,customer4553@email.co.uk,Londn,England,29.0,MALE,Paid Social,2024-07-28,99.43
CUS04554,Arjun,Flynn,customer4554@email.co.uk,Bristol,England,53.0,Other,Google Ads,2022-06-18,41.42
CUS04555,Emma,Burke,customer4555@email.co.uk,London,England,18.0,F,Paid Social,2022-11-08,54.39
CUS04556,Freddie,Evans,customer4556@email.co.uk,Edinburg,Scotland,29.0,MALE,Organic,2022-01-29,8.0
CUS04557,Aisha,Flynn,customer4557@email.co.uk,Birmingham,England,51.0,F,Paid Social,2024-12-22,108.38
CUS04558,James,Sharma,customer4558@email.co.uk,Birmingham,England,21.0,MALE,Paid Social,2022-07-10,49.9
CUS04559,Logan,Robinson,customer4559@email.co.uk,Glasgoe,Scotland,49.0,M,Google Ads,2023-06-21,58.47
CUS04560,Chloe,Wilson,customer4560@email.co.uk,Birmingham,England,34.0,M,Google Ads,2022-04-23,41.42
CUS04561,Natalie,Thompson,customer4561@email.co.uk,manchester,England,29.0,M,Email,2023-10-30,10.97
CUS04562,Ryan,Patel,customer4562@email.co.uk,nottingham,England,54.0,F,Google Ads,2024-02-28,75.72
CUS04563,Emily,McCarthy,customer4563@email.co.uk,London,England,45.0,F,Paid Social,2023-11-14,76.78
CUS04564,Muhammad,Davies,customer4564@email.co.uk,Nottingham,England,34.0,M,Google Ads,2024-04-20,82.53
CUS04565,Ryan,Burke,customer4565@email.co.uk,Manchester,England,40.0,M,Google Ads,2022-11-22,49.21
CUS04566,Olivia,Ryan,customer4566@email.co.uk,London,England,27.0,Male,Organic,2024-11-14,20.64
CUS04567,Liam,Brown,customer4567@email.co.uk,london,England,60.0,Male,Paid Social,2024-07-17,99.43
CUS04568,Muhammad,Kelly,customer4568@email.co.uk,LIVERPOOL,England,50.0,M,Google Ads,2022-11-01,49.21
CUS04569,Oliver,Wilson,customer4569@email.co.uk,London,England,30.0,F,Paid Social,2023-09-12,70.44
CUS04570,Isabella,Sharma,customer4570@email.co.uk,Manchester,England,27.0,Other,Paid Social,2022-02-17,42.0
CUS04571,Megan,White,customer4571@email.co.uk,Glasgow,Scotland,33.0,female,Paid Social,2024-09-12,99.43
CUS04572,Riya,Walsh,customer4572@email.co.uk,Leeds,England,50.0,Other,Direct,2024-11-04,0.0
CUS04573,Liam,Williams,customer4573@email.co.uk,Birmingham,England,34.0,F,Paid Social,2023-11-14,76.78
CUS04574,Ryan,Wilson,customer4574@email.co.uk,Leeds,England,23.0,Man,Referral,2023-05-27,21.54
CUS04575,Muhammad,Connor,customer4575@email.co.uk,Manchester,England,40.0,F,Paid Social,2024-08-16,99.43
CUS04576,Emily,Johnson,customer4576@email.co.uk,Glasgow,Scotland,29.0,F,Paid Social,2023-05-22,64.62
CUS04577,Sophie,Byrne,customer4577@email.co.uk,London,England,40.0,M,Email,2022-04-08,6.54
CUS04578,Megan,Roberts,customer4578@email.co.uk,Manchester,England,44.0,M,Paid Social,2024-04-06,91.22
CUS04579,Chloe,Lewis,customer4579@email.co.uk,Glasgow,Scotland,24.0,FEMALE,Paid Social,2023-07-21,70.44
CUS04580,Isabella,Flynn,customer4580@email.co.uk,London,England,43.0,M,Google Ads,2024-12-30,98.06
CUS04581,Rohan,Lewis,customer4581@email.co.uk,London,England,47.0,Male,Paid Social,2023-11-08,76.78
CUS04582,Ryan,Roberts,customer4582@email.co.uk,London,England,,Other,Paid Social,2022-07-24,49.9
CUS04583,Lily,Clark,customer4583@email.co.uk,,,38.0,Male,Paid Social,2024-08-01,99.43
CUS04584,Aisha,Kumar,customer4584@email.co.uk,Leeds,England,43.0,Non-binary,Paid Social,2024-12-08,108.38
CUS04585,Emily,Kelly,customer4585@email.co.uk,Cardiff,Wales,18.0,F,Paid Social,2022-07-31,49.9
CUS04586,Amelia,Flynn,customer4586@email.co.uk,Sheffield,England,33.0,M,Paid Social,2023-04-09,64.62
CUS04587,Isla,Kumar,customer4587@email.co.uk,Liverpool,England,27.0,m,Paid Social,2023-10-15,76.78
CUS04588,Freddie,Anderson,customer4588@email.co.uk,Liverpool,England,26.0,F,Referral,2024-05-20,30.41
CUS04589,Omar,Patel,customer4589@email.co.uk,London,England,42.0,M,Google Ads,2024-05-16,82.53
CUS04590,Olivia,Hussain,customer4590@email.co.uk,London,England,45.0,MALE,Google Ads,2024-02-17,75.72
CUS04591,Yusuf,Hall,customer4591@email.co.uk,Manchester,England,31.0,M,Email,2024-10-11,15.48
CUS04592,Aiden,O'Brien,customer4592@email.co.uk,London,England,55.0,M,Referral,2024-06-18,30.41
CUS04593,Aiden,Roberts,customer4593@email.co.uk,Birmingham,England,25.0,M,Paid Social,2022-02-24,42.0
CUS04594,Sara,Ahmed,customer4594@email.co.uk,London,England,35.0,M,Paid Social,2024-12-14,108.38
CUS04595,Jack,Singh,customer4595@email.co.uk,London,England,27.0,M,Paid Social,2024-09-12,99.43
CUS04596,Priya,Clark,customer4596@email.co.uk,London,England,33.0,F,Google Ads,2024-04-16,82.53
CUS04597,Olivia,Ryan,customer4597@email.co.uk,Birmingham,England,53.0,m,Paid Social,2024-08-01,99.43
CUS04598,Liam,Anderson,customer4598@email.co.uk,,,36.0,M,Google Ads,2024-09-09,89.96
CUS04599,Lucas,Lewis,customer4599@email.co.uk,Bristol,England,34.0,M,Paid Social,2022-04-13,45.78
CUS04600,Freddie,Thomas,customer4600@email.co.uk,Liverpool,England,31.0,M,Paid Social,2024-03-03,83.69
CUS04601,Mason,Malik,customer4601@email.co.uk,Manchester,England,39.0,M,Paid Social,2022-08-30,49.9
CUS04602,Chloe,Ryan,customer4602@email.co.uk,London,England,26.0,F,Paid Social,2022-12-29,54.39
CUS04603,Lauren,Anderson,customer4603@email.co.uk,Glasgow,Scotland,25.0,Man,Organic,2024-09-04,18.94
CUS04604,Freddie,White,customer4604@email.co.uk,Nottingham,England,51.0,F,Referral,2023-11-30,25.59
CUS04605,Priya,Patel,customer4605@email.co.uk,London,England,34.0,F,Direct,2023-03-12,0.0
CUS04606,Rohan,Byrne,customer4606@email.co.uk,London,England,35.0,M,Paid Social,2022-11-02,54.39
CUS04607,Isabella,Smith,customer4607@email.co.uk,LONDON,England,25.0,female,Paid Social,2023-10-08,76.78
CUS04608,Rohan,Singh,customer4608@email.co.uk,London,England,37.0,male,Paid Social,2022-07-09,49.9
CUS04609,Olivia,Brown,customer4609@email.co.uk,Leeds,England,30.0,Man,Paid Social,2023-06-26,64.62
CUS04610,Isabella,Davies,customer4610@email.co.uk,Edinburgh,Scotland,31.0,MALE,Google Ads,2024-10-06,98.06
CUS04611,Emily,Evans,customer4611@email.co.uk,Bristol,England,43.0,m,Google Ads,2023-06-10,58.47
CUS04612,Lily,Connor,customer4612@email.co.uk,sheffield,England,32.0,F,Google Ads,2023-11-10,69.47
CUS04613,Grace,Khan,customer4613@email.co.uk,Birmingham,England,52.0,F,Google Ads,2024-12-02,98.06
CUS04614,Lauren,Robinson,customer4614@email.co.uk,London,England,41.0,F,Paid Social,2023-06-01,64.62
CUS04615,Lily,Lewis,customer4615@email.co.uk,Glasgow,Scotland,19.0,F,Google Ads,2023-02-04,53.64
CUS04616,Ethan,Taylor,customer4616@email.co.uk,London,England,,M,Paid Social,2023-08-01,70.44
CUS04617,Aisha,McCarthy,customer4617@email.co.uk,Leeds,England,38.0,F,Paid Social,2023-07-01,70.44
CUS04618,Priya,Wilson,customer4618@email.co.uk,Cardiff,Wales,48.0,M,Paid Social,2024-12-08,108.38
CUS04619,Ella,Williams,customer4619@email.co.uk,Leeds,England,32.0,F,Paid Social,2022-02-03,42.0
CUS04620,Oliver,Johnson,customer4620@email.co.uk,London,England,36.0,M,Paid Social,2022-09-12,49.9
CUS04621,Ella,Clark,customer4621@email.co.uk,Manchestor,England,30.0,female,,2024-07-31,33.14
CUS04622,Hannah,Davies,customer4622@email.co.uk,London,England,34.0,Male,Google Ads,2022-01-07,38.0
CUS04623,Riya,Flynn,customer4623@email.co.uk,liverpool,England,31.0,M,Google Ads,2023-08-25,63.73
CUS04624,Dylan,Martin,customer4624@email.co.uk,London,England,36.0,M,Direct,2024-05-09,0.0
CUS04625,Ava,Murphy,customer4625@email.co.uk,Birmingham,England,44.0,Male,Paid Social,2022-04-25,45.78
CUS04626,Zoe,Patel,customer4626@email.co.uk,London,England,37.0,M,Paid Social,2023-04-05,64.62
CUS04627,Nathan,Williams,customer4627@email.co.uk,Newcastle,England,29.0,F,Email,2023-02-05,8.47
CUS04628,Sophie,Clark,customer4628@email.co.uk,Cardiff,Wales,25.0,F,,2023-11-07,76.78
CUS04629,Sara,Wilson,customer4629@email.co.uk,London,England,27.0,Other,Organic,2024-02-14,15.94
CUS04630,Aiden,Shah,customer4630@email.co.uk,London,England,32.0,m,Paid Social,2024-07-11,99.43
CUS04631,Mia,Hall,customer4631@email.co.uk,Glasgow,Scotland,21.0,F,Paid Social,2022-06-26,45.78
CUS04632,Fatima,Evans,customer4632@email.co.uk,CARDIFF,Wales,44.0,M,Referral,2022-12-16,18.13
CUS04633,Hassan,Martin,customer4633@email.co.uk,London ,England,24.0,M,Paid Social,2024-07-09,99.43
CUS04634,Lauren,Khan,customer4634@email.co.uk,London,England,32.0,M,Google Ads,2024-10-19,98.06
CUS04635,Lily,Lewis,customer4635@email.co.uk,Leeds,England,21.0,m,Google Ads,2023-04-13,58.47
CUS04636,Jessica,Burke,customer4636@email.co.uk,Manchester,England,37.0,f,Google Ads,2022-04-28,41.42
CUS04637,Noah,Thompson,customer4637@email.co.uk,Glasgow,Scotland,38.0,Male,Paid Social,2022-08-25,49.9
CUS04638,Sara,Williams,customer4638@email.co.uk,birmingham,England,23.0,F,Email,2024-08-08,14.2
CUS04639,Noah,Burke,customer4639@email.co.uk,Liverpool,England,47.0,M,Referral,2022-08-16,16.63
CUS04640,Lucas,Shah,customer4640@email.co.uk,London,England,35.0,F,Paid Social,2022-11-21,54.39
CUS04641,Ella,White,customer4641@email.co.uk,London,England,37.0,Male,Email,2022-11-02,7.77
CUS04642,Priya,Singh,customer4642@email.co.uk,bristol,England,36.0,m,Paid Social,2023-07-30,70.44
CUS04643,Liam,Lewis,customer4643@email.co.uk,London,England,38.0,M,Paid Social,2024-03-10,83.69
CUS04644,Ava,Johnson,customer4644@email.co.uk,Manchester,England,30.0,M,Referral,2022-08-24,16.63
CUS04645,Riya,Ryan,customer4645@email.co.uk,London,England,24.0,M,Referral,2023-10-02,25.59
CUS04646,Chloe,Walker,customer4646@email.co.uk,Liverpool,England,22.0,M,Direct,2024-11-21,0.0
CUS04647,Olivia,McCarthy,customer4647@email.co.uk,Birmingham,England,39.0,M,Google Ads,2023-10-25,69.47
CUS04648,Alfie,Connor,customer4648@email.co.uk,London,England,27.0,m,Google Ads,2023-10-18,69.47
CUS04649,Olivia,Jones,customer4649@email.co.uk,Cardiff,Wales,,M,Paid Social,2024-06-14,91.22
CUS04650,Ava,Ahmed,customer4650@email.co.uk,Leeds,England,18.0,M,Paid Social,2023-12-05,76.78
CUS04651,Chloe,Walsh,customer4651@email.co.uk,Glasgow,Scotland,18.0,F,Paid Social,2023-08-31,70.44
CUS04652,Emma,Thomas,customer4652@email.co.uk,Cardiff,Wales,31.0,FEMALE,Direct,2024-09-23,0.0
CUS04653,Mia,Sharma,customer4653@email.co.uk,Manchester,England,18.0,M,Paid Social,2022-08-30,49.9
CUS04654,Natalie,Malik,customer4654@email.co.uk,London,England,24.0,MALE,Paid Social,2022-11-14,54.39
CUS04655,Amelia,Williams,customer4655@email.co.uk,Birmingham,England,34.0,F,Paid Social,2024-12-25,108.38
CUS04656,Mason,Davies,customer4656@email.co.uk,Newcastle,England,26.0,M,Google Ads,2023-01-08,53.64
CUS04657,Oliver,Khan,customer4657@email.co.uk,Sheffield,England,34.0,F,Referral,2022-05-28,15.26
CUS04658,Leo,Jones,customer4658@email.co.uk,london,England,39.0,M,Organic,2022-10-01,10.36
CUS04659,Lauren,Taylor,customer4659@email.co.uk,Liverpool,England,34.0,M,Paid Social,2024-11-29,108.38
CUS04660,Olivia,Thomas,customer4660@email.co.uk,Cardiff,Wales,28.0,M,Paid Social,2022-10-26,54.39
CUS04661,Sophie,Walker,customer4661@email.co.uk,London ,England,20.0,F,Email,2023-11-19,10.97
CUS04662,Aisha,Evans,customer4662@email.co.uk,Glasgow,Scotland,,M,Paid Social,2024-06-15,91.22
CUS04663,Chloe,Johnson,customer4663@email.co.uk,Edinburgh,Scotland,22.0,M,Google Ads,2022-03-02,38.0
CUS04664,Logan,Roberts,customer4664@email.co.uk,Manchester,England,42.0,M,Paid Social,2023-02-11,59.29
CUS04665,Zoe,Walker,customer4665@email.co.uk,Cardiff,Wales,32.0,M,Google Ads,2024-06-17,82.53
CUS04666,Muhammad,White,customer4666@email.co.uk,Manchester,England,39.0,F,Organic,2023-01-27,11.29
CUS04667,Freddie,Kumar,customer4667@email.co.uk,London,England,40.0,M,Organic,2023-05-22,12.31
CUS04668,Amelia,Kumar,customer4668@email.co.uk,London,England,30.0,Man,Paid Social,2023-12-08,76.78
CUS04669,Aiden,White,customer4669@email.co.uk,London,England,29.0,F,Direct,2024-08-18,0.0
CUS04670,Freddie,Hall,customer4670@email.co.uk,Sheffield,England,46.0,M,Google Ads,2023-04-01,58.47
CUS04671,Lucas,Thomas,customer4671@email.co.uk,Bristol,England,18.0,M,Paid Social,2022-09-29,49.9
CUS04672,Mia,Khan,customer4672@email.co.uk,Cardiff,Wales,34.0,M,Paid Social,2022-03-04,42.0
CUS04673,Mia,Robinson,customer4673@email.co.uk,London,England,35.0,M,Paid Social,2023-01-28,59.29
CUS04674,Aiden,Ahmed,customer4674@email.co.uk,Liverpool,England,42.0,Woman,Google Ads,2024-04-09,82.53
CUS04675,Noah,Ryan,customer4675@email.co.uk,London,England,45.0,Woman,Google Ads,2024-11-13,98.06
CUS04676,Liam,Kelly,customer4676@email.co.uk,Liverpool,England,37.0,F,Google Ads,2023-11-01,69.47
CUS04677,Nathan,Evans,customer4677@email.co.uk,London,England,18.0,m,Google Ads,2022-09-07,45.15
CUS04678,Yusuf,Byrne,customer4678@email.co.uk,Manchester,England,31.0,m,Paid Social,2024-02-11,83.69
CUS04679,Mia,McCarthy,customer4679@email.co.uk,London,England,32.0,FEMALE,,2022-06-26,41.42
CUS04680,Alfie,McCarthy,customer4680@email.co.uk,Newcastle,England,59.0,M,Paid Social,2022-08-13,49.9
CUS04681,Isabella,Burke,customer4681@email.co.uk,Manchester,England,38.0,M,Google Ads,2022-08-27,45.15
CUS04682,Charlie,Roberts,customer4682@email.co.uk,London,England,23.0,male,Google Ads,2024-11-20,98.06
CUS04683,Liam,Khan,customer4683@email.co.uk,Newcastle,England,37.0,Man,Paid Social,2024-02-11,83.69
CUS04684,Logan,Jones,customer4684@email.co.uk,London,England,38.0,M,Referral,2022-01-21,14.0
CUS04685,Zoe,Evans,customer4685@email.co.uk,Manchestor,England,23.0,M,Paid Social,2024-11-22,108.38
CUS04686,Charlie,White,customer4686@email.co.uk,London,England,39.0,F,Paid Social,2023-07-02,70.44
CUS04687,Fatima,Sharma,customer4687@email.co.uk,Glasgoe,Scotland,27.0,F,Paid Social,2022-10-03,54.39
CUS04688,Isabella,Khan,customer4688@email.co.uk,LIVERPOOL,England,18.0,Female,Google Ads,2024-04-19,82.53
CUS04689,Jack,Roberts,customer4689@email.co.uk,London,England,33.0,MALE,Referral,2023-11-07,25.59
CUS04690,Hassan,Lewis,customer4690@email.co.uk,Manchester,England,23.0,Other,Google Ads,2024-02-21,75.72
CUS04691,Aisha,Wilson,customer4691@email.co.uk,Edinburgh,Scotland,43.0,M,Paid Social,2023-08-30,70.44
CUS04692,Mason,Shah,customer4692@email.co.uk,London,England,38.0,male,Paid Social,2022-11-26,54.39
CUS04693,Liam,Roberts,customer4693@email.co.uk,London,England,21.0,Man,Google Ads,2022-01-14,38.0
CUS04694,Nathan,Malik,customer4694@email.co.uk,London,England,35.0,M,Google Ads,2024-04-01,82.53
CUS04695,Priya,Williams,customer4695@email.co.uk,Manchester,England,30.0,f,Referral,2023-10-12,25.59
CUS04696,Liam,Hall,customer4696@email.co.uk,Newcastle,England,,f,Google Ads,2023-08-15,63.73
CUS04697,Muhammad,Walsh,customer4697@email.co.uk,Sheffield,England,23.0,f,Paid Social,2024-02-10,83.69
CUS04698,Charlie,Khan,customer4698@email.co.uk,Manchester,England,27.0,M,Paid Social,2023-10-28,76.78
CUS04699,Jack,Shah,customer4699@email.co.uk,Leeds,England,29.0,F,Google Ads,2024-11-15,98.06
CUS04700,Fatima,Ryan,customer4700@email.co.uk,Manchester,England,23.0,male,Google Ads,2024-06-12,82.53
CUS04701,Aiden,Shah,customer4701@email.co.uk,London,England,23.0,M,Referral,2024-11-21,36.13
CUS04702,Yusuf,Connor,customer4702@email.co.uk,Bristol,England,27.0,F,Referral,2022-12-07,18.13
CUS04703,Mia,Flynn,customer4703@email.co.uk,Liverpool,England,33.0,Other,Email,2024-02-14,11.96
CUS04704,Mason,Kumar,customer4704@email.co.uk,London,England,26.0,M,Email,2024-11-10,15.48
CUS04705,Jessica,Thomas,customer4705@email.co.uk,London,England,25.0,F,Paid Social,2024-07-18,99.43
CUS04706,George,Hall,customer4706@email.co.uk,Birmingham,England,40.0,,,2023-07-02,63.73
CUS04707,Riya,Davies,customer4707@email.co.uk,,,29.0,MALE,Paid Social,2024-06-22,91.22
CUS04708,Aisha,Martin,customer4708@email.co.uk,Liverpool,England,18.0,M,Paid Social,2023-12-25,76.78
CUS04709,Arjun,Singh,customer4709@email.co.uk,Glasgow,Scotland,34.0,F,Google Ads,2023-03-07,53.64
CUS04710,Harry,Williams,customer4710@email.co.uk,Nottingham,England,40.0,M,Paid Social,2024-06-19,91.22
CUS04711,Hannah,Walker,customer4711@email.co.uk,Manchester,England,47.0,F,Google Ads,2022-06-29,41.42
CUS04712,Mia,Byrne,customer4712@email.co.uk,London,England,,F,Organic,2022-06-28,8.72
CUS04713,Olivia,Sharma,customer4713@email.co.uk,Birmingham,England,38.0,F,Email,2022-11-06,7.77
CUS04714,Mia,Byrne,customer4714@email.co.uk,,,,F,Paid Social,2022-09-13,49.9
CUS04715,Noah,Thomas,customer4715@email.co.uk,Newcastle,England,29.0,M,Google Ads,2024-10-17,98.06
CUS04716,Ava,Evans,customer4716@email.co.uk,Glasgoe,Scotland,34.0,f,Paid Social,2022-12-04,54.39
CUS04717,Rohan,Thomas,customer4717@email.co.uk,Birmingham,England,28.0,M,Paid Social,2024-12-15,108.38
CUS04718,Rohan,Kumar,customer4718@email.co.uk,London,England,26.0,F,Paid Social,2022-04-05,45.78
CUS04719,Priya,Burke,customer4719@email.co.uk,London,England,31.0,F,Paid Social,2022-05-22,45.78
CUS04720,Aisha,Smith,customer4720@email.co.uk,Sheffield,England,44.0,M,Google Ads,2023-08-06,63.73
CUS04721,Ava,Taylor,customer4721@email.co.uk,Edinburgh,Scotland,45.0,F,Paid Social,2024-02-15,83.69
CUS04722,Poppy,Smith,customer4722@email.co.uk,Manchester,England,31.0,F,Paid Social,2024-02-28,83.69
CUS04723,Omar,Robinson,customer4723@email.co.uk,London,England,24.0,M,Paid Social,2022-07-18,49.9
CUS04724,Yusuf,Roberts,customer4724@email.co.uk,Liverpool,England,24.0,F,Paid Social,2023-11-18,76.78
CUS04725,Lucas,Byrne,customer4725@email.co.uk,Sheffield,England,39.0,M,Paid Social,2022-10-24,54.39
CUS04726,Sara,Roberts,customer4726@email.co.uk,Sheffield,England,19.0,M,Paid Social,2022-12-16,54.39
CUS04727,Amelia,Ryan,customer4727@email.co.uk,London,England,19.0,Other,Referral,2022-12-21,18.13
CUS04728,Yusuf,McCarthy,customer4728@email.co.uk,London,England,30.0,F,Paid Social,2023-01-19,59.29
CUS04729,Aiden,O'Brien,customer4729@email.co.uk,Birmingham,England,21.0,FEMALE,Paid Social,2024-10-15,108.38
CUS04730,Jessica,Smith,customer4730@email.co.uk,Manchester,England,29.0,MALE,Google Ads,2024-08-20,89.96
CUS04731,Poppy,Khan,customer4731@email.co.uk,Liverpool,England,31.0,F,Paid Social,2022-09-17,49.9
CUS04732,Sophie,Connor,customer4732@email.co.uk,Manchester,England,31.0,M,Paid Social,2024-04-27,91.22
CUS04733,Omar,Murphy,customer4733@email.co.uk,Cardiff,Wales,18.0,M,Google Ads,2022-12-04,49.21
CUS04734,Harry,Ahmed,customer4734@email.co.uk,BIRMINGHAM,England,33.0,M,Paid Social,2022-02-09,42.0
CUS04735,Dylan,Thomas,customer4735@email.co.uk,London,England,25.0,M,Google Ads,2022-05-09,41.42
CUS04736,Rohan,Burke,customer4736@email.co.uk,Birmingham,England,41.0,F,Referral,2024-07-02,33.14
CUS04737,Ryan,Thomas,customer4737@email.co.uk,Leeds,England,33.0,m,,2024-04-19,17.38
CUS04738,Ella,Kelly,customer4738@email.co.uk,Bristol,England,26.0,M,Email,2023-11-18,10.97
CUS04739,Arjun,Ryan,customer4739@email.co.uk,Londn,England,40.0,male,Paid Social,2022-08-13,49.9
CUS04740,Liam,Smith,customer4740@email.co.uk,Bristol,England,37.0,M,Paid Social,2024-08-17,99.43
CUS04741,Fatima,Murphy,customer4741@email.co.uk,London,England,40.0,F,Google Ads,2023-11-05,69.47
CUS04742,Mia,Connor,customer4742@email.co.uk,Leds,England,28.0,F,Paid Social,2023-12-19,76.78
CUS04743,Leo,Smith,customer4743@email.co.uk,London,England,,M,Paid Social,2024-09-03,99.43
CUS04744,Liam,O'Brien,customer4744@email.co.uk,Manchester,England,31.0,Male,Paid Social,2023-03-14,59.29
CUS04745,Fatima,Hussain,customer4745@email.co.uk,Glasgow,Scotland,25.0,M,Paid Social,2023-03-29,59.29
CUS04746,Mason,McCarthy,customer4746@email.co.uk,London,England,58.0,M,Paid Social,2022-07-05,49.9
CUS04747,Oliver,Murphy,customer4747@email.co.uk,Bristol,England,49.0,M,Email,2023-04-26,9.23
CUS04748,Harry,Wilson,customer4748@email.co.uk,Liverpool,England,33.0,M,Google Ads,2024-08-29,89.96
CUS04749,Emma,Brown,customer4749@email.co.uk,Leeds,England,33.0,Woman,Google Ads,2024-02-17,75.72
CUS04750,Noah,McCarthy,customer4750@email.co.uk,Birmingham,England,29.0,F,Paid Social,2023-01-09,59.29
CUS04751,Aiden,Khan,customer4751@email.co.uk,Edinburgh,Scotland,20.0,F,Paid Social,2023-01-28,59.29
CUS04752,Poppy,Clark,customer4752@email.co.uk,Manchester,England,25.0,M,Referral,2024-03-21,27.9
CUS04753,Priya,Kumar,customer4753@email.co.uk,Birmingham,England,25.0,Female,Paid Social,2024-09-28,99.43
CUS04754,Priya,Davies,customer4754@email.co.uk,Leeds,England,44.0,F,Google Ads,2023-07-24,63.73
CUS04755,Ryan,Byrne,customer4755@email.co.uk,Liverpool,England,38.0,F,Paid Social,2022-01-03,42.0
CUS04756,Mia,Kumar,customer4756@email.co.uk,Cardiff,Wales,34.0,F,Email,2024-12-01,15.48
CUS04757,Natalie,Hall,customer4757@email.co.uk,London,England,29.0,M,Organic,2024-10-27,20.64
CUS04758,Hannah,Kelly,customer4758@email.co.uk,London,England,40.0,F,Email,2024-02-26,11.96
CUS04759,Zoe,Shah,customer4759@email.co.uk,London,England,37.0,M,Email,2022-03-30,6.0
CUS04760,Grace,Anderson,customer4760@email.co.uk,Birmingham,England,51.0,Man,Google Ads,2023-09-08,63.73
CUS04761,Dylan,Brown,customer4761@email.co.uk,Bristoll,England,26.0,M,Paid Social,2023-03-02,59.29
CUS04762,Logan,Wilson,customer4762@email.co.uk,London,England,46.0,M,Paid Social,2022-06-08,45.78
CUS04763,Chloe,Shah,customer4763@email.co.uk,London,England,27.0,MALE,Email,2023-07-21,10.06
CUS04764,Fatima,Thomas,customer4764@email.co.uk,Leeds,England,35.0,Man,Referral,2023-11-04,25.59
CUS04765,Zoe,Singh,customer4765@email.co.uk,Birmingham,England,37.0,Female,Email,2023-11-05,10.97
CUS04766,Arjun,Anderson,customer4766@email.co.uk,Bristol,England,28.0,MALE,Organic,2023-02-08,11.29
CUS04767,Ava,Thompson,customer4767@email.co.uk,Leeds,England,33.0,F,Direct,2022-12-19,0.0
CUS04768,Ava,Thompson,customer4768@email.co.uk,Glasgow,Scotland,25.0,MALE,Referral,2024-08-30,33.14
CUS04769,Liam,Jones,customer4769@email.co.uk,Edinburgh,Scotland,28.0,M,Paid Social,2022-07-14,49.9
CUS04770,Aiden,Lewis,customer4770@email.co.uk,London,England,38.0,Woman,Google Ads,2023-11-18,69.47
CUS04771,Lily,Taylor,customer4771@email.co.uk,Manchester,England,24.0,M,Paid Social,2023-12-05,76.78
CUS04772,James,Ryan,customer4772@email.co.uk,manchester,England,40.0,M,Paid Social,2022-10-17,54.39
CUS04773,Logan,Hall,customer4773@email.co.uk,Manchester,England,28.0,F,Paid Social,2022-02-23,42.0
CUS04774,Rohan,Connor,customer4774@email.co.uk,London,England,,,Email,2023-11-01,10.97
CUS04775,Lucas,Kelly,customer4775@email.co.uk,Glasgow,Scotland,41.0,F,Google Ads,2023-11-24,69.47
CUS04776,Omar,Hall,customer4776@email.co.uk,London,England,18.0,M,Paid Social,2022-09-19,49.9
CUS04777,Yusuf,McCarthy,customer4777@email.co.uk,Manchester,England,24.0,M,Email,2022-01-12,6.0
CUS04778,Aisha,Johnson,customer4778@email.co.uk,London,England,41.0,male,Paid Social,2023-11-12,76.78
CUS04779,Emma,Malik,customer4779@email.co.uk,Manchester,England,34.0,M,Paid Social,2022-02-13,42.0
CUS04780,Nathan,Walker,customer4780@email.co.uk,Nottingham,England,44.0,M,Referral,2023-08-02,23.48
CUS04781,Aiden,Williams,customer4781@email.co.uk,London,England,39.0,Male,Google Ads,2024-07-19,89.96
CUS04782,Charlie,Malik,customer4782@email.co.uk,Birmingham,England,21.0,F,Paid Social,2024-09-25,99.43
CUS04783,Megan,Khan,customer4783@email.co.uk,London,England,29.0,F,Google Ads,2023-12-24,69.47
CUS04784,Olivia,Walsh,customer4784@email.co.uk,Leeds,England,33.0,MALE,Paid Social,2024-01-18,83.69
CUS04785,Oliver,Murphy,customer4785@email.co.uk,Liverpol,England,34.0,F,Google Ads,2022-08-27,45.15
CUS04786,Olivia,Thompson,customer4786@email.co.uk,Birmingham,England,28.0,F,Google Ads,2023-11-02,69.47
CUS04787,Jessica,Ahmed,customer4787@email.co.uk,Liverpool,England,40.0,f,Google Ads,2022-12-13,49.21
CUS04788,Hassan,Burke,customer4788@email.co.uk,Glasgow,Scotland,36.0,M,Paid Social,2024-09-09,99.43
CUS04789,Lauren,Wilson,customer4789@email.co.uk,London,England,25.0,F,Google Ads,2023-06-27,58.47
CUS04790,Liam,Smith,customer4790@email.co.uk,Leeds,England,21.0,F,Google Ads,2024-02-19,75.72
CUS04791,Natalie,Shah,customer4791@email.co.uk,Leeds,England,39.0,F,Paid Social,2024-07-09,99.43
CUS04792,Ethan,Ali,customer4792@email.co.uk,Glasgow,Scotland,45.0,f,Paid Social,2023-08-26,70.44
CUS04793,Lauren,Wilson,customer4793@email.co.uk,Manchester,England,43.0,F,Google Ads,2024-11-24,98.06
CUS04794,Liam,Patel,customer4794@email.co.uk,Birmingham,England,40.0,F,Paid Social,2023-11-17,76.78
CUS04795,Fatima,Patel,customer4795@email.co.uk,Edinburgh,Scotland,35.0,M,Paid Social,2023-01-25,59.29
CUS04796,Sophie,Roberts,customer4796@email.co.uk,Glasgow,Scotland,25.0,female,Email,2024-10-07,15.48
CUS04797,Olivia,Jones,customer4797@email.co.uk,Birmingham,England,36.0,Female,Email,2024-04-10,13.03
CUS04798,Natalie,Brown,customer4798@email.co.uk,Cardiff,Wales,38.0,F,Paid Social,2022-02-02,42.0
CUS04799,Nathan,Byrne,customer4799@email.co.uk,Bristol,England,31.0,M,Email,2022-12-30,7.77
CUS04800,Omar,Khan,customer4800@email.co.uk,Bristol,England,28.0,F,Google Ads,2024-07-08,89.96
CUS04801,Poppy,Walsh,customer4801@email.co.uk,Bristol,England,30.0,Woman,Paid Social,2024-04-02,91.22
CUS04802,Charlie,Smith,customer4802@email.co.uk,Birmingham,England,33.0,M,Organic,2023-10-09,14.62
CUS04803,Mason,Anderson,customer4803@email.co.uk,Glasgow,Scotland,,Other,Paid Social,2024-12-03,108.38
CUS04804,Logan,Byrne,customer4804@email.co.uk,Manchestr,England,35.0,M,Paid Social,2023-05-04,64.62
CUS04805,Isabella,Patel,customer4805@email.co.uk,Leeds,England,34.0,F,Paid Social,2024-05-11,91.22
CUS04806,Isabella,Byrne,customer4806@email.co.uk,Bristol,England,26.0,MALE,Google Ads,2023-05-18,58.47
CUS04807,Oliver,Brown,customer4807@email.co.uk,Edinburgh,Scotland,31.0,F,Google Ads,2023-01-18,53.64
CUS04808,Zoe,Clark,customer4808@email.co.uk,Sheffield,England,18.0,M,Google Ads,2022-11-19,49.21
CUS04809,Aisha,Connor,customer4809@email.co.uk,Cardiff,Wales,36.0,M,,2022-06-15,45.78
CUS04810,Priya,Ahmed,customer4810@email.co.uk,Bristol,England,36.0,M,Paid Social,2022-08-07,49.9
CUS04811,George,McCarthy,customer4811@email.co.uk,London,England,35.0,Female,Paid Social,2022-10-16,54.39
CUS04812,Mia,Ali,customer4812@email.co.uk,,,30.0,M,Referral,2023-03-10,19.76
CUS04813,Ella,Clark,customer4813@email.co.uk,London,England,24.0,Man,Paid Social,2024-12-07,108.38
CUS04814,Yusuf,Jones,customer4814@email.co.uk,London,England,35.0,F,Google Ads,2022-09-20,45.15
CUS04815,Ethan,Sharma,customer4815@email.co.uk,Manchester,England,26.0,F,,2023-08-31,63.73
CUS04816,Oliver,Walker,customer4816@email.co.uk,cardiff,Wales,30.0,M,Organic,2022-11-04,10.36
CUS04817,Isabella,Jones,customer4817@email.co.uk,London,England,38.0,M,Google Ads,2023-08-10,63.73
CUS04818,Mason,Taylor,customer4818@email.co.uk,Bristol,England,21.0,M,Email,2022-03-11,6.0
CUS04819,Natalie,Taylor,customer4819@email.co.uk,London,England,24.0,f,Referral,2023-01-26,19.76
CUS04820,Ava,Connor,customer4820@email.co.uk,Birmingham,England,18.0,F,Paid Social,2022-12-25,54.39
CUS04821,Fatima,Ryan,customer4821@email.co.uk,Sheffield,England,53.0,M,Paid Social,2023-11-20,76.78
CUS04822,Priya,Malik,customer4822@email.co.uk,London,England,21.0,M,Google Ads,2022-01-29,38.0
CUS04823,Charlie,Kelly,customer4823@email.co.uk,Newcastle,England,42.0,M,Paid Social,2023-10-22,76.78
CUS04824,Liam,Brown,customer4824@email.co.uk,London,England,36.0,M,Email,2022-06-13,6.54
CUS04825,Zoe,Clark,customer4825@email.co.uk,London,England,29.0,Woman,Email,2024-10-16,15.48
CUS04826,Ethan,Evans,customer4826@email.co.uk,Glasgow,Scotland,31.0,F,Paid Social,2023-08-12,70.44
CUS04827,Leo,Brown,customer4827@email.co.uk,Birmingham,England,37.0,f,,2024-07-14,33.14
CUS04828,Hassan,Malik,customer4828@email.co.uk,Manchester,England,37.0,F,Paid Social,2024-09-15,99.43
CUS04829,Ryan,Robinson,customer4829@email.co.uk,Glasgow,Scotland,22.0,Man,Paid Social,2023-04-03,64.62
CUS04830,Olivia,Byrne,customer4830@email.co.uk,Edinburgh,Scotland,27.0,M,Paid Social,2024-08-22,99.43
CUS04831,Jessica,Ryan,customer4831@email.co.uk,Manchestr,England,32.0,Male,Paid Social,2023-11-28,76.78
CUS04832,Liam,O'Brien,customer4832@email.co.uk,Birmingham,England,20.0,,Paid Social,2024-08-31,99.43
CUS04833,Arjun,Clark,customer4833@email.co.uk,London,England,30.0,F,Paid Social,2024-08-16,99.43
CUS04834,Logan,Burke,customer4834@email.co.uk,London,England,34.0,M,Paid Social,2022-09-22,49.9
CUS04835,Mia,McCarthy,customer4835@email.co.uk,London,England,48.0,F,Google Ads,2024-03-27,75.72
CUS04836,Isla,Davies,customer4836@email.co.uk,Birmingham,England,29.0,M,Google Ads,2023-07-23,63.73
CUS04837,Oliver,Byrne,customer4837@email.co.uk,London,England,34.0,F,Paid Social,2022-03-07,42.0
CUS04838,Zoe,McCarthy,customer4838@email.co.uk,Leeds,England,35.0,Other,Email,2022-12-07,7.77
CUS04839,Jack,Roberts,customer4839@email.co.uk,London,England,38.0,m,Paid Social,2022-11-18,54.39
CUS04840,Ryan,Patel,customer4840@email.co.uk,birmingham,England,38.0,M,Google Ads,2023-12-03,69.47
CUS04841,Olivia,Sharma,customer4841@email.co.uk,London,England,30.0,M,Paid Social,2023-05-24,64.62
CUS04842,Logan,Flynn,customer4842@email.co.uk,Newcastle,England,37.0,M,Email,2022-10-17,7.77
CUS04843,Lily,Singh,customer4843@email.co.uk,Sheffield,England,21.0,F,Google Ads,2024-08-05,89.96
CUS04844,Isla,Smith,customer4844@email.co.uk,Newcastle,England,29.0,F,Paid Social,2022-09-29,49.9
CUS04845,Rohan,Davies,customer4845@email.co.uk,London,England,21.0,female,Paid Social,2024-06-24,91.22
CUS04846,Fatima,Byrne,customer4846@email.co.uk,London,England,44.0,F,Paid Social,2024-05-24,91.22
CUS04847,Freddie,Thomas,customer4847@email.co.uk,Manchester,England,40.0,M,Paid Social,2022-10-13,54.39
CUS04848,Isabella,Kumar,customer4848@email.co.uk,Edinburgh,Scotland,52.0,F,Paid Social,2024-05-10,91.22
CUS04849,Natalie,White,customer4849@email.co.uk,London,England,38.0,Male,Google Ads,2024-05-03,82.53
CUS04850,Fatima,Smith,customer4850@email.co.uk,London,England,18.0,M,Paid Social,2024-04-15,91.22
CUS04851,Yusuf,Jones,customer4851@email.co.uk,Glasgow,Scotland,18.0,F,Google Ads,2024-12-09,98.06
CUS04852,Lauren,Ahmed,customer4852@email.co.uk,bristol,England,,M,Organic,2024-11-22,20.64
CUS04853,Muhammad,Jones,customer4853@email.co.uk,London,England,34.0,M,Referral,2023-09-05,23.48
CUS04854,Jack,Singh,customer4854@email.co.uk,London,England,18.0,M,Email,2023-03-31,8.47
CUS04855,Isabella,Robinson,customer4855@email.co.uk,Birmingham,England,44.0,Female,Organic,2022-07-20,9.5
CUS04856,Ava,Flynn,customer4856@email.co.uk,London,England,37.0,M,Paid Social,2023-04-18,64.62
CUS04857,Charlie,Kumar,customer4857@email.co.uk,Brumingham,England,32.0,M,Paid Social,2024-03-20,83.69
CUS04858,Emily,Brown,customer4858@email.co.uk,Birmingham,England,26.0,Female,Referral,2024-09-17,33.14
CUS04859,Riya,Thompson,customer4859@email.co.uk,Birmingham,England,,M,Google Ads,2022-09-07,45.15
CUS04860,Charlie,Thompson,customer4860@email.co.uk,Manchester,England,35.0,F,Google Ads,2023-11-12,69.47
CUS04861,Poppy,Evans,customer4861@email.co.uk,London,England,26.0,M,,2022-09-20,45.15
CUS04862,Ryan,Flynn,customer4862@email.co.uk,Sheffield,England,25.0,F,Paid Social,2024-10-20,108.38
CUS04863,Alfie,Khan,customer4863@email.co.uk,Birmingham,England,18.0,M,Paid Social,2024-11-13,108.38
CUS04864,Dylan,Khan,customer4864@email.co.uk,London,England,32.0,M,Google Ads,2022-06-08,41.42
CUS04865,Emma,Johnson,customer4865@email.co.uk,London,England,32.0,Other,Paid Social,2022-06-01,45.78
CUS04866,Aiden,O'Brien,customer4866@email.co.uk,Manchester,England,32.0,m,Paid Social,2024-09-18,99.43
CUS04867,Aisha,Johnson,customer4867@email.co.uk,Edinburgh,Scotland,36.0,Female,Paid Social,2023-08-26,70.44
CUS04868,Muhammad,Ali,customer4868@email.co.uk,Manchester,England,41.0,M,Paid Social,2023-05-30,64.62
CUS04869,Ryan,White,customer4869@email.co.uk,Manchester,England,23.0,F,Organic,2024-12-22,20.64
CUS04870,Zoe,Evans,customer4870@email.co.uk,Leeds,England,29.0,Man,Google Ads,2024-11-10,98.06
CUS04871,Rohan,Evans,customer4871@email.co.uk,LONDON,England,48.0,M,Google Ads,2022-12-14,49.21
CUS04872,Ryan,Connor,customer4872@email.co.uk,Cardiff,Wales,26.0,F,Paid Social,2023-01-03,59.29
CUS04873,Grace,Evans,customer4873@email.co.uk,Liverpool,England,27.0,M,Google Ads,2024-11-19,98.06
CUS04874,George,Robinson,customer4874@email.co.uk,London,England,18.0,F,Google Ads,2024-11-22,98.06
CUS04875,Arjun,Ahmed,customer4875@email.co.uk,Leeds,England,45.0,M,Paid Social,2023-08-30,70.44
CUS04876,Freddie,Davies,customer4876@email.co.uk,Bristol,England,18.0,M,Paid Social,2023-08-04,70.44
CUS04877,Megan,Sharma,customer4877@email.co.uk,edinburgh,Scotland,37.0,Woman,Paid Social,2024-07-31,99.43
CUS04878,Emma,O'Brien,customer4878@email.co.uk,Manchester,England,36.0,M,Google Ads,2022-08-13,45.15
CUS04879,Lucas,Thomas,customer4879@email.co.uk,Bristol,England,40.0,Male,Direct,2023-03-27,0.0
CUS04880,Megan,Singh,customer4880@email.co.uk,Bristol,England,46.0,F,Paid Social,2022-05-31,45.78
CUS04881,Grace,White,customer4881@email.co.uk,Manchester,England,38.0,M,Google Ads,2022-09-21,45.15
CUS04882,Nathan,Walker,customer4882@email.co.uk,Brumingham,England,18.0,Woman,Email,2022-08-25,7.13
CUS04883,Mia,Evans,customer4883@email.co.uk,Bristol,England,41.0,F,Paid Social,2023-04-18,64.62
CUS04884,Lauren,Connor,customer4884@email.co.uk,Manchester,England,20.0,m,Google Ads,2024-07-04,89.96
CUS04885,Amelia,Patel,customer4885@email.co.uk,Londn,England,20.0,M,Google Ads,2024-11-22,98.06
CUS04886,Mason,Thompson,customer4886@email.co.uk,Sheffield,England,37.0,F,Google Ads,2022-11-05,49.21
CUS04887,Lauren,Robinson,customer4887@email.co.uk,,,21.0,M,Paid Social,2022-10-17,54.39
CUS04888,Ava,Kumar,customer4888@email.co.uk,London,England,21.0,M,Google Ads,2023-11-29,69.47
CUS04889,Aisha,Hussain,customer4889@email.co.uk,Leeds,England,39.0,F,Paid Social,2024-04-10,91.22
CUS04890,Chloe,Murphy,customer4890@email.co.uk,Liverpool,England,25.0,M,Referral,2024-07-22,33.14
CUS04891,Dylan,Byrne,customer4891@email.co.uk,Sheffield,England,30.0,M,Paid Social,2023-11-25,76.78
CUS04892,Priya,Roberts,customer4892@email.co.uk,Bristol,England,31.0,F,Google Ads,2024-11-04,98.06
CUS04893,Emily,Thompson,customer4893@email.co.uk,Bristol,England,48.0,Woman,Paid Social,2022-10-02,54.39
CUS04894,Ethan,Patel,customer4894@email.co.uk,Leds,England,33.0,F,Organic,2023-09-26,13.42
CUS04895,George,Brown,customer4895@email.co.uk,London,England,47.0,F,Google Ads,2022-08-19,45.15
CUS04896,Sophie,Wilson,customer4896@email.co.uk,Birmingham,England,31.0,m,Paid Social,2024-12-21,108.38
CUS04897,Emma,White,customer4897@email.co.uk,London,England,25.0,F,Paid Social,2024-12-24,108.38
CUS04898,Hassan,Malik,customer4898@email.co.uk,Manchester,England,49.0,F,Paid Social,2024-02-19,83.69
CUS04899,Riya,Malik,customer4899@email.co.uk,Sheffield,England,26.0,Female,Google Ads,2024-08-26,89.96
CUS04900,James,Hussain,customer4900@email.co.uk,London,England,37.0,M,Paid Social,2023-12-15,76.78
CUS04901,George,Flynn,customer4901@email.co.uk,Liverpool,England,50.0,F,Paid Social,2024-12-07,108.38
CUS04902,Harry,Ryan,customer4902@email.co.uk,Manchester,England,45.0,FEMALE,Google Ads,2024-07-21,89.96
CUS04903,Dylan,Martin,customer4903@email.co.uk,,,27.0,F,Google Ads,2023-11-12,69.47
CUS04904,Oliver,Ryan,customer4904@email.co.uk,Liverpool,England,18.0,M,Google Ads,2023-09-26,63.73
CUS04905,Riya,Thomas,customer4905@email.co.uk,Edinburgh,Scotland,39.0,M,Google Ads,2024-05-13,82.53
CUS04906,Isla,Shah,customer4906@email.co.uk,London,England,26.0,male,Paid Social,2022-09-10,49.9
CUS04907,Logan,Khan,customer4907@email.co.uk,London,England,28.0,m,Paid Social,2023-08-05,70.44
CUS04908,Emily,Shah,customer4908@email.co.uk,Liverpol,England,37.0,Female,Google Ads,2022-06-07,41.42
CUS04909,Priya,Burke,customer4909@email.co.uk,Londn,England,23.0,F,Paid Social,2023-07-18,70.44
CUS04910,Isla,Byrne,customer4910@email.co.uk,London,England,22.0,F,Paid Social,2024-11-13,108.38
CUS04911,Isabella,Martin,customer4911@email.co.uk,Bristol,England,38.0,M,Referral,2023-11-02,25.59
CUS04912,Sara,Smith,customer4912@email.co.uk,Birmingham,England,18.0,F,Paid Social,2024-06-13,91.22
CUS04913,Ava,Khan,customer4913@email.co.uk,Sheffield,England,41.0,Man,Paid Social,2022-06-15,45.78
CUS04914,Hassan,Walsh,customer4914@email.co.uk,Glasgow,Scotland,33.0,Woman,Email,2022-04-06,6.54
CUS04915,Jack,Williams,customer4915@email.co.uk,Liverpool,England,41.0,m,Paid Social,2022-11-20,54.39
CUS04916,Arjun,Hall,customer4916@email.co.uk,Manchester,England,51.0,m,Google Ads,2024-08-15,89.96
CUS04917,James,Burke,customer4917@email.co.uk,Bristol,England,21.0,f,Referral,2022-11-24,18.13
CUS04918,Fatima,Evans,customer4918@email.co.uk,Bristol,England,31.0,,Google Ads,2022-09-05,45.15
CUS04919,Oliver,Ali,customer4919@email.co.uk,Leeds,England,25.0,M,Paid Social,2024-06-16,91.22
CUS04920,Hannah,Sharma,customer4920@email.co.uk,London,England,27.0,M,Paid Social,2023-12-15,76.78
CUS04921,Hassan,Kumar,customer4921@email.co.uk,Bristol,England,30.0,F,Paid Social,2022-09-28,49.9
CUS04922,Ethan,Jones,customer4922@email.co.uk,Newcastle,England,40.0,F,Paid Social,2023-11-04,76.78
CUS04923,Riya,Burke,customer4923@email.co.uk,London,England,18.0,M,Paid Social,2022-12-07,54.39
CUS04924,Aisha,Kumar,customer4924@email.co.uk,Birmingham,England,19.0,F,Paid Social,2023-06-22,64.62
CUS04925,Leo,Flynn,customer4925@email.co.uk,Manchester,England,36.0,F,Paid Social,2023-11-15,76.78
CUS04926,Harry,Johnson,customer4926@email.co.uk,Glasgow,Scotland,29.0,F,Paid Social,2024-12-15,108.38
CUS04927,Rohan,Malik,customer4927@email.co.uk,Liverpool,England,32.0,F,Direct,2023-06-24,0.0
CUS04928,Muhammad,McCarthy,customer4928@email.co.uk,london,England,25.0,Woman,Paid Social,2022-09-12,49.9
CUS04929,Jessica,Byrne,customer4929@email.co.uk,Birmingham,England,25.0,Male,Paid Social,2024-04-11,91.22
CUS04930,Nathan,Jones,customer4930@email.co.uk,Liverpool,England,31.0,M,Paid Social,2024-09-27,99.43
CUS04931,Lily,Patel,customer4931@email.co.uk,Edinburgh,Scotland,21.0,male,Google Ads,2024-09-06,89.96
CUS04932,Ethan,Jones,customer4932@email.co.uk,Birmingham,England,22.0,f,Paid Social,2022-12-27,54.39
CUS04933,George,Brown,customer4933@email.co.uk,Newcastle,England,18.0,M,Google Ads,2024-11-06,98.06
CUS04934,Ryan,Smith,customer4934@email.co.uk,,,44.0,M,Google Ads,2022-08-19,45.15
CUS04935,Hannah,Sharma,customer4935@email.co.uk,Sheffield,England,32.0,M,Google Ads,2022-08-20,45.15
CUS04936,Alfie,O'Brien,customer4936@email.co.uk,Manchester,England,44.0,F,Google Ads,2024-07-10,89.96
CUS04937,Noah,Wilson,customer4937@email.co.uk,Cardiff,Wales,25.0,M,Paid Social,2024-05-27,91.22
CUS04938,Jessica,Smith,customer4938@email.co.uk,London,England,18.0,F,Paid Social,2023-11-12,76.78
CUS04939,Lucas,Davies,customer4939@email.co.uk,Cardiff,Wales,37.0,M,Google Ads,2024-05-12,82.53
CUS04940,Zoe,Ryan,customer4940@email.co.uk,London,England,45.0,F,Google Ads,2023-02-16,53.64
CUS04941,Ava,Hussain,customer4941@email.co.uk,London,England,20.0,F,Direct,2024-11-28,0.0
CUS04942,Poppy,Wilson,customer4942@email.co.uk,London,England,18.0,F,Paid Social,2023-07-16,70.44
CUS04943,Rohan,Khan,customer4943@email.co.uk,Bristol,England,18.0,M,Google Ads,2024-07-21,89.96
CUS04944,Lauren,Smith,customer4944@email.co.uk,Glasgow,Scotland,,F,Organic,2024-10-30,20.64
CUS04945,Aisha,Ryan,customer4945@email.co.uk,Birmingham,England,40.0,F,Paid Social,2023-11-05,76.78
CUS04946,Logan,McCarthy,customer4946@email.co.uk,Sheffield,England,31.0,F,Google Ads,2022-01-08,38.0
CUS04947,Natalie,Johnson,customer4947@email.co.uk,Bristol,England,35.0,M,Google Ads,2024-07-21,89.96
CUS04948,Hannah,Smith,customer4948@email.co.uk,London,England,51.0,M,Google Ads,2024-12-04,98.06
CUS04949,Noah,White,customer4949@email.co.uk,Edinburgh,Scotland,26.0,M,Organic,2022-11-29,10.36
CUS04950,Yusuf,Thompson,customer4950@email.co.uk,London,England,37.0,Male,Paid Social,2024-12-22,108.38
CUS04951,Poppy,White,customer4951@email.co.uk,bristol,England,34.0,M,Paid Social,2022-04-22,45.78
CUS04952,Muhammad,Patel,customer4952@email.co.uk,London,England,22.0,M,Google Ads,2024-06-11,82.53
CUS04953,Aiden,Taylor,customer4953@email.co.uk,Manchester,England,45.0,F,Google Ads,2024-11-14,98.06
CUS04954,Ethan,Singh,customer4954@email.co.uk,Leeds,England,39.0,F,Paid Social,2024-12-06,108.38
CUS04955,Arjun,Thomas,customer4955@email.co.uk,Glasgow,Scotland,39.0,M,Paid Social,2022-03-20,42.0
CUS04956,Chloe,Murphy,customer4956@email.co.uk,Manchester,England,44.0,M,Google Ads,2024-11-20,98.06
CUS04957,Isla,Hall,customer4957@email.co.uk,Newcastle,England,39.0,M,Google Ads,2024-06-21,82.53
CUS04958,Hannah,Smith,customer4958@email.co.uk,Birmingham,England,43.0,Woman,Referral,2024-10-03,36.13
CUS04959,Sara,Martin,customer4959@email.co.uk,Sheffield,England,31.0,M,,2023-12-26,76.78
CUS04960,Liam,Sharma,customer4960@email.co.uk,Manchester,England,39.0,M,Google Ads,2022-12-01,49.21
CUS04961,Emily,Kumar,customer4961@email.co.uk,Manchester,England,36.0,Male,Paid Social,2024-03-26,83.69
CUS04962,Aisha,Thompson,customer4962@email.co.uk,Liverpool,England,28.0,FEMALE,Paid Social,2024-06-08,91.22
CUS04963,Sophie,Williams,customer4963@email.co.uk,glasgow,Scotland,,Woman,Paid Social,2023-02-02,59.29
CUS04964,Liam,Ali,customer4964@email.co.uk,Leeds,England,18.0,M,Paid Social,2023-11-15,76.78
CUS04965,Ella,Thompson,customer4965@email.co.uk,Birmingham,England,45.0,Male,Google Ads,2024-08-25,89.96
CUS04966,Logan,McCarthy,customer4966@email.co.uk,Bristol,England,34.0,f,Paid Social,2024-07-25,99.43
CUS04967,Lucas,Brown,customer4967@email.co.uk,Bristol,England,19.0,M,Google Ads,2023-06-07,58.47
CUS04968,Noah,Evans,customer4968@email.co.uk,Leeds,England,40.0,F,Paid Social,2024-05-15,91.22
CUS04969,Charlie,Hall,customer4969@email.co.uk,Edinburgh,Scotland,40.0,M,Paid Social,2024-10-25,108.38
CUS04970,Zoe,Wilson,customer4970@email.co.uk,Glasgow,Scotland,18.0,F,Google Ads,2024-10-05,98.06
CUS04971,Grace,Taylor,customer4971@email.co.uk,Liverpool,England,24.0,F,Paid Social,2022-05-28,45.78
CUS04972,Fatima,Davies,customer4972@email.co.uk,Glasgow,Scotland,18.0,M,Paid Social,2023-03-31,59.29
CUS04973,Omar,Burke,customer4973@email.co.uk,Edinburgh,Scotland,23.0,M,Google Ads,2023-01-02,53.64
CUS04974,Harry,Anderson,customer4974@email.co.uk,Manchester,England,28.0,F,Email,2023-09-22,10.06
CUS04975,Harry,Thomas,customer4975@email.co.uk,London,England,26.0,F,Paid Social,2022-11-04,54.39
CUS04976,Megan,Ryan,customer4976@email.co.uk,Leeds,England,34.0,F,Paid Social,2022-10-03,54.39
CUS04977,Poppy,Burke,customer4977@email.co.uk,London,England,18.0,F,Paid Social,2024-07-08,99.43
CUS04978,Ella,Sharma,customer4978@email.co.uk,London,England,41.0,FEMALE,Paid Social,2023-08-27,70.44
CUS04979,Aiden,Robinson,customer4979@email.co.uk,Nottingham,England,51.0,FEMALE,Google Ads,2022-12-21,49.21
CUS04980,Jessica,Shah,customer4980@email.co.uk,Nottingham,England,27.0,M,Paid Social,2022-09-08,49.9
CUS04981,Leo,Patel,customer4981@email.co.uk,London,England,38.0,male,Paid Social,2023-05-07,64.62
CUS04982,Riya,Malik,customer4982@email.co.uk,liverpool,England,47.0,F,Paid Social,2024-08-22,99.43
CUS04983,Olivia,Kumar,customer4983@email.co.uk,London,England,39.0,M,Email,2024-02-08,11.96
CUS04984,Isabella,Walsh,customer4984@email.co.uk,Birmingham,England,18.0,Other,Paid Social,2024-09-04,99.43
CUS04985,Nathan,Taylor,customer4985@email.co.uk,Cardiff,Wales,51.0,MALE,Google Ads,2024-08-12,89.96
CUS04986,Sophie,Anderson,customer4986@email.co.uk,Cardiff,Wales,28.0,M,Paid Social,2024-12-27,108.38
CUS04987,Zoe,Thompson,customer4987@email.co.uk,Leeds,England,22.0,M,Paid Social,2022-03-20,42.0
CUS04988,Emma,Hall,customer4988@email.co.uk,Birmingham,England,30.0,Female,Email,2024-05-19,13.03
CUS04989,Ella,Flynn,customer4989@email.co.uk,Shefield,England,70.0,F,Google Ads,2022-11-09,49.21
CUS04990,Natalie,Connor,customer4990@email.co.uk,Sheffield,England,36.0,M,Email,2022-12-07,7.77
CUS04991,Mason,Smith,customer4991@email.co.uk,London,England,39.0,f,Paid Social,2022-05-30,45.78
CUS04992,Omar,Byrne,customer4992@email.co.uk,London,England,49.0,M,Paid Social,2024-07-07,99.43
CUS04993,Omar,Thomas,customer4993@email.co.uk,Londn,England,24.0,F,Google Ads,2022-04-05,41.42
CUS04994,George,Wilson,customer4994@email.co.uk,Manchester,England,18.0,M,Paid Social,2023-12-11,76.78
CUS04995,Poppy,Thomas,customer4995@email.co.uk,Leds,England,38.0,female,Google Ads,2022-10-25,49.21
CUS04996,Oliver,Johnson,customer4996@email.co.uk,Glasgow,Scotland,28.0,M,Paid Social,2024-07-15,99.43
CUS04997,Grace,Johnson,customer4997@email.co.uk,Glasgow,Scotland,37.0,male,Paid Social,2023-04-13,64.62
CUS04998,James,Byrne,customer4998@email.co.uk,London,England,43.0,M,Paid Social,2022-05-10,45.78
CUS04999,Isabella,Ahmed,customer4999@email.co.uk,Leeds,England,26.0,F,Google Ads,2024-11-24,98.06
CUS05000,Lucas,Anderson,customer5000@email.co.uk,Liverpool,England,23.0,M,Paid Social,2022-12-08,54.39
CUS05001,Emma,Smith,customer5001@email.co.uk,Nottingham,England,43.0,M,Google Ads,2023-08-01,63.73
CUS05002,Isabella,Robinson,customer5002@email.co.uk,London,England,18.0,M,Paid Social,2022-10-20,54.39
CUS05003,Muhammad,Thomas,customer5003@email.co.uk,Edinburgh,Scotland,,M,Paid Social,2022-11-15,54.39
CUS05004,Logan,Clark,customer5004@email.co.uk,Liverpool,England,25.0,M,Paid Social,2023-09-14,70.44
CUS05005,Mason,Khan,customer5005@email.co.uk,Bristol,England,31.0,F,Paid Social,2022-04-08,45.78
CUS05006,Muhammad,Roberts,customer5006@email.co.uk,Manchester,England,20.0,female,Paid Social,2022-01-23,42.0
CUS05007,Oliver,Walsh,customer5007@email.co.uk,Newcastle,England,39.0,F,Direct,2023-12-29,0.0
CUS05008,Sophie,Kelly,customer5008@email.co.uk,Manchester,England,46.0,,Organic,2023-06-06,12.31
CUS05009,Grace,Smith,customer5009@email.co.uk,London,England,21.0,,Paid Social,2024-12-04,108.38
CUS05010,Priya,Thompson,customer5010@email.co.uk,London,England,25.0,M,Google Ads,2024-12-08,98.06
CUS05011,Noah,O'Brien,customer5011@email.co.uk,Leeds,England,31.0,M,Paid Social,2022-01-19,42.0
CUS05012,Nathan,Anderson,customer5012@email.co.uk,London,England,28.0,other,Google Ads,2024-01-28,75.72
CUS05013,Emma,Thomas,customer5013@email.co.uk,London,England,22.0,F,Email,2023-01-04,8.47
CUS05014,Alfie,Walsh,customer5014@email.co.uk,Manchestr,England,18.0,F,Email,2022-05-24,6.54
CUS05015,Nathan,Connor,customer5015@email.co.uk,London,England,46.0,m,Paid Social,2024-06-15,91.22
CUS05016,Alfie,Smith,customer5016@email.co.uk,Birmingham,England,33.0,f,Paid Social,2023-07-17,70.44
CUS05017,Muhammad,White,customer5017@email.co.uk,Manchester,England,19.0,Man,Paid Social,2023-01-30,59.29
CUS05018,Megan,Byrne,customer5018@email.co.uk,Manchester,England,33.0,F,Paid Social,2023-10-02,76.78
CUS05019,Rohan,Martin,customer5019@email.co.uk,Manchester,England,31.0,F,Paid Social,2022-09-26,49.9
CUS05020,Riya,Kelly,customer5020@email.co.uk,Birmingham,England,21.0,M,Organic,2024-03-31,15.94
CUS05021,Megan,Ali,customer5021@email.co.uk,London,England,37.0,F,Google Ads,2023-04-28,58.47
CUS05022,Hannah,Brown,customer5022@email.co.uk,edinburgh,Scotland,39.0,F,Paid Social,2024-12-01,108.38
CUS05023,Arjun,Jones,customer5023@email.co.uk,glasgow,Scotland,47.0,Woman,Google Ads,2024-01-30,75.72
CUS05024,Isla,McCarthy,customer5024@email.co.uk,Manchester,England,28.0,M,Google Ads,2024-08-23,89.96
CUS05025,Sophie,Brown,customer5025@email.co.uk,Bristol,England,18.0,F,Email,2024-12-03,15.48
CUS05026,Sara,Wilson,customer5026@email.co.uk,manchester,England,22.0,M,Paid Social,2022-06-14,45.78
CUS05027,Amelia,Kumar,customer5027@email.co.uk,Edinburgh,Scotland,22.0,F,Google Ads,2024-08-05,89.96
CUS05028,Ethan,Wilson,customer5028@email.co.uk,Manchester,England,27.0,f,Google Ads,2023-08-05,63.73
CUS05029,Isla,McCarthy,customer5029@email.co.uk,London,England,20.0,female,Paid Social,2023-10-14,76.78
CUS05030,Lucas,Lewis,customer5030@email.co.uk,Leeds,England,36.0,Man,Paid Social,2023-12-21,76.78
CUS05031,Isla,Clark,customer5031@email.co.uk,Manchester,England,43.0,OTHER,Paid Social,2024-02-08,83.69
CUS05032,Aiden,McCarthy,customer5032@email.co.uk,Newcastle,England,28.0,F,Google Ads,2024-09-28,89.96
CUS05033,Alfie,Sharma,customer5033@email.co.uk,London,England,18.0,F,Paid Social,2022-11-02,54.39
CUS05034,Poppy,Clark,customer5034@email.co.uk,Sheffield,England,39.0,F,Direct,2024-01-27,0.0
CUS05035,Lucas,Sharma,customer5035@email.co.uk,Newcastle,England,20.0,F,Direct,2024-05-14,0.0
CUS05036,Charlie,Singh,customer5036@email.co.uk,Liverpool,England,26.0,Man,Google Ads,2023-05-29,58.47
CUS05037,Hannah,White,customer5037@email.co.uk,Leeds,England,44.0,M,Paid Social,2022-08-06,49.9
CUS05038,Amelia,Thomas,customer5038@email.co.uk,Birmigham,England,25.0,M,Google Ads,2024-11-08,98.06
CUS05039,Jessica,Roberts,customer5039@email.co.uk,Birmingham,England,33.0,F,Google Ads,2022-04-18,41.42
CUS05040,Riya,Roberts,customer5040@email.co.uk,Leeds,England,21.0,M,Google Ads,2024-02-15,75.72
CUS05041,Hannah,Anderson,customer5041@email.co.uk,London,England,45.0,M,Paid Social,2023-12-29,76.78
CUS05042,Grace,Byrne,customer5042@email.co.uk,Edinburgh,Scotland,26.0,M,Google Ads,2024-02-28,75.72
CUS05043,Amelia,Anderson,customer5043@email.co.uk,Bristol,England,18.0,M,Organic,2024-11-26,20.64
CUS05044,Ava,White,customer5044@email.co.uk,Newcastle,England,18.0,F,Google Ads,2024-12-14,98.06
CUS05045,Leo,Hussain,customer5045@email.co.uk,Sheffield,England,20.0,F,Referral,2022-11-27,18.13
CUS05046,George,O'Brien,customer5046@email.co.uk,London,England,34.0,F,Paid Social,2024-05-22,91.22
CUS05047,Ethan,Khan,customer5047@email.co.uk,Sheffield,England,28.0,FEMALE,Email,2024-08-12,14.2
CUS05048,Priya,Davies,customer5048@email.co.uk,Cardiff,Wales,41.0,F,Paid Social,2023-10-27,76.78
CUS05049,Poppy,Brown,customer5049@email.co.uk,Manchester,England,30.0,Female,Google Ads,2024-05-12,82.53
CUS05050,Natalie,Ryan,customer5050@email.co.uk,Newcastle,England,24.0,M,Paid Social,2022-02-24,42.0
CUS05051,Oliver,Jones,customer5051@email.co.uk,Bristol,England,41.0,,Google Ads,2023-08-27,63.73
CUS05052,Rohan,Evans,customer5052@email.co.uk,Leeds,England,39.0,M,Google Ads,2023-08-06,63.73
CUS05053,Ella,McCarthy,customer5053@email.co.uk,London,England,33.0,M,Email,2024-07-13,14.2
CUS05054,Lauren,Davies,customer5054@email.co.uk,Manchester,England,18.0,Non-binary,Google Ads,2023-02-15,53.64
CUS05055,Charlie,Ahmed,customer5055@email.co.uk,Cardiff,Wales,35.0,Other,Google Ads,2024-11-16,98.06
CUS05056,Ava,Flynn,customer5056@email.co.uk,Manchester,England,20.0,other,Paid Social,2024-05-19,91.22
CUS05057,Logan,Ryan,customer5057@email.co.uk,Birmingham,England,25.0,m,Paid Social,2024-06-16,91.22
CUS05058,Liam,Ahmed,customer5058@email.co.uk,London,England,21.0,F,Paid Social,2024-11-24,108.38
CUS05059,Omar,Hussain,customer5059@email.co.uk,London,England,34.0,F,Paid Social,2023-11-08,76.78
CUS05060,Ella,Singh,customer5060@email.co.uk,Manchester,England,18.0,M,Google Ads,2023-11-02,69.47
CUS05061,Mia,Byrne,customer5061@email.co.uk,London,England,31.0,Female,Paid Social,2022-01-31,42.0
CUS05062,Aisha,Johnson,customer5062@email.co.uk,Glasgow,Scotland,33.0,M,Email,2022-06-12,6.54
CUS05063,Sara,Byrne,customer5063@email.co.uk,Edinburgh,Scotland,51.0,M,Google Ads,2024-08-09,89.96
CUS05064,Fatima,Williams,customer5064@email.co.uk,Liverpool,England,42.0,F,Referral,2024-01-19,27.9
CUS05065,Sophie,Anderson,customer5065@email.co.uk,London,England,42.0,F,Google Ads,2024-06-27,82.53
CUS05066,Emily,Johnson,customer5066@email.co.uk,Manchester,England,31.0,Woman,Paid Social,2023-08-22,70.44
CUS05067,Ella,Hussain,customer5067@email.co.uk,,,18.0,M,Paid Social,2022-09-23,49.9
CUS05068,Ryan,Thompson,customer5068@email.co.uk,Birmingham,England,41.0,F,Google Ads,2022-07-16,45.15
CUS05069,Dylan,O'Brien,customer5069@email.co.uk,London,England,34.0,F,Paid Social,2024-11-23,108.38
CUS05070,Poppy,Brown,customer5070@email.co.uk,London,England,49.0,FEMALE,Google Ads,2024-06-19,82.53
CUS05071,Grace,Singh,customer5071@email.co.uk,London,England,26.0,F,Paid Social,2022-09-03,49.9
CUS05072,Logan,Lewis,customer5072@email.co.uk,london,England,30.0,F,Google Ads,2023-02-20,53.64
CUS05073,Omar,Hall,customer5073@email.co.uk,Birmingham,England,28.0,F,Paid Social,2022-10-13,54.39
CUS05074,Dylan,Clark,customer5074@email.co.uk,London,England,18.0,F,Paid Social,2023-04-08,64.62
CUS05075,Fatima,Murphy,customer5075@email.co.uk,BIRMINGHAM,England,27.0,M,Google Ads,2024-02-09,75.72
CUS05076,Aisha,Williams,customer5076@email.co.uk,London,England,30.0,M,Google Ads,2023-08-03,63.73
CUS05077,Ryan,Murphy,customer5077@email.co.uk,Shefield,England,24.0,M,Paid Social,2024-09-17,99.43
CUS05078,Ethan,Walsh,customer5078@email.co.uk,Nottingham,England,20.0,M,Paid Social,2022-04-29,45.78
CUS05079,Oliver,O'Brien,customer5079@email.co.uk,Leeds,England,33.0,F,Paid Social,2022-03-18,42.0
CUS05080,Amelia,Byrne,customer5080@email.co.uk,Newcastle,England,63.0,Female,Email,2024-08-05,14.2
CUS05081,Sophie,Hall,customer5081@email.co.uk,Londen,England,39.0,F,Paid Social,2024-09-20,99.43
CUS05082,Charlie,Murphy,customer5082@email.co.uk,Manchester,England,49.0,MALE,Direct,2024-03-25,0.0
CUS05083,Emma,Brown,customer5083@email.co.uk,Leeds,England,22.0,M,Paid Social,2022-12-04,54.39
CUS05084,George,Johnson,customer5084@email.co.uk,Birmingham,England,37.0,F,Google Ads,2024-01-10,75.72
CUS05085,Ryan,Kumar,customer5085@email.co.uk,London,England,26.0,F,Paid Social,2022-06-11,45.78
CUS05086,Ethan,O'Brien,customer5086@email.co.uk,Manchester,England,22.0,M,Google Ads,2023-11-13,69.47
CUS05087,Chloe,Lewis,customer5087@email.co.uk,Manchester,England,41.0,m,Organic,2023-09-05,13.42
CUS05088,Hannah,Patel,customer5088@email.co.uk,Sheffield,England,44.0,F,Paid Social,2022-05-25,45.78
CUS05089,Lucas,Burke,customer5089@email.co.uk,London,England,20.0,M,Google Ads,2024-07-03,89.96
CUS05090,Freddie,Malik,customer5090@email.co.uk,Glasgow,Scotland,42.0,m,Paid Social,2024-11-19,108.38
CUS05091,Oliver,Connor,customer5091@email.co.uk,Liverpool,England,26.0,M,Google Ads,2022-08-13,45.15
CUS05092,Noah,Ahmed,customer5092@email.co.uk,Manchester,England,36.0,M,Google Ads,2024-10-17,98.06
CUS05093,Lily,Roberts,customer5093@email.co.uk,Birmingham,England,26.0,F,Google Ads,2022-05-08,41.42
CUS05094,Ethan,Khan,customer5094@email.co.uk,Bristol,England,18.0,male,Google Ads,2024-06-04,82.53
CUS05095,Muhammad,Sharma,customer5095@email.co.uk,liverpool,England,54.0,female,Google Ads,2024-09-19,89.96
CUS05096,Grace,Kelly,customer5096@email.co.uk,Glasgow,Scotland,30.0,f,Google Ads,2023-11-07,69.47
CUS05097,James,Roberts,customer5097@email.co.uk,London,England,40.0,F,Email,2024-08-26,14.2
CUS05098,Freddie,Anderson,customer5098@email.co.uk,Leeds,England,34.0,M,Google Ads,2024-11-24,98.06
CUS05099,Mason,Thompson,customer5099@email.co.uk,London,England,32.0,F,Paid Social,2023-12-01,76.78
CUS05100,Aiden,Patel,customer5100@email.co.uk,Birmingham,England,26.0,F,Paid Social,2024-01-08,83.69
CUS05101,Lucas,Thomas,customer5101@email.co.uk,Manchester,England,46.0,F,Email,2024-11-18,15.48
CUS05102,Ella,Kumar,customer5102@email.co.uk,London,England,33.0,M,Google Ads,2023-02-13,53.64
CUS05103,Natalie,McCarthy,customer5103@email.co.uk,Manchestr,England,41.0,M,Google Ads,2024-06-03,82.53
CUS05104,Hannah,Williams,customer5104@email.co.uk,Newcastle,England,38.0,,Google Ads,2024-05-24,82.53
CUS05105,Priya,Flynn,customer5105@email.co.uk,London,England,18.0,F,Google Ads,2024-04-07,82.53
CUS05106,Lauren,Robinson,customer5106@email.co.uk,Cardiff,Wales,34.0,Other,Google Ads,2024-04-04,82.53
CUS05107,Liam,Williams,customer5107@email.co.uk,Birmingham,England,27.0,F,Email,2022-12-20,7.77
CUS05108,Omar,Roberts,customer5108@email.co.uk,Leeds,England,18.0,M,Paid Social,2024-11-05,108.38
CUS05109,Zoe,Flynn,customer5109@email.co.uk,London,England,27.0,F,Paid Social,2024-02-13,83.69
CUS05110,Ella,Brown,customer5110@email.co.uk,LONDON,England,34.0,M,Email,2023-04-19,9.23
CUS05111,Hassan,Hall,customer5111@email.co.uk,Birmingham,England,18.0,F,Paid Social,2022-11-05,54.39
CUS05112,Mason,Sharma,customer5112@email.co.uk,Sheffield,England,23.0,M,Referral,2024-06-08,30.41
CUS05113,Priya,Murphy,customer5113@email.co.uk,London,England,26.0,F,Google Ads,2022-02-16,38.0
CUS05114,Lily,Ali,customer5114@email.co.uk,London,England,52.0,M,,2023-11-19,76.78
CUS05115,Chloe,Ahmed,customer5115@email.co.uk,London,England,29.0,F,Google Ads,2022-11-14,49.21
CUS05116,Isla,Lewis,customer5116@email.co.uk,Birmingham,England,57.0,F,Paid Social,2024-11-14,108.38
CUS05117,Hannah,Thompson,customer5117@email.co.uk,London,England,29.0,Woman,Paid Social,2024-05-30,91.22
CUS05118,Poppy,Murphy,customer5118@email.co.uk,London,England,55.0,FEMALE,Paid Social,2023-09-05,70.44
CUS05119,Jessica,White,customer5119@email.co.uk,London,England,35.0,Male,Google Ads,2024-01-28,75.72
CUS05120,Grace,Connor,customer5120@email.co.uk,Birmingham,England,40.0,F,Paid Social,2023-10-14,76.78
CUS05121,Alfie,Anderson,customer5121@email.co.uk,Glasgow,Scotland,34.0,M,Google Ads,2022-05-12,41.42
CUS05122,Emma,Brown,customer5122@email.co.uk,Newcastle,England,18.0,F,Paid Social,2023-08-08,70.44
CUS05123,Logan,Walsh,customer5123@email.co.uk,London,England,31.0,F,Paid Social,2024-02-06,83.69
CUS05124,Aisha,Clark,customer5124@email.co.uk,,,28.0,OTHER,Paid Social,2023-11-03,76.78
CUS05125,George,Wilson,customer5125@email.co.uk,Leeds,England,30.0,M,Google Ads,2024-12-01,98.06
CUS05126,Sara,Evans,customer5126@email.co.uk,Birmingham,England,33.0,female,Paid Social,2023-06-11,64.62
CUS05127,Ethan,Murphy,customer5127@email.co.uk,London,England,21.0,M,Google Ads,2023-11-20,69.47
CUS05128,Poppy,O'Brien,customer5128@email.co.uk,London,England,36.0,F,Paid Social,2023-06-15,64.62
CUS05129,Noah,O'Brien,customer5129@email.co.uk,Newcastle,England,31.0,M,Direct,2024-10-28,0.0
CUS05130,Mason,Clark,customer5130@email.co.uk,London,England,35.0,F,Paid Social,2024-11-14,108.38
CUS05131,Leo,Murphy,customer5131@email.co.uk,Cardiff,Wales,34.0,M,Google Ads,2023-10-04,69.47
CUS05132,Freddie,Taylor,customer5132@email.co.uk,BIRMINGHAM,England,31.0,M,Paid Social,2022-10-31,54.39
CUS05133,Amelia,Martin,customer5133@email.co.uk,Glasgow,Scotland,20.0,F,Paid Social,2023-09-02,70.44
CUS05134,Ella,Murphy,customer5134@email.co.uk,Leeds,England,34.0,Man,Direct,2024-08-21,0.0
CUS05135,Lauren,Roberts,customer5135@email.co.uk,Sheffield,England,-1.0,M,Paid Social,2023-06-10,64.62
CUS05136,Poppy,O'Brien,customer5136@email.co.uk,London,England,32.0,male,Google Ads,2024-11-14,98.06
CUS05137,Jessica,Malik,customer5137@email.co.uk,Birmingham,England,22.0,Woman,Paid Social,2024-08-20,99.43
CUS05138,James,Evans,customer5138@email.co.uk,Manchestor,England,29.0,FEMALE,Google Ads,2022-08-17,45.15
CUS05139,Aiden,Clark,customer5139@email.co.uk,Birmingham,England,25.0,M,Organic,2023-11-20,14.62
CUS05140,Omar,Robinson,customer5140@email.co.uk,Newcastle,England,18.0,F,Paid Social,2024-10-17,108.38
CUS05141,Chloe,Burke,customer5141@email.co.uk,Manchester,England,33.0,M,Paid Social,2024-11-24,108.38
CUS05142,Lily,Evans,customer5142@email.co.uk,Bristol,England,38.0,M,Paid Social,2022-07-20,49.9
CUS05143,Lily,Kelly,customer5143@email.co.uk,Birmingham,England,26.0,F,Organic,2022-07-04,9.5
CUS05144,Jack,Clark,customer5144@email.co.uk,London,England,25.0,M,Email,2023-10-21,10.97
CUS05145,Riya,Johnson,customer5145@email.co.uk,Sheffield,England,40.0,M,Paid Social,2023-11-11,76.78
CUS05146,Ava,Thomas,customer5146@email.co.uk,Bristol,England,42.0,Man,Paid Social,2022-12-27,54.39
CUS05147,Megan,Walsh,customer5147@email.co.uk,London,England,41.0,M,Paid Social,2024-11-07,108.38
CUS05148,Natalie,Malik,customer5148@email.co.uk,Manchester,England,35.0,Male,Google Ads,2022-11-29,49.21
CUS05149,Freddie,O'Brien,customer5149@email.co.uk,Birmingham,England,22.0,Other,Google Ads,2024-05-14,82.53
CUS05150,James,Roberts,customer5150@email.co.uk,Londen,England,38.0,male,Paid Social,2024-07-05,99.43
CUS05151,Emily,Byrne,customer5151@email.co.uk,London,England,43.0,M,Paid Social,2022-03-10,42.0
CUS05152,Ethan,Hall,customer5152@email.co.uk,Edinburgh,Scotland,18.0,M,Organic,2022-04-13,8.72
CUS05153,Lily,Taylor,customer5153@email.co.uk,Leeds,England,50.0,F,Organic,2024-01-30,15.94
CUS05154,Muhammad,Malik,customer5154@email.co.uk,Newcastle,England,55.0,M,Paid Social,2022-07-15,49.9
CUS05155,George,Thompson,customer5155@email.co.uk,London,England,18.0,M,Direct,2022-10-14,0.0
CUS05156,Lucas,Clark,customer5156@email.co.uk,Birmingham,England,18.0,F,Paid Social,2024-10-06,108.38
CUS05157,Ryan,Roberts,customer5157@email.co.uk,Leeds,England,24.0,female,Email,2023-09-19,10.06
CUS05158,Isabella,Wilson,customer5158@email.co.uk,Glasgow,Scotland,34.0,Male,Google Ads,2023-06-30,58.47
CUS05159,Freddie,Robinson,customer5159@email.co.uk,London,England,40.0,,Paid Social,2024-11-22,108.38
CUS05160,Chloe,Anderson,customer5160@email.co.uk,London,England,34.0,M,Google Ads,2023-08-31,63.73
CUS05161,Ryan,Johnson,customer5161@email.co.uk,Birmingham,England,50.0,M,Google Ads,2022-11-17,49.21
CUS05162,Charlie,Khan,customer5162@email.co.uk,Newcastle,England,,M,Google Ads,2023-08-21,63.73
CUS05163,Nathan,Khan,customer5163@email.co.uk,LONDON,England,34.0,MALE,Direct,2023-10-18,0.0
CUS05164,Hannah,Ali,customer5164@email.co.uk,Liverpool,England,35.0,M,Google Ads,2024-09-02,89.96
CUS05165,Olivia,White,customer5165@email.co.uk,,,38.0,F,Paid Social,2024-09-11,99.43
CUS05166,Leo,Lewis,customer5166@email.co.uk,Liverpool,England,48.0,Male,Paid Social,2022-11-11,54.39
CUS05167,Aiden,Smith,customer5167@email.co.uk,Glasgow,Scotland,40.0,F,Google Ads,2023-08-26,63.73
CUS05168,Sara,Burke,customer5168@email.co.uk,Manchester,England,42.0,M,Google Ads,2024-11-27,98.06
CUS05169,Emma,Evans,customer5169@email.co.uk,Birmingham,England,19.0,Male,Google Ads,2022-11-15,49.21
CUS05170,George,Davies,customer5170@email.co.uk,Glasgow,Scotland,37.0,F,Paid Social,2022-11-09,54.39
CUS05171,Dylan,Johnson,customer5171@email.co.uk,London,England,35.0,M,Paid Social,2023-07-30,70.44
CUS05172,Poppy,Evans,customer5172@email.co.uk,cardiff,Wales,34.0,m,Paid Social,2024-11-16,108.38
CUS05173,Poppy,Robinson,customer5173@email.co.uk,London,England,45.0,Woman,Google Ads,2023-04-07,58.47
CUS05174,Jack,Khan,customer5174@email.co.uk,Manchester,England,41.0,M,Paid Social,2023-11-27,76.78
CUS05175,Noah,Brown,customer5175@email.co.uk,Manchester,England,33.0,F,Email,2022-11-28,7.77
CUS05176,Sara,Ali,customer5176@email.co.uk,Birmingham,England,37.0,Man,,2022-09-07,45.15
CUS05177,Hannah,Shah,customer5177@email.co.uk,Edinburgh,Scotland,32.0,MALE,Organic,2023-04-17,12.31
CUS05178,Charlie,Williams,customer5178@email.co.uk,London,England,31.0,MALE,Google Ads,2023-09-16,63.73
CUS05179,Hannah,Thomas,customer5179@email.co.uk,Bristol,England,23.0,M,Paid Social,2024-06-30,91.22
CUS05180,Zoe,Walsh,customer5180@email.co.uk,Liverpool,England,28.0,F,Google Ads,2023-08-10,63.73
CUS05181,Charlie,O'Brien,customer5181@email.co.uk,Manchester,England,20.0,female,Paid Social,2024-08-08,99.43
CUS05182,Natalie,Kumar,customer5182@email.co.uk,Cardiff,Wales,18.0,F,Google Ads,2024-11-17,98.06
CUS05183,Muhammad,Davies,customer5183@email.co.uk,Liverpool,England,44.0,MALE,Paid Social,2022-06-21,45.78
CUS05184,Muhammad,Davies,customer5184@email.co.uk,London,England,18.0,M,,2024-05-16,91.22
CUS05185,Alfie,Hussain,customer5185@email.co.uk,Brumingham,England,30.0,M,Paid Social,2023-01-05,59.29
CUS05186,Charlie,Patel,customer5186@email.co.uk,Birmingham,England,35.0,Woman,Google Ads,2023-06-12,58.47
CUS05187,Jack,Robinson,customer5187@email.co.uk,,,21.0,F,Paid Social,2022-06-19,45.78
CUS05188,Isabella,Kelly,customer5188@email.co.uk,Leeds,England,56.0,M,Email,2024-01-10,11.96
CUS05189,Riya,Connor,customer5189@email.co.uk,London,England,23.0,M,Referral,2024-10-05,36.13
CUS05190,Jack,Patel,customer5190@email.co.uk,Manchester,England,18.0,M,Referral,2023-04-12,21.54
CUS05191,Ethan,Wilson,customer5191@email.co.uk,Birmingham,England,30.0,m,Paid Social,2024-05-15,91.22
CUS05192,Riya,O'Brien,customer5192@email.co.uk,Manchester,England,30.0,M,Email,2024-08-29,14.2
CUS05193,Ava,Kelly,customer5193@email.co.uk,London,England,39.0,FEMALE,Paid Social,2023-08-12,70.44
CUS05194,Grace,Wilson,customer5194@email.co.uk,Birmingham,England,44.0,M,Google Ads,2023-02-22,53.64
CUS05195,Emily,Anderson,customer5195@email.co.uk,Bristol,England,28.0,M,Google Ads,2022-08-16,45.15
CUS05196,Aisha,Thomas,customer5196@email.co.uk,Leeds,England,29.0,M,Paid Social,2024-11-20,108.38
CUS05197,James,Burke,customer5197@email.co.uk,Sheffield,England,31.0,M,Paid Social,2023-04-06,64.62
CUS05198,Freddie,Burke,customer5198@email.co.uk,Leeds,England,,M,Paid Social,2024-04-12,91.22
CUS05199,Sara,Smith,customer5199@email.co.uk,London,England,37.0,F,Paid Social,2023-10-12,76.78
CUS05200,James,Brown,customer5200@email.co.uk,London,England,31.0,Other,Paid Social,2024-09-25,99.43
CUS05201,Olivia,Clark,customer5201@email.co.uk,Leeds,England,35.0,F,Paid Social,2023-04-19,64.62
CUS05202,Ella,Clark,customer5202@email.co.uk,London,England,35.0,M,Paid Social,2024-09-27,99.43
CUS05203,Emily,Wilson,customer5203@email.co.uk,London,England,47.0,F,Google Ads,2024-11-12,98.06
CUS05204,Charlie,Patel,customer5204@email.co.uk,,,29.0,Female,Email,2024-09-23,14.2
CUS05205,Ava,Connor,customer5205@email.co.uk,Sheffield,England,23.0,female,Google Ads,2023-04-16,58.47
CUS05206,Lauren,Smith,customer5206@email.co.uk,London,England,35.0,m,Paid Social,2023-03-13,59.29
CUS05207,Olivia,Kelly,customer5207@email.co.uk,Liverpool,England,34.0,F,Google Ads,2023-08-14,63.73
CUS05208,Isla,Burke,customer5208@email.co.uk,Leeds,England,43.0,Woman,Paid Social,2024-08-01,99.43
CUS05209,Logan,Walsh,customer5209@email.co.uk,London,England,30.0,M,Google Ads,2024-03-22,75.72
CUS05210,Hannah,Williams,customer5210@email.co.uk,Newcastle,England,39.0,M,Google Ads,2022-12-26,49.21
CUS05211,Alfie,Evans,customer5211@email.co.uk,Leeds,England,40.0,,Paid Social,2023-09-26,70.44
CUS05212,Poppy,White,customer5212@email.co.uk,NEWCASTLE,England,18.0,M,Email,2022-12-11,7.77
CUS05213,Priya,Taylor,customer5213@email.co.uk,Manchester,England,18.0,m,Paid Social,2024-08-27,99.43
CUS05214,Noah,Evans,customer5214@email.co.uk,birmingham,England,50.0,M,Email,2024-10-14,15.48
CUS05215,Lily,Clark,customer5215@email.co.uk,Leeds,England,,M,Paid Social,2023-05-09,64.62
CUS05216,Omar,Ali,customer5216@email.co.uk,London,England,18.0,F,Paid Social,2024-12-05,108.38
CUS05217,Zoe,Hussain,customer5217@email.co.uk,London,England,18.0,M,Email,2023-11-04,10.97
CUS05218,Ethan,O'Brien,customer5218@email.co.uk,Leeds,England,34.0,M,Paid Social,2023-07-10,70.44
CUS05219,Harry,Flynn,customer5219@email.co.uk,Birmingham,England,30.0,M,Paid Social,2022-03-23,42.0
CUS05220,Ava,Brown,customer5220@email.co.uk,London,England,21.0,Male,Paid Social,2023-04-26,64.62
CUS05221,Ella,Kumar,customer5221@email.co.uk,Leeds,England,33.0,M,Google Ads,2024-10-04,98.06
CUS05222,Jack,Ahmed,customer5222@email.co.uk,London,England,29.0,M,Paid Social,2024-06-01,91.22
CUS05223,Rohan,Singh,customer5223@email.co.uk,Birmingham,England,22.0,M,Email,2024-11-21,15.48
CUS05224,Nathan,McCarthy,customer5224@email.co.uk,Liverpool,England,36.0,M,Google Ads,2022-03-11,38.0
CUS05225,Lucas,Kelly,customer5225@email.co.uk,Liverpool,England,29.0,female,Google Ads,2024-08-07,89.96
CUS05226,Riya,Singh,customer5226@email.co.uk,London,England,26.0,F,Google Ads,2023-11-21,69.47
CUS05227,Olivia,Taylor,customer5227@email.co.uk,London,England,31.0,OTHER,Organic,2024-11-29,20.64
CUS05228,Natalie,Khan,customer5228@email.co.uk,Manchester,England,24.0,f,Paid Social,2024-07-06,99.43
CUS05229,Natalie,O'Brien,customer5229@email.co.uk,glasgow,Scotland,41.0,m,Paid Social,2023-11-10,76.78
CUS05230,James,Roberts,customer5230@email.co.uk,Londen,England,31.0,Man,Paid Social,2024-03-25,83.69
CUS05231,Oliver,Walsh,customer5231@email.co.uk,Sheffield,England,41.0,M,Google Ads,2024-12-10,98.06
CUS05232,Isabella,Khan,customer5232@email.co.uk,glasgow,Scotland,28.0,,Email,2022-06-11,6.54
CUS05233,Zoe,Kelly,customer5233@email.co.uk,Bristol,England,18.0,female,Paid Social,2022-11-13,54.39
CUS05234,Grace,Malik,customer5234@email.co.uk,London,England,50.0,M,Direct,2023-07-29,0.0
CUS05235,Riya,Davies,customer5235@email.co.uk,,,44.0,F,Paid Social,2023-03-18,59.29
CUS05236,Lily,Wilson,customer5236@email.co.uk,Leeds,England,37.0,F,Google Ads,2023-12-06,69.47
CUS05237,Isabella,Thomas,customer5237@email.co.uk,Edinburgh,Scotland,36.0,M,Google Ads,2024-01-13,75.72
CUS05238,Chloe,Jones,customer5238@email.co.uk,Leeds,England,27.0,F,Google Ads,2024-04-20,82.53
CUS05239,Zoe,Thompson,customer5239@email.co.uk,Birmingham,England,31.0,F,Paid Social,2022-01-25,42.0
CUS05240,Lucas,Murphy,customer5240@email.co.uk,London,England,39.0,M,Google Ads,2024-10-14,98.06
CUS05241,Ava,Shah,customer5241@email.co.uk,Sheffield,England,32.0,MALE,Paid Social,2022-11-02,54.39
CUS05242,Liam,Clark,customer5242@email.co.uk,Birmingham,England,47.0,male,Paid Social,2022-06-13,45.78
CUS05243,Freddie,Hall,customer5243@email.co.uk,Birmingham,England,18.0,m,Paid Social,2024-08-26,99.43
CUS05244,Rohan,Ahmed,customer5244@email.co.uk,London,England,18.0,M,Paid Social,2022-11-27,54.39
CUS05245,Ava,Hall,customer5245@email.co.uk,London,England,18.0,M,Paid Social,2023-01-23,59.29
CUS05246,George,Flynn,customer5246@email.co.uk,Manchester,England,40.0,M,Paid Social,2023-04-05,64.62
CUS05247,Riya,Burke,customer5247@email.co.uk,Liverpool,England,39.0,Woman,Paid Social,2022-11-30,54.39
CUS05248,Oliver,Jones,customer5248@email.co.uk,Manchester,England,50.0,female,Paid Social,2024-04-28,91.22
CUS05249,Rohan,Hall,customer5249@email.co.uk,Londen,England,31.0,male,Paid Social,2022-10-19,54.39
CUS05250,Liam,Burke,customer5250@email.co.uk,Newcastle,England,34.0,M,Google Ads,2024-10-18,98.06
CUS05251,Ryan,Clark,customer5251@email.co.uk,Newcastle,England,28.0,F,Referral,2023-11-30,25.59
CUS05252,Rohan,Hall,customer5252@email.co.uk,Liverpool,England,36.0,F,Paid Social,2024-07-21,99.43
CUS05253,Amelia,Ali,customer5253@email.co.uk,Birmingham,England,30.0,f,Paid Social,2024-11-12,108.38
CUS05254,Mason,Thompson,customer5254@email.co.uk,London,England,37.0,F,Paid Social,2024-11-12,108.38
CUS05255,Noah,Malik,customer5255@email.co.uk,London,England,58.0,f,Paid Social,2024-01-28,83.69
CUS05256,Natalie,Evans,customer5256@email.co.uk,Glasgow,Scotland,30.0,Male,Paid Social,2024-05-20,91.22
CUS05257,Alfie,Anderson,customer5257@email.co.uk,London,England,27.0,f,Paid Social,2022-12-28,54.39
CUS05258,Hannah,Clark,customer5258@email.co.uk,London,England,36.0,F,Organic,2023-04-30,12.31
CUS05259,Harry,Hall,customer5259@email.co.uk,Leedes,England,48.0,M,Paid Social,2023-10-28,76.78
CUS05260,Riya,McCarthy,customer5260@email.co.uk,Nottingham,England,50.0,Other,Paid Social,2023-05-09,64.62
CUS05261,Grace,Murphy,customer5261@email.co.uk,Sheffield,England,18.0,M,Google Ads,2023-10-13,69.47
CUS05262,Mia,Sharma,customer5262@email.co.uk,London,England,41.0,Male,Organic,2023-09-05,13.42
CUS05263,Emma,Jones,customer5263@email.co.uk,Newcastle,England,56.0,F,Google Ads,2023-10-04,69.47
CUS05264,Hannah,Shah,customer5264@email.co.uk,London,England,59.0,M,Paid Social,2023-07-20,70.44
CUS05265,Lily,Williams,customer5265@email.co.uk,London,England,18.0,M,Paid Social,2022-11-13,54.39
CUS05266,Nathan,Taylor,customer5266@email.co.uk,Bristol,England,41.0,F,Organic,2024-05-22,17.38
CUS05267,Grace,Hussain,customer5267@email.co.uk,Liverpool,England,19.0,MALE,Google Ads,2022-11-29,49.21
CUS05268,James,Khan,customer5268@email.co.uk,Bristol,England,36.0,M,Paid Social,2022-10-11,54.39
CUS05269,Ethan,Martin,customer5269@email.co.uk,Bristol,England,18.0,M,Paid Social,2022-12-02,54.39
CUS05270,Noah,Burke,customer5270@email.co.uk,,,26.0,f,Google Ads,2023-11-23,69.47
CUS05271,Oliver,Walsh,customer5271@email.co.uk,London,England,32.0,male,Direct,2022-03-09,0.0
CUS05272,Mia,O'Brien,customer5272@email.co.uk,Manchester,England,27.0,FEMALE,,2024-04-01,82.53
CUS05273,Ethan,Robinson,customer5273@email.co.uk,Leeds,England,35.0,F,,2023-03-17,11.29
CUS05274,Yusuf,Johnson,customer5274@email.co.uk,Shefield,England,18.0,F,Google Ads,2023-03-04,53.64
CUS05275,Noah,Hussain,customer5275@email.co.uk,Manchester,England,31.0,F,Paid Social,2024-04-01,91.22
CUS05276,Oliver,Ahmed,customer5276@email.co.uk,sheffield,England,45.0,Male,Organic,2024-07-26,18.94
CUS05277,Aisha,Ali,customer5277@email.co.uk,Glasgow,Scotland,35.0,M,Paid Social,2022-08-20,49.9
CUS05278,Lauren,Evans,customer5278@email.co.uk,Londen,England,18.0,Woman,Google Ads,2024-03-21,75.72
CUS05279,Priya,Burke,customer5279@email.co.uk,Manchester,England,34.0,Male,Google Ads,2022-02-04,38.0
CUS05280,Chloe,Williams,customer5280@email.co.uk,London,England,37.0,Man,Google Ads,2024-12-27,98.06
CUS05281,Harry,Ali,customer5281@email.co.uk,Sheffield,England,40.0,F,,2022-11-18,54.39
CUS05282,Ryan,Ryan,customer5282@email.co.uk,LONDON,England,18.0,F,Google Ads,2023-07-30,63.73
CUS05283,Oliver,Kelly,customer5283@email.co.uk,Glasgow,Scotland,39.0,other,Paid Social,2023-09-01,70.44
CUS05284,Leo,Williams,customer5284@email.co.uk,Sheffield,England,42.0,FEMALE,Paid Social,2023-03-19,59.29
CUS05285,Ethan,Wilson,customer5285@email.co.uk,Leeds,England,36.0,F,Organic,2024-09-27,18.94
CUS05286,Rohan,Davies,customer5286@email.co.uk,Sheffield,England,18.0,M,Google Ads,2024-12-28,98.06
CUS05287,Zoe,Johnson,customer5287@email.co.uk,Liverpool,England,48.0,Female,Referral,2022-10-08,18.13
CUS05288,Isla,Davies,customer5288@email.co.uk,London,England,42.0,MALE,Paid Social,2022-07-25,49.9
CUS05289,Jessica,Malik,customer5289@email.co.uk,Birmingham,England,34.0,Man,Google Ads,2022-12-13,49.21
CUS05290,Logan,Patel,customer5290@email.co.uk,Bristol,England,42.0,FEMALE,Google Ads,2023-06-08,58.47
CUS05291,Rohan,Roberts,customer5291@email.co.uk,Glasgow,Scotland,53.0,F,Paid Social,2022-01-01,42.0
CUS05292,Olivia,Flynn,customer5292@email.co.uk,London,England,42.0,F,Paid Social,2023-06-07,64.62
CUS05293,Fatima,Shah,customer5293@email.co.uk,London,England,49.0,Male,Paid Social,2023-12-18,76.78
CUS05294,James,Wilson,customer5294@email.co.uk,Birmingham,England,18.0,MALE,Paid Social,2022-10-27,54.39
CUS05295,George,Connor,customer5295@email.co.uk,Bristol,England,38.0,M,Paid Social,2023-01-29,59.29
CUS05296,Sara,Burke,customer5296@email.co.uk,Manchester,England,41.0,Female,Email,2023-08-14,10.06
CUS05297,Ryan,Evans,customer5297@email.co.uk,Glasgow,Scotland,33.0,M,Paid Social,2023-09-02,70.44
CUS05298,Lauren,McCarthy,customer5298@email.co.uk,NOTTINGHAM,England,48.0,F,Direct,2023-12-09,0.0
CUS05299,Muhammad,White,customer5299@email.co.uk,London,England,32.0,M,Paid Social,2022-08-14,49.9
CUS05300,Yusuf,Patel,customer5300@email.co.uk,Glasgow,Scotland,21.0,f,Organic,2023-11-30,14.62
CUS05301,Leo,Malik,customer5301@email.co.uk,Londen,England,34.0,M,Email,2024-05-05,13.03
CUS05302,Fatima,Williams,customer5302@email.co.uk,London,England,46.0,M,Email,2024-12-31,15.48
CUS05303,Arjun,Anderson,customer5303@email.co.uk,Birmingham,England,35.0,F,Paid Social,2023-10-29,76.78
CUS05304,Leo,Evans,customer5304@email.co.uk,London,England,56.0,M,Paid Social,2024-12-06,108.38
CUS05305,George,Flynn,customer5305@email.co.uk,Edinburgh,Scotland,,male,Paid Social,2023-08-30,70.44
CUS05306,Zoe,Ali,customer5306@email.co.uk,Leeds,England,26.0,M,Google Ads,2024-11-03,98.06
CUS05307,Mason,Murphy,customer5307@email.co.uk,Manchester,England,23.0,F,Paid Social,2024-06-07,91.22
CUS05308,Noah,Khan,customer5308@email.co.uk,Newcastle,England,62.0,Female,Paid Social,2023-06-02,64.62
CUS05309,Fatima,White,customer5309@email.co.uk,Leeds,England,35.0,M,Referral,2022-04-24,15.26
CUS05310,Zoe,Roberts,customer5310@email.co.uk,London,England,32.0,M,Paid Social,2023-03-06,59.29
CUS05311,Grace,Byrne,customer5311@email.co.uk,Manchester,England,18.0,Man,Paid Social,2022-06-23,45.78
CUS05312,Muhammad,Clark,customer5312@email.co.uk,London,England,29.0,,Google Ads,2023-06-29,58.47
CUS05313,Arjun,Hall,customer5313@email.co.uk,London,England,18.0,M,Google Ads,2024-07-04,89.96
CUS05314,Fatima,Thompson,customer5314@email.co.uk,London,England,43.0,F,Google Ads,2023-11-27,69.47
CUS05315,Nathan,McCarthy,customer5315@email.co.uk,Glasgow,Scotland,28.0,F,Email,2023-11-29,10.97
CUS05316,Jessica,Sharma,customer5316@email.co.uk,Birmingham,England,46.0,M,Paid Social,2024-08-11,99.43
CUS05317,Sophie,Byrne,customer5317@email.co.uk,Birmingham,England,25.0,F,Paid Social,2024-08-29,99.43
CUS05318,Poppy,Johnson,customer5318@email.co.uk,Glasgow,Scotland,33.0,M,Paid Social,2024-07-15,99.43
CUS05319,Amelia,Walker,customer5319@email.co.uk,Bristol,England,19.0,M,Paid Social,2024-06-20,91.22
CUS05320,Emma,Ahmed,customer5320@email.co.uk,Birmingham,England,31.0,F,Paid Social,2023-06-22,64.62
CUS05321,Arjun,Ali,customer5321@email.co.uk,London,England,,M,Paid Social,2023-03-08,59.29
CUS05322,George,Lewis,customer5322@email.co.uk,Glasgow,Scotland,32.0,F,Paid Social,2023-11-11,76.78
CUS05323,Emma,Taylor,customer5323@email.co.uk,Sheffield,England,57.0,,Organic,2022-10-24,10.36
CUS05324,Jessica,Hall,customer5324@email.co.uk,London,England,27.0,male,Paid Social,2022-05-15,45.78
CUS05325,Charlie,Davies,customer5325@email.co.uk,,,18.0,F,Google Ads,2022-10-21,49.21
CUS05326,Charlie,Murphy,customer5326@email.co.uk,Newcastle,England,18.0,Other,Paid Social,2024-04-17,91.22
CUS05327,Leo,Khan,customer5327@email.co.uk,Sheffield,England,21.0,M,Paid Social,2024-11-18,108.38
CUS05328,Jack,Burke,customer5328@email.co.uk,Manchester,England,18.0,F,Google Ads,2024-03-31,75.72
CUS05329,Dylan,O'Brien,customer5329@email.co.uk,London,England,24.0,F,Paid Social,2024-06-02,91.22
CUS05330,Arjun,Anderson,customer5330@email.co.uk,GLASGOW,Scotland,36.0,f,Email,2022-05-27,6.54
CUS05331,Hannah,Flynn,customer5331@email.co.uk,Birmingham,England,29.0,F,Paid Social,2023-05-19,64.62
CUS05332,Olivia,Brown,customer5332@email.co.uk,Sheffield,England,24.0,M,Referral,2024-02-24,27.9
CUS05333,Aisha,O'Brien,customer5333@email.co.uk,Birmingham,England,24.0,M,Google Ads,2023-10-11,69.47
CUS05334,Freddie,Hall,customer5334@email.co.uk,Manchester,England,46.0,F,Google Ads,2023-03-28,53.64
CUS05335,Lily,Wilson,customer5335@email.co.uk,Bristol,England,52.0,F,Paid Social,2024-11-24,108.38
CUS05336,Ella,Walsh,customer5336@email.co.uk,Manchester,England,44.0,F,Google Ads,2022-12-11,49.21
CUS05337,Fatima,Malik,customer5337@email.co.uk,Manchester,England,30.0,Male,,2024-04-19,82.53
CUS05338,Grace,Thomas,customer5338@email.co.uk,,,33.0,M,Paid Social,2023-10-02,76.78
CUS05339,Lucas,Connor,customer5339@email.co.uk,Leeds,England,18.0,M,Paid Social,2024-12-13,108.38
CUS05340,Priya,Jones,customer5340@email.co.uk,Edinburgh,Scotland,33.0,F,Google Ads,2022-01-05,38.0
CUS05341,Rohan,Shah,customer5341@email.co.uk,Bristol,England,43.0,F,Google Ads,2024-04-11,82.53
CUS05342,Lucas,Williams,customer5342@email.co.uk,Brumingham,England,45.0,M,Paid Social,2024-09-27,99.43
CUS05343,Isabella,Walsh,customer5343@email.co.uk,Leds,England,36.0,F,Google Ads,2024-07-25,89.96
CUS05344,George,Ahmed,customer5344@email.co.uk,Edinburgh,Scotland,30.0,Woman,Paid Social,2022-03-12,42.0
CUS05345,Amelia,Murphy,customer5345@email.co.uk,Birmingham,England,21.0,M,Paid Social,2023-04-10,64.62
CUS05346,Ava,Walker,customer5346@email.co.uk,Liverpool,England,41.0,M,Paid Social,2023-10-14,76.78
CUS05347,Ryan,Wilson,customer5347@email.co.uk,Manchester,England,29.0,F,Direct,2023-08-03,0.0
CUS05348,Priya,Johnson,customer5348@email.co.uk,London,England,18.0,F,Google Ads,2022-11-25,49.21
CUS05349,Lauren,Lewis,customer5349@email.co.uk,London,England,32.0,F,Direct,2022-03-31,0.0
CUS05350,Lily,Byrne,customer5350@email.co.uk,Sheffield,England,26.0,MALE,Google Ads,2023-12-29,69.47
CUS05351,Yusuf,Thompson,customer5351@email.co.uk,,,26.0,F,Paid Social,2024-12-05,108.38
CUS05352,Isabella,Smith,customer5352@email.co.uk,Bristol,England,46.0,F,Email,2023-11-10,10.97
CUS05353,Logan,Ahmed,customer5353@email.co.uk,London,England,20.0,F,Google Ads,2023-02-14,53.64
CUS05354,Mason,Connor,customer5354@email.co.uk,,,40.0,Male,Google Ads,2022-10-01,49.21
CUS05355,George,McCarthy,customer5355@email.co.uk,Glasgow,Scotland,18.0,F,Google Ads,2024-11-30,98.06
CUS05356,Rohan,Lewis,customer5356@email.co.uk,Cardiff,Wales,32.0,M,Referral,2024-11-01,36.13
CUS05357,Grace,Singh,customer5357@email.co.uk,London,England,27.0,m,Google Ads,2022-06-07,41.42
CUS05358,Zoe,Walsh,customer5358@email.co.uk,London,England,19.0,MALE,Google Ads,2024-09-08,89.96
CUS05359,Ryan,Brown,customer5359@email.co.uk,Birmingham,England,,F,Paid Social,2024-05-13,91.22
CUS05360,Jack,Shah,customer5360@email.co.uk,London,England,31.0,M,Email,2023-03-25,8.47
CUS05361,George,Roberts,customer5361@email.co.uk,London,England,45.0,Woman,Paid Social,2023-11-22,76.78
CUS05362,Zoe,Taylor,customer5362@email.co.uk,Liverpool,England,46.0,F,Paid Social,2023-05-18,64.62
CUS05363,Grace,Clark,customer5363@email.co.uk,Glasgow,Scotland,27.0,m,Paid Social,2023-06-01,64.62
CUS05364,Poppy,Taylor,customer5364@email.co.uk,London,England,42.0,M,Google Ads,2023-11-27,69.47
CUS05365,Liam,Jones,customer5365@email.co.uk,London,England,41.0,M,Paid Social,2024-08-27,99.43
CUS05366,Megan,Patel,customer5366@email.co.uk,Glasgow,Scotland,28.0,F,Paid Social,2023-04-05,64.62
CUS05367,Jessica,Kelly,customer5367@email.co.uk,Edinburgh,Scotland,18.0,Male,Google Ads,2022-07-29,45.15
CUS05368,Chloe,Martin,customer5368@email.co.uk,Manchester,England,30.0,M,Paid Social,2024-11-06,108.38
CUS05369,Charlie,Evans,customer5369@email.co.uk,Sheffield,England,28.0,F,Paid Social,2023-03-19,59.29
CUS05370,Ethan,Walker,customer5370@email.co.uk,Manchester,England,40.0,MALE,Google Ads,2022-11-19,49.21
CUS05371,George,Byrne,customer5371@email.co.uk,,,42.0,Female,Paid Social,2024-09-23,99.43
CUS05372,Chloe,Wilson,customer5372@email.co.uk,Manchester,England,46.0,Non-binary,Paid Social,2023-09-19,70.44
CUS05373,Nathan,Robinson,customer5373@email.co.uk,Birmingham,England,40.0,m,Paid Social,2024-09-21,99.43
CUS05374,Mason,Lewis,customer5374@email.co.uk,Bristol,England,37.0,Woman,Paid Social,2024-12-25,108.38
CUS05375,Jack,Kelly,customer5375@email.co.uk,Birmingham,England,18.0,female,Paid Social,2022-10-02,54.39
CUS05376,Ava,Brown,customer5376@email.co.uk,Newcastle,England,31.0,M,Paid Social,2024-06-02,91.22
CUS05377,Rohan,Anderson,customer5377@email.co.uk,NEWCASTLE,England,18.0,F,Google Ads,2023-07-01,63.73
CUS05378,Lucas,Singh,customer5378@email.co.uk,,,33.0,male,Google Ads,2023-07-12,63.73
CUS05379,Sophie,Kelly,customer5379@email.co.uk,Nottingham,England,22.0,male,Google Ads,2023-06-04,58.47
CUS05380,Mason,Ryan,customer5380@email.co.uk,Birmingham,England,36.0,Man,Paid Social,2023-11-08,76.78
CUS05381,Mason,Byrne,customer5381@email.co.uk,Manchester,England,34.0,M,Google Ads,2024-06-22,82.53
CUS05382,Muhammad,Anderson,customer5382@email.co.uk,Manchester,England,42.0,other,Paid Social,2022-09-21,49.9
CUS05383,James,Connor,customer5383@email.co.uk,London,England,21.0,FEMALE,Paid Social,2023-07-17,70.44
CUS05384,Priya,Flynn,customer5384@email.co.uk,London,England,18.0,F,Direct,2022-11-14,0.0
CUS05385,George,Murphy,customer5385@email.co.uk,Glasgow,Scotland,36.0,M,Google Ads,2022-09-01,45.15
CUS05386,George,Martin,customer5386@email.co.uk,Birmingham,England,30.0,F,Email,2022-05-12,6.54
CUS05387,Omar,Ahmed,customer5387@email.co.uk,Bristol,England,33.0,F,Paid Social,2024-11-17,108.38
CUS05388,Chloe,O'Brien,customer5388@email.co.uk,Newcastle,England,40.0,M,,2023-05-20,58.47
CUS05389,James,Martin,customer5389@email.co.uk,Leeds,England,25.0,M,Paid Social,2023-10-21,76.78
CUS05390,Ella,Anderson,customer5390@email.co.uk,Leedes,England,43.0,M,Paid Social,2022-11-15,54.39
CUS05391,Jack,Khan,customer5391@email.co.uk,,,21.0,F,Paid Social,2023-09-26,70.44
CUS05392,Mia,Walsh,customer5392@email.co.uk,Birmingham,England,44.0,m,Paid Social,2022-01-12,42.0
CUS05393,Hassan,Ryan,customer5393@email.co.uk,Bristol,England,23.0,M,Paid Social,2023-12-03,76.78
CUS05394,Amelia,Thomas,customer5394@email.co.uk,Birmingham,England,27.0,M,Direct,2023-01-21,0.0
CUS05395,Yusuf,Ahmed,customer5395@email.co.uk,Manchester,England,35.0,male,Paid Social,2023-07-24,70.44
CUS05396,Freddie,Shah,customer5396@email.co.uk,Liverpool,England,20.0,M,Google Ads,2022-07-27,45.15
CUS05397,Fatima,Martin,customer5397@email.co.uk,Manchester,England,18.0,M,Direct,2024-06-04,0.0
CUS05398,Mia,Malik,customer5398@email.co.uk,Manchester,England,20.0,M,Direct,2022-03-30,0.0
CUS05399,Riya,Connor,customer5399@email.co.uk,Birmingham,England,30.0,F,Organic,2022-04-19,8.72
CUS05400,Olivia,Patel,customer5400@email.co.uk,Glasgow,Scotland,29.0,M,Paid Social,2024-10-19,108.38
CUS05401,George,Khan,customer5401@email.co.uk,Birmingham,England,49.0,Man,Paid Social,2024-03-23,83.69
CUS05402,Emma,Martin,customer5402@email.co.uk,Sheffield,England,35.0,F,Paid Social,2023-08-05,70.44
CUS05403,Lily,O'Brien,customer5403@email.co.uk,London,England,34.0,F,Google Ads,2024-04-21,82.53
CUS05404,Zoe,Taylor,customer5404@email.co.uk,London,England,,M,Paid Social,2023-10-24,76.78
CUS05405,Jack,Taylor,customer5405@email.co.uk,Bristoll,England,37.0,F,Google Ads,2023-03-17,53.64
CUS05406,Nathan,Khan,customer5406@email.co.uk,Leeds,England,32.0,Other,Email,2022-08-11,7.13
CUS05407,Omar,Brown,customer5407@email.co.uk,Nottingham,England,,FEMALE,Google Ads,2023-07-16,63.73
CUS05408,Natalie,White,customer5408@email.co.uk,liverpool,England,28.0,M,Google Ads,2024-07-28,89.96
CUS05409,Ethan,Ali,customer5409@email.co.uk,Liverpool,England,28.0,M,Paid Social,2022-07-25,49.9
CUS05410,Mason,Brown,customer5410@email.co.uk,London,England,25.0,F,Google Ads,2022-05-04,41.42
CUS05411,Zoe,Anderson,customer5411@email.co.uk,London,England,22.0,Male,Google Ads,2024-10-03,98.06
CUS05412,Riya,Kumar,customer5412@email.co.uk,Manchester,England,41.0,male,Google Ads,2024-01-31,75.72
CUS05413,Mia,Malik,customer5413@email.co.uk,London,England,44.0,Female,Paid Social,2022-09-17,49.9
CUS05414,Mia,Lewis,customer5414@email.co.uk,Glasgow,Scotland,28.0,Female,Referral,2023-02-22,19.76
CUS05415,Priya,Ryan,customer5415@email.co.uk,Liverpool,England,33.0,F,Email,2024-10-14,15.48
CUS05416,Aisha,O'Brien,customer5416@email.co.uk,Glasgow,Scotland,27.0,F,Paid Social,2023-05-23,64.62
CUS05417,Leo,Anderson,customer5417@email.co.uk,London,England,44.0,f,Google Ads,2024-09-14,89.96
CUS05418,Leo,Ryan,customer5418@email.co.uk,London,England,21.0,M,Paid Social,2023-12-29,76.78
CUS05419,Chloe,Davies,customer5419@email.co.uk,London,England,21.0,F,Paid Social,2022-08-06,49.9
CUS05420,Aiden,Singh,customer5420@email.co.uk,Manchester,England,28.0,F,Paid Social,2023-01-04,59.29
CUS05421,Harry,Taylor,customer5421@email.co.uk,Liverpool,England,18.0,m,Paid Social,2023-07-11,70.44
CUS05422,Logan,Thomas,customer5422@email.co.uk,Bristol,England,18.0,M,Google Ads,2022-10-31,49.21
CUS05423,Fatima,Williams,customer5423@email.co.uk,Glasgow,Scotland,40.0,Male,Organic,2024-11-07,20.64
CUS05424,Priya,Connor,customer5424@email.co.uk,Manchester,England,31.0,F,Paid Social,2024-09-27,99.43
CUS05425,Leo,Clark,customer5425@email.co.uk,Glasgow,Scotland,27.0,F,Paid Social,2024-08-12,99.43
CUS05426,Chloe,Sharma,customer5426@email.co.uk,Newcastel,England,38.0,M,Referral,2024-11-28,36.13
CUS05427,Charlie,Malik,customer5427@email.co.uk,London,England,46.0,F,Google Ads,2023-06-04,58.47
CUS05428,Dylan,Sharma,customer5428@email.co.uk,Newcastle,England,25.0,Man,Paid Social,2022-06-07,45.78
CUS05429,Muhammad,Hussain,customer5429@email.co.uk,glasgow,Scotland,44.0,F,Paid Social,2024-10-25,108.38
CUS05430,Hannah,Lewis,customer5430@email.co.uk,,,24.0,F,Paid Social,2024-09-08,99.43
CUS05431,Jack,Walsh,customer5431@email.co.uk,manchester,England,37.0,m,Referral,2023-03-14,19.76
CUS05432,Isla,Thomas,customer5432@email.co.uk,London,England,30.0,FEMALE,Google Ads,2022-12-20,49.21
CUS05433,Sara,Connor,customer5433@email.co.uk,London,England,53.0,female,Google Ads,2024-10-07,98.06
CUS05434,Ethan,Martin,customer5434@email.co.uk,Birmingham,England,46.0,M,Paid Social,2023-04-17,64.62
CUS05435,Omar,Shah,customer5435@email.co.uk,Leeds,England,36.0,M,Paid Social,2022-09-02,49.9
CUS05436,Harry,Shah,customer5436@email.co.uk,Leeds,England,28.0,M,Paid Social,2023-01-18,59.29
CUS05437,Rohan,Ahmed,customer5437@email.co.uk,London,England,23.0,M,Paid Social,2024-06-03,91.22
CUS05438,Olivia,Hall,customer5438@email.co.uk,London,England,29.0,Other,Paid Social,2024-04-05,91.22
CUS05439,Dylan,Anderson,customer5439@email.co.uk,Liverpool,England,46.0,F,Paid Social,2022-11-01,54.39
CUS05440,Muhammad,Byrne,customer5440@email.co.uk,London,England,47.0,F,Google Ads,2022-09-17,45.15
CUS05441,Zoe,Wilson,customer5441@email.co.uk,London,England,57.0,,Google Ads,2023-08-22,63.73
CUS05442,Jessica,Murphy,customer5442@email.co.uk,London,England,40.0,Male,Paid Social,2023-08-10,70.44
CUS05443,Logan,Patel,customer5443@email.co.uk,nottingham,England,39.0,m,Organic,2022-04-02,8.72
CUS05444,Lily,Thompson,customer5444@email.co.uk,London,England,29.0,F,Paid Social,2022-06-21,45.78
CUS05445,Nathan,Flynn,customer5445@email.co.uk,Birmingham,England,20.0,F,Paid Social,2024-09-11,99.43
CUS05446,Mia,Shah,customer5446@email.co.uk,Leeds,England,46.0,M,Paid Social,2023-09-21,70.44
CUS05447,Fatima,Burke,customer5447@email.co.uk,London,England,44.0,M,Google Ads,2022-01-04,38.0
CUS05448,Priya,Singh,customer5448@email.co.uk,Glasgow,Scotland,21.0,M,Email,2024-07-24,14.2
CUS05449,Logan,Davies,customer5449@email.co.uk,Manchester,England,68.0,F,Referral,2023-12-21,25.59
CUS05450,Lily,Wilson,customer5450@email.co.uk,Manchester,England,27.0,Woman,Paid Social,2024-05-04,91.22
CUS05451,Emma,Roberts,customer5451@email.co.uk,Bristol,England,45.0,M,Paid Social,2024-07-03,99.43
CUS05452,Ethan,White,customer5452@email.co.uk,London,England,42.0,F,Organic,2022-08-27,9.5
CUS05453,Megan,White,customer5453@email.co.uk,Birmingham,England,29.0,MALE,Paid Social,2023-09-29,70.44
CUS05454,Arjun,Patel,customer5454@email.co.uk,London,England,40.0,Other,Paid Social,2022-12-07,54.39
CUS05455,Poppy,Thompson,customer5455@email.co.uk,Newcastle,England,36.0,M,Google Ads,2023-10-05,69.47
CUS05456,Ava,White,customer5456@email.co.uk,Leeds,England,52.0,,Google Ads,2022-10-08,49.21
CUS05457,Nathan,Roberts,customer5457@email.co.uk,Birmingham,England,28.0,m,Paid Social,2024-11-02,108.38
CUS05458,Aisha,Flynn,customer5458@email.co.uk,London,England,42.0,MALE,Referral,2024-09-14,33.14
CUS05459,Yusuf,Clark,customer5459@email.co.uk,Manchester,England,43.0,F,Paid Social,2023-12-31,76.78
CUS05460,Noah,Brown,customer5460@email.co.uk,Manchester,England,26.0,F,Referral,2023-12-07,25.59
CUS05461,Rohan,Murphy,customer5461@email.co.uk,London,England,26.0,m,Paid Social,2024-12-05,108.38
CUS05462,Dylan,Kelly,customer5462@email.co.uk,London,England,66.0,M,Paid Social,2024-04-18,91.22
CUS05463,Yusuf,Byrne,customer5463@email.co.uk,Leeds,England,38.0,Woman,Email,2023-08-06,10.06
CUS05464,Ryan,Davies,customer5464@email.co.uk,Leeds,England,41.0,M,Google Ads,2023-04-02,58.47
CUS05465,Mason,O'Brien,customer5465@email.co.uk,London,England,27.0,F,Google Ads,2024-03-04,75.72
CUS05466,Mason,Wilson,customer5466@email.co.uk,Manchester,England,54.0,MALE,Referral,2024-04-25,30.41
CUS05467,Riya,Brown,customer5467@email.co.uk,Manchester,England,18.0,M,Paid Social,2024-09-06,99.43
CUS05468,Noah,Hussain,customer5468@email.co.uk,Leeds,England,53.0,M,Paid Social,2024-12-10,108.38
CUS05469,Sara,Brown,customer5469@email.co.uk,Cardiff,Wales,30.0,F,Paid Social,2024-04-25,91.22
CUS05470,Mason,Hall,customer5470@email.co.uk,Londn,England,19.0,F,Referral,2024-10-26,36.13
CUS05471,Mason,Walsh,customer5471@email.co.uk,,,40.0,M,Referral,2023-08-29,23.48
CUS05472,Isabella,Jones,customer5472@email.co.uk,London,England,18.0,male,Paid Social,2024-07-10,99.43
CUS05473,Emily,Thomas,customer5473@email.co.uk,Newcastel,England,45.0,F,Paid Social,2022-06-19,45.78
CUS05474,George,Walsh,customer5474@email.co.uk,London,England,27.0,F,,2024-08-31,14.2
CUS05475,Ava,Ahmed,customer5475@email.co.uk,Manchester,England,48.0,F,Paid Social,2022-07-17,49.9
CUS05476,Nathan,Johnson,customer5476@email.co.uk,Liverpool,England,31.0,F,Paid Social,2022-09-13,49.9
CUS05477,Dylan,Jones,customer5477@email.co.uk,London,England,47.0,M,Paid Social,2023-12-20,76.78
CUS05478,Freddie,Martin,customer5478@email.co.uk,Birmingham,England,30.0,Male,Email,2023-10-21,10.97
CUS05479,Mason,Walker,customer5479@email.co.uk,Manchester,England,22.0,F,Organic,2024-03-01,15.94
CUS05480,Megan,Lewis,customer5480@email.co.uk,,,27.0,M,Google Ads,2022-08-25,45.15
CUS05481,Megan,Khan,customer5481@email.co.uk,Manchester,England,20.0,F,Organic,2024-07-23,18.94
CUS05482,Dylan,Thomas,customer5482@email.co.uk,Sheffield,England,27.0,M,Email,2023-07-22,10.06
CUS05483,Dylan,Flynn,customer5483@email.co.uk,Londn,England,18.0,M,Direct,2024-07-24,0.0
CUS05484,Leo,Connor,customer5484@email.co.uk,London,England,27.0,M,Google Ads,2024-12-05,98.06
CUS05485,Grace,Lewis,customer5485@email.co.uk,London,England,33.0,M,Paid Social,2022-09-02,49.9
CUS05486,Isla,Wilson,customer5486@email.co.uk,Liverpool,England,39.0,M,Google Ads,2022-11-16,49.21
CUS05487,Jessica,Singh,customer5487@email.co.uk,Liverpool,England,42.0,female,Email,2024-10-14,15.48
CUS05488,Ella,Flynn,customer5488@email.co.uk,London,England,49.0,M,Paid Social,2023-02-24,59.29
CUS05489,Sara,Walker,customer5489@email.co.uk,Edinburgh,Scotland,41.0,M,Paid Social,2023-05-01,64.62
CUS05490,Ella,Lewis,customer5490@email.co.uk,Birmingham,England,23.0,F,Direct,2023-06-29,0.0
CUS05491,Harry,Brown,customer5491@email.co.uk,London,England,29.0,Woman,Paid Social,2022-05-26,45.78
CUS05492,Emily,Roberts,customer5492@email.co.uk,Newcastle,England,23.0,F,Paid Social,2023-03-07,59.29
CUS05493,Mia,Khan,customer5493@email.co.uk,London,England,44.0,M,Organic,2022-10-19,10.36
CUS05494,Jack,Davies,customer5494@email.co.uk,Birmingham,England,34.0,,Email,2024-09-05,14.2
CUS05495,Leo,Murphy,customer5495@email.co.uk,Manchester,England,30.0,F,Paid Social,2024-02-04,83.69
CUS05496,Hannah,Anderson,customer5496@email.co.uk,London,England,31.0,M,Referral,2022-05-28,15.26
CUS05497,Lucas,White,customer5497@email.co.uk,Sheffield,England,26.0,F,Google Ads,2024-10-16,98.06
CUS05498,Chloe,Hall,customer5498@email.co.uk,Cardiff,Wales,37.0,female,Google Ads,2024-03-01,75.72
CUS05499,Isla,Taylor,customer5499@email.co.uk,Cardiff,Wales,38.0,Male,Organic,2023-03-10,11.29
CUS05500,Poppy,Anderson,customer5500@email.co.uk,Glasgow,Scotland,33.0,M,Paid Social,2023-10-26,76.78
CUS99000,Poppy,Wilson,customer44972@email.co.uk,GLASGOW,Scotland,39.0,Man,Google Ads,2023-08-24,58.47
CUS99001,Lucas,Davies,customer49392@email.co.uk,Cardiff,Wales,37.0,M,Google Ads,2024-11-18,82.53
CUS99002,Fatima,Malik,customer11842@email.co.uk,London,England,18.0,Woman,Referral,2025-06-11,33.14
CUS99003,Noah,Clark,customer4542@email.co.uk,Sheffield,England,52.0,M,Email,2023-02-19,7.77
CUS99004,Arjun,Walsh,customer29052@email.co.uk,Glasgow,Scotland,25.0,f,Paid Social,2023-04-08,54.39
CUS99005,Logan,Clark,customer50042@email.co.uk,Liverpool,England,25.0,M,Paid Social,2024-01-25,70.44
CUS99006,Chloe,Connor,customer17742@email.co.uk,,,34.0,F,Google Ads,2024-02-11,63.73
CUS99007,Ethan,Johnson,customer25832@email.co.uk,Cardiff,Wales,19.0,M,Email,2024-03-15,10.97
CUS99008,Alfie,Ahmed,customer37222@email.co.uk,Newcastle,England,41.0,MALE,Paid Social,2024-04-06,76.78
CUS99009,Isla,Clark,customer35532@email.co.uk,Birmingham,England,18.0,female,Direct,2023-02-22,0.0
CUS99010,Aiden,Hall,customer39592@email.co.uk,London,England,35.0,,Paid Social,2023-05-03,59.29
CUS99011,Alfie,Evans,customer7972@email.co.uk,,,,Woman,Paid Social,2025-02-28,99.43
CUS99012,Emma,Burke,customer37962@email.co.uk,Liverpool,England,34.0,M,Paid Social,2024-02-08,70.44
CUS99013,Fatima,Williams,customer54232@email.co.uk,Glasgow,Scotland,40.0,Male,Organic,2025-06-10,20.64
CUS99014,Ethan,Connor,customer15392@email.co.uk,Liverpool,England,35.0,M,Google Ads,2024-02-20,63.73
CUS99015,Logan,Ahmed,customer5872@email.co.uk,Edinburgh,Scotland,41.0,MALE,Google Ads,2023-09-14,49.21
CUS99016,Zoe,Hussain,customer52172@email.co.uk,London,England,18.0,M,Email,2024-08-01,10.97
CUS99017,Jack,Sharma,customer3762@email.co.uk,Manchester,England,31.0,F,Paid Social,2023-08-18,59.29
CUS99018,Ava,Khan,customer14352@email.co.uk,Leeds,England,38.0,F,Google Ads,2022-05-29,41.42
CUS99019,Sara,Smith,customer43562@email.co.uk,Manchester,England,35.0,F,Paid Social,2024-11-02,91.22
CUS99020,Mia,Smith,customer40062@email.co.uk,London,England,20.0,M,Google Ads,2023-07-18,49.21
CUS99021,Emma,Evans,customer8152@email.co.uk,London,England,34.0,,Paid Social,2023-07-19,64.62
