product_id,date,stock_level,units_sold,stockout_flag
P001,2022-01-01,554,6,0
P001,2022-01-02,545,9,0
P001,2022-01-03,541,4,0
P001,2022-01-04,536,5,0
P001,2022-01-05,531,5,0
P001,2022-01-06,526,5,0
P001,2022-01-07,521,5,0
P001,2022-01-08,516,5,0
P001,2022-01-09,509,7,0
P001,2022-01-10,505,4,0
P001,2022-01-11,501,4,0
P001,2022-01-12,496,5,0
P001,2022-01-13,489,7,0
P001,2022-01-14,485,4,0
P001,2022-01-15,478,7,0
P001,2022-01-16,472,6,0
P001,2022-01-17,467,5,0
P001,2022-01-18,461,6,0
P001,2022-01-19,456,5,0
P001,2022-01-20,451,5,0
P001,2022-01-21,446,5,0
P001,2022-01-22,435,11,0
P001,2022-01-23,424,11,0
P001,2022-01-24,420,4,0
P001,2022-01-25,416,4,0
P001,2022-01-26,409,7,0
P001,2022-01-27,406,3,0
P001,2022-01-28,401,5,0
P001,2022-01-29,393,8,0
P001,2022-01-30,388,5,0
P001,2022-01-31,381,7,0
P001,2022-02-01,653,8,0
P001,2022-02-02,648,5,0
P001,2022-02-03,641,7,0
P001,2022-02-04,637,4,0
P001,2022-02-05,628,9,0
P001,2022-02-06,622,6,0
P001,2022-02-07,614,8,0
P001,2022-02-08,608,6,0
P001,2022-02-09,603,5,0
P001,2022-02-10,596,7,0
P001,2022-02-11,588,8,0
P001,2022-02-12,576,12,0
P001,2022-02-13,566,10,0
P001,2022-02-14,561,5,0
P001,2022-02-15,553,8,0
P001,2022-02-16,545,8,0
P001,2022-02-17,540,5,0
P001,2022-02-18,535,5,0
P001,2022-02-19,522,13,0
P001,2022-02-20,512,10,0
P001,2022-02-21,504,8,0
P001,2022-02-22,500,4,0
P001,2022-02-23,493,7,0
P001,2022-02-24,485,8,0
P001,2022-02-25,478,7,0
P001,2022-02-26,466,12,0
P001,2022-02-27,456,10,0
P001,2022-02-28,448,8,0
P001,2022-03-01,720,8,0
P001,2022-03-02,712,8,0
P001,2022-03-03,704,8,0
P001,2022-03-04,697,7,0
P001,2022-03-05,685,12,0
P001,2022-03-06,676,9,0
P001,2022-03-07,671,5,0
P001,2022-03-08,664,7,0
P001,2022-03-09,658,6,0
P001,2022-03-10,651,7,0
P001,2022-03-11,646,5,0
P001,2022-03-12,631,15,0
P001,2022-03-13,621,10,0
P001,2022-03-14,614,7,0
P001,2022-03-15,606,8,0
P001,2022-03-16,599,7,0
P001,2022-03-17,592,7,0
P001,2022-03-18,588,4,0
P001,2022-03-19,578,10,0
P001,2022-03-20,568,10,0
P001,2022-03-21,559,9,0
P001,2022-03-22,555,4,0
P001,2022-03-23,547,8,0
P001,2022-03-24,543,4,0
P001,2022-03-25,537,6,0
P001,2022-03-26,530,7,0
P001,2022-03-27,522,8,0
P001,2022-03-28,515,7,0
P001,2022-03-29,510,5,0
P001,2022-03-30,503,7,0
P001,2022-03-31,497,6,0
P001,2022-04-01,770,7,0
P001,2022-04-02,761,9,0
P001,2022-04-03,753,8,0
P001,2022-04-04,748,5,0
P001,2022-04-05,740,8,0
P001,2022-04-06,729,11,0
P001,2022-04-07,724,5,0
P001,2022-04-08,715,9,0
P001,2022-04-09,700,15,0
P001,2022-04-10,685,15,0
P001,2022-04-11,680,5,0
P001,2022-04-12,672,8,0
P001,2022-04-13,662,10,0
P001,2022-04-14,653,9,0
P001,2022-04-15,645,8,0
P001,2022-04-16,635,10,0
P001,2022-04-17,620,15,0
P001,2022-04-18,612,8,0
P001,2022-04-19,607,5,0
P001,2022-04-20,596,11,0
P001,2022-04-21,589,7,0
P001,2022-04-22,578,11,0
P001,2022-04-23,570,8,0
P001,2022-04-24,556,14,0
P001,2022-04-25,551,5,0
P001,2022-04-26,545,6,0
P001,2022-04-27,538,7,0
P001,2022-04-28,527,11,0
P001,2022-04-29,518,9,0
P001,2022-04-30,508,10,0
P001,2022-05-01,772,16,0
P001,2022-05-02,762,10,0
P001,2022-05-03,754,8,0
P001,2022-05-04,743,11,0
P001,2022-05-05,737,6,0
P001,2022-05-06,732,5,0
P001,2022-05-07,724,8,0
P001,2022-05-08,705,19,0
P001,2022-05-09,700,5,0
P001,2022-05-10,691,9,0
P001,2022-05-11,680,11,0
P001,2022-05-12,671,9,0
P001,2022-05-13,663,8,0
P001,2022-05-14,654,9,0
P001,2022-05-15,645,9,0
P001,2022-05-16,633,12,0
P001,2022-05-17,626,7,0
P001,2022-05-18,620,6,0
P001,2022-05-19,610,10,0
P001,2022-05-20,605,5,0
P001,2022-05-21,597,8,0
P001,2022-05-22,585,12,0
P001,2022-05-23,579,6,0
P001,2022-05-24,569,10,0
P001,2022-05-25,562,7,0
P001,2022-05-26,554,8,0
P001,2022-05-27,546,8,0
P001,2022-05-28,534,12,0
P001,2022-05-29,516,18,0
P001,2022-05-30,506,10,0
P001,2022-05-31,499,7,0
P001,2022-06-01,768,11,0
P001,2022-06-02,756,12,0
P001,2022-06-03,744,12,0
P001,2022-06-04,729,15,0
P001,2022-06-05,721,8,0
P001,2022-06-06,713,8,0
P001,2022-06-07,706,7,0
P001,2022-06-08,698,8,0
P001,2022-06-09,690,8,0
P001,2022-06-10,683,7,0
P001,2022-06-11,667,16,0
P001,2022-06-12,654,13,0
P001,2022-06-13,642,12,0
P001,2022-06-14,632,10,0
P001,2022-06-15,627,5,0
P001,2022-06-16,615,12,0
P001,2022-06-17,607,8,0
P001,2022-06-18,589,18,0
P001,2022-06-19,569,20,0
P001,2022-06-20,564,5,0
P001,2022-06-21,552,12,0
P001,2022-06-22,545,7,0
P001,2022-06-23,537,8,0
P001,2022-06-24,525,12,0
P001,2022-06-25,510,15,0
P001,2022-06-26,491,19,0
P001,2022-06-27,479,12,0
P001,2022-06-28,468,11,0
P001,2022-06-29,462,6,0
P001,2022-06-30,454,8,0
P001,2022-07-01,725,9,0
P001,2022-07-02,712,13,0
P001,2022-07-03,698,14,0
P001,2022-07-04,685,13,0
P001,2022-07-05,679,6,0
P001,2022-07-06,671,8,0
P001,2022-07-07,664,7,0
P001,2022-07-08,654,10,0
P001,2022-07-09,634,20,0
P001,2022-07-10,615,19,0
P001,2022-07-11,604,11,0
P001,2022-07-12,598,6,0
P001,2022-07-13,590,8,0
P001,2022-07-14,581,9,0
P001,2022-07-15,572,9,0
P001,2022-07-16,554,18,0
P001,2022-07-17,534,20,0
P001,2022-07-18,521,13,0
P001,2022-07-19,512,9,0
P001,2022-07-20,501,11,0
P001,2022-07-21,492,9,0
P001,2022-07-22,486,6,0
P001,2022-07-23,472,14,0
P001,2022-07-24,456,16,0
P001,2022-07-25,448,8,0
P001,2022-07-26,440,8,0
P001,2022-07-27,428,12,0
P001,2022-07-28,419,9,0
P001,2022-07-29,410,9,0
P001,2022-07-30,401,9,0
P001,2022-07-31,391,10,0
P001,2022-08-01,663,8,0
P001,2022-08-02,656,7,0
P001,2022-08-03,649,7,0
P001,2022-08-04,640,9,0
P001,2022-08-05,628,12,0
P001,2022-08-06,610,18,0
P001,2022-08-07,598,12,0
P001,2022-08-08,590,8,0
P001,2022-08-09,580,10,0
P001,2022-08-10,574,6,0
P001,2022-08-11,562,12,0
P001,2022-08-12,552,10,0
P001,2022-08-13,534,18,0
P001,2022-08-14,518,16,0
P001,2022-08-15,508,10,0
P001,2022-08-16,498,10,0
P001,2022-08-17,492,6,0
P001,2022-08-18,481,11,0
P001,2022-08-19,471,10,0
P001,2022-08-20,461,10,0
P001,2022-08-21,450,11,0
P001,2022-08-22,438,12,0
P001,2022-08-23,426,12,0
P001,2022-08-24,417,9,0
P001,2022-08-25,410,7,0
P001,2022-08-26,403,7,0
P001,2022-08-27,392,11,0
P001,2022-08-28,382,10,0
P001,2022-08-29,372,10,0
P001,2022-08-30,364,8,0
P001,2022-08-31,356,8,0
P001,2022-09-01,629,7,0
P001,2022-09-02,619,10,0
P001,2022-09-03,604,15,0
P001,2022-09-04,582,22,0
P001,2022-09-05,571,11,0
P001,2022-09-06,558,13,0
P001,2022-09-07,550,8,0
P001,2022-09-08,542,8,0
P001,2022-09-09,529,13,0
P001,2022-09-10,518,11,0
P001,2022-09-11,505,13,0
P001,2022-09-12,495,10,0
P001,2022-09-13,483,12,0
P001,2022-09-14,472,11,0
P001,2022-09-15,466,6,0
P001,2022-09-16,452,14,0
P001,2022-09-17,435,17,0
P001,2022-09-18,422,13,0
P001,2022-09-19,412,10,0
P001,2022-09-20,401,11,0
P001,2022-09-21,395,6,0
P001,2022-09-22,389,6,0
P001,2022-09-23,377,12,0
P001,2022-09-24,360,17,0
P001,2022-09-25,351,9,0
P001,2022-09-26,341,10,0
P001,2022-09-27,332,9,0
P001,2022-09-28,324,8,0
P001,2022-09-29,317,7,0
P001,2022-09-30,306,11,0
P001,2022-10-01,443,17,0
P001,2022-10-02,430,13,0
P001,2022-10-03,423,7,0
P001,2022-10-04,411,12,0
P001,2022-10-05,400,11,0
P001,2022-10-06,388,12,0
P001,2022-10-07,380,8,0
P001,2022-10-08,366,14,0
P001,2022-10-09,352,14,0
P001,2022-10-10,345,7,0
P001,2022-10-11,338,7,0
P001,2022-10-12,329,9,0
P001,2022-10-13,320,9,0
P001,2022-10-14,313,7,0
P001,2022-10-15,293,20,0
P001,2022-10-16,270,23,0
P001,2022-10-17,263,7,0
P001,2022-10-18,257,6,0
P001,2022-10-19,246,11,0
P001,2022-10-20,239,7,0
P001,2022-10-21,231,8,0
P001,2022-10-22,215,16,0
P001,2022-10-23,199,16,0
P001,2022-10-24,189,10,0
P001,2022-10-25,175,14,0
P001,2022-10-26,164,11,0
P001,2022-10-27,151,13,0
P001,2022-10-28,138,13,0
P001,2022-10-29,118,20,0
P001,2022-10-30,103,15,0
P001,2022-10-31,90,13,0
P001,2022-11-01,225,19,0
P001,2022-11-02,207,18,0
P001,2022-11-03,186,21,0
P001,2022-11-04,173,13,0
P001,2022-11-05,144,29,0
P001,2022-11-06,113,31,0
P001,2022-11-07,96,17,0
P001,2022-11-08,79,17,0
P001,2022-11-09,66,13,0
P001,2022-11-10,55,11,0
P001,2022-11-11,38,17,0
P001,2022-11-12,14,24,0
P001,2022-11-13,0,14,1
P001,2022-11-14,0,0,1
P001,2022-11-15,0,0,1
P001,2022-11-16,0,0,1
P001,2022-11-17,0,0,1
P001,2022-11-18,0,0,1
P001,2022-11-19,0,0,1
P001,2022-11-20,0,0,1
P001,2022-11-21,0,0,1
P001,2022-11-22,0,0,1
P001,2022-11-23,0,0,1
P001,2022-11-24,0,0,1
P001,2022-11-25,0,0,1
P001,2022-11-26,0,0,1
P001,2022-11-27,0,0,1
P001,2022-11-28,0,0,1
P001,2022-11-29,0,0,1
P001,2022-11-30,0,0,1
P001,2022-12-01,142,12,0
P001,2022-12-02,131,11,0
P001,2022-12-03,101,30,0
P001,2022-12-04,73,28,0
P001,2022-12-05,64,9,0
P001,2022-12-06,49,15,0
P001,2022-12-07,36,13,0
P001,2022-12-08,16,20,0
P001,2022-12-09,2,14,0
P001,2022-12-10,0,2,1
P001,2022-12-11,0,0,1
P001,2022-12-12,0,0,1
P001,2022-12-13,0,0,1
P001,2022-12-14,0,0,1
P001,2022-12-15,0,0,1
P001,2022-12-16,0,0,1
P001,2022-12-17,0,0,1
P001,2022-12-18,0,0,1
P001,2022-12-19,0,0,1
P001,2022-12-20,0,0,1
P001,2022-12-21,0,0,1
P001,2022-12-22,0,0,1
P001,2022-12-23,0,0,1
P001,2022-12-24,0,0,1
P001,2022-12-25,0,0,1
P001,2022-12-26,0,0,1
P001,2022-12-27,0,0,1
P001,2022-12-28,0,0,1
P001,2022-12-29,0,0,1
P001,2022-12-30,0,0,1
P001,2022-12-31,0,0,1
P001,2023-01-01,271,9,0
P001,2023-01-02,265,6,0
P001,2023-01-03,262,3,0
P001,2023-01-04,255,7,0
P001,2023-01-05,252,3,0
P001,2023-01-06,249,3,0
P001,2023-01-07,238,11,0
P001,2023-01-08,227,11,0
P001,2023-01-09,224,3,0
P001,2023-01-10,219,5,0
P001,2023-01-11,214,5,0
P001,2023-01-12,207,7,0
P001,2023-01-13,201,6,0
P001,2023-01-14,195,6,0
P001,2023-01-15,188,7,0
P001,2023-01-16,181,7,0
P001,2023-01-17,177,4,0
P001,2023-01-18,170,7,0
P001,2023-01-19,163,7,0
P001,2023-01-20,159,4,0
P001,2023-01-21,151,8,0
P001,2023-01-22,143,8,0
P001,2023-01-23,136,7,0
P001,2023-01-24,129,7,0
P001,2023-01-25,122,7,0
P001,2023-01-26,117,5,0
P001,2023-01-27,113,4,0
P001,2023-01-28,107,6,0
P001,2023-01-29,102,5,0
P001,2023-01-30,97,5,0
P001,2023-01-31,93,4,0
P001,2023-02-01,369,4,0
P001,2023-02-02,363,6,0
P001,2023-02-03,359,4,0
P001,2023-02-04,353,6,0
P001,2023-02-05,344,9,0
P001,2023-02-06,338,6,0
P001,2023-02-07,331,7,0
P001,2023-02-08,326,5,0
P001,2023-02-09,318,8,0
P001,2023-02-10,313,5,0
P001,2023-02-11,303,10,0
P001,2023-02-12,290,13,0
P001,2023-02-13,285,5,0
P001,2023-02-14,280,5,0
P001,2023-02-15,273,7,0
P001,2023-02-16,270,3,0
P001,2023-02-17,263,7,0
P001,2023-02-18,252,11,0
P001,2023-02-19,247,5,0
P001,2023-02-20,241,6,0
P001,2023-02-21,236,5,0
P001,2023-02-22,230,6,0
P001,2023-02-23,223,7,0
P001,2023-02-24,216,7,0
P001,2023-02-25,208,8,0
P001,2023-02-26,197,11,0
P001,2023-02-27,193,4,0
P001,2023-02-28,185,8,0
P001,2023-03-01,456,9,0
P001,2023-03-02,449,7,0
P001,2023-03-03,444,5,0
P001,2023-03-04,432,12,0
P001,2023-03-05,416,16,0
P001,2023-03-06,407,9,0
P001,2023-03-07,397,10,0
P001,2023-03-08,390,7,0
P001,2023-03-09,382,8,0
P001,2023-03-10,376,6,0
P001,2023-03-11,360,16,0
P001,2023-03-12,349,11,0
P001,2023-03-13,344,5,0
P001,2023-03-14,338,6,0
P001,2023-03-15,331,7,0
P001,2023-03-16,324,7,0
P001,2023-03-17,317,7,0
P001,2023-03-18,301,16,0
P001,2023-03-19,287,14,0
P001,2023-03-20,282,5,0
P001,2023-03-21,274,8,0
P001,2023-03-22,269,5,0
P001,2023-03-23,260,9,0
P001,2023-03-24,251,9,0
P001,2023-03-25,241,10,0
P001,2023-03-26,228,13,0
P001,2023-03-27,220,8,0
P001,2023-03-28,214,6,0
P001,2023-03-29,209,5,0
P001,2023-03-30,205,4,0
P001,2023-03-31,200,5,0
P001,2023-04-01,467,13,0
P001,2023-04-02,455,12,0
P001,2023-04-03,450,5,0
P001,2023-04-04,445,5,0
P001,2023-04-05,436,9,0
P001,2023-04-06,428,8,0
P001,2023-04-07,420,8,0
P001,2023-04-08,408,12,0
P001,2023-04-09,395,13,0
P001,2023-04-10,390,5,0
P001,2023-04-11,381,9,0
P001,2023-04-12,376,5,0
P001,2023-04-13,371,5,0
P001,2023-04-14,362,9,0
P001,2023-04-15,351,11,0
P001,2023-04-16,336,15,0
P001,2023-04-17,331,5,0
P001,2023-04-18,322,9,0
P001,2023-04-19,314,8,0
P001,2023-04-20,308,6,0
P001,2023-04-21,302,6,0
P001,2023-04-22,289,13,0
P001,2023-04-23,280,9,0
P001,2023-04-24,273,7,0
P001,2023-04-25,265,8,0
P001,2023-04-26,260,5,0
P001,2023-04-27,252,8,0
P001,2023-04-28,243,9,0
P001,2023-04-29,225,18,0
P001,2023-04-30,214,11,0
P001,2023-05-01,482,12,0
P001,2023-05-02,476,6,0
P001,2023-05-03,469,7,0
P001,2023-05-04,459,10,0
P001,2023-05-05,453,6,0
P001,2023-05-06,441,12,0
P001,2023-05-07,433,8,0
P001,2023-05-08,428,5,0
P001,2023-05-09,419,9,0
P001,2023-05-10,408,11,0
P001,2023-05-11,401,7,0
P001,2023-05-12,390,11,0
P001,2023-05-13,377,13,0
P001,2023-05-14,367,10,0
P001,2023-05-15,360,7,0
P001,2023-05-16,348,12,0
P001,2023-05-17,340,8,0
P001,2023-05-18,335,5,0
P001,2023-05-19,325,10,0
P001,2023-05-20,310,15,0
P001,2023-05-21,293,17,0
P001,2023-05-22,284,9,0
P001,2023-05-23,279,5,0
P001,2023-05-24,269,10,0
P001,2023-05-25,261,8,0
P001,2023-05-26,251,10,0
P001,2023-05-27,233,18,0
P001,2023-05-28,215,18,0
P001,2023-05-29,204,11,0
P001,2023-05-30,196,8,0
P001,2023-05-31,189,7,0
P001,2023-06-01,462,7,0
P001,2023-06-02,452,10,0
P001,2023-06-03,441,11,0
P001,2023-06-04,432,9,0
P001,2023-06-05,420,12,0
P001,2023-06-06,413,7,0
P001,2023-06-07,406,7,0
P001,2023-06-08,401,5,0
P001,2023-06-09,390,11,0
P001,2023-06-10,378,12,0
P001,2023-06-11,358,20,0
P001,2023-06-12,352,6,0
P001,2023-06-13,340,12,0
P001,2023-06-14,331,9,0
P001,2023-06-15,323,8,0
P001,2023-06-16,311,12,0
P001,2023-06-17,298,13,0
P001,2023-06-18,282,16,0
P001,2023-06-19,275,7,0
P001,2023-06-20,264,11,0
P001,2023-06-21,255,9,0
P001,2023-06-22,243,12,0
P001,2023-06-23,237,6,0
P001,2023-06-24,227,10,0
P001,2023-06-25,219,8,0
P001,2023-06-26,213,6,0
P001,2023-06-27,202,11,0
P001,2023-06-28,194,8,0
P001,2023-06-29,189,5,0
P001,2023-06-30,183,6,0
P001,2023-07-01,452,11,0
P001,2023-07-02,437,15,0
P001,2023-07-03,427,10,0
P001,2023-07-04,415,12,0
P001,2023-07-05,404,11,0
P001,2023-07-06,398,6,0
P001,2023-07-07,385,13,0
P001,2023-07-08,368,17,0
P001,2023-07-09,358,10,0
P001,2023-07-10,349,9,0
P001,2023-07-11,339,10,0
P001,2023-07-12,327,12,0
P001,2023-07-13,315,12,0
P001,2023-07-14,307,8,0
P001,2023-07-15,298,9,0
P001,2023-07-16,279,19,0
P001,2023-07-17,267,12,0
P001,2023-07-18,261,6,0
P001,2023-07-19,248,13,0
P001,2023-07-20,238,10,0
P001,2023-07-21,229,9,0
P001,2023-07-22,212,17,0
P001,2023-07-23,198,14,0
P001,2023-07-24,192,6,0
P001,2023-07-25,179,13,0
P001,2023-07-26,173,6,0
P001,2023-07-27,165,8,0
P001,2023-07-28,154,11,0
P001,2023-07-29,136,18,0
P001,2023-07-30,124,12,0
P001,2023-07-31,117,7,0
P001,2023-08-01,391,6,0
P001,2023-08-02,384,7,0
P001,2023-08-03,377,7,0
P001,2023-08-04,368,9,0
P001,2023-08-05,357,11,0
P001,2023-08-06,340,17,0
P001,2023-08-07,328,12,0
P001,2023-08-08,319,9,0
P001,2023-08-09,313,6,0
P001,2023-08-10,302,11,0
P001,2023-08-11,295,7,0
P001,2023-08-12,282,13,0
P001,2023-08-13,270,12,0
P001,2023-08-14,262,8,0
P001,2023-08-15,254,8,0
P001,2023-08-16,242,12,0
P001,2023-08-17,231,11,0
P001,2023-08-18,223,8,0
P001,2023-08-19,214,9,0
P001,2023-08-20,198,16,0
P001,2023-08-21,188,10,0
P001,2023-08-22,181,7,0
P001,2023-08-23,169,12,0
P001,2023-08-24,161,8,0
P001,2023-08-25,150,11,0
P001,2023-08-26,135,15,0
P001,2023-08-27,126,9,0
P001,2023-08-28,118,8,0
P001,2023-08-29,111,7,0
P001,2023-08-30,105,6,0
P001,2023-08-31,93,12,0
P001,2023-09-01,367,6,0
P001,2023-09-02,348,19,0
P001,2023-09-03,333,15,0
P001,2023-09-04,321,12,0
P001,2023-09-05,307,14,0
P001,2023-09-06,295,12,0
P001,2023-09-07,289,6,0
P001,2023-09-08,283,6,0
P001,2023-09-09,263,20,0
P001,2023-09-10,243,20,0
P001,2023-09-11,235,8,0
P001,2023-09-12,221,14,0
P001,2023-09-13,215,6,0
P001,2023-09-14,209,6,0
P001,2023-09-15,198,11,0
P001,2023-09-16,188,10,0
P001,2023-09-17,170,18,0
P001,2023-09-18,161,9,0
P001,2023-09-19,155,6,0
P001,2023-09-20,149,6,0
P001,2023-09-21,141,8,0
P001,2023-09-22,134,7,0
P001,2023-09-23,124,10,0
P001,2023-09-24,103,21,0
P001,2023-09-25,93,10,0
P001,2023-09-26,85,8,0
P001,2023-09-27,76,9,0
P001,2023-09-28,66,10,0
P001,2023-09-29,56,10,0
P001,2023-09-30,45,11,0
P001,2023-10-01,177,22,0
P001,2023-10-02,163,14,0
P001,2023-10-03,153,10,0
P001,2023-10-04,146,7,0
P001,2023-10-05,136,10,0
P001,2023-10-06,129,7,0
P001,2023-10-07,114,15,0
P001,2023-10-08,101,13,0
P001,2023-10-09,91,10,0
P001,2023-10-10,84,7,0
P001,2023-10-11,75,9,0
P001,2023-10-12,69,6,0
P001,2023-10-13,61,8,0
P001,2023-10-14,37,24,0
P001,2023-10-15,14,23,0
P001,2023-10-16,6,8,0
P001,2023-10-17,0,6,1
P001,2023-10-18,0,0,1
P001,2023-10-19,0,0,1
P001,2023-10-20,0,0,1
P001,2023-10-21,0,0,1
P001,2023-10-22,0,0,1
P001,2023-10-23,0,0,1
P001,2023-10-24,0,0,1
P001,2023-10-25,0,0,1
P001,2023-10-26,0,0,1
P001,2023-10-27,0,0,1
P001,2023-10-28,0,0,1
P001,2023-10-29,0,0,1
P001,2023-10-30,0,0,1
P001,2023-10-31,0,0,1
P001,2023-11-01,132,22,0
P001,2023-11-02,120,12,0
P001,2023-11-03,97,23,0
P001,2023-11-04,64,33,0
P001,2023-11-05,47,17,0
P001,2023-11-06,36,11,0
P001,2023-11-07,21,15,0
P001,2023-11-08,10,11,0
P001,2023-11-09,0,10,1
P001,2023-11-10,0,0,1
P001,2023-11-11,0,0,1
P001,2023-11-12,0,0,1
P001,2023-11-13,0,0,1
P001,2023-11-14,0,0,1
P001,2023-11-15,0,0,1
P001,2023-11-16,0,0,1
P001,2023-11-17,0,0,1
P001,2023-11-18,0,0,1
P001,2023-11-19,0,0,1
P001,2023-11-20,0,0,1
P001,2023-11-21,0,0,1
P001,2023-11-22,0,0,1
P001,2023-11-23,0,0,1
P001,2023-11-24,0,0,1
P001,2023-11-25,0,0,1
P001,2023-11-26,0,0,1
P001,2023-11-27,0,0,1
P001,2023-11-28,0,0,1
P001,2023-11-29,0,0,1
P001,2023-11-30,0,0,1
P001,2023-12-01,134,20,0
P001,2023-12-02,112,22,0
P001,2023-12-03,81,31,0
P001,2023-12-04,61,20,0
P001,2023-12-05,46,15,0
P001,2023-12-06,29,17,0
P001,2023-12-07,13,16,0
P001,2023-12-08,2,11,0
P001,2023-12-09,0,2,1
P001,2023-12-10,0,0,1
P001,2023-12-11,0,0,1
P001,2023-12-12,0,0,1
P001,2023-12-13,0,0,1
P001,2023-12-14,0,0,1
P001,2023-12-15,0,0,1
P001,2023-12-16,0,0,1
P001,2023-12-17,0,0,1
P001,2023-12-18,0,0,1
P001,2023-12-19,0,0,1
P001,2023-12-20,0,0,1
P001,2023-12-21,0,0,1
P001,2023-12-22,0,0,1
P001,2023-12-23,0,0,1
P001,2023-12-24,0,0,1
P001,2023-12-25,0,0,1
P001,2023-12-26,0,0,1
P001,2023-12-27,0,0,1
P001,2023-12-28,0,0,1
P001,2023-12-29,0,0,1
P001,2023-12-30,0,0,1
P001,2023-12-31,0,0,1
P001,2024-01-01,275,5,0
P001,2024-01-02,269,6,0
P001,2024-01-03,263,6,0
P001,2024-01-04,258,5,0
P001,2024-01-05,251,7,0
P001,2024-01-06,246,5,0
P001,2024-01-07,237,9,0
P001,2024-01-08,230,7,0
P001,2024-01-09,226,4,0
P001,2024-01-10,222,4,0
P001,2024-01-11,216,6,0
P001,2024-01-12,210,6,0
P001,2024-01-13,203,7,0
P001,2024-01-14,195,8,0
P001,2024-01-15,190,5,0
P001,2024-01-16,184,6,0
P001,2024-01-17,177,7,0
P001,2024-01-18,171,6,0
P001,2024-01-19,164,7,0
P001,2024-01-20,156,8,0
P001,2024-01-21,145,11,0
P001,2024-01-22,139,6,0
P001,2024-01-23,134,5,0
P001,2024-01-24,128,6,0
P001,2024-01-25,123,5,0
P001,2024-01-26,117,6,0
P001,2024-01-27,111,6,0
P001,2024-01-28,103,8,0
P001,2024-01-29,97,6,0
P001,2024-01-30,91,6,0
P001,2024-01-31,86,5,0
P001,2024-02-01,359,7,0
P001,2024-02-02,355,4,0
P001,2024-02-03,346,9,0
P001,2024-02-04,336,10,0
P001,2024-02-05,330,6,0
P001,2024-02-06,323,7,0
P001,2024-02-07,317,6,0
P001,2024-02-08,309,8,0
P001,2024-02-09,304,5,0
P001,2024-02-10,296,8,0
P001,2024-02-11,288,8,0
P001,2024-02-12,284,4,0
P001,2024-02-13,276,8,0
P001,2024-02-14,268,8,0
P001,2024-02-15,265,3,0
P001,2024-02-16,258,7,0
P001,2024-02-17,251,7,0
P001,2024-02-18,241,10,0
P001,2024-02-19,236,5,0
P001,2024-02-20,232,4,0
P001,2024-02-21,225,7,0
P001,2024-02-22,218,7,0
P001,2024-02-23,212,6,0
P001,2024-02-24,200,12,0
P001,2024-02-25,187,13,0
P001,2024-02-26,180,7,0
P001,2024-02-27,172,8,0
P001,2024-02-28,166,6,0
P001,2024-02-29,161,5,0
P001,2024-03-01,435,6,0
P001,2024-03-02,426,9,0
P001,2024-03-03,416,10,0
P001,2024-03-04,410,6,0
P001,2024-03-05,402,8,0
P001,2024-03-06,395,7,0
P001,2024-03-07,388,7,0
P001,2024-03-08,380,8,0
P001,2024-03-09,365,15,0
P001,2024-03-10,357,8,0
P001,2024-03-11,352,5,0
P001,2024-03-12,344,8,0
P001,2024-03-13,339,5,0
P001,2024-03-14,333,6,0
P001,2024-03-15,327,6,0
P001,2024-03-16,319,8,0
P001,2024-03-17,305,14,0
P001,2024-03-18,297,8,0
P001,2024-03-19,292,5,0
P001,2024-03-20,286,6,0
P001,2024-03-21,279,7,0
P001,2024-03-22,273,6,0
P001,2024-03-23,261,12,0
P001,2024-03-24,254,7,0
P001,2024-03-25,248,6,0
P001,2024-03-26,241,7,0
P001,2024-03-27,232,9,0
P001,2024-03-28,222,10,0
P001,2024-03-29,217,5,0
P001,2024-03-30,208,9,0
P001,2024-03-31,194,14,0
P001,2024-04-01,467,7,0
P001,2024-04-02,458,9,0
P001,2024-04-03,448,10,0
P001,2024-04-04,443,5,0
P001,2024-04-05,438,5,0
P001,2024-04-06,426,12,0
P001,2024-04-07,411,15,0
P001,2024-04-08,403,8,0
P001,2024-04-09,398,5,0
P001,2024-04-10,390,8,0
P001,2024-04-11,383,7,0
P001,2024-04-12,375,8,0
P001,2024-04-13,366,9,0
P001,2024-04-14,352,14,0
P001,2024-04-15,344,8,0
P001,2024-04-16,336,8,0
P001,2024-04-17,329,7,0
P001,2024-04-18,323,6,0
P001,2024-04-19,314,9,0
P001,2024-04-20,304,10,0
P001,2024-04-21,293,11,0
P001,2024-04-22,284,9,0
P001,2024-04-23,276,8,0
P001,2024-04-24,267,9,0
P001,2024-04-25,262,5,0
P001,2024-04-26,253,9,0
P001,2024-04-27,239,14,0
P001,2024-04-28,225,14,0
P001,2024-04-29,218,7,0
P001,2024-04-30,208,10,0
P001,2024-05-01,483,5,0
P001,2024-05-02,475,8,0
P001,2024-05-03,466,9,0
P001,2024-05-04,451,15,0
P001,2024-05-05,439,12,0
P001,2024-05-06,431,8,0
P001,2024-05-07,419,12,0
P001,2024-05-08,410,9,0
P001,2024-05-09,400,10,0
P001,2024-05-10,395,5,0
P001,2024-05-11,378,17,0
P001,2024-05-12,370,8,0
P001,2024-05-13,362,8,0
P001,2024-05-14,355,7,0
P001,2024-05-15,349,6,0
P001,2024-05-16,340,9,0
P001,2024-05-17,334,6,0
P001,2024-05-18,325,9,0
P001,2024-05-19,314,11,0
P001,2024-05-20,305,9,0
P001,2024-05-21,296,9,0
P001,2024-05-22,284,12,0
P001,2024-05-23,272,12,0
P001,2024-05-24,263,9,0
P001,2024-05-25,249,14,0
P001,2024-05-26,235,14,0
P001,2024-05-27,230,5,0
P001,2024-05-28,219,11,0
P001,2024-05-29,212,7,0
P001,2024-05-30,206,6,0
P001,2024-05-31,198,8,0
P001,2024-06-01,462,16,0
P001,2024-06-02,452,10,0
P001,2024-06-03,447,5,0
P001,2024-06-04,435,12,0
P001,2024-06-05,427,8,0
P001,2024-06-06,420,7,0
P001,2024-06-07,408,12,0
P001,2024-06-08,394,14,0
P001,2024-06-09,378,16,0
P001,2024-06-10,370,8,0
P001,2024-06-11,358,12,0
P001,2024-06-12,350,8,0
P001,2024-06-13,344,6,0
P001,2024-06-14,335,9,0
P001,2024-06-15,320,15,0
P001,2024-06-16,308,12,0
P001,2024-06-17,297,11,0
P001,2024-06-18,286,11,0
P001,2024-06-19,281,5,0
P001,2024-06-20,272,9,0
P001,2024-06-21,263,9,0
P001,2024-06-22,251,12,0
P001,2024-06-23,233,18,0
P001,2024-06-24,222,11,0
P001,2024-06-25,211,11,0
P001,2024-06-26,204,7,0
P001,2024-06-27,197,7,0
P001,2024-06-28,187,10,0
P001,2024-06-29,177,10,0
P001,2024-06-30,167,10,0
P001,2024-07-01,439,8,0
P001,2024-07-02,429,10,0
P001,2024-07-03,418,11,0
P001,2024-07-04,413,5,0
P001,2024-07-05,407,6,0
P001,2024-07-06,391,16,0
P001,2024-07-07,377,14,0
P001,2024-07-08,366,11,0
P001,2024-07-09,353,13,0
P001,2024-07-10,344,9,0
P001,2024-07-11,338,6,0
P001,2024-07-12,326,12,0
P001,2024-07-13,314,12,0
P001,2024-07-14,301,13,0
P001,2024-07-15,289,12,0
P001,2024-07-16,280,9,0
P001,2024-07-17,269,11,0
P001,2024-07-18,257,12,0
P001,2024-07-19,247,10,0
P001,2024-07-20,231,16,0
P001,2024-07-21,211,20,0
P001,2024-07-22,205,6,0
P001,2024-07-23,192,13,0
P001,2024-07-24,182,10,0
P001,2024-07-25,169,13,0
P001,2024-07-26,157,12,0
P001,2024-07-27,138,19,0
P001,2024-07-28,123,15,0
P001,2024-07-29,112,11,0
P001,2024-07-30,102,10,0
P001,2024-07-31,97,5,0
P001,2024-08-01,366,11,0
P001,2024-08-02,361,5,0
P001,2024-08-03,345,16,0
P001,2024-08-04,327,18,0
P001,2024-08-05,318,9,0
P001,2024-08-06,305,13,0
P001,2024-08-07,294,11,0
P001,2024-08-08,282,12,0
P001,2024-08-09,276,6,0
P001,2024-08-10,267,9,0
P001,2024-08-11,255,12,0
P001,2024-08-12,247,8,0
P001,2024-08-13,239,8,0
P001,2024-08-14,228,11,0
P001,2024-08-15,221,7,0
P001,2024-08-16,209,12,0
P001,2024-08-17,193,16,0
P001,2024-08-18,177,16,0
P001,2024-08-19,167,10,0
P001,2024-08-20,158,9,0
P001,2024-08-21,148,10,0
P001,2024-08-22,139,9,0
P001,2024-08-23,128,11,0
P001,2024-08-24,110,18,0
P001,2024-08-25,101,9,0
P001,2024-08-26,96,5,0
P001,2024-08-27,90,6,0
P001,2024-08-28,83,7,0
P001,2024-08-29,75,8,0
P001,2024-08-30,64,11,0
P001,2024-08-31,45,19,0
P001,2024-09-01,311,14,0
P001,2024-09-02,300,11,0
P001,2024-09-03,292,8,0
P001,2024-09-04,283,9,0
P001,2024-09-05,274,9,0
P001,2024-09-06,262,12,0
P001,2024-09-07,251,11,0
P001,2024-09-08,238,13,0
P001,2024-09-09,225,13,0
P001,2024-09-10,215,10,0
P001,2024-09-11,204,11,0
P001,2024-09-12,193,11,0
P001,2024-09-13,183,10,0
P001,2024-09-14,172,11,0
P001,2024-09-15,158,14,0
P001,2024-09-16,146,12,0
P001,2024-09-17,134,12,0
P001,2024-09-18,126,8,0
P001,2024-09-19,115,11,0
P001,2024-09-20,105,10,0
P001,2024-09-21,95,10,0
P001,2024-09-22,81,14,0
P001,2024-09-23,71,10,0
P001,2024-09-24,57,14,0
P001,2024-09-25,51,6,0
P001,2024-09-26,39,12,0
P001,2024-09-27,27,12,0
P001,2024-09-28,11,16,0
P001,2024-09-29,0,11,1
P001,2024-09-30,0,0,1
P001,2024-10-01,144,10,0
P001,2024-10-02,137,7,0
P001,2024-10-03,129,8,0
P001,2024-10-04,118,11,0
P001,2024-10-05,104,14,0
P001,2024-10-06,82,22,0
P001,2024-10-07,68,14,0
P001,2024-10-08,58,10,0
P001,2024-10-09,50,8,0
P001,2024-10-10,39,11,0
P001,2024-10-11,24,15,0
P001,2024-10-12,9,15,0
P001,2024-10-13,0,9,1
P001,2024-10-14,0,0,1
P001,2024-10-15,0,0,1
P001,2024-10-16,0,0,1
P001,2024-10-17,0,0,1
P001,2024-10-18,0,0,1
P001,2024-10-19,0,0,1
P001,2024-10-20,0,0,1
P001,2024-10-21,0,0,1
P001,2024-10-22,0,0,1
P001,2024-10-23,0,0,1
P001,2024-10-24,0,0,1
P001,2024-10-25,0,0,1
P001,2024-10-26,0,0,1
P001,2024-10-27,0,0,1
P001,2024-10-28,0,0,1
P001,2024-10-29,0,0,1
P001,2024-10-30,0,0,1
P001,2024-10-31,0,0,1
P001,2024-11-01,139,15,0
P001,2024-11-02,120,19,0
P001,2024-11-03,98,22,0
P001,2024-11-04,77,21,0
P001,2024-11-05,66,11,0
P001,2024-11-06,51,15,0
P001,2024-11-07,29,22,0
P001,2024-11-08,17,12,0
P001,2024-11-09,0,17,1
P001,2024-11-10,0,0,1
P001,2024-11-11,0,0,1
P001,2024-11-12,0,0,1
P001,2024-11-13,0,0,1
P001,2024-11-14,0,0,1
P001,2024-11-15,0,0,1
P001,2024-11-16,0,0,1
P001,2024-11-17,0,0,1
P001,2024-11-18,0,0,1
P001,2024-11-19,0,0,1
P001,2024-11-20,0,0,1
P001,2024-11-21,0,0,1
P001,2024-11-22,0,0,1
P001,2024-11-23,0,0,1
P001,2024-11-24,0,0,1
P001,2024-11-25,0,0,1
P001,2024-11-26,0,0,1
P001,2024-11-27,0,0,1
P001,2024-11-28,0,0,1
P001,2024-11-29,0,0,1
P001,2024-11-30,0,0,1
P001,2024-12-01,137,17,0
P001,2024-12-02,123,14,0
P001,2024-12-03,107,16,0
P001,2024-12-04,87,20,0
P001,2024-12-05,75,12,0
P001,2024-12-06,55,20,0
P001,2024-12-07,32,23,0
P001,2024-12-08,6,26,0
P001,2024-12-09,0,6,1
P001,2024-12-10,0,0,1
P001,2024-12-11,0,0,1
P001,2024-12-12,0,0,1
P001,2024-12-13,0,0,1
P001,2024-12-14,0,0,1
P001,2024-12-15,0,0,1
P001,2024-12-16,0,0,1
P001,2024-12-17,0,0,1
P001,2024-12-18,0,0,1
P001,2024-12-19,0,0,1
P001,2024-12-20,0,0,1
P001,2024-12-21,0,0,1
P001,2024-12-22,0,0,1
P001,2024-12-23,0,0,1
P001,2024-12-24,0,0,1
P001,2024-12-25,0,0,1
P001,2024-12-26,0,0,1
P001,2024-12-27,0,0,1
P001,2024-12-28,0,0,1
P001,2024-12-29,0,0,1
P001,2024-12-30,0,0,1
P001,2024-12-31,0,0,1
P002,2022-01-01,549,11,0
P002,2022-01-02,543,6,0
P002,2022-01-03,539,4,0
P002,2022-01-04,535,4,0
P002,2022-01-05,532,3,0
P002,2022-01-06,525,7,0
P002,2022-01-07,520,5,0
P002,2022-01-08,511,9,0
P002,2022-01-09,501,10,0
P002,2022-01-10,494,7,0
P002,2022-01-11,489,5,0
P002,2022-01-12,484,5,0
P002,2022-01-13,477,7,0
P002,2022-01-14,473,4,0
P002,2022-01-15,466,7,0
P002,2022-01-16,455,11,0
P002,2022-01-17,452,3,0
P002,2022-01-18,447,5,0
P002,2022-01-19,442,5,0
P002,2022-01-20,435,7,0
P002,2022-01-21,431,4,0
P002,2022-01-22,424,7,0
P002,2022-01-23,416,8,0
P002,2022-01-24,410,6,0
P002,2022-01-25,403,7,0
P002,2022-01-26,397,6,0
P002,2022-01-27,391,6,0
P002,2022-01-28,387,4,0
P002,2022-01-29,377,10,0
P002,2022-01-30,365,12,0
P002,2022-01-31,359,6,0
P002,2022-02-01,633,6,0
P002,2022-02-02,626,7,0
P002,2022-02-03,619,7,0
P002,2022-02-04,614,5,0
P002,2022-02-05,606,8,0
P002,2022-02-06,599,7,0
P002,2022-02-07,593,6,0
P002,2022-02-08,588,5,0
P002,2022-02-09,580,8,0
P002,2022-02-10,575,5,0
P002,2022-02-11,567,8,0
P002,2022-02-12,559,8,0
P002,2022-02-13,553,6,0
P002,2022-02-14,547,6,0
P002,2022-02-15,540,7,0
P002,2022-02-16,536,4,0
P002,2022-02-17,528,8,0
P002,2022-02-18,521,7,0
P002,2022-02-19,512,9,0
P002,2022-02-20,502,10,0
P002,2022-02-21,496,6,0
P002,2022-02-22,492,4,0
P002,2022-02-23,487,5,0
P002,2022-02-24,480,7,0
P002,2022-02-25,473,7,0
P002,2022-02-26,462,11,0
P002,2022-02-27,451,11,0
P002,2022-02-28,448,3,0
P002,2022-03-01,718,10,0
P002,2022-03-02,710,8,0
P002,2022-03-03,701,9,0
P002,2022-03-04,695,6,0
P002,2022-03-05,679,16,0
P002,2022-03-06,664,15,0
P002,2022-03-07,658,6,0
P002,2022-03-08,650,8,0
P002,2022-03-09,642,8,0
P002,2022-03-10,637,5,0
P002,2022-03-11,629,8,0
P002,2022-03-12,620,9,0
P002,2022-03-13,611,9,0
P002,2022-03-14,603,8,0
P002,2022-03-15,597,6,0
P002,2022-03-16,588,9,0
P002,2022-03-17,583,5,0
P002,2022-03-18,573,10,0
P002,2022-03-19,559,14,0
P002,2022-03-20,543,16,0
P002,2022-03-21,537,6,0
P002,2022-03-22,531,6,0
P002,2022-03-23,522,9,0
P002,2022-03-24,513,9,0
P002,2022-03-25,508,5,0
P002,2022-03-26,498,10,0
P002,2022-03-27,486,12,0
P002,2022-03-28,479,7,0
P002,2022-03-29,472,7,0
P002,2022-03-30,464,8,0
P002,2022-03-31,456,8,0
P002,2022-04-01,729,7,0
P002,2022-04-02,713,16,0
P002,2022-04-03,700,13,0
P002,2022-04-04,690,10,0
P002,2022-04-05,683,7,0
P002,2022-04-06,677,6,0
P002,2022-04-07,669,8,0
P002,2022-04-08,663,6,0
P002,2022-04-09,649,14,0
P002,2022-04-10,638,11,0
P002,2022-04-11,627,11,0
P002,2022-04-12,622,5,0
P002,2022-04-13,617,5,0
P002,2022-04-14,608,9,0
P002,2022-04-15,599,9,0
P002,2022-04-16,583,16,0
P002,2022-04-17,570,13,0
P002,2022-04-18,564,6,0
P002,2022-04-19,555,9,0
P002,2022-04-20,545,10,0
P002,2022-04-21,537,8,0
P002,2022-04-22,529,8,0
P002,2022-04-23,520,9,0
P002,2022-04-24,503,17,0
P002,2022-04-25,498,5,0
P002,2022-04-26,490,8,0
P002,2022-04-27,482,8,0
P002,2022-04-28,474,8,0
P002,2022-04-29,466,8,0
P002,2022-04-30,454,12,0
P002,2022-05-01,721,13,0
P002,2022-05-02,716,5,0
P002,2022-05-03,706,10,0
P002,2022-05-04,696,10,0
P002,2022-05-05,689,7,0
P002,2022-05-06,680,9,0
P002,2022-05-07,667,13,0
P002,2022-05-08,659,8,0
P002,2022-05-09,651,8,0
P002,2022-05-10,639,12,0
P002,2022-05-11,627,12,0
P002,2022-05-12,616,11,0
P002,2022-05-13,604,12,0
P002,2022-05-14,588,16,0
P002,2022-05-15,579,9,0
P002,2022-05-16,567,12,0
P002,2022-05-17,562,5,0
P002,2022-05-18,557,5,0
P002,2022-05-19,552,5,0
P002,2022-05-20,543,9,0
P002,2022-05-21,531,12,0
P002,2022-05-22,512,19,0
P002,2022-05-23,504,8,0
P002,2022-05-24,498,6,0
P002,2022-05-25,489,9,0
P002,2022-05-26,483,6,0
P002,2022-05-27,477,6,0
P002,2022-05-28,461,16,0
P002,2022-05-29,446,15,0
P002,2022-05-30,435,11,0
P002,2022-05-31,424,11,0
P002,2022-06-01,695,9,0
P002,2022-06-02,686,9,0
P002,2022-06-03,680,6,0
P002,2022-06-04,667,13,0
P002,2022-06-05,651,16,0
P002,2022-06-06,645,6,0
P002,2022-06-07,635,10,0
P002,2022-06-08,628,7,0
P002,2022-06-09,622,6,0
P002,2022-06-10,610,12,0
P002,2022-06-11,598,12,0
P002,2022-06-12,580,18,0
P002,2022-06-13,570,10,0
P002,2022-06-14,559,11,0
P002,2022-06-15,551,8,0
P002,2022-06-16,545,6,0
P002,2022-06-17,539,6,0
P002,2022-06-18,525,14,0
P002,2022-06-19,507,18,0
P002,2022-06-20,501,6,0
P002,2022-06-21,494,7,0
P002,2022-06-22,485,9,0
P002,2022-06-23,478,7,0
P002,2022-06-24,467,11,0
P002,2022-06-25,449,18,0
P002,2022-06-26,430,19,0
P002,2022-06-27,420,10,0
P002,2022-06-28,413,7,0
P002,2022-06-29,407,6,0
P002,2022-06-30,397,10,0
P002,2022-07-01,669,8,0
P002,2022-07-02,657,12,0
P002,2022-07-03,644,13,0
P002,2022-07-04,637,7,0
P002,2022-07-05,630,7,0
P002,2022-07-06,622,8,0
P002,2022-07-07,611,11,0
P002,2022-07-08,598,13,0
P002,2022-07-09,584,14,0
P002,2022-07-10,568,16,0
P002,2022-07-11,559,9,0
P002,2022-07-12,546,13,0
P002,2022-07-13,535,11,0
P002,2022-07-14,529,6,0
P002,2022-07-15,523,6,0
P002,2022-07-16,513,10,0
P002,2022-07-17,500,13,0
P002,2022-07-18,488,12,0
P002,2022-07-19,476,12,0
P002,2022-07-20,470,6,0
P002,2022-07-21,462,8,0
P002,2022-07-22,452,10,0
P002,2022-07-23,439,13,0
P002,2022-07-24,429,10,0
P002,2022-07-25,423,6,0
P002,2022-07-26,411,12,0
P002,2022-07-27,405,6,0
P002,2022-07-28,397,8,0
P002,2022-07-29,390,7,0
P002,2022-07-30,375,15,0
P002,2022-07-31,357,18,0
P002,2022-08-01,630,7,0
P002,2022-08-02,623,7,0
P002,2022-08-03,617,6,0
P002,2022-08-04,605,12,0
P002,2022-08-05,593,12,0
P002,2022-08-06,575,18,0
P002,2022-08-07,559,16,0
P002,2022-08-08,547,12,0
P002,2022-08-09,538,9,0
P002,2022-08-10,531,7,0
P002,2022-08-11,520,11,0
P002,2022-08-12,513,7,0
P002,2022-08-13,501,12,0
P002,2022-08-14,489,12,0
P002,2022-08-15,479,10,0
P002,2022-08-16,470,9,0
P002,2022-08-17,458,12,0
P002,2022-08-18,447,11,0
P002,2022-08-19,439,8,0
P002,2022-08-20,420,19,0
P002,2022-08-21,408,12,0
P002,2022-08-22,399,9,0
P002,2022-08-23,389,10,0
P002,2022-08-24,382,7,0
P002,2022-08-25,374,8,0
P002,2022-08-26,362,12,0
P002,2022-08-27,352,10,0
P002,2022-08-28,342,10,0
P002,2022-08-29,330,12,0
P002,2022-08-30,319,11,0
P002,2022-08-31,307,12,0
P002,2022-09-01,579,8,0
P002,2022-09-02,573,6,0
P002,2022-09-03,552,21,0
P002,2022-09-04,533,19,0
P002,2022-09-05,524,9,0
P002,2022-09-06,518,6,0
P002,2022-09-07,510,8,0
P002,2022-09-08,499,11,0
P002,2022-09-09,491,8,0
P002,2022-09-10,480,11,0
P002,2022-09-11,468,12,0
P002,2022-09-12,461,7,0
P002,2022-09-13,453,8,0
P002,2022-09-14,444,9,0
P002,2022-09-15,431,13,0
P002,2022-09-16,420,11,0
P002,2022-09-17,410,10,0
P002,2022-09-18,396,14,0
P002,2022-09-19,384,12,0
P002,2022-09-20,372,12,0
P002,2022-09-21,360,12,0
P002,2022-09-22,351,9,0
P002,2022-09-23,341,10,0
P002,2022-09-24,329,12,0
P002,2022-09-25,317,12,0
P002,2022-09-26,309,8,0
P002,2022-09-27,296,13,0
P002,2022-09-28,283,13,0
P002,2022-09-29,277,6,0
P002,2022-09-30,267,10,0
P002,2022-10-01,405,16,0
P002,2022-10-02,387,18,0
P002,2022-10-03,375,12,0
P002,2022-10-04,360,15,0
P002,2022-10-05,349,11,0
P002,2022-10-06,341,8,0
P002,2022-10-07,332,9,0
P002,2022-10-08,312,20,0
P002,2022-10-09,301,11,0
P002,2022-10-10,288,13,0
P002,2022-10-11,276,12,0
P002,2022-10-12,265,11,0
P002,2022-10-13,258,7,0
P002,2022-10-14,245,13,0
P002,2022-10-15,223,22,0
P002,2022-10-16,212,11,0
P002,2022-10-17,198,14,0
P002,2022-10-18,189,9,0
P002,2022-10-19,180,9,0
P002,2022-10-20,167,13,0
P002,2022-10-21,156,11,0
P002,2022-10-22,139,17,0
P002,2022-10-23,128,11,0
P002,2022-10-24,120,8,0
P002,2022-10-25,111,9,0
P002,2022-10-26,105,6,0
P002,2022-10-27,93,12,0
P002,2022-10-28,80,13,0
P002,2022-10-29,58,22,0
P002,2022-10-30,46,12,0
P002,2022-10-31,33,13,0
P002,2022-11-01,169,18,0
P002,2022-11-02,149,20,0
P002,2022-11-03,134,15,0
P002,2022-11-04,123,11,0
P002,2022-11-05,103,20,0
P002,2022-11-06,87,16,0
P002,2022-11-07,76,11,0
P002,2022-11-08,55,21,0
P002,2022-11-09,33,22,0
P002,2022-11-10,13,20,0
P002,2022-11-11,0,13,1
P002,2022-11-12,0,0,1
P002,2022-11-13,0,0,1
P002,2022-11-14,0,0,1
P002,2022-11-15,0,0,1
P002,2022-11-16,0,0,1
P002,2022-11-17,0,0,1
P002,2022-11-18,0,0,1
P002,2022-11-19,0,0,1
P002,2022-11-20,0,0,1
P002,2022-11-21,0,0,1
P002,2022-11-22,0,0,1
P002,2022-11-23,0,0,1
P002,2022-11-24,0,0,1
P002,2022-11-25,0,0,1
P002,2022-11-26,0,0,1
P002,2022-11-27,0,0,1
P002,2022-11-28,0,0,1
P002,2022-11-29,0,0,1
P002,2022-11-30,0,0,1
P002,2022-12-01,145,9,0
P002,2022-12-02,134,11,0
P002,2022-12-03,106,28,0
P002,2022-12-04,74,32,0
P002,2022-12-05,56,18,0
P002,2022-12-06,42,14,0
P002,2022-12-07,30,12,0
P002,2022-12-08,18,12,0
P002,2022-12-09,7,11,0
P002,2022-12-10,0,7,1
P002,2022-12-11,0,0,1
P002,2022-12-12,0,0,1
P002,2022-12-13,0,0,1
P002,2022-12-14,0,0,1
P002,2022-12-15,0,0,1
P002,2022-12-16,0,0,1
P002,2022-12-17,0,0,1
P002,2022-12-18,0,0,1
P002,2022-12-19,0,0,1
P002,2022-12-20,0,0,1
P002,2022-12-21,0,0,1
P002,2022-12-22,0,0,1
P002,2022-12-23,0,0,1
P002,2022-12-24,0,0,1
P002,2022-12-25,0,0,1
P002,2022-12-26,0,0,1
P002,2022-12-27,0,0,1
P002,2022-12-28,0,0,1
P002,2022-12-29,0,0,1
P002,2022-12-30,0,0,1
P002,2022-12-31,0,0,1
P002,2023-01-01,275,5,0
P002,2023-01-02,271,4,0
P002,2023-01-03,266,5,0
P002,2023-01-04,260,6,0
P002,2023-01-05,257,3,0
P002,2023-01-06,253,4,0
P002,2023-01-07,244,9,0
P002,2023-01-08,236,8,0
P002,2023-01-09,230,6,0
P002,2023-01-10,224,6,0
P002,2023-01-11,221,3,0
P002,2023-01-12,215,6,0
P002,2023-01-13,209,6,0
P002,2023-01-14,204,5,0
P002,2023-01-15,199,5,0
P002,2023-01-16,194,5,0
P002,2023-01-17,189,5,0
P002,2023-01-18,184,5,0
P002,2023-01-19,180,4,0
P002,2023-01-20,175,5,0
P002,2023-01-21,170,5,0
P002,2023-01-22,161,9,0
P002,2023-01-23,155,6,0
P002,2023-01-24,150,5,0
P002,2023-01-25,143,7,0
P002,2023-01-26,138,5,0
P002,2023-01-27,135,3,0
P002,2023-01-28,127,8,0
P002,2023-01-29,118,9,0
P002,2023-01-30,112,6,0
P002,2023-01-31,107,5,0
P002,2023-02-01,383,4,0
P002,2023-02-02,375,8,0
P002,2023-02-03,371,4,0
P002,2023-02-04,359,12,0
P002,2023-02-05,349,10,0
P002,2023-02-06,341,8,0
P002,2023-02-07,335,6,0
P002,2023-02-08,330,5,0
P002,2023-02-09,326,4,0
P002,2023-02-10,321,5,0
P002,2023-02-11,316,5,0
P002,2023-02-12,307,9,0
P002,2023-02-13,300,7,0
P002,2023-02-14,293,7,0
P002,2023-02-15,287,6,0
P002,2023-02-16,279,8,0
P002,2023-02-17,271,8,0
P002,2023-02-18,259,12,0
P002,2023-02-19,252,7,0
P002,2023-02-20,249,3,0
P002,2023-02-21,244,5,0
P002,2023-02-22,237,7,0
P002,2023-02-23,231,6,0
P002,2023-02-24,227,4,0
P002,2023-02-25,217,10,0
P002,2023-02-26,207,10,0
P002,2023-02-27,203,4,0
P002,2023-02-28,197,6,0
P002,2023-03-01,471,6,0
P002,2023-03-02,463,8,0
P002,2023-03-03,457,6,0
P002,2023-03-04,446,11,0
P002,2023-03-05,439,7,0
P002,2023-03-06,434,5,0
P002,2023-03-07,430,4,0
P002,2023-03-08,425,5,0
P002,2023-03-09,417,8,0
P002,2023-03-10,408,9,0
P002,2023-03-11,395,13,0
P002,2023-03-12,384,11,0
P002,2023-03-13,378,6,0
P002,2023-03-14,372,6,0
P002,2023-03-15,367,5,0
P002,2023-03-16,358,9,0
P002,2023-03-17,354,4,0
P002,2023-03-18,340,14,0
P002,2023-03-19,329,11,0
P002,2023-03-20,324,5,0
P002,2023-03-21,319,5,0
P002,2023-03-22,311,8,0
P002,2023-03-23,307,4,0
P002,2023-03-24,299,8,0
P002,2023-03-25,292,7,0
P002,2023-03-26,277,15,0
P002,2023-03-27,269,8,0
P002,2023-03-28,260,9,0
P002,2023-03-29,255,5,0
P002,2023-03-30,248,7,0
P002,2023-03-31,240,8,0
P002,2023-04-01,510,10,0
P002,2023-04-02,499,11,0
P002,2023-04-03,492,7,0
P002,2023-04-04,486,6,0
P002,2023-04-05,480,6,0
P002,2023-04-06,475,5,0
P002,2023-04-07,469,6,0
P002,2023-04-08,456,13,0
P002,2023-04-09,441,15,0
P002,2023-04-10,430,11,0
P002,2023-04-11,421,9,0
P002,2023-04-12,411,10,0
P002,2023-04-13,404,7,0
P002,2023-04-14,396,8,0
P002,2023-04-15,385,11,0
P002,2023-04-16,373,12,0
P002,2023-04-17,364,9,0
P002,2023-04-18,356,8,0
P002,2023-04-19,345,11,0
P002,2023-04-20,340,5,0
P002,2023-04-21,332,8,0
P002,2023-04-22,318,14,0
P002,2023-04-23,310,8,0
P002,2023-04-24,304,6,0
P002,2023-04-25,298,6,0
P002,2023-04-26,292,6,0
P002,2023-04-27,282,10,0
P002,2023-04-28,277,5,0
P002,2023-04-29,259,18,0
P002,2023-04-30,250,9,0
P002,2023-05-01,524,6,0
P002,2023-05-02,515,9,0
P002,2023-05-03,507,8,0
P002,2023-05-04,497,10,0
P002,2023-05-05,491,6,0
P002,2023-05-06,477,14,0
P002,2023-05-07,461,16,0
P002,2023-05-08,456,5,0
P002,2023-05-09,447,9,0
P002,2023-05-10,441,6,0
P002,2023-05-11,434,7,0
P002,2023-05-12,429,5,0
P002,2023-05-13,421,8,0
P002,2023-05-14,406,15,0
P002,2023-05-15,396,10,0
P002,2023-05-16,386,10,0
P002,2023-05-17,375,11,0
P002,2023-05-18,363,12,0
P002,2023-05-19,353,10,0
P002,2023-05-20,336,17,0
P002,2023-05-21,323,13,0
P002,2023-05-22,314,9,0
P002,2023-05-23,304,10,0
P002,2023-05-24,299,5,0
P002,2023-05-25,293,6,0
P002,2023-05-26,284,9,0
P002,2023-05-27,271,13,0
P002,2023-05-28,254,17,0
P002,2023-05-29,244,10,0
P002,2023-05-30,233,11,0
P002,2023-05-31,223,10,0
P002,2023-06-01,491,12,0
P002,2023-06-02,479,12,0
P002,2023-06-03,464,15,0
P002,2023-06-04,446,18,0
P002,2023-06-05,439,7,0
P002,2023-06-06,429,10,0
P002,2023-06-07,419,10,0
P002,2023-06-08,411,8,0
P002,2023-06-09,404,7,0
P002,2023-06-10,389,15,0
P002,2023-06-11,377,12,0
P002,2023-06-12,371,6,0
P002,2023-06-13,365,6,0
P002,2023-06-14,358,7,0
P002,2023-06-15,347,11,0
P002,2023-06-16,339,8,0
P002,2023-06-17,324,15,0
P002,2023-06-18,309,15,0
P002,2023-06-19,300,9,0
P002,2023-06-20,293,7,0
P002,2023-06-21,284,9,0
P002,2023-06-22,275,9,0
P002,2023-06-23,268,7,0
P002,2023-06-24,259,9,0
P002,2023-06-25,243,16,0
P002,2023-06-26,232,11,0
P002,2023-06-27,225,7,0
P002,2023-06-28,214,11,0
P002,2023-06-29,203,11,0
P002,2023-06-30,196,7,0
P002,2023-07-01,461,15,0
P002,2023-07-02,451,10,0
P002,2023-07-03,442,9,0
P002,2023-07-04,434,8,0
P002,2023-07-05,422,12,0
P002,2023-07-06,414,8,0
P002,2023-07-07,408,6,0
P002,2023-07-08,395,13,0
P002,2023-07-09,377,18,0
P002,2023-07-10,367,10,0
P002,2023-07-11,356,11,0
P002,2023-07-12,344,12,0
P002,2023-07-13,335,9,0
P002,2023-07-14,323,12,0
P002,2023-07-15,312,11,0
P002,2023-07-16,297,15,0
P002,2023-07-17,287,10,0
P002,2023-07-18,278,9,0
P002,2023-07-19,270,8,0
P002,2023-07-20,259,11,0
P002,2023-07-21,248,11,0
P002,2023-07-22,228,20,0
P002,2023-07-23,213,15,0
P002,2023-07-24,203,10,0
P002,2023-07-25,197,6,0
P002,2023-07-26,191,6,0
P002,2023-07-27,183,8,0
P002,2023-07-28,170,13,0
P002,2023-07-29,159,11,0
P002,2023-07-30,146,13,0
P002,2023-07-31,138,8,0
P002,2023-08-01,411,7,0
P002,2023-08-02,400,11,0
P002,2023-08-03,390,10,0
P002,2023-08-04,380,10,0
P002,2023-08-05,371,9,0
P002,2023-08-06,358,13,0
P002,2023-08-07,348,10,0
P002,2023-08-08,337,11,0
P002,2023-08-09,331,6,0
P002,2023-08-10,321,10,0
P002,2023-08-11,310,11,0
P002,2023-08-12,295,15,0
P002,2023-08-13,285,10,0
P002,2023-08-14,273,12,0
P002,2023-08-15,261,12,0
P002,2023-08-16,255,6,0
P002,2023-08-17,246,9,0
P002,2023-08-18,237,9,0
P002,2023-08-19,228,9,0
P002,2023-08-20,216,12,0
P002,2023-08-21,204,12,0
P002,2023-08-22,193,11,0
P002,2023-08-23,182,11,0
P002,2023-08-24,175,7,0
P002,2023-08-25,164,11,0
P002,2023-08-26,151,13,0
P002,2023-08-27,133,18,0
P002,2023-08-28,126,7,0
P002,2023-08-29,114,12,0
P002,2023-08-30,103,11,0
P002,2023-08-31,92,11,0
P002,2023-09-01,359,13,0
P002,2023-09-02,348,11,0
P002,2023-09-03,330,18,0
P002,2023-09-04,320,10,0
P002,2023-09-05,310,10,0
P002,2023-09-06,301,9,0
P002,2023-09-07,287,14,0
P002,2023-09-08,277,10,0
P002,2023-09-09,264,13,0
P002,2023-09-10,250,14,0
P002,2023-09-11,237,13,0
P002,2023-09-12,224,13,0
P002,2023-09-13,215,9,0
P002,2023-09-14,208,7,0
P002,2023-09-15,202,6,0
P002,2023-09-16,182,20,0
P002,2023-09-17,168,14,0
P002,2023-09-18,158,10,0
P002,2023-09-19,151,7,0
P002,2023-09-20,144,7,0
P002,2023-09-21,138,6,0
P002,2023-09-22,130,8,0
P002,2023-09-23,109,21,0
P002,2023-09-24,96,13,0
P002,2023-09-25,83,13,0
P002,2023-09-26,71,12,0
P002,2023-09-27,58,13,0
P002,2023-09-28,47,11,0
P002,2023-09-29,36,11,0
P002,2023-09-30,21,15,0
P002,2023-10-01,165,10,0
P002,2023-10-02,159,6,0
P002,2023-10-03,151,8,0
P002,2023-10-04,139,12,0
P002,2023-10-05,130,9,0
P002,2023-10-06,119,11,0
P002,2023-10-07,104,15,0
P002,2023-10-08,82,22,0
P002,2023-10-09,72,10,0
P002,2023-10-10,63,9,0
P002,2023-10-11,54,9,0
P002,2023-10-12,43,11,0
P002,2023-10-13,33,10,0
P002,2023-10-14,19,14,0
P002,2023-10-15,0,19,1
P002,2023-10-16,0,0,1
P002,2023-10-17,0,0,1
P002,2023-10-18,0,0,1
P002,2023-10-19,0,0,1
P002,2023-10-20,0,0,1
P002,2023-10-21,0,0,1
P002,2023-10-22,0,0,1
P002,2023-10-23,0,0,1
P002,2023-10-24,0,0,1
P002,2023-10-25,0,0,1
P002,2023-10-26,0,0,1
P002,2023-10-27,0,0,1
P002,2023-10-28,0,0,1
P002,2023-10-29,0,0,1
P002,2023-10-30,0,0,1
P002,2023-10-31,0,0,1
P002,2023-11-01,137,17,0
P002,2023-11-02,121,16,0
P002,2023-11-03,100,21,0
P002,2023-11-04,75,25,0
P002,2023-11-05,52,23,0
P002,2023-11-06,36,16,0
P002,2023-11-07,20,16,0
P002,2023-11-08,3,17,0
P002,2023-11-09,0,3,1
P002,2023-11-10,0,0,1
P002,2023-11-11,0,0,1
P002,2023-11-12,0,0,1
P002,2023-11-13,0,0,1
P002,2023-11-14,0,0,1
P002,2023-11-15,0,0,1
P002,2023-11-16,0,0,1
P002,2023-11-17,0,0,1
P002,2023-11-18,0,0,1
P002,2023-11-19,0,0,1
P002,2023-11-20,0,0,1
P002,2023-11-21,0,0,1
P002,2023-11-22,0,0,1
P002,2023-11-23,0,0,1
P002,2023-11-24,0,0,1
P002,2023-11-25,0,0,1
P002,2023-11-26,0,0,1
P002,2023-11-27,0,0,1
P002,2023-11-28,0,0,1
P002,2023-11-29,0,0,1
P002,2023-11-30,0,0,1
P002,2023-12-01,136,18,0
P002,2023-12-02,112,24,0
P002,2023-12-03,82,30,0
P002,2023-12-04,73,9,0
P002,2023-12-05,54,19,0
P002,2023-12-06,37,17,0
P002,2023-12-07,19,18,0
P002,2023-12-08,10,9,0
P002,2023-12-09,0,10,1
P002,2023-12-10,0,0,1
P002,2023-12-11,0,0,1
P002,2023-12-12,0,0,1
P002,2023-12-13,0,0,1
P002,2023-12-14,0,0,1
P002,2023-12-15,0,0,1
P002,2023-12-16,0,0,1
P002,2023-12-17,0,0,1
P002,2023-12-18,0,0,1
P002,2023-12-19,0,0,1
P002,2023-12-20,0,0,1
P002,2023-12-21,0,0,1
P002,2023-12-22,0,0,1
P002,2023-12-23,0,0,1
P002,2023-12-24,0,0,1
P002,2023-12-25,0,0,1
P002,2023-12-26,0,0,1
P002,2023-12-27,0,0,1
P002,2023-12-28,0,0,1
P002,2023-12-29,0,0,1
P002,2023-12-30,0,0,1
P002,2023-12-31,0,0,1
P002,2024-01-01,275,5,0
P002,2024-01-02,269,6,0
P002,2024-01-03,265,4,0
P002,2024-01-04,260,5,0
P002,2024-01-05,255,5,0
P002,2024-01-06,248,7,0
P002,2024-01-07,238,10,0
P002,2024-01-08,233,5,0
P002,2024-01-09,229,4,0
P002,2024-01-10,225,4,0
P002,2024-01-11,218,7,0
P002,2024-01-12,212,6,0
P002,2024-01-13,201,11,0
P002,2024-01-14,191,10,0
P002,2024-01-15,186,5,0
P002,2024-01-16,179,7,0
P002,2024-01-17,175,4,0
P002,2024-01-18,168,7,0
P002,2024-01-19,164,4,0
P002,2024-01-20,155,9,0
P002,2024-01-21,149,6,0
P002,2024-01-22,144,5,0
P002,2024-01-23,140,4,0
P002,2024-01-24,133,7,0
P002,2024-01-25,128,5,0
P002,2024-01-26,123,5,0
P002,2024-01-27,114,9,0
P002,2024-01-28,109,5,0
P002,2024-01-29,103,6,0
P002,2024-01-30,96,7,0
P002,2024-01-31,91,5,0
P002,2024-02-01,366,5,0
P002,2024-02-02,360,6,0
P002,2024-02-03,352,8,0
P002,2024-02-04,344,8,0
P002,2024-02-05,336,8,0
P002,2024-02-06,329,7,0
P002,2024-02-07,323,6,0
P002,2024-02-08,318,5,0
P002,2024-02-09,311,7,0
P002,2024-02-10,300,11,0
P002,2024-02-11,294,6,0
P002,2024-02-12,288,6,0
P002,2024-02-13,280,8,0
P002,2024-02-14,272,8,0
P002,2024-02-15,268,4,0
P002,2024-02-16,262,6,0
P002,2024-02-17,252,10,0
P002,2024-02-18,244,8,0
P002,2024-02-19,238,6,0
P002,2024-02-20,235,3,0
P002,2024-02-21,232,3,0
P002,2024-02-22,226,6,0
P002,2024-02-23,221,5,0
P002,2024-02-24,208,13,0
P002,2024-02-25,198,10,0
P002,2024-02-26,193,5,0
P002,2024-02-27,185,8,0
P002,2024-02-28,181,4,0
P002,2024-02-29,177,4,0
P002,2024-03-01,447,10,0
P002,2024-03-02,438,9,0
P002,2024-03-03,422,16,0
P002,2024-03-04,417,5,0
P002,2024-03-05,413,4,0
P002,2024-03-06,406,7,0
P002,2024-03-07,396,10,0
P002,2024-03-08,386,10,0
P002,2024-03-09,377,9,0
P002,2024-03-10,369,8,0
P002,2024-03-11,359,10,0
P002,2024-03-12,353,6,0
P002,2024-03-13,346,7,0
P002,2024-03-14,338,8,0
P002,2024-03-15,330,8,0
P002,2024-03-16,318,12,0
P002,2024-03-17,306,12,0
P002,2024-03-18,300,6,0
P002,2024-03-19,295,5,0
P002,2024-03-20,288,7,0
P002,2024-03-21,278,10,0
P002,2024-03-22,274,4,0
P002,2024-03-23,261,13,0
P002,2024-03-24,250,11,0
P002,2024-03-25,240,10,0
P002,2024-03-26,235,5,0
P002,2024-03-27,228,7,0
P002,2024-03-28,219,9,0
P002,2024-03-29,214,5,0
P002,2024-03-30,199,15,0
P002,2024-03-31,188,11,0
P002,2024-04-01,457,11,0
P002,2024-04-02,446,11,0
P002,2024-04-03,441,5,0
P002,2024-04-04,436,5,0
P002,2024-04-05,430,6,0
P002,2024-04-06,416,14,0
P002,2024-04-07,400,16,0
P002,2024-04-08,390,10,0
P002,2024-04-09,381,9,0
P002,2024-04-10,372,9,0
P002,2024-04-11,365,7,0
P002,2024-04-12,356,9,0
P002,2024-04-13,349,7,0
P002,2024-04-14,333,16,0
P002,2024-04-15,327,6,0
P002,2024-04-16,321,6,0
P002,2024-04-17,316,5,0
P002,2024-04-18,306,10,0
P002,2024-04-19,299,7,0
P002,2024-04-20,289,10,0
P002,2024-04-21,277,12,0
P002,2024-04-22,272,5,0
P002,2024-04-23,262,10,0
P002,2024-04-24,256,6,0
P002,2024-04-25,247,9,0
P002,2024-04-26,238,9,0
P002,2024-04-27,226,12,0
P002,2024-04-28,211,15,0
P002,2024-04-29,200,11,0
P002,2024-04-30,189,11,0
P002,2024-05-01,460,9,0
P002,2024-05-02,448,12,0
P002,2024-05-03,437,11,0
P002,2024-05-04,422,15,0
P002,2024-05-05,410,12,0
P002,2024-05-06,402,8,0
P002,2024-05-07,397,5,0
P002,2024-05-08,390,7,0
P002,2024-05-09,379,11,0
P002,2024-05-10,372,7,0
P002,2024-05-11,363,9,0
P002,2024-05-12,348,15,0
P002,2024-05-13,342,6,0
P002,2024-05-14,331,11,0
P002,2024-05-15,319,12,0
P002,2024-05-16,310,9,0
P002,2024-05-17,302,8,0
P002,2024-05-18,286,16,0
P002,2024-05-19,275,11,0
P002,2024-05-20,265,10,0
P002,2024-05-21,258,7,0
P002,2024-05-22,246,12,0
P002,2024-05-23,239,7,0
P002,2024-05-24,232,7,0
P002,2024-05-25,215,17,0
P002,2024-05-26,207,8,0
P002,2024-05-27,201,6,0
P002,2024-05-28,196,5,0
P002,2024-05-29,186,10,0
P002,2024-05-30,176,10,0
P002,2024-05-31,167,9,0
P002,2024-06-01,428,19,0
P002,2024-06-02,414,14,0
P002,2024-06-03,408,6,0
P002,2024-06-04,397,11,0
P002,2024-06-05,386,11,0
P002,2024-06-06,379,7,0
P002,2024-06-07,372,7,0
P002,2024-06-08,360,12,0
P002,2024-06-09,351,9,0
P002,2024-06-10,344,7,0
P002,2024-06-11,334,10,0
P002,2024-06-12,326,8,0
P002,2024-06-13,319,7,0
P002,2024-06-14,307,12,0
P002,2024-06-15,295,12,0
P002,2024-06-16,281,14,0
P002,2024-06-17,269,12,0
P002,2024-06-18,263,6,0
P002,2024-06-19,254,9,0
P002,2024-06-20,244,10,0
P002,2024-06-21,237,7,0
P002,2024-06-22,224,13,0
P002,2024-06-23,214,10,0
P002,2024-06-24,206,8,0
P002,2024-06-25,197,9,0
P002,2024-06-26,190,7,0
P002,2024-06-27,180,10,0
P002,2024-06-28,174,6,0
P002,2024-06-29,165,9,0
P002,2024-06-30,157,8,0
P002,2024-07-01,425,12,0
P002,2024-07-02,412,13,0
P002,2024-07-03,401,11,0
P002,2024-07-04,392,9,0
P002,2024-07-05,382,10,0
P002,2024-07-06,373,9,0
P002,2024-07-07,357,16,0
P002,2024-07-08,350,7,0
P002,2024-07-09,340,10,0
P002,2024-07-10,330,10,0
P002,2024-07-11,325,5,0
P002,2024-07-12,318,7,0
P002,2024-07-13,304,14,0
P002,2024-07-14,293,11,0
P002,2024-07-15,282,11,0
P002,2024-07-16,272,10,0
P002,2024-07-17,264,8,0
P002,2024-07-18,252,12,0
P002,2024-07-19,244,8,0
P002,2024-07-20,224,20,0
P002,2024-07-21,214,10,0
P002,2024-07-22,208,6,0
P002,2024-07-23,199,9,0
P002,2024-07-24,190,9,0
P002,2024-07-25,178,12,0
P002,2024-07-26,167,11,0
P002,2024-07-27,147,20,0
P002,2024-07-28,138,9,0
P002,2024-07-29,127,11,0
P002,2024-07-30,121,6,0
P002,2024-07-31,112,9,0
P002,2024-08-01,383,9,0
P002,2024-08-02,378,5,0
P002,2024-08-03,366,12,0
P002,2024-08-04,354,12,0
P002,2024-08-05,345,9,0
P002,2024-08-06,336,9,0
P002,2024-08-07,330,6,0
P002,2024-08-08,322,8,0
P002,2024-08-09,315,7,0
P002,2024-08-10,302,13,0
P002,2024-08-11,285,17,0
P002,2024-08-12,273,12,0
P002,2024-08-13,261,12,0
P002,2024-08-14,250,11,0
P002,2024-08-15,240,10,0
P002,2024-08-16,234,6,0
P002,2024-08-17,225,9,0
P002,2024-08-18,217,8,0
P002,2024-08-19,210,7,0
P002,2024-08-20,205,5,0
P002,2024-08-21,199,6,0
P002,2024-08-22,188,11,0
P002,2024-08-23,182,6,0
P002,2024-08-24,165,17,0
P002,2024-08-25,156,9,0
P002,2024-08-26,148,8,0
P002,2024-08-27,137,11,0
P002,2024-08-28,126,11,0
P002,2024-08-29,115,11,0
P002,2024-08-30,109,6,0
P002,2024-08-31,89,20,0
P002,2024-09-01,351,18,0
P002,2024-09-02,344,7,0
P002,2024-09-03,330,14,0
P002,2024-09-04,321,9,0
P002,2024-09-05,312,9,0
P002,2024-09-06,305,7,0
P002,2024-09-07,296,9,0
P002,2024-09-08,281,15,0
P002,2024-09-09,271,10,0
P002,2024-09-10,259,12,0
P002,2024-09-11,250,9,0
P002,2024-09-12,242,8,0
P002,2024-09-13,232,10,0
P002,2024-09-14,219,13,0
P002,2024-09-15,199,20,0
P002,2024-09-16,189,10,0
P002,2024-09-17,179,10,0
P002,2024-09-18,172,7,0
P002,2024-09-19,163,9,0
P002,2024-09-20,153,10,0
P002,2024-09-21,139,14,0
P002,2024-09-22,124,15,0
P002,2024-09-23,115,9,0
P002,2024-09-24,109,6,0
P002,2024-09-25,103,6,0
P002,2024-09-26,92,11,0
P002,2024-09-27,83,9,0
P002,2024-09-28,66,17,0
P002,2024-09-29,51,15,0
P002,2024-09-30,39,12,0
P002,2024-10-01,182,11,0
P002,2024-10-02,170,12,0
P002,2024-10-03,156,14,0
P002,2024-10-04,148,8,0
P002,2024-10-05,131,17,0
P002,2024-10-06,113,18,0
P002,2024-10-07,101,12,0
P002,2024-10-08,90,11,0
P002,2024-10-09,76,14,0
P002,2024-10-10,67,9,0
P002,2024-10-11,53,14,0
P002,2024-10-12,33,20,0
P002,2024-10-13,13,20,0
P002,2024-10-14,3,10,0
P002,2024-10-15,0,3,1
P002,2024-10-16,0,0,1
P002,2024-10-17,0,0,1
P002,2024-10-18,0,0,1
P002,2024-10-19,0,0,1
P002,2024-10-20,0,0,1
P002,2024-10-21,0,0,1
P002,2024-10-22,0,0,1
P002,2024-10-23,0,0,1
P002,2024-10-24,0,0,1
P002,2024-10-25,0,0,1
P002,2024-10-26,0,0,1
P002,2024-10-27,0,0,1
P002,2024-10-28,0,0,1
P002,2024-10-29,0,0,1
P002,2024-10-30,0,0,1
P002,2024-10-31,0,0,1
P002,2024-11-01,136,18,0
P002,2024-11-02,103,33,0
P002,2024-11-03,83,20,0
P002,2024-11-04,65,18,0
P002,2024-11-05,51,14,0
P002,2024-11-06,30,21,0
P002,2024-11-07,11,19,0
P002,2024-11-08,0,11,1
P002,2024-11-09,0,0,1
P002,2024-11-10,0,0,1
P002,2024-11-11,0,0,1
P002,2024-11-12,0,0,1
P002,2024-11-13,0,0,1
P002,2024-11-14,0,0,1
P002,2024-11-15,0,0,1
P002,2024-11-16,0,0,1
P002,2024-11-17,0,0,1
P002,2024-11-18,0,0,1
P002,2024-11-19,0,0,1
P002,2024-11-20,0,0,1
P002,2024-11-21,0,0,1
P002,2024-11-22,0,0,1
P002,2024-11-23,0,0,1
P002,2024-11-24,0,0,1
P002,2024-11-25,0,0,1
P002,2024-11-26,0,0,1
P002,2024-11-27,0,0,1
P002,2024-11-28,0,0,1
P002,2024-11-29,0,0,1
P002,2024-11-30,0,0,1
P002,2024-12-01,134,20,0
P002,2024-12-02,123,11,0
P002,2024-12-03,114,9,0
P002,2024-12-04,105,9,0
P002,2024-12-05,95,10,0
P002,2024-12-06,74,21,0
P002,2024-12-07,59,15,0
P002,2024-12-08,30,29,0
P002,2024-12-09,13,17,0
P002,2024-12-10,0,13,1
P002,2024-12-11,0,0,1
P002,2024-12-12,0,0,1
P002,2024-12-13,0,0,1
P002,2024-12-14,0,0,1
P002,2024-12-15,0,0,1
P002,2024-12-16,0,0,1
P002,2024-12-17,0,0,1
P002,2024-12-18,0,0,1
P002,2024-12-19,0,0,1
P002,2024-12-20,0,0,1
P002,2024-12-21,0,0,1
P002,2024-12-22,0,0,1
P002,2024-12-23,0,0,1
P002,2024-12-24,0,0,1
P002,2024-12-25,0,0,1
P002,2024-12-26,0,0,1
P002,2024-12-27,0,0,1
P002,2024-12-28,0,0,1
P002,2024-12-29,0,0,1
P002,2024-12-30,0,0,1
P002,2024-12-31,0,0,1
P003,2022-01-01,551,9,0
P003,2022-01-02,543,8,0
P003,2022-01-03,540,3,0
P003,2022-01-04,535,5,0
P003,2022-01-05,530,5,0
P003,2022-01-06,523,7,0
P003,2022-01-07,516,7,0
P003,2022-01-08,504,12,0
P003,2022-01-09,493,11,0
P003,2022-01-10,488,5,0
P003,2022-01-11,485,3,0
P003,2022-01-12,478,7,0
P003,2022-01-13,474,4,0
P003,2022-01-14,469,5,0
P003,2022-01-15,459,10,0
P003,2022-01-16,451,8,0
P003,2022-01-17,447,4,0
P003,2022-01-18,440,7,0
P003,2022-01-19,437,3,0
P003,2022-01-20,432,5,0
P003,2022-01-21,427,5,0
P003,2022-01-22,417,10,0
P003,2022-01-23,408,9,0
P003,2022-01-24,403,5,0
P003,2022-01-25,396,7,0
P003,2022-01-26,389,7,0
P003,2022-01-27,383,6,0
P003,2022-01-28,376,7,0
P003,2022-01-29,370,6,0
P003,2022-01-30,365,5,0
P003,2022-01-31,361,4,0
P003,2022-02-01,633,8,0
P003,2022-02-02,625,8,0
P003,2022-02-03,618,7,0
P003,2022-02-04,613,5,0
P003,2022-02-05,604,9,0
P003,2022-02-06,596,8,0
P003,2022-02-07,588,8,0
P003,2022-02-08,581,7,0
P003,2022-02-09,575,6,0
P003,2022-02-10,569,6,0
P003,2022-02-11,563,6,0
P003,2022-02-12,552,11,0
P003,2022-02-13,545,7,0
P003,2022-02-14,537,8,0
P003,2022-02-15,529,8,0
P003,2022-02-16,522,7,0
P003,2022-02-17,514,8,0
P003,2022-02-18,507,7,0
P003,2022-02-19,500,7,0
P003,2022-02-20,492,8,0
P003,2022-02-21,487,5,0
P003,2022-02-22,481,6,0
P003,2022-02-23,474,7,0
P003,2022-02-24,469,5,0
P003,2022-02-25,463,6,0
P003,2022-02-26,455,8,0
P003,2022-02-27,449,6,0
P003,2022-02-28,441,8,0
P003,2022-03-01,716,5,0
P003,2022-03-02,709,7,0
P003,2022-03-03,701,8,0
P003,2022-03-04,693,8,0
P003,2022-03-05,686,7,0
P003,2022-03-06,678,8,0
P003,2022-03-07,672,6,0
P003,2022-03-08,663,9,0
P003,2022-03-09,659,4,0
P003,2022-03-10,650,9,0
P003,2022-03-11,645,5,0
P003,2022-03-12,631,14,0
P003,2022-03-13,623,8,0
P003,2022-03-14,614,9,0
P003,2022-03-15,607,7,0
P003,2022-03-16,599,8,0
P003,2022-03-17,590,9,0
P003,2022-03-18,580,10,0
P003,2022-03-19,573,7,0
P003,2022-03-20,563,10,0
P003,2022-03-21,558,5,0
P003,2022-03-22,552,6,0
P003,2022-03-23,546,6,0
P003,2022-03-24,539,7,0
P003,2022-03-25,532,7,0
P003,2022-03-26,525,7,0
P003,2022-03-27,514,11,0
P003,2022-03-28,505,9,0
P003,2022-03-29,497,8,0
P003,2022-03-30,488,9,0
P003,2022-03-31,482,6,0
P003,2022-04-01,756,6,0
P003,2022-04-02,746,10,0
P003,2022-04-03,734,12,0
P003,2022-04-04,728,6,0
P003,2022-04-05,718,10,0
P003,2022-04-06,712,6,0
P003,2022-04-07,706,6,0
P003,2022-04-08,701,5,0
P003,2022-04-09,686,15,0
P003,2022-04-10,676,10,0
P003,2022-04-11,667,9,0
P003,2022-04-12,660,7,0
P003,2022-04-13,654,6,0
P003,2022-04-14,644,10,0
P003,2022-04-15,636,8,0
P003,2022-04-16,623,13,0
P003,2022-04-17,607,16,0
P003,2022-04-18,601,6,0
P003,2022-04-19,593,8,0
P003,2022-04-20,584,9,0
P003,2022-04-21,575,9,0
P003,2022-04-22,565,10,0
P003,2022-04-23,549,16,0
P003,2022-04-24,538,11,0
P003,2022-04-25,533,5,0
P003,2022-04-26,524,9,0
P003,2022-04-27,515,9,0
P003,2022-04-28,504,11,0
P003,2022-04-29,498,6,0
P003,2022-04-30,488,10,0
P003,2022-05-01,753,15,0
P003,2022-05-02,747,6,0
P003,2022-05-03,742,5,0
P003,2022-05-04,734,8,0
P003,2022-05-05,727,7,0
P003,2022-05-06,717,10,0
P003,2022-05-07,701,16,0
P003,2022-05-08,688,13,0
P003,2022-05-09,680,8,0
P003,2022-05-10,672,8,0
P003,2022-05-11,667,5,0
P003,2022-05-12,659,8,0
P003,2022-05-13,649,10,0
P003,2022-05-14,635,14,0
P003,2022-05-15,620,15,0
P003,2022-05-16,614,6,0
P003,2022-05-17,603,11,0
P003,2022-05-18,592,11,0
P003,2022-05-19,587,5,0
P003,2022-05-20,576,11,0
P003,2022-05-21,562,14,0
P003,2022-05-22,552,10,0
P003,2022-05-23,545,7,0
P003,2022-05-24,535,10,0
P003,2022-05-25,523,12,0
P003,2022-05-26,516,7,0
P003,2022-05-27,508,8,0
P003,2022-05-28,497,11,0
P003,2022-05-29,482,15,0
P003,2022-05-30,475,7,0
P003,2022-05-31,463,12,0
P003,2022-06-01,734,9,0
P003,2022-06-02,722,12,0
P003,2022-06-03,715,7,0
P003,2022-06-04,705,10,0
P003,2022-06-05,690,15,0
P003,2022-06-06,679,11,0
P003,2022-06-07,670,9,0
P003,2022-06-08,658,12,0
P003,2022-06-09,652,6,0
P003,2022-06-10,641,11,0
P003,2022-06-11,625,16,0
P003,2022-06-12,609,16,0
P003,2022-06-13,600,9,0
P003,2022-06-14,594,6,0
P003,2022-06-15,586,8,0
P003,2022-06-16,577,9,0
P003,2022-06-17,567,10,0
P003,2022-06-18,552,15,0
P003,2022-06-19,535,17,0
P003,2022-06-20,524,11,0
P003,2022-06-21,518,6,0
P003,2022-06-22,513,5,0
P003,2022-06-23,504,9,0
P003,2022-06-24,494,10,0
P003,2022-06-25,485,9,0
P003,2022-06-26,469,16,0
P003,2022-06-27,463,6,0
P003,2022-06-28,458,5,0
P003,2022-06-29,446,12,0
P003,2022-06-30,436,10,0
P003,2022-07-01,707,9,0
P003,2022-07-02,691,16,0
P003,2022-07-03,674,17,0
P003,2022-07-04,666,8,0
P003,2022-07-05,658,8,0
P003,2022-07-06,649,9,0
P003,2022-07-07,638,11,0
P003,2022-07-08,626,12,0
P003,2022-07-09,605,21,0
P003,2022-07-10,588,17,0
P003,2022-07-11,581,7,0
P003,2022-07-12,569,12,0
P003,2022-07-13,562,7,0
P003,2022-07-14,556,6,0
P003,2022-07-15,544,12,0
P003,2022-07-16,531,13,0
P003,2022-07-17,512,19,0
P003,2022-07-18,502,10,0
P003,2022-07-19,494,8,0
P003,2022-07-20,482,12,0
P003,2022-07-21,471,11,0
P003,2022-07-22,463,8,0
P003,2022-07-23,448,15,0
P003,2022-07-24,432,16,0
P003,2022-07-25,425,7,0
P003,2022-07-26,415,10,0
P003,2022-07-27,409,6,0
P003,2022-07-28,400,9,0
P003,2022-07-29,387,13,0
P003,2022-07-30,377,10,0
P003,2022-07-31,365,12,0
P003,2022-08-01,640,5,0
P003,2022-08-02,627,13,0
P003,2022-08-03,615,12,0
P003,2022-08-04,607,8,0
P003,2022-08-05,595,12,0
P003,2022-08-06,580,15,0
P003,2022-08-07,561,19,0
P003,2022-08-08,555,6,0
P003,2022-08-09,545,10,0
P003,2022-08-10,537,8,0
P003,2022-08-11,528,9,0
P003,2022-08-12,522,6,0
P003,2022-08-13,505,17,0
P003,2022-08-14,490,15,0
P003,2022-08-15,480,10,0
P003,2022-08-16,471,9,0
P003,2022-08-17,466,5,0
P003,2022-08-18,455,11,0
P003,2022-08-19,447,8,0
P003,2022-08-20,437,10,0
P003,2022-08-21,426,11,0
P003,2022-08-22,414,12,0
P003,2022-08-23,404,10,0
P003,2022-08-24,397,7,0
P003,2022-08-25,385,12,0
P003,2022-08-26,373,12,0
P003,2022-08-27,358,15,0
P003,2022-08-28,341,17,0
P003,2022-08-29,332,9,0
P003,2022-08-30,323,9,0
P003,2022-08-31,311,12,0
P003,2022-09-01,582,9,0
P003,2022-09-02,575,7,0
P003,2022-09-03,565,10,0
P003,2022-09-04,555,10,0
P003,2022-09-05,546,9,0
P003,2022-09-06,538,8,0
P003,2022-09-07,531,7,0
P003,2022-09-08,519,12,0
P003,2022-09-09,508,11,0
P003,2022-09-10,489,19,0
P003,2022-09-11,469,20,0
P003,2022-09-12,460,9,0
P003,2022-09-13,453,7,0
P003,2022-09-14,447,6,0
P003,2022-09-15,435,12,0
P003,2022-09-16,423,12,0
P003,2022-09-17,402,21,0
P003,2022-09-18,384,18,0
P003,2022-09-19,377,7,0
P003,2022-09-20,368,9,0
P003,2022-09-21,355,13,0
P003,2022-09-22,342,13,0
P003,2022-09-23,335,7,0
P003,2022-09-24,318,17,0
P003,2022-09-25,303,15,0
P003,2022-09-26,290,13,0
P003,2022-09-27,279,11,0
P003,2022-09-28,268,11,0
P003,2022-09-29,259,9,0
P003,2022-09-30,251,8,0
P003,2022-10-01,388,17,0
P003,2022-10-02,373,15,0
P003,2022-10-03,365,8,0
P003,2022-10-04,356,9,0
P003,2022-10-05,349,7,0
P003,2022-10-06,339,10,0
P003,2022-10-07,326,13,0
P003,2022-10-08,305,21,0
P003,2022-10-09,290,15,0
P003,2022-10-10,276,14,0
P003,2022-10-11,268,8,0
P003,2022-10-12,259,9,0
P003,2022-10-13,246,13,0
P003,2022-10-14,233,13,0
P003,2022-10-15,211,22,0
P003,2022-10-16,189,22,0
P003,2022-10-17,176,13,0
P003,2022-10-18,163,13,0
P003,2022-10-19,149,14,0
P003,2022-10-20,141,8,0
P003,2022-10-21,133,8,0
P003,2022-10-22,123,10,0
P003,2022-10-23,110,13,0
P003,2022-10-24,100,10,0
P003,2022-10-25,86,14,0
P003,2022-10-26,76,10,0
P003,2022-10-27,62,14,0
P003,2022-10-28,48,14,0
P003,2022-10-29,31,17,0
P003,2022-10-30,11,20,0
P003,2022-10-31,1,10,0
P003,2022-11-01,135,20,0
P003,2022-11-02,113,22,0
P003,2022-11-03,98,15,0
P003,2022-11-04,78,20,0
P003,2022-11-05,53,25,0
P003,2022-11-06,28,25,0
P003,2022-11-07,18,10,0
P003,2022-11-08,6,12,0
P003,2022-11-09,0,6,1
P003,2022-11-10,0,0,1
P003,2022-11-11,0,0,1
P003,2022-11-12,0,0,1
P003,2022-11-13,0,0,1
P003,2022-11-14,0,0,1
P003,2022-11-15,0,0,1
P003,2022-11-16,0,0,1
P003,2022-11-17,0,0,1
P003,2022-11-18,0,0,1
P003,2022-11-19,0,0,1
P003,2022-11-20,0,0,1
P003,2022-11-21,0,0,1
P003,2022-11-22,0,0,1
P003,2022-11-23,0,0,1
P003,2022-11-24,0,0,1
P003,2022-11-25,0,0,1
P003,2022-11-26,0,0,1
P003,2022-11-27,0,0,1
P003,2022-11-28,0,0,1
P003,2022-11-29,0,0,1
P003,2022-11-30,0,0,1
P003,2022-12-01,137,17,0
P003,2022-12-02,125,12,0
P003,2022-12-03,92,33,0
P003,2022-12-04,66,26,0
P003,2022-12-05,57,9,0
P003,2022-12-06,39,18,0
P003,2022-12-07,19,20,0
P003,2022-12-08,3,16,0
P003,2022-12-09,0,3,1
P003,2022-12-10,0,0,1
P003,2022-12-11,0,0,1
P003,2022-12-12,0,0,1
P003,2022-12-13,0,0,1
P003,2022-12-14,0,0,1
P003,2022-12-15,0,0,1
P003,2022-12-16,0,0,1
P003,2022-12-17,0,0,1
P003,2022-12-18,0,0,1
P003,2022-12-19,0,0,1
P003,2022-12-20,0,0,1
P003,2022-12-21,0,0,1
P003,2022-12-22,0,0,1
P003,2022-12-23,0,0,1
P003,2022-12-24,0,0,1
P003,2022-12-25,0,0,1
P003,2022-12-26,0,0,1
P003,2022-12-27,0,0,1
P003,2022-12-28,0,0,1
P003,2022-12-29,0,0,1
P003,2022-12-30,0,0,1
P003,2022-12-31,0,0,1
P003,2023-01-01,275,5,0
P003,2023-01-02,271,4,0
P003,2023-01-03,267,4,0
P003,2023-01-04,260,7,0
P003,2023-01-05,253,7,0
P003,2023-01-06,247,6,0
P003,2023-01-07,241,6,0
P003,2023-01-08,231,10,0
P003,2023-01-09,225,6,0
P003,2023-01-10,221,4,0
P003,2023-01-11,217,4,0
P003,2023-01-12,210,7,0
P003,2023-01-13,203,7,0
P003,2023-01-14,193,10,0
P003,2023-01-15,182,11,0
P003,2023-01-16,175,7,0
P003,2023-01-17,169,6,0
P003,2023-01-18,164,5,0
P003,2023-01-19,158,6,0
P003,2023-01-20,151,7,0
P003,2023-01-21,145,6,0
P003,2023-01-22,134,11,0
P003,2023-01-23,129,5,0
P003,2023-01-24,124,5,0
P003,2023-01-25,121,3,0
P003,2023-01-26,116,5,0
P003,2023-01-27,111,5,0
P003,2023-01-28,106,5,0
P003,2023-01-29,98,8,0
P003,2023-01-30,94,4,0
P003,2023-01-31,87,7,0
P003,2023-02-01,362,5,0
P003,2023-02-02,354,8,0
P003,2023-02-03,348,6,0
P003,2023-02-04,341,7,0
P003,2023-02-05,329,12,0
P003,2023-02-06,322,7,0
P003,2023-02-07,316,6,0
P003,2023-02-08,311,5,0
P003,2023-02-09,305,6,0
P003,2023-02-10,301,4,0
P003,2023-02-11,291,10,0
P003,2023-02-12,282,9,0
P003,2023-02-13,276,6,0
P003,2023-02-14,269,7,0
P003,2023-02-15,262,7,0
P003,2023-02-16,254,8,0
P003,2023-02-17,248,6,0
P003,2023-02-18,238,10,0
P003,2023-02-19,227,11,0
P003,2023-02-20,221,6,0
P003,2023-02-21,216,5,0
P003,2023-02-22,211,5,0
P003,2023-02-23,205,6,0
P003,2023-02-24,199,6,0
P003,2023-02-25,191,8,0
P003,2023-02-26,184,7,0
P003,2023-02-27,176,8,0
P003,2023-02-28,168,8,0
P003,2023-03-01,441,7,0
P003,2023-03-02,432,9,0
P003,2023-03-03,424,8,0
P003,2023-03-04,415,9,0
P003,2023-03-05,403,12,0
P003,2023-03-06,395,8,0
P003,2023-03-07,387,8,0
P003,2023-03-08,382,5,0
P003,2023-03-09,376,6,0
P003,2023-03-10,368,8,0
P003,2023-03-11,359,9,0
P003,2023-03-12,344,15,0
P003,2023-03-13,337,7,0
P003,2023-03-14,332,5,0
P003,2023-03-15,324,8,0
P003,2023-03-16,315,9,0
P003,2023-03-17,305,10,0
P003,2023-03-18,296,9,0
P003,2023-03-19,283,13,0
P003,2023-03-20,276,7,0
P003,2023-03-21,267,9,0
P003,2023-03-22,260,7,0
P003,2023-03-23,255,5,0
P003,2023-03-24,248,7,0
P003,2023-03-25,241,7,0
P003,2023-03-26,227,14,0
P003,2023-03-27,220,7,0
P003,2023-03-28,210,10,0
P003,2023-03-29,205,5,0
P003,2023-03-30,196,9,0
P003,2023-03-31,190,6,0
P003,2023-04-01,462,8,0
P003,2023-04-02,446,16,0
P003,2023-04-03,435,11,0
P003,2023-04-04,424,11,0
P003,2023-04-05,416,8,0
P003,2023-04-06,411,5,0
P003,2023-04-07,401,10,0
P003,2023-04-08,387,14,0
P003,2023-04-09,377,10,0
P003,2023-04-10,371,6,0
P003,2023-04-11,364,7,0
P003,2023-04-12,357,7,0
P003,2023-04-13,347,10,0
P003,2023-04-14,337,10,0
P003,2023-04-15,326,11,0
P003,2023-04-16,314,12,0
P003,2023-04-17,303,11,0
P003,2023-04-18,297,6,0
P003,2023-04-19,292,5,0
P003,2023-04-20,287,5,0
P003,2023-04-21,280,7,0
P003,2023-04-22,272,8,0
P003,2023-04-23,264,8,0
P003,2023-04-24,256,8,0
P003,2023-04-25,251,5,0
P003,2023-04-26,245,6,0
P003,2023-04-27,240,5,0
P003,2023-04-28,229,11,0
P003,2023-04-29,212,17,0
P003,2023-04-30,204,8,0
P003,2023-05-01,479,5,0
P003,2023-05-02,473,6,0
P003,2023-05-03,466,7,0
P003,2023-05-04,457,9,0
P003,2023-05-05,447,10,0
P003,2023-05-06,429,18,0
P003,2023-05-07,415,14,0
P003,2023-05-08,407,8,0
P003,2023-05-09,401,6,0
P003,2023-05-10,390,11,0
P003,2023-05-11,380,10,0
P003,2023-05-12,371,9,0
P003,2023-05-13,359,12,0
P003,2023-05-14,348,11,0
P003,2023-05-15,337,11,0
P003,2023-05-16,330,7,0
P003,2023-05-17,320,10,0
P003,2023-05-18,314,6,0
P003,2023-05-19,303,11,0
P003,2023-05-20,291,12,0
P003,2023-05-21,275,16,0
P003,2023-05-22,264,11,0
P003,2023-05-23,254,10,0
P003,2023-05-24,248,6,0
P003,2023-05-25,243,5,0
P003,2023-05-26,237,6,0
P003,2023-05-27,225,12,0
P003,2023-05-28,214,11,0
P003,2023-05-29,205,9,0
P003,2023-05-30,199,6,0
P003,2023-05-31,193,6,0
P003,2023-06-01,466,7,0
P003,2023-06-02,458,8,0
P003,2023-06-03,446,12,0
P003,2023-06-04,435,11,0
P003,2023-06-05,429,6,0
P003,2023-06-06,420,9,0
P003,2023-06-07,408,12,0
P003,2023-06-08,399,9,0
P003,2023-06-09,390,9,0
P003,2023-06-10,381,9,0
P003,2023-06-11,364,17,0
P003,2023-06-12,359,5,0
P003,2023-06-13,350,9,0
P003,2023-06-14,344,6,0
P003,2023-06-15,338,6,0
P003,2023-06-16,327,11,0
P003,2023-06-17,316,11,0
P003,2023-06-18,301,15,0
P003,2023-06-19,289,12,0
P003,2023-06-20,280,9,0
P003,2023-06-21,274,6,0
P003,2023-06-22,264,10,0
P003,2023-06-23,254,10,0
P003,2023-06-24,235,19,0
P003,2023-06-25,227,8,0
P003,2023-06-26,220,7,0
P003,2023-06-27,208,12,0
P003,2023-06-28,200,8,0
P003,2023-06-29,191,9,0
P003,2023-06-30,179,12,0
P003,2023-07-01,444,15,0
P003,2023-07-02,434,10,0
P003,2023-07-03,426,8,0
P003,2023-07-04,416,10,0
P003,2023-07-05,410,6,0
P003,2023-07-06,404,6,0
P003,2023-07-07,395,9,0
P003,2023-07-08,379,16,0
P003,2023-07-09,362,17,0
P003,2023-07-10,356,6,0
P003,2023-07-11,348,8,0
P003,2023-07-12,337,11,0
P003,2023-07-13,324,13,0
P003,2023-07-14,311,13,0
P003,2023-07-15,298,13,0
P003,2023-07-16,285,13,0
P003,2023-07-17,279,6,0
P003,2023-07-18,272,7,0
P003,2023-07-19,264,8,0
P003,2023-07-20,252,12,0
P003,2023-07-21,246,6,0
P003,2023-07-22,229,17,0
P003,2023-07-23,218,11,0
P003,2023-07-24,205,13,0
P003,2023-07-25,195,10,0
P003,2023-07-26,182,13,0
P003,2023-07-27,175,7,0
P003,2023-07-28,164,11,0
P003,2023-07-29,154,10,0
P003,2023-07-30,134,20,0
P003,2023-07-31,124,10,0
P003,2023-08-01,395,9,0
P003,2023-08-02,384,11,0
P003,2023-08-03,378,6,0
P003,2023-08-04,370,8,0
P003,2023-08-05,362,8,0
P003,2023-08-06,348,14,0
P003,2023-08-07,341,7,0
P003,2023-08-08,331,10,0
P003,2023-08-09,325,6,0
P003,2023-08-10,313,12,0
P003,2023-08-11,304,9,0
P003,2023-08-12,295,9,0
P003,2023-08-13,278,17,0
P003,2023-08-14,268,10,0
P003,2023-08-15,262,6,0
P003,2023-08-16,251,11,0
P003,2023-08-17,241,10,0
P003,2023-08-18,233,8,0
P003,2023-08-19,225,8,0
P003,2023-08-20,206,19,0
P003,2023-08-21,194,12,0
P003,2023-08-22,181,13,0
P003,2023-08-23,172,9,0
P003,2023-08-24,159,13,0
P003,2023-08-25,149,10,0
P003,2023-08-26,138,11,0
P003,2023-08-27,123,15,0
P003,2023-08-28,116,7,0
P003,2023-08-29,105,11,0
P003,2023-08-30,93,12,0
P003,2023-08-31,84,9,0
P003,2023-09-01,353,11,0
P003,2023-09-02,334,19,0
P003,2023-09-03,325,9,0
P003,2023-09-04,314,11,0
P003,2023-09-05,300,14,0
P003,2023-09-06,290,10,0
P003,2023-09-07,277,13,0
P003,2023-09-08,270,7,0
P003,2023-09-09,255,15,0
P003,2023-09-10,234,21,0
P003,2023-09-11,221,13,0
P003,2023-09-12,209,12,0
P003,2023-09-13,197,12,0
P003,2023-09-14,191,6,0
P003,2023-09-15,177,14,0
P003,2023-09-16,159,18,0
P003,2023-09-17,141,18,0
P003,2023-09-18,129,12,0
P003,2023-09-19,120,9,0
P003,2023-09-20,110,10,0
P003,2023-09-21,102,8,0
P003,2023-09-22,90,12,0
P003,2023-09-23,75,15,0
P003,2023-09-24,60,15,0
P003,2023-09-25,48,12,0
P003,2023-09-26,37,11,0
P003,2023-09-27,29,8,0
P003,2023-09-28,16,13,0
P003,2023-09-29,7,9,0
P003,2023-09-30,0,7,1
P003,2023-10-01,132,22,0
P003,2023-10-02,126,6,0
P003,2023-10-03,114,12,0
P003,2023-10-04,101,13,0
P003,2023-10-05,86,15,0
P003,2023-10-06,73,13,0
P003,2023-10-07,60,13,0
P003,2023-10-08,41,19,0
P003,2023-10-09,32,9,0
P003,2023-10-10,19,13,0
P003,2023-10-11,5,14,0
P003,2023-10-12,0,5,1
P003,2023-10-13,0,0,1
P003,2023-10-14,0,0,1
P003,2023-10-15,0,0,1
P003,2023-10-16,0,0,1
P003,2023-10-17,0,0,1
P003,2023-10-18,0,0,1
P003,2023-10-19,0,0,1
P003,2023-10-20,0,0,1
P003,2023-10-21,0,0,1
P003,2023-10-22,0,0,1
P003,2023-10-23,0,0,1
P003,2023-10-24,0,0,1
P003,2023-10-25,0,0,1
P003,2023-10-26,0,0,1
P003,2023-10-27,0,0,1
P003,2023-10-28,0,0,1
P003,2023-10-29,0,0,1
P003,2023-10-30,0,0,1
P003,2023-10-31,0,0,1
P003,2023-11-01,135,19,0
P003,2023-11-02,113,22,0
P003,2023-11-03,91,22,0
P003,2023-11-04,56,35,0
P003,2023-11-05,30,26,0
P003,2023-11-06,12,18,0
P003,2023-11-07,0,12,1
P003,2023-11-08,0,0,1
P003,2023-11-09,0,0,1
P003,2023-11-10,0,0,1
P003,2023-11-11,0,0,1
P003,2023-11-12,0,0,1
P003,2023-11-13,0,0,1
P003,2023-11-14,0,0,1
P003,2023-11-15,0,0,1
P003,2023-11-16,0,0,1
P003,2023-11-17,0,0,1
P003,2023-11-18,0,0,1
P003,2023-11-19,0,0,1
P003,2023-11-20,0,0,1
P003,2023-11-21,0,0,1
P003,2023-11-22,0,0,1
P003,2023-11-23,0,0,1
P003,2023-11-24,0,0,1
P003,2023-11-25,0,0,1
P003,2023-11-26,0,0,1
P003,2023-11-27,0,0,1
P003,2023-11-28,0,0,1
P003,2023-11-29,0,0,1
P003,2023-11-30,0,0,1
P003,2023-12-01,134,20,0
P003,2023-12-02,114,20,0
P003,2023-12-03,95,19,0
P003,2023-12-04,76,19,0
P003,2023-12-05,61,15,0
P003,2023-12-06,50,11,0
P003,2023-12-07,36,14,0
P003,2023-12-08,24,12,0
P003,2023-12-09,0,24,1
P003,2023-12-10,0,0,1
P003,2023-12-11,0,0,1
P003,2023-12-12,0,0,1
P003,2023-12-13,0,0,1
P003,2023-12-14,0,0,1
P003,2023-12-15,0,0,1
P003,2023-12-16,0,0,1
P003,2023-12-17,0,0,1
P003,2023-12-18,0,0,1
P003,2023-12-19,0,0,1
P003,2023-12-20,0,0,1
P003,2023-12-21,0,0,1
P003,2023-12-22,0,0,1
P003,2023-12-23,0,0,1
P003,2023-12-24,0,0,1
P003,2023-12-25,0,0,1
P003,2023-12-26,0,0,1
P003,2023-12-27,0,0,1
P003,2023-12-28,0,0,1
P003,2023-12-29,0,0,1
P003,2023-12-30,0,0,1
P003,2023-12-31,0,0,1
P003,2024-01-01,276,4,0
P003,2024-01-02,273,3,0
P003,2024-01-03,267,6,0
P003,2024-01-04,264,3,0
P003,2024-01-05,258,6,0
P003,2024-01-06,247,11,0
P003,2024-01-07,239,8,0
P003,2024-01-08,235,4,0
P003,2024-01-09,232,3,0
P003,2024-01-10,227,5,0
P003,2024-01-11,222,5,0
P003,2024-01-12,219,3,0
P003,2024-01-13,210,9,0
P003,2024-01-14,205,5,0
P003,2024-01-15,202,3,0
P003,2024-01-16,197,5,0
P003,2024-01-17,192,5,0
P003,2024-01-18,188,4,0
P003,2024-01-19,183,5,0
P003,2024-01-20,177,6,0
P003,2024-01-21,170,7,0
P003,2024-01-22,166,4,0
P003,2024-01-23,161,5,0
P003,2024-01-24,155,6,0
P003,2024-01-25,150,5,0
P003,2024-01-26,147,3,0
P003,2024-01-27,141,6,0
P003,2024-01-28,134,7,0
P003,2024-01-29,131,3,0
P003,2024-01-30,127,4,0
P003,2024-01-31,121,6,0
P003,2024-02-01,396,5,0
P003,2024-02-02,389,7,0
P003,2024-02-03,382,7,0
P003,2024-02-04,372,10,0
P003,2024-02-05,366,6,0
P003,2024-02-06,360,6,0
P003,2024-02-07,352,8,0
P003,2024-02-08,346,6,0
P003,2024-02-09,339,7,0
P003,2024-02-10,331,8,0
P003,2024-02-11,324,7,0
P003,2024-02-12,317,7,0
P003,2024-02-13,312,5,0
P003,2024-02-14,305,7,0
P003,2024-02-15,298,7,0
P003,2024-02-16,290,8,0
P003,2024-02-17,282,8,0
P003,2024-02-18,270,12,0
P003,2024-02-19,265,5,0
P003,2024-02-20,260,5,0
P003,2024-02-21,252,8,0
P003,2024-02-22,248,4,0
P003,2024-02-23,241,7,0
P003,2024-02-24,235,6,0
P003,2024-02-25,225,10,0
P003,2024-02-26,219,6,0
P003,2024-02-27,215,4,0
P003,2024-02-28,208,7,0
P003,2024-02-29,202,6,0
P003,2024-03-01,472,10,0
P003,2024-03-02,458,14,0
P003,2024-03-03,447,11,0
P003,2024-03-04,438,9,0
P003,2024-03-05,430,8,0
P003,2024-03-06,424,6,0
P003,2024-03-07,418,6,0
P003,2024-03-08,414,4,0
P003,2024-03-09,407,7,0
P003,2024-03-10,395,12,0
P003,2024-03-11,386,9,0
P003,2024-03-12,377,9,0
P003,2024-03-13,373,4,0
P003,2024-03-14,365,8,0
P003,2024-03-15,358,7,0
P003,2024-03-16,343,15,0
P003,2024-03-17,327,16,0
P003,2024-03-18,319,8,0
P003,2024-03-19,315,4,0
P003,2024-03-20,309,6,0
P003,2024-03-21,304,5,0
P003,2024-03-22,294,10,0
P003,2024-03-23,279,15,0
P003,2024-03-24,272,7,0
P003,2024-03-25,263,9,0
P003,2024-03-26,256,7,0
P003,2024-03-27,247,9,0
P003,2024-03-28,239,8,0
P003,2024-03-29,232,7,0
P003,2024-03-30,221,11,0
P003,2024-03-31,214,7,0
P003,2024-04-01,483,11,0
P003,2024-04-02,473,10,0
P003,2024-04-03,467,6,0
P003,2024-04-04,457,10,0
P003,2024-04-05,447,10,0
P003,2024-04-06,431,16,0
P003,2024-04-07,422,9,0
P003,2024-04-08,415,7,0
P003,2024-04-09,408,7,0
P003,2024-04-10,403,5,0
P003,2024-04-11,394,9,0
P003,2024-04-12,389,5,0
P003,2024-04-13,379,10,0
P003,2024-04-14,367,12,0
P003,2024-04-15,356,11,0
P003,2024-04-16,349,7,0
P003,2024-04-17,344,5,0
P003,2024-04-18,339,5,0
P003,2024-04-19,331,8,0
P003,2024-04-20,315,16,0
P003,2024-04-21,300,15,0
P003,2024-04-22,290,10,0
P003,2024-04-23,283,7,0
P003,2024-04-24,276,7,0
P003,2024-04-25,267,9,0
P003,2024-04-26,259,8,0
P003,2024-04-27,246,13,0
P003,2024-04-28,234,12,0
P003,2024-04-29,226,8,0
P003,2024-04-30,217,9,0
P003,2024-05-01,486,11,0
P003,2024-05-02,478,8,0
P003,2024-05-03,467,11,0
P003,2024-05-04,449,18,0
P003,2024-05-05,435,14,0
P003,2024-05-06,425,10,0
P003,2024-05-07,415,10,0
P003,2024-05-08,408,7,0
P003,2024-05-09,399,9,0
P003,2024-05-10,390,9,0
P003,2024-05-11,376,14,0
P003,2024-05-12,359,17,0
P003,2024-05-13,348,11,0
P003,2024-05-14,342,6,0
P003,2024-05-15,336,6,0
P003,2024-05-16,331,5,0
P003,2024-05-17,324,7,0
P003,2024-05-18,316,8,0
P003,2024-05-19,308,8,0
P003,2024-05-20,297,11,0
P003,2024-05-21,287,10,0
P003,2024-05-22,280,7,0
P003,2024-05-23,269,11,0
P003,2024-05-24,261,8,0
P003,2024-05-25,245,16,0
P003,2024-05-26,229,16,0
P003,2024-05-27,224,5,0
P003,2024-05-28,213,11,0
P003,2024-05-29,205,8,0
P003,2024-05-30,196,9,0
P003,2024-05-31,190,6,0
P003,2024-06-01,450,20,0
P003,2024-06-02,430,20,0
P003,2024-06-03,422,8,0
P003,2024-06-04,416,6,0
P003,2024-06-05,408,8,0
P003,2024-06-06,402,6,0
P003,2024-06-07,390,12,0
P003,2024-06-08,377,13,0
P003,2024-06-09,365,12,0
P003,2024-06-10,358,7,0
P003,2024-06-11,348,10,0
P003,2024-06-12,342,6,0
P003,2024-06-13,334,8,0
P003,2024-06-14,326,8,0
P003,2024-06-15,315,11,0
P003,2024-06-16,301,14,0
P003,2024-06-17,289,12,0
P003,2024-06-18,281,8,0
P003,2024-06-19,276,5,0
P003,2024-06-20,271,5,0
P003,2024-06-21,262,9,0
P003,2024-06-22,244,18,0
P003,2024-06-23,227,17,0
P003,2024-06-24,221,6,0
P003,2024-06-25,214,7,0
P003,2024-06-26,209,5,0
P003,2024-06-27,203,6,0
P003,2024-06-28,198,5,0
P003,2024-06-29,189,9,0
P003,2024-06-30,173,16,0
P003,2024-07-01,445,8,0
P003,2024-07-02,437,8,0
P003,2024-07-03,429,8,0
P003,2024-07-04,416,13,0
P003,2024-07-05,407,9,0
P003,2024-07-06,392,15,0
P003,2024-07-07,380,12,0
P003,2024-07-08,368,12,0
P003,2024-07-09,356,12,0
P003,2024-07-10,345,11,0
P003,2024-07-11,333,12,0
P003,2024-07-12,326,7,0
P003,2024-07-13,309,17,0
P003,2024-07-14,296,13,0
P003,2024-07-15,286,10,0
P003,2024-07-16,278,8,0
P003,2024-07-17,271,7,0
P003,2024-07-18,260,11,0
P003,2024-07-19,254,6,0
P003,2024-07-20,239,15,0
P003,2024-07-21,219,20,0
P003,2024-07-22,211,8,0
P003,2024-07-23,201,10,0
P003,2024-07-24,195,6,0
P003,2024-07-25,187,8,0
P003,2024-07-26,179,8,0
P003,2024-07-27,159,20,0
P003,2024-07-28,139,20,0
P003,2024-07-29,128,11,0
P003,2024-07-30,116,12,0
P003,2024-07-31,110,6,0
P003,2024-08-01,382,8,0
P003,2024-08-02,372,10,0
P003,2024-08-03,356,16,0
P003,2024-08-04,340,16,0
P003,2024-08-05,330,10,0
P003,2024-08-06,318,12,0
P003,2024-08-07,306,12,0
P003,2024-08-08,296,10,0
P003,2024-08-09,290,6,0
P003,2024-08-10,277,13,0
P003,2024-08-11,268,9,0
P003,2024-08-12,260,8,0
P003,2024-08-13,254,6,0
P003,2024-08-14,242,12,0
P003,2024-08-15,232,10,0
P003,2024-08-16,222,10,0
P003,2024-08-17,208,14,0
P003,2024-08-18,190,18,0
P003,2024-08-19,179,11,0
P003,2024-08-20,167,12,0
P003,2024-08-21,156,11,0
P003,2024-08-22,149,7,0
P003,2024-08-23,140,9,0
P003,2024-08-24,128,12,0
P003,2024-08-25,119,9,0
P003,2024-08-26,112,7,0
P003,2024-08-27,100,12,0
P003,2024-08-28,92,8,0
P003,2024-08-29,82,10,0
P003,2024-08-30,75,7,0
P003,2024-08-31,57,18,0
P003,2024-09-01,319,18,0
P003,2024-09-02,308,11,0
P003,2024-09-03,300,8,0
P003,2024-09-04,288,12,0
P003,2024-09-05,279,9,0
P003,2024-09-06,266,13,0
P003,2024-09-07,252,14,0
P003,2024-09-08,243,9,0
P003,2024-09-09,236,7,0
P003,2024-09-10,225,11,0
P003,2024-09-11,218,7,0
P003,2024-09-12,212,6,0
P003,2024-09-13,199,13,0
P003,2024-09-14,188,11,0
P003,2024-09-15,171,17,0
P003,2024-09-16,159,12,0
P003,2024-09-17,150,9,0
P003,2024-09-18,138,12,0
P003,2024-09-19,127,11,0
P003,2024-09-20,114,13,0
P003,2024-09-21,105,9,0
P003,2024-09-22,92,13,0
P003,2024-09-23,85,7,0
P003,2024-09-24,75,10,0
P003,2024-09-25,61,14,0
P003,2024-09-26,49,12,0
P003,2024-09-27,35,14,0
P003,2024-09-28,18,17,0
P003,2024-09-29,5,13,0
P003,2024-09-30,0,5,1
P003,2024-10-01,144,10,0
P003,2024-10-02,130,14,0
P003,2024-10-03,115,15,0
P003,2024-10-04,100,15,0
P003,2024-10-05,90,10,0
P003,2024-10-06,66,24,0
P003,2024-10-07,57,9,0
P003,2024-10-08,46,11,0
P003,2024-10-09,35,11,0
P003,2024-10-10,23,12,0
P003,2024-10-11,11,12,0
P003,2024-10-12,0,11,1
P003,2024-10-13,0,0,1
P003,2024-10-14,0,0,1
P003,2024-10-15,0,0,1
P003,2024-10-16,0,0,1
P003,2024-10-17,0,0,1
P003,2024-10-18,0,0,1
P003,2024-10-19,0,0,1
P003,2024-10-20,0,0,1
P003,2024-10-21,0,0,1
P003,2024-10-22,0,0,1
P003,2024-10-23,0,0,1
P003,2024-10-24,0,0,1
P003,2024-10-25,0,0,1
P003,2024-10-26,0,0,1
P003,2024-10-27,0,0,1
P003,2024-10-28,0,0,1
P003,2024-10-29,0,0,1
P003,2024-10-30,0,0,1
P003,2024-10-31,0,0,1
P003,2024-11-01,135,19,0
P003,2024-11-02,112,23,0
P003,2024-11-03,92,20,0
P003,2024-11-04,71,21,0
P003,2024-11-05,52,19,0
P003,2024-11-06,28,24,0
P003,2024-11-07,9,19,0
P003,2024-11-08,0,9,1
P003,2024-11-09,0,0,1
P003,2024-11-10,0,0,1
P003,2024-11-11,0,0,1
P003,2024-11-12,0,0,1
P003,2024-11-13,0,0,1
P003,2024-11-14,0,0,1
P003,2024-11-15,0,0,1
P003,2024-11-16,0,0,1
P003,2024-11-17,0,0,1
P003,2024-11-18,0,0,1
P003,2024-11-19,0,0,1
P003,2024-11-20,0,0,1
P003,2024-11-21,0,0,1
P003,2024-11-22,0,0,1
P003,2024-11-23,0,0,1
P003,2024-11-24,0,0,1
P003,2024-11-25,0,0,1
P003,2024-11-26,0,0,1
P003,2024-11-27,0,0,1
P003,2024-11-28,0,0,1
P003,2024-11-29,0,0,1
P003,2024-11-30,0,0,1
P003,2024-12-01,132,22,0
P003,2024-12-02,111,21,0
P003,2024-12-03,100,11,0
P003,2024-12-04,90,10,0
P003,2024-12-05,75,15,0
P003,2024-12-06,62,13,0
P003,2024-12-07,33,29,0
P003,2024-12-08,1,32,0
P003,2024-12-09,0,1,1
P003,2024-12-10,0,0,1
P003,2024-12-11,0,0,1
P003,2024-12-12,0,0,1
P003,2024-12-13,0,0,1
P003,2024-12-14,0,0,1
P003,2024-12-15,0,0,1
P003,2024-12-16,0,0,1
P003,2024-12-17,0,0,1
P003,2024-12-18,0,0,1
P003,2024-12-19,0,0,1
P003,2024-12-20,0,0,1
P003,2024-12-21,0,0,1
P003,2024-12-22,0,0,1
P003,2024-12-23,0,0,1
P003,2024-12-24,0,0,1
P003,2024-12-25,0,0,1
P003,2024-12-26,0,0,1
P003,2024-12-27,0,0,1
P003,2024-12-28,0,0,1
P003,2024-12-29,0,0,1
P003,2024-12-30,0,0,1
P003,2024-12-31,0,0,1
P004,2022-01-01,355,5,0
P004,2022-01-02,348,7,0
P004,2022-01-03,344,4,0
P004,2022-01-04,342,2,0
P004,2022-01-05,340,2,0
P004,2022-01-06,337,3,0
P004,2022-01-07,335,2,0
P004,2022-01-08,329,6,0
P004,2022-01-09,325,4,0
P004,2022-01-10,323,2,0
P004,2022-01-11,319,4,0
P004,2022-01-12,316,3,0
P004,2022-01-13,313,3,0
P004,2022-01-14,309,4,0
P004,2022-01-15,303,6,0
P004,2022-01-16,299,4,0
P004,2022-01-17,297,2,0
P004,2022-01-18,295,2,0
P004,2022-01-19,292,3,0
P004,2022-01-20,288,4,0
P004,2022-01-21,285,3,0
P004,2022-01-22,281,4,0
P004,2022-01-23,274,7,0
P004,2022-01-24,272,2,0
P004,2022-01-25,268,4,0
P004,2022-01-26,265,3,0
P004,2022-01-27,261,4,0
P004,2022-01-28,258,3,0
P004,2022-01-29,251,7,0
P004,2022-01-30,246,5,0
P004,2022-01-31,243,3,0
P004,2022-02-01,419,4,0
P004,2022-02-02,415,4,0
P004,2022-02-03,411,4,0
P004,2022-02-04,406,5,0
P004,2022-02-05,399,7,0
P004,2022-02-06,391,8,0
P004,2022-02-07,388,3,0
P004,2022-02-08,383,5,0
P004,2022-02-09,378,5,0
P004,2022-02-10,374,4,0
P004,2022-02-11,372,2,0
P004,2022-02-12,368,4,0
P004,2022-02-13,362,6,0
P004,2022-02-14,357,5,0
P004,2022-02-15,355,2,0
P004,2022-02-16,352,3,0
P004,2022-02-17,348,4,0
P004,2022-02-18,343,5,0
P004,2022-02-19,339,4,0
P004,2022-02-20,331,8,0
P004,2022-02-21,328,3,0
P004,2022-02-22,323,5,0
P004,2022-02-23,318,5,0
P004,2022-02-24,315,3,0
P004,2022-02-25,311,4,0
P004,2022-02-26,305,6,0
P004,2022-02-27,300,5,0
P004,2022-02-28,298,2,0
P004,2022-03-01,472,6,0
P004,2022-03-02,469,3,0
P004,2022-03-03,463,6,0
P004,2022-03-04,460,3,0
P004,2022-03-05,455,5,0
P004,2022-03-06,449,6,0
P004,2022-03-07,444,5,0
P004,2022-03-08,439,5,0
P004,2022-03-09,434,5,0
P004,2022-03-10,429,5,0
P004,2022-03-11,423,6,0
P004,2022-03-12,417,6,0
P004,2022-03-13,409,8,0
P004,2022-03-14,406,3,0
P004,2022-03-15,400,6,0
P004,2022-03-16,395,5,0
P004,2022-03-17,392,3,0
P004,2022-03-18,388,4,0
P004,2022-03-19,379,9,0
P004,2022-03-20,371,8,0
P004,2022-03-21,366,5,0
P004,2022-03-22,360,6,0
P004,2022-03-23,357,3,0
P004,2022-03-24,354,3,0
P004,2022-03-25,349,5,0
P004,2022-03-26,340,9,0
P004,2022-03-27,336,4,0
P004,2022-03-28,331,5,0
P004,2022-03-29,326,5,0
P004,2022-03-30,323,3,0
P004,2022-03-31,318,5,0
P004,2022-04-01,492,6,0
P004,2022-04-02,483,9,0
P004,2022-04-03,476,7,0
P004,2022-04-04,470,6,0
P004,2022-04-05,466,4,0
P004,2022-04-06,459,7,0
P004,2022-04-07,452,7,0
P004,2022-04-08,448,4,0
P004,2022-04-09,443,5,0
P004,2022-04-10,433,10,0
P004,2022-04-11,429,4,0
P004,2022-04-12,423,6,0
P004,2022-04-13,420,3,0
P004,2022-04-14,414,6,0
P004,2022-04-15,407,7,0
P004,2022-04-16,399,8,0
P004,2022-04-17,390,9,0
P004,2022-04-18,383,7,0
P004,2022-04-19,380,3,0
P004,2022-04-20,374,6,0
P004,2022-04-21,370,4,0
P004,2022-04-22,364,6,0
P004,2022-04-23,354,10,0
P004,2022-04-24,346,8,0
P004,2022-04-25,343,3,0
P004,2022-04-26,339,4,0
P004,2022-04-27,334,5,0
P004,2022-04-28,328,6,0
P004,2022-04-29,324,4,0
P004,2022-04-30,317,7,0
P004,2022-05-01,490,7,0
P004,2022-05-02,484,6,0
P004,2022-05-03,477,7,0
P004,2022-05-04,473,4,0
P004,2022-05-05,470,3,0
P004,2022-05-06,465,5,0
P004,2022-05-07,455,10,0
P004,2022-05-08,445,10,0
P004,2022-05-09,440,5,0
P004,2022-05-10,436,4,0
P004,2022-05-11,431,5,0
P004,2022-05-12,426,5,0
P004,2022-05-13,423,3,0
P004,2022-05-14,417,6,0
P004,2022-05-15,411,6,0
P004,2022-05-16,405,6,0
P004,2022-05-17,398,7,0
P004,2022-05-18,395,3,0
P004,2022-05-19,388,7,0
P004,2022-05-20,381,7,0
P004,2022-05-21,370,11,0
P004,2022-05-22,365,5,0
P004,2022-05-23,358,7,0
P004,2022-05-24,351,7,0
P004,2022-05-25,348,3,0
P004,2022-05-26,341,7,0
P004,2022-05-27,335,6,0
P004,2022-05-28,326,9,0
P004,2022-05-29,314,12,0
P004,2022-05-30,309,5,0
P004,2022-05-31,306,3,0
P004,2022-06-01,481,5,0
P004,2022-06-02,475,6,0
P004,2022-06-03,467,8,0
P004,2022-06-04,459,8,0
P004,2022-06-05,450,9,0
P004,2022-06-06,442,8,0
P004,2022-06-07,435,7,0
P004,2022-06-08,431,4,0
P004,2022-06-09,427,4,0
P004,2022-06-10,423,4,0
P004,2022-06-11,412,11,0
P004,2022-06-12,400,12,0
P004,2022-06-13,394,6,0
P004,2022-06-14,390,4,0
P004,2022-06-15,383,7,0
P004,2022-06-16,377,6,0
P004,2022-06-17,372,5,0
P004,2022-06-18,363,9,0
P004,2022-06-19,355,8,0
P004,2022-06-20,348,7,0
P004,2022-06-21,342,6,0
P004,2022-06-22,336,6,0
P004,2022-06-23,331,5,0
P004,2022-06-24,325,6,0
P004,2022-06-25,314,11,0
P004,2022-06-26,305,9,0
P004,2022-06-27,299,6,0
P004,2022-06-28,293,6,0
P004,2022-06-29,287,6,0
P004,2022-06-30,279,8,0
P004,2022-07-01,452,7,0
P004,2022-07-02,440,12,0
P004,2022-07-03,431,9,0
P004,2022-07-04,423,8,0
P004,2022-07-05,418,5,0
P004,2022-07-06,411,7,0
P004,2022-07-07,406,5,0
P004,2022-07-08,399,7,0
P004,2022-07-09,387,12,0
P004,2022-07-10,380,7,0
P004,2022-07-11,373,7,0
P004,2022-07-12,367,6,0
P004,2022-07-13,363,4,0
P004,2022-07-14,356,7,0
P004,2022-07-15,351,5,0
P004,2022-07-16,344,7,0
P004,2022-07-17,339,5,0
P004,2022-07-18,333,6,0
P004,2022-07-19,329,4,0
P004,2022-07-20,326,3,0
P004,2022-07-21,318,8,0
P004,2022-07-22,311,7,0
P004,2022-07-23,305,6,0
P004,2022-07-24,296,9,0
P004,2022-07-25,288,8,0
P004,2022-07-26,281,7,0
P004,2022-07-27,275,6,0
P004,2022-07-28,268,7,0
P004,2022-07-29,264,4,0
P004,2022-07-30,253,11,0
P004,2022-07-31,241,12,0
P004,2022-08-01,414,7,0
P004,2022-08-02,410,4,0
P004,2022-08-03,403,7,0
P004,2022-08-04,400,3,0
P004,2022-08-05,394,6,0
P004,2022-08-06,388,6,0
P004,2022-08-07,379,9,0
P004,2022-08-08,373,6,0
P004,2022-08-09,369,4,0
P004,2022-08-10,361,8,0
P004,2022-08-11,355,6,0
P004,2022-08-12,350,5,0
P004,2022-08-13,344,6,0
P004,2022-08-14,338,6,0
P004,2022-08-15,332,6,0
P004,2022-08-16,329,3,0
P004,2022-08-17,323,6,0
P004,2022-08-18,318,5,0
P004,2022-08-19,314,4,0
P004,2022-08-20,309,5,0
P004,2022-08-21,302,7,0
P004,2022-08-22,299,3,0
P004,2022-08-23,292,7,0
P004,2022-08-24,286,6,0
P004,2022-08-25,282,4,0
P004,2022-08-26,275,7,0
P004,2022-08-27,266,9,0
P004,2022-08-28,260,6,0
P004,2022-08-29,253,7,0
P004,2022-08-30,249,4,0
P004,2022-08-31,245,4,0
P004,2022-09-01,420,5,0
P004,2022-09-02,413,7,0
P004,2022-09-03,404,9,0
P004,2022-09-04,397,7,0
P004,2022-09-05,389,8,0
P004,2022-09-06,384,5,0
P004,2022-09-07,379,5,0
P004,2022-09-08,370,9,0
P004,2022-09-09,361,9,0
P004,2022-09-10,348,13,0
P004,2022-09-11,335,13,0
P004,2022-09-12,331,4,0
P004,2022-09-13,323,8,0
P004,2022-09-14,318,5,0
P004,2022-09-15,315,3,0
P004,2022-09-16,307,8,0
P004,2022-09-17,296,11,0
P004,2022-09-18,284,12,0
P004,2022-09-19,280,4,0
P004,2022-09-20,272,8,0
P004,2022-09-21,265,7,0
P004,2022-09-22,258,7,0
P004,2022-09-23,251,7,0
P004,2022-09-24,245,6,0
P004,2022-09-25,237,8,0
P004,2022-09-26,231,6,0
P004,2022-09-27,223,8,0
P004,2022-09-28,216,7,0
P004,2022-09-29,210,6,0
P004,2022-09-30,203,7,0
P004,2022-10-01,295,7,0
P004,2022-10-02,285,10,0
P004,2022-10-03,279,6,0
P004,2022-10-04,271,8,0
P004,2022-10-05,264,7,0
P004,2022-10-06,258,6,0
P004,2022-10-07,253,5,0
P004,2022-10-08,242,11,0
P004,2022-10-09,228,14,0
P004,2022-10-10,224,4,0
P004,2022-10-11,215,9,0
P004,2022-10-12,206,9,0
P004,2022-10-13,199,7,0
P004,2022-10-14,191,8,0
P004,2022-10-15,181,10,0
P004,2022-10-16,172,9,0
P004,2022-10-17,167,5,0
P004,2022-10-18,161,6,0
P004,2022-10-19,155,6,0
P004,2022-10-20,149,6,0
P004,2022-10-21,141,8,0
P004,2022-10-22,130,11,0
P004,2022-10-23,118,12,0
P004,2022-10-24,111,7,0
P004,2022-10-25,102,9,0
P004,2022-10-26,94,8,0
P004,2022-10-27,85,9,0
P004,2022-10-28,78,7,0
P004,2022-10-29,67,11,0
P004,2022-10-30,57,10,0
P004,2022-10-31,53,4,0
P004,2022-11-01,142,10,0
P004,2022-11-02,133,9,0
P004,2022-11-03,125,8,0
P004,2022-11-04,118,7,0
P004,2022-11-05,107,11,0
P004,2022-11-06,96,11,0
P004,2022-11-07,82,14,0
P004,2022-11-08,75,7,0
P004,2022-11-09,68,7,0
P004,2022-11-10,55,13,0
P004,2022-11-11,48,7,0
P004,2022-11-12,29,19,0
P004,2022-11-13,18,11,0
P004,2022-11-14,4,14,0
P004,2022-11-15,0,4,1
P004,2022-11-16,0,0,1
P004,2022-11-17,0,0,1
P004,2022-11-18,0,0,1
P004,2022-11-19,0,0,1
P004,2022-11-20,0,0,1
P004,2022-11-21,0,0,1
P004,2022-11-22,0,0,1
P004,2022-11-23,0,0,1
P004,2022-11-24,0,0,1
P004,2022-11-25,0,0,1
P004,2022-11-26,0,0,1
P004,2022-11-27,0,0,1
P004,2022-11-28,0,0,1
P004,2022-11-29,0,0,1
P004,2022-11-30,0,0,1
P004,2022-12-01,87,12,0
P004,2022-12-02,74,13,0
P004,2022-12-03,58,16,0
P004,2022-12-04,38,20,0
P004,2022-12-05,30,8,0
P004,2022-12-06,23,7,0
P004,2022-12-07,13,10,0
P004,2022-12-08,3,10,0
P004,2022-12-09,0,3,1
P004,2022-12-10,0,0,1
P004,2022-12-11,0,0,1
P004,2022-12-12,0,0,1
P004,2022-12-13,0,0,1
P004,2022-12-14,0,0,1
P004,2022-12-15,0,0,1
P004,2022-12-16,0,0,1
P004,2022-12-17,0,0,1
P004,2022-12-18,0,0,1
P004,2022-12-19,0,0,1
P004,2022-12-20,0,0,1
P004,2022-12-21,0,0,1
P004,2022-12-22,0,0,1
P004,2022-12-23,0,0,1
P004,2022-12-24,0,0,1
P004,2022-12-25,0,0,1
P004,2022-12-26,0,0,1
P004,2022-12-27,0,0,1
P004,2022-12-28,0,0,1
P004,2022-12-29,0,0,1
P004,2022-12-30,0,0,1
P004,2022-12-31,0,0,1
P004,2023-01-01,174,6,0
P004,2023-01-02,170,4,0
P004,2023-01-03,166,4,0
P004,2023-01-04,163,3,0
P004,2023-01-05,161,2,0
P004,2023-01-06,157,4,0
P004,2023-01-07,150,7,0
P004,2023-01-08,145,5,0
P004,2023-01-09,142,3,0
P004,2023-01-10,139,3,0
P004,2023-01-11,137,2,0
P004,2023-01-12,134,3,0
P004,2023-01-13,131,3,0
P004,2023-01-14,127,4,0
P004,2023-01-15,122,5,0
P004,2023-01-16,118,4,0
P004,2023-01-17,115,3,0
P004,2023-01-18,113,2,0
P004,2023-01-19,110,3,0
P004,2023-01-20,108,2,0
P004,2023-01-21,104,4,0
P004,2023-01-22,101,3,0
P004,2023-01-23,98,3,0
P004,2023-01-24,95,3,0
P004,2023-01-25,91,4,0
P004,2023-01-26,88,3,0
P004,2023-01-27,84,4,0
P004,2023-01-28,79,5,0
P004,2023-01-29,76,3,0
P004,2023-01-30,73,3,0
P004,2023-01-31,71,2,0
P004,2023-02-01,248,3,0
P004,2023-02-02,246,2,0
P004,2023-02-03,244,2,0
P004,2023-02-04,237,7,0
P004,2023-02-05,233,4,0
P004,2023-02-06,228,5,0
P004,2023-02-07,225,3,0
P004,2023-02-08,221,4,0
P004,2023-02-09,217,4,0
P004,2023-02-10,213,4,0
P004,2023-02-11,207,6,0
P004,2023-02-12,201,6,0
P004,2023-02-13,196,5,0
P004,2023-02-14,192,4,0
P004,2023-02-15,190,2,0
P004,2023-02-16,187,3,0
P004,2023-02-17,183,4,0
P004,2023-02-18,177,6,0
P004,2023-02-19,171,6,0
P004,2023-02-20,166,5,0
P004,2023-02-21,163,3,0
P004,2023-02-22,161,2,0
P004,2023-02-23,159,2,0
P004,2023-02-24,157,2,0
P004,2023-02-25,153,4,0
P004,2023-02-26,149,4,0
P004,2023-02-27,145,4,0
P004,2023-02-28,140,5,0
P004,2023-03-01,314,6,0
P004,2023-03-02,310,4,0
P004,2023-03-03,306,4,0
P004,2023-03-04,302,4,0
P004,2023-03-05,294,8,0
P004,2023-03-06,290,4,0
P004,2023-03-07,286,4,0
P004,2023-03-08,280,6,0
P004,2023-03-09,274,6,0
P004,2023-03-10,268,6,0
P004,2023-03-11,260,8,0
P004,2023-03-12,252,8,0
P004,2023-03-13,247,5,0
P004,2023-03-14,244,3,0
P004,2023-03-15,241,3,0
P004,2023-03-16,235,6,0
P004,2023-03-17,230,5,0
P004,2023-03-18,223,7,0
P004,2023-03-19,213,10,0
P004,2023-03-20,208,5,0
P004,2023-03-21,204,4,0
P004,2023-03-22,201,3,0
P004,2023-03-23,196,5,0
P004,2023-03-24,192,4,0
P004,2023-03-25,188,4,0
P004,2023-03-26,182,6,0
P004,2023-03-27,178,4,0
P004,2023-03-28,174,4,0
P004,2023-03-29,170,4,0
P004,2023-03-30,166,4,0
P004,2023-03-31,163,3,0
P004,2023-04-01,337,6,0
P004,2023-04-02,330,7,0
P004,2023-04-03,323,7,0
P004,2023-04-04,318,5,0
P004,2023-04-05,315,3,0
P004,2023-04-06,312,3,0
P004,2023-04-07,309,3,0
P004,2023-04-08,299,10,0
P004,2023-04-09,290,9,0
P004,2023-04-10,283,7,0
P004,2023-04-11,280,3,0
P004,2023-04-12,274,6,0
P004,2023-04-13,267,7,0
P004,2023-04-14,261,6,0
P004,2023-04-15,250,11,0
P004,2023-04-16,241,9,0
P004,2023-04-17,235,6,0
P004,2023-04-18,228,7,0
P004,2023-04-19,221,7,0
P004,2023-04-20,216,5,0
P004,2023-04-21,210,6,0
P004,2023-04-22,199,11,0
P004,2023-04-23,192,7,0
P004,2023-04-24,188,4,0
P004,2023-04-25,184,4,0
P004,2023-04-26,180,4,0
P004,2023-04-27,176,4,0
P004,2023-04-28,172,4,0
P004,2023-04-29,165,7,0
P004,2023-04-30,155,10,0
P004,2023-05-01,332,3,0
P004,2023-05-02,328,4,0
P004,2023-05-03,321,7,0
P004,2023-05-04,315,6,0
P004,2023-05-05,311,4,0
P004,2023-05-06,303,8,0
P004,2023-05-07,296,7,0
P004,2023-05-08,293,3,0
P004,2023-05-09,287,6,0
P004,2023-05-10,280,7,0
P004,2023-05-11,273,7,0
P004,2023-05-12,269,4,0
P004,2023-05-13,263,6,0
P004,2023-05-14,254,9,0
P004,2023-05-15,250,4,0
P004,2023-05-16,243,7,0
P004,2023-05-17,236,7,0
P004,2023-05-18,231,5,0
P004,2023-05-19,226,5,0
P004,2023-05-20,221,5,0
P004,2023-05-21,213,8,0
P004,2023-05-22,208,5,0
P004,2023-05-23,204,4,0
P004,2023-05-24,197,7,0
P004,2023-05-25,191,6,0
P004,2023-05-26,187,4,0
P004,2023-05-27,180,7,0
P004,2023-05-28,175,5,0
P004,2023-05-29,168,7,0
P004,2023-05-30,162,6,0
P004,2023-05-31,159,3,0
P004,2023-06-01,334,5,0
P004,2023-06-02,330,4,0
P004,2023-06-03,325,5,0
P004,2023-06-04,317,8,0
P004,2023-06-05,310,7,0
P004,2023-06-06,304,6,0
P004,2023-06-07,297,7,0
P004,2023-06-08,292,5,0
P004,2023-06-09,288,4,0
P004,2023-06-10,276,12,0
P004,2023-06-11,266,10,0
P004,2023-06-12,262,4,0
P004,2023-06-13,256,6,0
P004,2023-06-14,253,3,0
P004,2023-06-15,247,6,0
P004,2023-06-16,243,4,0
P004,2023-06-17,232,11,0
P004,2023-06-18,222,10,0
P004,2023-06-19,217,5,0
P004,2023-06-20,214,3,0
P004,2023-06-21,208,6,0
P004,2023-06-22,202,6,0
P004,2023-06-23,195,7,0
P004,2023-06-24,188,7,0
P004,2023-06-25,182,6,0
P004,2023-06-26,175,7,0
P004,2023-06-27,167,8,0
P004,2023-06-28,162,5,0
P004,2023-06-29,157,5,0
P004,2023-06-30,151,6,0
P004,2023-07-01,323,8,0
P004,2023-07-02,316,7,0
P004,2023-07-03,310,6,0
P004,2023-07-04,304,6,0
P004,2023-07-05,298,6,0
P004,2023-07-06,293,5,0
P004,2023-07-07,286,7,0
P004,2023-07-08,279,7,0
P004,2023-07-09,266,13,0
P004,2023-07-10,258,8,0
P004,2023-07-11,253,5,0
P004,2023-07-12,245,8,0
P004,2023-07-13,237,8,0
P004,2023-07-14,232,5,0
P004,2023-07-15,225,7,0
P004,2023-07-16,217,8,0
P004,2023-07-17,210,7,0
P004,2023-07-18,206,4,0
P004,2023-07-19,198,8,0
P004,2023-07-20,194,4,0
P004,2023-07-21,189,5,0
P004,2023-07-22,180,9,0
P004,2023-07-23,173,7,0
P004,2023-07-24,169,4,0
P004,2023-07-25,163,6,0
P004,2023-07-26,157,6,0
P004,2023-07-27,149,8,0
P004,2023-07-28,143,6,0
P004,2023-07-29,134,9,0
P004,2023-07-30,127,7,0
P004,2023-07-31,120,7,0
P004,2023-08-01,295,5,0
P004,2023-08-02,287,8,0
P004,2023-08-03,283,4,0
P004,2023-08-04,279,4,0
P004,2023-08-05,272,7,0
P004,2023-08-06,260,12,0
P004,2023-08-07,254,6,0
P004,2023-08-08,248,6,0
P004,2023-08-09,242,6,0
P004,2023-08-10,237,5,0
P004,2023-08-11,233,4,0
P004,2023-08-12,226,7,0
P004,2023-08-13,217,9,0
P004,2023-08-14,211,6,0
P004,2023-08-15,206,5,0
P004,2023-08-16,198,8,0
P004,2023-08-17,194,4,0
P004,2023-08-18,187,7,0
P004,2023-08-19,182,5,0
P004,2023-08-20,174,8,0
P004,2023-08-21,170,4,0
P004,2023-08-22,164,6,0
P004,2023-08-23,161,3,0
P004,2023-08-24,156,5,0
P004,2023-08-25,151,5,0
P004,2023-08-26,143,8,0
P004,2023-08-27,136,7,0
P004,2023-08-28,132,4,0
P004,2023-08-29,127,5,0
P004,2023-08-30,122,5,0
P004,2023-08-31,116,6,0
P004,2023-09-01,292,4,0
P004,2023-09-02,281,11,0
P004,2023-09-03,273,8,0
P004,2023-09-04,268,5,0
P004,2023-09-05,260,8,0
P004,2023-09-06,252,8,0
P004,2023-09-07,247,5,0
P004,2023-09-08,239,8,0
P004,2023-09-09,230,9,0
P004,2023-09-10,217,13,0
P004,2023-09-11,209,8,0
P004,2023-09-12,204,5,0
P004,2023-09-13,199,5,0
P004,2023-09-14,194,5,0
P004,2023-09-15,188,6,0
P004,2023-09-16,178,10,0
P004,2023-09-17,170,8,0
P004,2023-09-18,166,4,0
P004,2023-09-19,158,8,0
P004,2023-09-20,150,8,0
P004,2023-09-21,146,4,0
P004,2023-09-22,137,9,0
P004,2023-09-23,123,14,0
P004,2023-09-24,110,13,0
P004,2023-09-25,105,5,0
P004,2023-09-26,99,6,0
P004,2023-09-27,91,8,0
P004,2023-09-28,86,5,0
P004,2023-09-29,82,4,0
P004,2023-09-30,72,10,0
P004,2023-10-01,162,9,0
P004,2023-10-02,154,8,0
P004,2023-10-03,150,4,0
P004,2023-10-04,143,7,0
P004,2023-10-05,135,8,0
P004,2023-10-06,126,9,0
P004,2023-10-07,116,10,0
P004,2023-10-08,102,14,0
P004,2023-10-09,94,8,0
P004,2023-10-10,87,7,0
P004,2023-10-11,81,6,0
P004,2023-10-12,76,5,0
P004,2023-10-13,68,8,0
P004,2023-10-14,57,11,0
P004,2023-10-15,50,7,0
P004,2023-10-16,45,5,0
P004,2023-10-17,40,5,0
P004,2023-10-18,33,7,0
P004,2023-10-19,28,5,0
P004,2023-10-20,21,7,0
P004,2023-10-21,10,11,0
P004,2023-10-22,2,8,0
P004,2023-10-23,0,2,1
P004,2023-10-24,0,0,1
P004,2023-10-25,0,0,1
P004,2023-10-26,0,0,1
P004,2023-10-27,0,0,1
P004,2023-10-28,0,0,1
P004,2023-10-29,0,0,1
P004,2023-10-30,0,0,1
P004,2023-10-31,0,0,1
P004,2023-11-01,92,7,0
P004,2023-11-02,82,10,0
P004,2023-11-03,71,11,0
P004,2023-11-04,59,12,0
P004,2023-11-05,40,19,0
P004,2023-11-06,26,14,0
P004,2023-11-07,18,8,0
P004,2023-11-08,9,9,0
P004,2023-11-09,0,9,1
P004,2023-11-10,0,0,1
P004,2023-11-11,0,0,1
P004,2023-11-12,0,0,1
P004,2023-11-13,0,0,1
P004,2023-11-14,0,0,1
P004,2023-11-15,0,0,1
P004,2023-11-16,0,0,1
P004,2023-11-17,0,0,1
P004,2023-11-18,0,0,1
P004,2023-11-19,0,0,1
P004,2023-11-20,0,0,1
P004,2023-11-21,0,0,1
P004,2023-11-22,0,0,1
P004,2023-11-23,0,0,1
P004,2023-11-24,0,0,1
P004,2023-11-25,0,0,1
P004,2023-11-26,0,0,1
P004,2023-11-27,0,0,1
P004,2023-11-28,0,0,1
P004,2023-11-29,0,0,1
P004,2023-11-30,0,0,1
P004,2023-12-01,91,8,0
P004,2023-12-02,74,17,0
P004,2023-12-03,60,14,0
P004,2023-12-04,53,7,0
P004,2023-12-05,43,10,0
P004,2023-12-06,31,12,0
P004,2023-12-07,24,7,0
P004,2023-12-08,16,8,0
P004,2023-12-09,0,16,1
P004,2023-12-10,0,0,1
P004,2023-12-11,0,0,1
P004,2023-12-12,0,0,1
P004,2023-12-13,0,0,1
P004,2023-12-14,0,0,1
P004,2023-12-15,0,0,1
P004,2023-12-16,0,0,1
P004,2023-12-17,0,0,1
P004,2023-12-18,0,0,1
P004,2023-12-19,0,0,1
P004,2023-12-20,0,0,1
P004,2023-12-21,0,0,1
P004,2023-12-22,0,0,1
P004,2023-12-23,0,0,1
P004,2023-12-24,0,0,1
P004,2023-12-25,0,0,1
P004,2023-12-26,0,0,1
P004,2023-12-27,0,0,1
P004,2023-12-28,0,0,1
P004,2023-12-29,0,0,1
P004,2023-12-30,0,0,1
P004,2023-12-31,0,0,1
P004,2024-01-01,178,2,0
P004,2024-01-02,174,4,0
P004,2024-01-03,171,3,0
P004,2024-01-04,167,4,0
P004,2024-01-05,164,3,0
P004,2024-01-06,159,5,0
P004,2024-01-07,154,5,0
P004,2024-01-08,150,4,0
P004,2024-01-09,146,4,0
P004,2024-01-10,143,3,0
P004,2024-01-11,140,3,0
P004,2024-01-12,138,2,0
P004,2024-01-13,134,4,0
P004,2024-01-14,127,7,0
P004,2024-01-15,125,2,0
P004,2024-01-16,121,4,0
P004,2024-01-17,119,2,0
P004,2024-01-18,115,4,0
P004,2024-01-19,111,4,0
P004,2024-01-20,106,5,0
P004,2024-01-21,99,7,0
P004,2024-01-22,97,2,0
P004,2024-01-23,93,4,0
P004,2024-01-24,90,3,0
P004,2024-01-25,86,4,0
P004,2024-01-26,82,4,0
P004,2024-01-27,77,5,0
P004,2024-01-28,74,3,0
P004,2024-01-29,71,3,0
P004,2024-01-30,69,2,0
P004,2024-01-31,66,3,0
P004,2024-02-01,241,5,0
P004,2024-02-02,237,4,0
P004,2024-02-03,232,5,0
P004,2024-02-04,224,8,0
P004,2024-02-05,222,2,0
P004,2024-02-06,217,5,0
P004,2024-02-07,214,3,0
P004,2024-02-08,212,2,0
P004,2024-02-09,210,2,0
P004,2024-02-10,203,7,0
P004,2024-02-11,199,4,0
P004,2024-02-12,197,2,0
P004,2024-02-13,194,3,0
P004,2024-02-14,191,3,0
P004,2024-02-15,186,5,0
P004,2024-02-16,183,3,0
P004,2024-02-17,176,7,0
P004,2024-02-18,171,5,0
P004,2024-02-19,166,5,0
P004,2024-02-20,161,5,0
P004,2024-02-21,157,4,0
P004,2024-02-22,154,3,0
P004,2024-02-23,150,4,0
P004,2024-02-24,145,5,0
P004,2024-02-25,141,4,0
P004,2024-02-26,137,4,0
P004,2024-02-27,132,5,0
P004,2024-02-28,128,4,0
P004,2024-02-29,124,4,0
P004,2024-03-01,300,4,0
P004,2024-03-02,290,10,0
P004,2024-03-03,283,7,0
P004,2024-03-04,278,5,0
P004,2024-03-05,274,4,0
P004,2024-03-06,271,3,0
P004,2024-03-07,268,3,0
P004,2024-03-08,263,5,0
P004,2024-03-09,258,5,0
P004,2024-03-10,252,6,0
P004,2024-03-11,248,4,0
P004,2024-03-12,243,5,0
P004,2024-03-13,237,6,0
P004,2024-03-14,233,4,0
P004,2024-03-15,230,3,0
P004,2024-03-16,220,10,0
P004,2024-03-17,214,6,0
P004,2024-03-18,210,4,0
P004,2024-03-19,206,4,0
P004,2024-03-20,202,4,0
P004,2024-03-21,196,6,0
P004,2024-03-22,190,6,0
P004,2024-03-23,183,7,0
P004,2024-03-24,176,7,0
P004,2024-03-25,172,4,0
P004,2024-03-26,167,5,0
P004,2024-03-27,161,6,0
P004,2024-03-28,155,6,0
P004,2024-03-29,150,5,0
P004,2024-03-30,140,10,0
P004,2024-03-31,134,6,0
P004,2024-04-01,311,3,0
P004,2024-04-02,306,5,0
P004,2024-04-03,300,6,0
P004,2024-04-04,294,6,0
P004,2024-04-05,289,5,0
P004,2024-04-06,279,10,0
P004,2024-04-07,270,9,0
P004,2024-04-08,264,6,0
P004,2024-04-09,258,6,0
P004,2024-04-10,255,3,0
P004,2024-04-11,251,4,0
P004,2024-04-12,244,7,0
P004,2024-04-13,235,9,0
P004,2024-04-14,227,8,0
P004,2024-04-15,224,3,0
P004,2024-04-16,218,6,0
P004,2024-04-17,214,4,0
P004,2024-04-18,208,6,0
P004,2024-04-19,203,5,0
P004,2024-04-20,196,7,0
P004,2024-04-21,190,6,0
P004,2024-04-22,184,6,0
P004,2024-04-23,177,7,0
P004,2024-04-24,170,7,0
P004,2024-04-25,167,3,0
P004,2024-04-26,160,7,0
P004,2024-04-27,151,9,0
P004,2024-04-28,143,8,0
P004,2024-04-29,136,7,0
P004,2024-04-30,133,3,0
P004,2024-05-01,306,7,0
P004,2024-05-02,300,6,0
P004,2024-05-03,294,6,0
P004,2024-05-04,286,8,0
P004,2024-05-05,281,5,0
P004,2024-05-06,274,7,0
P004,2024-05-07,268,6,0
P004,2024-05-08,265,3,0
P004,2024-05-09,259,6,0
P004,2024-05-10,253,6,0
P004,2024-05-11,246,7,0
P004,2024-05-12,236,10,0
P004,2024-05-13,229,7,0
P004,2024-05-14,223,6,0
P004,2024-05-15,216,7,0
P004,2024-05-16,213,3,0
P004,2024-05-17,207,6,0
P004,2024-05-18,198,9,0
P004,2024-05-19,191,7,0
P004,2024-05-20,186,5,0
P004,2024-05-21,181,5,0
P004,2024-05-22,177,4,0
P004,2024-05-23,171,6,0
P004,2024-05-24,165,6,0
P004,2024-05-25,157,8,0
P004,2024-05-26,151,6,0
P004,2024-05-27,144,7,0
P004,2024-05-28,139,5,0
P004,2024-05-29,136,3,0
P004,2024-05-30,131,5,0
P004,2024-05-31,126,5,0
P004,2024-06-01,300,6,0
P004,2024-06-02,289,11,0
P004,2024-06-03,283,6,0
P004,2024-06-04,279,4,0
P004,2024-06-05,276,3,0
P004,2024-06-06,268,8,0
P004,2024-06-07,264,4,0
P004,2024-06-08,254,10,0
P004,2024-06-09,246,8,0
P004,2024-06-10,241,5,0
P004,2024-06-11,237,4,0
P004,2024-06-12,230,7,0
P004,2024-06-13,225,5,0
P004,2024-06-14,219,6,0
P004,2024-06-15,208,11,0
P004,2024-06-16,199,9,0
P004,2024-06-17,193,6,0
P004,2024-06-18,185,8,0
P004,2024-06-19,178,7,0
P004,2024-06-20,171,7,0
P004,2024-06-21,165,6,0
P004,2024-06-22,159,6,0
P004,2024-06-23,151,8,0
P004,2024-06-24,148,3,0
P004,2024-06-25,141,7,0
P004,2024-06-26,134,7,0
P004,2024-06-27,128,6,0
P004,2024-06-28,121,7,0
P004,2024-06-29,110,11,0
P004,2024-06-30,104,6,0
P004,2024-07-01,279,5,0
P004,2024-07-02,275,4,0
P004,2024-07-03,271,4,0
P004,2024-07-04,266,5,0
P004,2024-07-05,261,5,0
P004,2024-07-06,250,11,0
P004,2024-07-07,237,13,0
P004,2024-07-08,232,5,0
P004,2024-07-09,224,8,0
P004,2024-07-10,219,5,0
P004,2024-07-11,212,7,0
P004,2024-07-12,209,3,0
P004,2024-07-13,199,10,0
P004,2024-07-14,193,6,0
P004,2024-07-15,189,4,0
P004,2024-07-16,182,7,0
P004,2024-07-17,177,5,0
P004,2024-07-18,169,8,0
P004,2024-07-19,163,6,0
P004,2024-07-20,150,13,0
P004,2024-07-21,141,9,0
P004,2024-07-22,136,5,0
P004,2024-07-23,130,6,0
P004,2024-07-24,124,6,0
P004,2024-07-25,118,6,0
P004,2024-07-26,112,6,0
P004,2024-07-27,99,13,0
P004,2024-07-28,90,9,0
P004,2024-07-29,85,5,0
P004,2024-07-30,82,3,0
P004,2024-07-31,77,5,0
P004,2024-08-01,250,7,0
P004,2024-08-02,247,3,0
P004,2024-08-03,235,12,0
P004,2024-08-04,228,7,0
P004,2024-08-05,224,4,0
P004,2024-08-06,219,5,0
P004,2024-08-07,216,3,0
P004,2024-08-08,211,5,0
P004,2024-08-09,207,4,0
P004,2024-08-10,197,10,0
P004,2024-08-11,188,9,0
P004,2024-08-12,185,3,0
P004,2024-08-13,178,7,0
P004,2024-08-14,175,3,0
P004,2024-08-15,169,6,0
P004,2024-08-16,162,7,0
P004,2024-08-17,152,10,0
P004,2024-08-18,145,7,0
P004,2024-08-19,140,5,0
P004,2024-08-20,137,3,0
P004,2024-08-21,130,7,0
P004,2024-08-22,123,7,0
P004,2024-08-23,119,4,0
P004,2024-08-24,114,5,0
P004,2024-08-25,108,6,0
P004,2024-08-26,102,6,0
P004,2024-08-27,97,5,0
P004,2024-08-28,94,3,0
P004,2024-08-29,89,5,0
P004,2024-08-30,85,4,0
P004,2024-08-31,77,8,0
P004,2024-09-01,247,10,0
P004,2024-09-02,240,7,0
P004,2024-09-03,232,8,0
P004,2024-09-04,225,7,0
P004,2024-09-05,216,9,0
P004,2024-09-06,210,6,0
P004,2024-09-07,199,11,0
P004,2024-09-08,185,14,0
P004,2024-09-09,178,7,0
P004,2024-09-10,173,5,0
P004,2024-09-11,166,7,0
P004,2024-09-12,157,9,0
P004,2024-09-13,149,8,0
P004,2024-09-14,140,9,0
P004,2024-09-15,129,11,0
P004,2024-09-16,121,8,0
P004,2024-09-17,116,5,0
P004,2024-09-18,110,6,0
P004,2024-09-19,105,5,0
P004,2024-09-20,100,5,0
P004,2024-09-21,93,7,0
P004,2024-09-22,86,7,0
P004,2024-09-23,81,5,0
P004,2024-09-24,76,5,0
P004,2024-09-25,70,6,0
P004,2024-09-26,62,8,0
P004,2024-09-27,55,7,0
P004,2024-09-28,45,10,0
P004,2024-09-29,39,6,0
P004,2024-09-30,32,7,0
P004,2024-10-01,125,6,0
P004,2024-10-02,116,9,0
P004,2024-10-03,110,6,0
P004,2024-10-04,103,7,0
P004,2024-10-05,96,7,0
P004,2024-10-06,87,9,0
P004,2024-10-07,78,9,0
P004,2024-10-08,72,6,0
P004,2024-10-09,63,9,0
P004,2024-10-10,56,7,0
P004,2024-10-11,51,5,0
P004,2024-10-12,38,13,0
P004,2024-10-13,29,9,0
P004,2024-10-14,23,6,0
P004,2024-10-15,17,6,0
P004,2024-10-16,10,7,0
P004,2024-10-17,1,9,0
P004,2024-10-18,0,1,1
P004,2024-10-19,0,0,1
P004,2024-10-20,0,0,1
P004,2024-10-21,0,0,1
P004,2024-10-22,0,0,1
P004,2024-10-23,0,0,1
P004,2024-10-24,0,0,1
P004,2024-10-25,0,0,1
P004,2024-10-26,0,0,1
P004,2024-10-27,0,0,1
P004,2024-10-28,0,0,1
P004,2024-10-29,0,0,1
P004,2024-10-30,0,0,1
P004,2024-10-31,0,0,1
P004,2024-11-01,89,10,0
P004,2024-11-02,72,17,0
P004,2024-11-03,56,16,0
P004,2024-11-04,50,6,0
P004,2024-11-05,36,14,0
P004,2024-11-06,25,11,0
P004,2024-11-07,18,7,0
P004,2024-11-08,4,14,0
P004,2024-11-09,0,4,1
P004,2024-11-10,0,0,1
P004,2024-11-11,0,0,1
P004,2024-11-12,0,0,1
P004,2024-11-13,0,0,1
P004,2024-11-14,0,0,1
P004,2024-11-15,0,0,1
P004,2024-11-16,0,0,1
P004,2024-11-17,0,0,1
P004,2024-11-18,0,0,1
P004,2024-11-19,0,0,1
P004,2024-11-20,0,0,1
P004,2024-11-21,0,0,1
P004,2024-11-22,0,0,1
P004,2024-11-23,0,0,1
P004,2024-11-24,0,0,1
P004,2024-11-25,0,0,1
P004,2024-11-26,0,0,1
P004,2024-11-27,0,0,1
P004,2024-11-28,0,0,1
P004,2024-11-29,0,0,1
P004,2024-11-30,0,0,1
P004,2024-12-01,84,15,0
P004,2024-12-02,78,6,0
P004,2024-12-03,65,13,0
P004,2024-12-04,58,7,0
P004,2024-12-05,52,6,0
P004,2024-12-06,39,13,0
P004,2024-12-07,23,16,0
P004,2024-12-08,6,17,0
P004,2024-12-09,0,6,1
P004,2024-12-10,0,0,1
P004,2024-12-11,0,0,1
P004,2024-12-12,0,0,1
P004,2024-12-13,0,0,1
P004,2024-12-14,0,0,1
P004,2024-12-15,0,0,1
P004,2024-12-16,0,0,1
P004,2024-12-17,0,0,1
P004,2024-12-18,0,0,1
P004,2024-12-19,0,0,1
P004,2024-12-20,0,0,1
P004,2024-12-21,0,0,1
P004,2024-12-22,0,0,1
P004,2024-12-23,0,0,1
P004,2024-12-24,0,0,1
P004,2024-12-25,0,0,1
P004,2024-12-26,0,0,1
P004,2024-12-27,0,0,1
P004,2024-12-28,0,0,1
P004,2024-12-29,0,0,1
P004,2024-12-30,0,0,1
P004,2024-12-31,0,0,1
P005,2022-01-01,555,5,0
P005,2022-01-02,544,11,0
P005,2022-01-03,538,6,0
P005,2022-01-04,534,4,0
P005,2022-01-05,530,4,0
P005,2022-01-06,526,4,0
P005,2022-01-07,523,3,0
P005,2022-01-08,515,8,0
P005,2022-01-09,505,10,0
P005,2022-01-10,501,4,0
P005,2022-01-11,497,4,0
P005,2022-01-12,492,5,0
P005,2022-01-13,487,5,0
P005,2022-01-14,482,5,0
P005,2022-01-15,471,11,0
P005,2022-01-16,466,5,0
P005,2022-01-17,459,7,0
P005,2022-01-18,454,5,0
P005,2022-01-19,451,3,0
P005,2022-01-20,445,6,0
P005,2022-01-21,438,7,0
P005,2022-01-22,430,8,0
P005,2022-01-23,419,11,0
P005,2022-01-24,416,3,0
P005,2022-01-25,411,5,0
P005,2022-01-26,406,5,0
P005,2022-01-27,402,4,0
P005,2022-01-28,398,4,0
P005,2022-01-29,390,8,0
P005,2022-01-30,380,10,0
P005,2022-01-31,375,5,0
P005,2022-02-01,647,8,0
P005,2022-02-02,642,5,0
P005,2022-02-03,635,7,0
P005,2022-02-04,629,6,0
P005,2022-02-05,621,8,0
P005,2022-02-06,613,8,0
P005,2022-02-07,605,8,0
P005,2022-02-08,601,4,0
P005,2022-02-09,593,8,0
P005,2022-02-10,587,6,0
P005,2022-02-11,583,4,0
P005,2022-02-12,577,6,0
P005,2022-02-13,570,7,0
P005,2022-02-14,563,7,0
P005,2022-02-15,557,6,0
P005,2022-02-16,553,4,0
P005,2022-02-17,547,6,0
P005,2022-02-18,539,8,0
P005,2022-02-19,527,12,0
P005,2022-02-20,520,7,0
P005,2022-02-21,513,7,0
P005,2022-02-22,507,6,0
P005,2022-02-23,502,5,0
P005,2022-02-24,497,5,0
P005,2022-02-25,491,6,0
P005,2022-02-26,479,12,0
P005,2022-02-27,468,11,0
P005,2022-02-28,462,6,0
P005,2022-03-01,736,6,0
P005,2022-03-02,731,5,0
P005,2022-03-03,724,7,0
P005,2022-03-04,714,10,0
P005,2022-03-05,701,13,0
P005,2022-03-06,691,10,0
P005,2022-03-07,683,8,0
P005,2022-03-08,676,7,0
P005,2022-03-09,669,7,0
P005,2022-03-10,664,5,0
P005,2022-03-11,659,5,0
P005,2022-03-12,647,12,0
P005,2022-03-13,637,10,0
P005,2022-03-14,632,5,0
P005,2022-03-15,623,9,0
P005,2022-03-16,614,9,0
P005,2022-03-17,607,7,0
P005,2022-03-18,600,7,0
P005,2022-03-19,590,10,0
P005,2022-03-20,576,14,0
P005,2022-03-21,569,7,0
P005,2022-03-22,562,7,0
P005,2022-03-23,557,5,0
P005,2022-03-24,547,10,0
P005,2022-03-25,541,6,0
P005,2022-03-26,527,14,0
P005,2022-03-27,515,12,0
P005,2022-03-28,510,5,0
P005,2022-03-29,506,4,0
P005,2022-03-30,502,4,0
P005,2022-03-31,492,10,0
P005,2022-04-01,767,5,0
P005,2022-04-02,754,13,0
P005,2022-04-03,743,11,0
P005,2022-04-04,737,6,0
P005,2022-04-05,731,6,0
P005,2022-04-06,721,10,0
P005,2022-04-07,715,6,0
P005,2022-04-08,704,11,0
P005,2022-04-09,692,12,0
P005,2022-04-10,677,15,0
P005,2022-04-11,667,10,0
P005,2022-04-12,659,8,0
P005,2022-04-13,653,6,0
P005,2022-04-14,645,8,0
P005,2022-04-15,639,6,0
P005,2022-04-16,624,15,0
P005,2022-04-17,607,17,0
P005,2022-04-18,600,7,0
P005,2022-04-19,590,10,0
P005,2022-04-20,581,9,0
P005,2022-04-21,574,7,0
P005,2022-04-22,568,6,0
P005,2022-04-23,555,13,0
P005,2022-04-24,543,12,0
P005,2022-04-25,534,9,0
P005,2022-04-26,527,7,0
P005,2022-04-27,521,6,0
P005,2022-04-28,515,6,0
P005,2022-04-29,505,10,0
P005,2022-04-30,489,16,0
P005,2022-05-01,753,16,0
P005,2022-05-02,744,9,0
P005,2022-05-03,732,12,0
P005,2022-05-04,722,10,0
P005,2022-05-05,710,12,0
P005,2022-05-06,699,11,0
P005,2022-05-07,686,13,0
P005,2022-05-08,677,9,0
P005,2022-05-09,672,5,0
P005,2022-05-10,667,5,0
P005,2022-05-11,660,7,0
P005,2022-05-12,650,10,0
P005,2022-05-13,644,6,0
P005,2022-05-14,631,13,0
P005,2022-05-15,617,14,0
P005,2022-05-16,611,6,0
P005,2022-05-17,606,5,0
P005,2022-05-18,599,7,0
P005,2022-05-19,590,9,0
P005,2022-05-20,583,7,0
P005,2022-05-21,567,16,0
P005,2022-05-22,550,17,0
P005,2022-05-23,541,9,0
P005,2022-05-24,531,10,0
P005,2022-05-25,526,5,0
P005,2022-05-26,520,6,0
P005,2022-05-27,511,9,0
P005,2022-05-28,497,14,0
P005,2022-05-29,479,18,0
P005,2022-05-30,469,10,0
P005,2022-05-31,462,7,0
P005,2022-06-01,732,10,0
P005,2022-06-02,724,8,0
P005,2022-06-03,715,9,0
P005,2022-06-04,695,20,0
P005,2022-06-05,676,19,0
P005,2022-06-06,667,9,0
P005,2022-06-07,658,9,0
P005,2022-06-08,648,10,0
P005,2022-06-09,638,10,0
P005,2022-06-10,629,9,0
P005,2022-06-11,619,10,0
P005,2022-06-12,606,13,0
P005,2022-06-13,601,5,0
P005,2022-06-14,591,10,0
P005,2022-06-15,585,6,0
P005,2022-06-16,576,9,0
P005,2022-06-17,569,7,0
P005,2022-06-18,559,10,0
P005,2022-06-19,548,11,0
P005,2022-06-20,542,6,0
P005,2022-06-21,536,6,0
P005,2022-06-22,526,10,0
P005,2022-06-23,515,11,0
P005,2022-06-24,509,6,0
P005,2022-06-25,499,10,0
P005,2022-06-26,490,9,0
P005,2022-06-27,483,7,0
P005,2022-06-28,471,12,0
P005,2022-06-29,461,10,0
P005,2022-06-30,450,11,0
P005,2022-07-01,719,11,0
P005,2022-07-02,701,18,0
P005,2022-07-03,684,17,0
P005,2022-07-04,678,6,0
P005,2022-07-05,665,13,0
P005,2022-07-06,653,12,0
P005,2022-07-07,643,10,0
P005,2022-07-08,631,12,0
P005,2022-07-09,619,12,0
P005,2022-07-10,604,15,0
P005,2022-07-11,598,6,0
P005,2022-07-12,590,8,0
P005,2022-07-13,578,12,0
P005,2022-07-14,570,8,0
P005,2022-07-15,564,6,0
P005,2022-07-16,548,16,0
P005,2022-07-17,536,12,0
P005,2022-07-18,528,8,0
P005,2022-07-19,517,11,0
P005,2022-07-20,506,11,0
P005,2022-07-21,500,6,0
P005,2022-07-22,488,12,0
P005,2022-07-23,470,18,0
P005,2022-07-24,452,18,0
P005,2022-07-25,444,8,0
P005,2022-07-26,437,7,0
P005,2022-07-27,426,11,0
P005,2022-07-28,413,13,0
P005,2022-07-29,406,7,0
P005,2022-07-30,397,9,0
P005,2022-07-31,388,9,0
P005,2022-08-01,661,7,0
P005,2022-08-02,648,13,0
P005,2022-08-03,642,6,0
P005,2022-08-04,634,8,0
P005,2022-08-05,623,11,0
P005,2022-08-06,611,12,0
P005,2022-08-07,600,11,0
P005,2022-08-08,591,9,0
P005,2022-08-09,582,9,0
P005,2022-08-10,570,12,0
P005,2022-08-11,559,11,0
P005,2022-08-12,547,12,0
P005,2022-08-13,528,19,0
P005,2022-08-14,516,12,0
P005,2022-08-15,508,8,0
P005,2022-08-16,501,7,0
P005,2022-08-17,495,6,0
P005,2022-08-18,487,8,0
P005,2022-08-19,478,9,0
P005,2022-08-20,464,14,0
P005,2022-08-21,447,17,0
P005,2022-08-22,436,11,0
P005,2022-08-23,429,7,0
P005,2022-08-24,419,10,0
P005,2022-08-25,411,8,0
P005,2022-08-26,403,8,0
P005,2022-08-27,387,16,0
P005,2022-08-28,375,12,0
P005,2022-08-29,367,8,0
P005,2022-08-30,361,6,0
P005,2022-08-31,355,6,0
P005,2022-09-01,627,8,0
P005,2022-09-02,618,9,0
P005,2022-09-03,603,15,0
P005,2022-09-04,589,14,0
P005,2022-09-05,579,10,0
P005,2022-09-06,566,13,0
P005,2022-09-07,555,11,0
P005,2022-09-08,542,13,0
P005,2022-09-09,533,9,0
P005,2022-09-10,517,16,0
P005,2022-09-11,508,9,0
P005,2022-09-12,494,14,0
P005,2022-09-13,488,6,0
P005,2022-09-14,477,11,0
P005,2022-09-15,468,9,0
P005,2022-09-16,454,14,0
P005,2022-09-17,438,16,0
P005,2022-09-18,420,18,0
P005,2022-09-19,407,13,0
P005,2022-09-20,395,12,0
P005,2022-09-21,385,10,0
P005,2022-09-22,371,14,0
P005,2022-09-23,362,9,0
P005,2022-09-24,348,14,0
P005,2022-09-25,329,19,0
P005,2022-09-26,323,6,0
P005,2022-09-27,311,12,0
P005,2022-09-28,304,7,0
P005,2022-09-29,297,7,0
P005,2022-09-30,288,9,0
P005,2022-10-01,426,16,0
P005,2022-10-02,408,18,0
P005,2022-10-03,399,9,0
P005,2022-10-04,392,7,0
P005,2022-10-05,385,7,0
P005,2022-10-06,377,8,0
P005,2022-10-07,368,9,0
P005,2022-10-08,350,18,0
P005,2022-10-09,333,17,0
P005,2022-10-10,320,13,0
P005,2022-10-11,311,9,0
P005,2022-10-12,297,14,0
P005,2022-10-13,289,8,0
P005,2022-10-14,278,11,0
P005,2022-10-15,255,23,0
P005,2022-10-16,233,22,0
P005,2022-10-17,220,13,0
P005,2022-10-18,212,8,0
P005,2022-10-19,202,10,0
P005,2022-10-20,188,14,0
P005,2022-10-21,174,14,0
P005,2022-10-22,160,14,0
P005,2022-10-23,146,14,0
P005,2022-10-24,136,10,0
P005,2022-10-25,129,7,0
P005,2022-10-26,117,12,0
P005,2022-10-27,106,11,0
P005,2022-10-28,93,13,0
P005,2022-10-29,77,16,0
P005,2022-10-30,60,17,0
P005,2022-10-31,49,11,0
P005,2022-11-01,190,13,0
P005,2022-11-02,172,18,0
P005,2022-11-03,157,15,0
P005,2022-11-04,134,23,0
P005,2022-11-05,118,16,0
P005,2022-11-06,91,27,0
P005,2022-11-07,69,22,0
P005,2022-11-08,47,22,0
P005,2022-11-09,24,23,0
P005,2022-11-10,13,11,0
P005,2022-11-11,0,13,1
P005,2022-11-12,0,0,1
P005,2022-11-13,0,0,1
P005,2022-11-14,0,0,1
P005,2022-11-15,0,0,1
P005,2022-11-16,0,0,1
P005,2022-11-17,0,0,1
P005,2022-11-18,0,0,1
P005,2022-11-19,0,0,1
P005,2022-11-20,0,0,1
P005,2022-11-21,0,0,1
P005,2022-11-22,0,0,1
P005,2022-11-23,0,0,1
P005,2022-11-24,0,0,1
P005,2022-11-25,0,0,1
P005,2022-11-26,0,0,1
P005,2022-11-27,0,0,1
P005,2022-11-28,0,0,1
P005,2022-11-29,0,0,1
P005,2022-11-30,0,0,1
P005,2022-12-01,144,10,0
P005,2022-12-02,129,15,0
P005,2022-12-03,98,31,0
P005,2022-12-04,79,19,0
P005,2022-12-05,65,14,0
P005,2022-12-06,53,12,0
P005,2022-12-07,43,10,0
P005,2022-12-08,29,14,0
P005,2022-12-09,10,19,0
P005,2022-12-10,0,10,1
P005,2022-12-11,0,0,1
P005,2022-12-12,0,0,1
P005,2022-12-13,0,0,1
P005,2022-12-14,0,0,1
P005,2022-12-15,0,0,1
P005,2022-12-16,0,0,1
P005,2022-12-17,0,0,1
P005,2022-12-18,0,0,1
P005,2022-12-19,0,0,1
P005,2022-12-20,0,0,1
P005,2022-12-21,0,0,1
P005,2022-12-22,0,0,1
P005,2022-12-23,0,0,1
P005,2022-12-24,0,0,1
P005,2022-12-25,0,0,1
P005,2022-12-26,0,0,1
P005,2022-12-27,0,0,1
P005,2022-12-28,0,0,1
P005,2022-12-29,0,0,1
P005,2022-12-30,0,0,1
P005,2022-12-31,0,0,1
P005,2023-01-01,271,9,0
P005,2023-01-02,265,6,0
P005,2023-01-03,260,5,0
P005,2023-01-04,256,4,0
P005,2023-01-05,251,5,0
P005,2023-01-06,246,5,0
P005,2023-01-07,238,8,0
P005,2023-01-08,232,6,0
P005,2023-01-09,229,3,0
P005,2023-01-10,225,4,0
P005,2023-01-11,218,7,0
P005,2023-01-12,212,6,0
P005,2023-01-13,209,3,0
P005,2023-01-14,200,9,0
P005,2023-01-15,192,8,0
P005,2023-01-16,189,3,0
P005,2023-01-17,183,6,0
P005,2023-01-18,177,6,0
P005,2023-01-19,173,4,0
P005,2023-01-20,169,4,0
P005,2023-01-21,163,6,0
P005,2023-01-22,156,7,0
P005,2023-01-23,149,7,0
P005,2023-01-24,143,6,0
P005,2023-01-25,139,4,0
P005,2023-01-26,134,5,0
P005,2023-01-27,129,5,0
P005,2023-01-28,123,6,0
P005,2023-01-29,115,8,0
P005,2023-01-30,112,3,0
P005,2023-01-31,105,7,0
P005,2023-02-01,380,5,0
P005,2023-02-02,372,8,0
P005,2023-02-03,366,6,0
P005,2023-02-04,358,8,0
P005,2023-02-05,348,10,0
P005,2023-02-06,342,6,0
P005,2023-02-07,336,6,0
P005,2023-02-08,331,5,0
P005,2023-02-09,325,6,0
P005,2023-02-10,319,6,0
P005,2023-02-11,306,13,0
P005,2023-02-12,297,9,0
P005,2023-02-13,289,8,0
P005,2023-02-14,282,7,0
P005,2023-02-15,278,4,0
P005,2023-02-16,274,4,0
P005,2023-02-17,269,5,0
P005,2023-02-18,261,8,0
P005,2023-02-19,255,6,0
P005,2023-02-20,248,7,0
P005,2023-02-21,242,6,0
P005,2023-02-22,236,6,0
P005,2023-02-23,230,6,0
P005,2023-02-24,222,8,0
P005,2023-02-25,215,7,0
P005,2023-02-26,209,6,0
P005,2023-02-27,205,4,0
P005,2023-02-28,198,7,0
P005,2023-03-01,468,10,0
P005,2023-03-02,460,8,0
P005,2023-03-03,454,6,0
P005,2023-03-04,445,9,0
P005,2023-03-05,430,15,0
P005,2023-03-06,424,6,0
P005,2023-03-07,414,10,0
P005,2023-03-08,407,7,0
P005,2023-03-09,397,10,0
P005,2023-03-10,387,10,0
P005,2023-03-11,378,9,0
P005,2023-03-12,363,15,0
P005,2023-03-13,357,6,0
P005,2023-03-14,348,9,0
P005,2023-03-15,341,7,0
P005,2023-03-16,335,6,0
P005,2023-03-17,329,6,0
P005,2023-03-18,320,9,0
P005,2023-03-19,311,9,0
P005,2023-03-20,303,8,0
P005,2023-03-21,298,5,0
P005,2023-03-22,292,6,0
P005,2023-03-23,282,10,0
P005,2023-03-24,277,5,0
P005,2023-03-25,262,15,0
P005,2023-03-26,246,16,0
P005,2023-03-27,236,10,0
P005,2023-03-28,229,7,0
P005,2023-03-29,222,7,0
P005,2023-03-30,214,8,0
P005,2023-03-31,207,7,0
P005,2023-04-01,472,15,0
P005,2023-04-02,461,11,0
P005,2023-04-03,455,6,0
P005,2023-04-04,444,11,0
P005,2023-04-05,437,7,0
P005,2023-04-06,426,11,0
P005,2023-04-07,421,5,0
P005,2023-04-08,408,13,0
P005,2023-04-09,392,16,0
P005,2023-04-10,383,9,0
P005,2023-04-11,375,8,0
P005,2023-04-12,369,6,0
P005,2023-04-13,363,6,0
P005,2023-04-14,354,9,0
P005,2023-04-15,341,13,0
P005,2023-04-16,330,11,0
P005,2023-04-17,321,9,0
P005,2023-04-18,313,8,0
P005,2023-04-19,303,10,0
P005,2023-04-20,298,5,0
P005,2023-04-21,289,9,0
P005,2023-04-22,274,15,0
P005,2023-04-23,265,9,0
P005,2023-04-24,260,5,0
P005,2023-04-25,250,10,0
P005,2023-04-26,243,7,0
P005,2023-04-27,234,9,0
P005,2023-04-28,224,10,0
P005,2023-04-29,214,10,0
P005,2023-04-30,200,14,0
P005,2023-05-01,473,7,0
P005,2023-05-02,465,8,0
P005,2023-05-03,455,10,0
P005,2023-05-04,447,8,0
P005,2023-05-05,441,6,0
P005,2023-05-06,430,11,0
P005,2023-05-07,418,12,0
P005,2023-05-08,410,8,0
P005,2023-05-09,399,11,0
P005,2023-05-10,390,9,0
P005,2023-05-11,381,9,0
P005,2023-05-12,373,8,0
P005,2023-05-13,364,9,0
P005,2023-05-14,352,12,0
P005,2023-05-15,342,10,0
P005,2023-05-16,332,10,0
P005,2023-05-17,324,8,0
P005,2023-05-18,317,7,0
P005,2023-05-19,307,10,0
P005,2023-05-20,296,11,0
P005,2023-05-21,285,11,0
P005,2023-05-22,280,5,0
P005,2023-05-23,272,8,0
P005,2023-05-24,264,8,0
P005,2023-05-25,257,7,0
P005,2023-05-26,245,12,0
P005,2023-05-27,235,10,0
P005,2023-05-28,219,16,0
P005,2023-05-29,214,5,0
P005,2023-05-30,208,6,0
P005,2023-05-31,198,10,0
P005,2023-06-01,471,7,0
P005,2023-06-02,466,5,0
P005,2023-06-03,456,10,0
P005,2023-06-04,447,9,0
P005,2023-06-05,439,8,0
P005,2023-06-06,428,11,0
P005,2023-06-07,421,7,0
P005,2023-06-08,415,6,0
P005,2023-06-09,404,11,0
P005,2023-06-10,393,11,0
P005,2023-06-11,376,17,0
P005,2023-06-12,367,9,0
P005,2023-06-13,359,8,0
P005,2023-06-14,347,12,0
P005,2023-06-15,335,12,0
P005,2023-06-16,329,6,0
P005,2023-06-17,319,10,0
P005,2023-06-18,308,11,0
P005,2023-06-19,296,12,0
P005,2023-06-20,288,8,0
P005,2023-06-21,279,9,0
P005,2023-06-22,268,11,0
P005,2023-06-23,257,11,0
P005,2023-06-24,248,9,0
P005,2023-06-25,236,12,0
P005,2023-06-26,227,9,0
P005,2023-06-27,215,12,0
P005,2023-06-28,205,10,0
P005,2023-06-29,194,11,0
P005,2023-06-30,188,6,0
P005,2023-07-01,454,14,0
P005,2023-07-02,445,9,0
P005,2023-07-03,433,12,0
P005,2023-07-04,425,8,0
P005,2023-07-05,413,12,0
P005,2023-07-06,400,13,0
P005,2023-07-07,391,9,0
P005,2023-07-08,378,13,0
P005,2023-07-09,365,13,0
P005,2023-07-10,353,12,0
P005,2023-07-11,342,11,0
P005,2023-07-12,331,11,0
P005,2023-07-13,321,10,0
P005,2023-07-14,309,12,0
P005,2023-07-15,290,19,0
P005,2023-07-16,274,16,0
P005,2023-07-17,267,7,0
P005,2023-07-18,255,12,0
P005,2023-07-19,249,6,0
P005,2023-07-20,239,10,0
P005,2023-07-21,234,5,0
P005,2023-07-22,225,9,0
P005,2023-07-23,206,19,0
P005,2023-07-24,197,9,0
P005,2023-07-25,184,13,0
P005,2023-07-26,177,7,0
P005,2023-07-27,167,10,0
P005,2023-07-28,160,7,0
P005,2023-07-29,147,13,0
P005,2023-07-30,131,16,0
P005,2023-07-31,125,6,0
P005,2023-08-01,395,10,0
P005,2023-08-02,388,7,0
P005,2023-08-03,379,9,0
P005,2023-08-04,368,11,0
P005,2023-08-05,359,9,0
P005,2023-08-06,343,16,0
P005,2023-08-07,331,12,0
P005,2023-08-08,319,12,0
P005,2023-08-09,313,6,0
P005,2023-08-10,304,9,0
P005,2023-08-11,292,12,0
P005,2023-08-12,283,9,0
P005,2023-08-13,269,14,0
P005,2023-08-14,262,7,0
P005,2023-08-15,251,11,0
P005,2023-08-16,241,10,0
P005,2023-08-17,233,8,0
P005,2023-08-18,226,7,0
P005,2023-08-19,216,10,0
P005,2023-08-20,203,13,0
P005,2023-08-21,195,8,0
P005,2023-08-22,185,10,0
P005,2023-08-23,180,5,0
P005,2023-08-24,169,11,0
P005,2023-08-25,157,12,0
P005,2023-08-26,145,12,0
P005,2023-08-27,131,14,0
P005,2023-08-28,121,10,0
P005,2023-08-29,111,10,0
P005,2023-08-30,104,7,0
P005,2023-08-31,92,12,0
P005,2023-09-01,362,10,0
P005,2023-09-02,349,13,0
P005,2023-09-03,331,18,0
P005,2023-09-04,318,13,0
P005,2023-09-05,305,13,0
P005,2023-09-06,291,14,0
P005,2023-09-07,280,11,0
P005,2023-09-08,272,8,0
P005,2023-09-09,254,18,0
P005,2023-09-10,243,11,0
P005,2023-09-11,237,6,0
P005,2023-09-12,225,12,0
P005,2023-09-13,218,7,0
P005,2023-09-14,208,10,0
P005,2023-09-15,199,9,0
P005,2023-09-16,179,20,0
P005,2023-09-17,161,18,0
P005,2023-09-18,153,8,0
P005,2023-09-19,142,11,0
P005,2023-09-20,132,10,0
P005,2023-09-21,120,12,0
P005,2023-09-22,108,12,0
P005,2023-09-23,88,20,0
P005,2023-09-24,79,9,0
P005,2023-09-25,71,8,0
P005,2023-09-26,64,7,0
P005,2023-09-27,54,10,0
P005,2023-09-28,44,10,0
P005,2023-09-29,37,7,0
P005,2023-09-30,19,18,0
P005,2023-10-01,161,12,0
P005,2023-10-02,148,13,0
P005,2023-10-03,138,10,0
P005,2023-10-04,124,14,0
P005,2023-10-05,111,13,0
P005,2023-10-06,97,14,0
P005,2023-10-07,73,24,0
P005,2023-10-08,59,14,0
P005,2023-10-09,46,13,0
P005,2023-10-10,32,14,0
P005,2023-10-11,19,13,0
P005,2023-10-12,5,14,0
P005,2023-10-13,0,5,1
P005,2023-10-14,0,0,1
P005,2023-10-15,0,0,1
P005,2023-10-16,0,0,1
P005,2023-10-17,0,0,1
P005,2023-10-18,0,0,1
P005,2023-10-19,0,0,1
P005,2023-10-20,0,0,1
P005,2023-10-21,0,0,1
P005,2023-10-22,0,0,1
P005,2023-10-23,0,0,1
P005,2023-10-24,0,0,1
P005,2023-10-25,0,0,1
P005,2023-10-26,0,0,1
P005,2023-10-27,0,0,1
P005,2023-10-28,0,0,1
P005,2023-10-29,0,0,1
P005,2023-10-30,0,0,1
P005,2023-10-31,0,0,1
P005,2023-11-01,139,15,0
P005,2023-11-02,123,16,0
P005,2023-11-03,112,11,0
P005,2023-11-04,79,33,0
P005,2023-11-05,44,35,0
P005,2023-11-06,31,13,0
P005,2023-11-07,15,16,0
P005,2023-11-08,0,15,1
P005,2023-11-09,0,0,1
P005,2023-11-10,0,0,1
P005,2023-11-11,0,0,1
P005,2023-11-12,0,0,1
P005,2023-11-13,0,0,1
P005,2023-11-14,0,0,1
P005,2023-11-15,0,0,1
P005,2023-11-16,0,0,1
P005,2023-11-17,0,0,1
P005,2023-11-18,0,0,1
P005,2023-11-19,0,0,1
P005,2023-11-20,0,0,1
P005,2023-11-21,0,0,1
P005,2023-11-22,0,0,1
P005,2023-11-23,0,0,1
P005,2023-11-24,0,0,1
P005,2023-11-25,0,0,1
P005,2023-11-26,0,0,1
P005,2023-11-27,0,0,1
P005,2023-11-28,0,0,1
P005,2023-11-29,0,0,1
P005,2023-11-30,0,0,1
P005,2023-12-01,139,15,0
P005,2023-12-02,122,17,0
P005,2023-12-03,98,24,0
P005,2023-12-04,84,14,0
P005,2023-12-05,75,9,0
P005,2023-12-06,61,14,0
P005,2023-12-07,52,9,0
P005,2023-12-08,35,17,0
P005,2023-12-09,10,25,0
P005,2023-12-10,0,10,1
P005,2023-12-11,0,0,1
P005,2023-12-12,0,0,1
P005,2023-12-13,0,0,1
P005,2023-12-14,0,0,1
P005,2023-12-15,0,0,1
P005,2023-12-16,0,0,1
P005,2023-12-17,0,0,1
P005,2023-12-18,0,0,1
P005,2023-12-19,0,0,1
P005,2023-12-20,0,0,1
P005,2023-12-21,0,0,1
P005,2023-12-22,0,0,1
P005,2023-12-23,0,0,1
P005,2023-12-24,0,0,1
P005,2023-12-25,0,0,1
P005,2023-12-26,0,0,1
P005,2023-12-27,0,0,1
P005,2023-12-28,0,0,1
P005,2023-12-29,0,0,1
P005,2023-12-30,0,0,1
P005,2023-12-31,0,0,1
P005,2024-01-01,276,4,0
P005,2024-01-02,270,6,0
P005,2024-01-03,266,4,0
P005,2024-01-04,262,4,0
P005,2024-01-05,258,4,0
P005,2024-01-06,252,6,0
P005,2024-01-07,246,6,0
P005,2024-01-08,242,4,0
P005,2024-01-09,238,4,0
P005,2024-01-10,233,5,0
P005,2024-01-11,229,4,0
P005,2024-01-12,223,6,0
P005,2024-01-13,213,10,0
P005,2024-01-14,205,8,0
P005,2024-01-15,199,6,0
P005,2024-01-16,193,6,0
P005,2024-01-17,188,5,0
P005,2024-01-18,181,7,0
P005,2024-01-19,176,5,0
P005,2024-01-20,171,5,0
P005,2024-01-21,165,6,0
P005,2024-01-22,160,5,0
P005,2024-01-23,154,6,0
P005,2024-01-24,148,6,0
P005,2024-01-25,141,7,0
P005,2024-01-26,138,3,0
P005,2024-01-27,127,11,0
P005,2024-01-28,122,5,0
P005,2024-01-29,116,6,0
P005,2024-01-30,110,6,0
P005,2024-01-31,106,4,0
P005,2024-02-01,382,4,0
P005,2024-02-02,375,7,0
P005,2024-02-03,368,7,0
P005,2024-02-04,359,9,0
P005,2024-02-05,352,7,0
P005,2024-02-06,344,8,0
P005,2024-02-07,339,5,0
P005,2024-02-08,334,5,0
P005,2024-02-09,331,3,0
P005,2024-02-10,323,8,0
P005,2024-02-11,311,12,0
P005,2024-02-12,304,7,0
P005,2024-02-13,299,5,0
P005,2024-02-14,291,8,0
P005,2024-02-15,286,5,0
P005,2024-02-16,282,4,0
P005,2024-02-17,272,10,0
P005,2024-02-18,263,9,0
P005,2024-02-19,259,4,0
P005,2024-02-20,252,7,0
P005,2024-02-21,247,5,0
P005,2024-02-22,240,7,0
P005,2024-02-23,233,7,0
P005,2024-02-24,221,12,0
P005,2024-02-25,215,6,0
P005,2024-02-26,208,7,0
P005,2024-02-27,204,4,0
P005,2024-02-28,196,8,0
P005,2024-02-29,190,6,0
P005,2024-03-01,462,8,0
P005,2024-03-02,451,11,0
P005,2024-03-03,436,15,0
P005,2024-03-04,430,6,0
P005,2024-03-05,426,4,0
P005,2024-03-06,421,5,0
P005,2024-03-07,413,8,0
P005,2024-03-08,409,4,0
P005,2024-03-09,400,9,0
P005,2024-03-10,389,11,0
P005,2024-03-11,380,9,0
P005,2024-03-12,371,9,0
P005,2024-03-13,365,6,0
P005,2024-03-14,359,6,0
P005,2024-03-15,352,7,0
P005,2024-03-16,340,12,0
P005,2024-03-17,328,12,0
P005,2024-03-18,320,8,0
P005,2024-03-19,314,6,0
P005,2024-03-20,307,7,0
P005,2024-03-21,300,7,0
P005,2024-03-22,295,5,0
P005,2024-03-23,284,11,0
P005,2024-03-24,276,8,0
P005,2024-03-25,271,5,0
P005,2024-03-26,267,4,0
P005,2024-03-27,260,7,0
P005,2024-03-28,252,8,0
P005,2024-03-29,244,8,0
P005,2024-03-30,229,15,0
P005,2024-03-31,216,13,0
P005,2024-04-01,490,6,0
P005,2024-04-02,484,6,0
P005,2024-04-03,479,5,0
P005,2024-04-04,470,9,0
P005,2024-04-05,465,5,0
P005,2024-04-06,457,8,0
P005,2024-04-07,442,15,0
P005,2024-04-08,434,8,0
P005,2024-04-09,429,5,0
P005,2024-04-10,419,10,0
P005,2024-04-11,410,9,0
P005,2024-04-12,399,11,0
P005,2024-04-13,390,9,0
P005,2024-04-14,379,11,0
P005,2024-04-15,374,5,0
P005,2024-04-16,363,11,0
P005,2024-04-17,355,8,0
P005,2024-04-18,349,6,0
P005,2024-04-19,342,7,0
P005,2024-04-20,325,17,0
P005,2024-04-21,310,15,0
P005,2024-04-22,304,6,0
P005,2024-04-23,299,5,0
P005,2024-04-24,290,9,0
P005,2024-04-25,281,9,0
P005,2024-04-26,270,11,0
P005,2024-04-27,255,15,0
P005,2024-04-28,238,17,0
P005,2024-04-29,233,5,0
P005,2024-04-30,227,6,0
P005,2024-05-01,496,11,0
P005,2024-05-02,491,5,0
P005,2024-05-03,482,9,0
P005,2024-05-04,467,15,0
P005,2024-05-05,458,9,0
P005,2024-05-06,447,11,0
P005,2024-05-07,437,10,0
P005,2024-05-08,432,5,0
P005,2024-05-09,421,11,0
P005,2024-05-10,410,11,0
P005,2024-05-11,398,12,0
P005,2024-05-12,384,14,0
P005,2024-05-13,375,9,0
P005,2024-05-14,365,10,0
P005,2024-05-15,355,10,0
P005,2024-05-16,348,7,0
P005,2024-05-17,341,7,0
P005,2024-05-18,325,16,0
P005,2024-05-19,309,16,0
P005,2024-05-20,298,11,0
P005,2024-05-21,289,9,0
P005,2024-05-22,278,11,0
P005,2024-05-23,271,7,0
P005,2024-05-24,260,11,0
P005,2024-05-25,242,18,0
P005,2024-05-26,225,17,0
P005,2024-05-27,220,5,0
P005,2024-05-28,213,7,0
P005,2024-05-29,202,11,0
P005,2024-05-30,194,8,0
P005,2024-05-31,186,8,0
P005,2024-06-01,454,12,0
P005,2024-06-02,439,15,0
P005,2024-06-03,428,11,0
P005,2024-06-04,421,7,0
P005,2024-06-05,410,11,0
P005,2024-06-06,403,7,0
P005,2024-06-07,391,12,0
P005,2024-06-08,381,10,0
P005,2024-06-09,367,14,0
P005,2024-06-10,355,12,0
P005,2024-06-11,346,9,0
P005,2024-06-12,339,7,0
P005,2024-06-13,330,9,0
P005,2024-06-14,320,10,0
P005,2024-06-15,311,9,0
P005,2024-06-16,293,18,0
P005,2024-06-17,287,6,0
P005,2024-06-18,276,11,0
P005,2024-06-19,264,12,0
P005,2024-06-20,252,12,0
P005,2024-06-21,243,9,0
P005,2024-06-22,225,18,0
P005,2024-06-23,209,16,0
P005,2024-06-24,201,8,0
P005,2024-06-25,191,10,0
P005,2024-06-26,181,10,0
P005,2024-06-27,172,9,0
P005,2024-06-28,163,9,0
P005,2024-06-29,146,17,0
P005,2024-06-30,133,13,0
P005,2024-07-01,402,11,0
P005,2024-07-02,395,7,0
P005,2024-07-03,388,7,0
P005,2024-07-04,378,10,0
P005,2024-07-05,367,11,0
P005,2024-07-06,356,11,0
P005,2024-07-07,345,11,0
P005,2024-07-08,332,13,0
P005,2024-07-09,326,6,0
P005,2024-07-10,320,6,0
P005,2024-07-11,308,12,0
P005,2024-07-12,297,11,0
P005,2024-07-13,283,14,0
P005,2024-07-14,271,12,0
P005,2024-07-15,263,8,0
P005,2024-07-16,253,10,0
P005,2024-07-17,241,12,0
P005,2024-07-18,233,8,0
P005,2024-07-19,222,11,0
P005,2024-07-20,202,20,0
P005,2024-07-21,190,12,0
P005,2024-07-22,180,10,0
P005,2024-07-23,174,6,0
P005,2024-07-24,165,9,0
P005,2024-07-25,159,6,0
P005,2024-07-26,147,12,0
P005,2024-07-27,129,18,0
P005,2024-07-28,120,9,0
P005,2024-07-29,108,12,0
P005,2024-07-30,98,10,0
P005,2024-07-31,90,8,0
P005,2024-08-01,363,7,0
P005,2024-08-02,357,6,0
P005,2024-08-03,348,9,0
P005,2024-08-04,331,17,0
P005,2024-08-05,321,10,0
P005,2024-08-06,310,11,0
P005,2024-08-07,301,9,0
P005,2024-08-08,295,6,0
P005,2024-08-09,289,6,0
P005,2024-08-10,277,12,0
P005,2024-08-11,265,12,0
P005,2024-08-12,257,8,0
P005,2024-08-13,245,12,0
P005,2024-08-14,237,8,0
P005,2024-08-15,228,9,0
P005,2024-08-16,218,10,0
P005,2024-08-17,207,11,0
P005,2024-08-18,194,13,0
P005,2024-08-19,183,11,0
P005,2024-08-20,174,9,0
P005,2024-08-21,166,8,0
P005,2024-08-22,156,10,0
P005,2024-08-23,149,7,0
P005,2024-08-24,130,19,0
P005,2024-08-25,116,14,0
P005,2024-08-26,104,12,0
P005,2024-08-27,94,10,0
P005,2024-08-28,86,8,0
P005,2024-08-29,76,10,0
P005,2024-08-30,71,5,0
P005,2024-08-31,54,17,0
P005,2024-09-01,319,15,0
P005,2024-09-02,310,9,0
P005,2024-09-03,298,12,0
P005,2024-09-04,287,11,0
P005,2024-09-05,273,14,0
P005,2024-09-06,263,10,0
P005,2024-09-07,253,10,0
P005,2024-09-08,234,19,0
P005,2024-09-09,223,11,0
P005,2024-09-10,216,7,0
P005,2024-09-11,205,11,0
P005,2024-09-12,193,12,0
P005,2024-09-13,183,10,0
P005,2024-09-14,167,16,0
P005,2024-09-15,157,10,0
P005,2024-09-16,146,11,0
P005,2024-09-17,136,10,0
P005,2024-09-18,123,13,0
P005,2024-09-19,112,11,0
P005,2024-09-20,106,6,0
P005,2024-09-21,86,20,0
P005,2024-09-22,65,21,0
P005,2024-09-23,57,8,0
P005,2024-09-24,44,13,0
P005,2024-09-25,34,10,0
P005,2024-09-26,25,9,0
P005,2024-09-27,13,12,0
P005,2024-09-28,3,10,0
P005,2024-09-29,0,3,1
P005,2024-09-30,0,0,1
P005,2024-10-01,140,14,0
P005,2024-10-02,129,11,0
P005,2024-10-03,119,10,0
P005,2024-10-04,112,7,0
P005,2024-10-05,96,16,0
P005,2024-10-06,79,17,0
P005,2024-10-07,71,8,0
P005,2024-10-08,60,11,0
P005,2024-10-09,51,9,0
P005,2024-10-10,39,12,0
P005,2024-10-11,32,7,0
P005,2024-10-12,9,23,0
P005,2024-10-13,0,9,1
P005,2024-10-14,0,0,1
P005,2024-10-15,0,0,1
P005,2024-10-16,0,0,1
P005,2024-10-17,0,0,1
P005,2024-10-18,0,0,1
P005,2024-10-19,0,0,1
P005,2024-10-20,0,0,1
P005,2024-10-21,0,0,1
P005,2024-10-22,0,0,1
P005,2024-10-23,0,0,1
P005,2024-10-24,0,0,1
P005,2024-10-25,0,0,1
P005,2024-10-26,0,0,1
P005,2024-10-27,0,0,1
P005,2024-10-28,0,0,1
P005,2024-10-29,0,0,1
P005,2024-10-30,0,0,1
P005,2024-10-31,0,0,1
P005,2024-11-01,138,16,0
P005,2024-11-02,107,31,0
P005,2024-11-03,84,23,0
P005,2024-11-04,72,12,0
P005,2024-11-05,60,12,0
P005,2024-11-06,42,18,0
P005,2024-11-07,24,18,0
P005,2024-11-08,2,22,0
P005,2024-11-09,0,2,1
P005,2024-11-10,0,0,1
P005,2024-11-11,0,0,1
P005,2024-11-12,0,0,1
P005,2024-11-13,0,0,1
P005,2024-11-14,0,0,1
P005,2024-11-15,0,0,1
P005,2024-11-16,0,0,1
P005,2024-11-17,0,0,1
P005,2024-11-18,0,0,1
P005,2024-11-19,0,0,1
P005,2024-11-20,0,0,1
P005,2024-11-21,0,0,1
P005,2024-11-22,0,0,1
P005,2024-11-23,0,0,1
P005,2024-11-24,0,0,1
P005,2024-11-25,0,0,1
P005,2024-11-26,0,0,1
P005,2024-11-27,0,0,1
P005,2024-11-28,0,0,1
P005,2024-11-29,0,0,1
P005,2024-11-30,0,0,1
P005,2024-12-01,123,31,0
P005,2024-12-02,110,13,0
P005,2024-12-03,89,21,0
P005,2024-12-04,79,10,0
P005,2024-12-05,64,15,0
P005,2024-12-06,44,20,0
P005,2024-12-07,24,20,0
P005,2024-12-08,9,15,0
P005,2024-12-09,0,9,1
P005,2024-12-10,0,0,1
P005,2024-12-11,0,0,1
P005,2024-12-12,0,0,1
P005,2024-12-13,0,0,1
P005,2024-12-14,0,0,1
P005,2024-12-15,0,0,1
P005,2024-12-16,0,0,1
P005,2024-12-17,0,0,1
P005,2024-12-18,0,0,1
P005,2024-12-19,0,0,1
P005,2024-12-20,0,0,1
P005,2024-12-21,0,0,1
P005,2024-12-22,0,0,1
P005,2024-12-23,0,0,1
P005,2024-12-24,0,0,1
P005,2024-12-25,0,0,1
P005,2024-12-26,0,0,1
P005,2024-12-27,0,0,1
P005,2024-12-28,0,0,1
P005,2024-12-29,0,0,1
P005,2024-12-30,0,0,1
P005,2024-12-31,0,0,1
P006,2022-01-01,549,11,0
P006,2022-01-02,540,9,0
P006,2022-01-03,535,5,0
P006,2022-01-04,529,6,0
P006,2022-01-05,525,4,0
P006,2022-01-06,521,4,0
P006,2022-01-07,517,4,0
P006,2022-01-08,510,7,0
P006,2022-01-09,499,11,0
P006,2022-01-10,494,5,0
P006,2022-01-11,490,4,0
P006,2022-01-12,484,6,0
P006,2022-01-13,481,3,0
P006,2022-01-14,474,7,0
P006,2022-01-15,468,6,0
P006,2022-01-16,460,8,0
P006,2022-01-17,455,5,0
P006,2022-01-18,449,6,0
P006,2022-01-19,443,6,0
P006,2022-01-20,437,6,0
P006,2022-01-21,430,7,0
P006,2022-01-22,423,7,0
P006,2022-01-23,416,7,0
P006,2022-01-24,411,5,0
P006,2022-01-25,404,7,0
P006,2022-01-26,397,7,0
P006,2022-01-27,394,3,0
P006,2022-01-28,389,5,0
P006,2022-01-29,379,10,0
P006,2022-01-30,368,11,0
P006,2022-01-31,361,7,0
P006,2022-02-01,633,8,0
P006,2022-02-02,628,5,0
P006,2022-02-03,620,8,0
P006,2022-02-04,615,5,0
P006,2022-02-05,605,10,0
P006,2022-02-06,596,9,0
P006,2022-02-07,590,6,0
P006,2022-02-08,586,4,0
P006,2022-02-09,582,4,0
P006,2022-02-10,577,5,0
P006,2022-02-11,571,6,0
P006,2022-02-12,563,8,0
P006,2022-02-13,557,6,0
P006,2022-02-14,550,7,0
P006,2022-02-15,546,4,0
P006,2022-02-16,539,7,0
P006,2022-02-17,533,6,0
P006,2022-02-18,527,6,0
P006,2022-02-19,521,6,0
P006,2022-02-20,509,12,0
P006,2022-02-21,503,6,0
P006,2022-02-22,499,4,0
P006,2022-02-23,494,5,0
P006,2022-02-24,486,8,0
P006,2022-02-25,478,8,0
P006,2022-02-26,470,8,0
P006,2022-02-27,459,11,0
P006,2022-02-28,451,8,0
P006,2022-03-01,727,4,0
P006,2022-03-02,720,7,0
P006,2022-03-03,715,5,0
P006,2022-03-04,705,10,0
P006,2022-03-05,696,9,0
P006,2022-03-06,688,8,0
P006,2022-03-07,678,10,0
P006,2022-03-08,669,9,0
P006,2022-03-09,659,10,0
P006,2022-03-10,649,10,0
P006,2022-03-11,643,6,0
P006,2022-03-12,635,8,0
P006,2022-03-13,619,16,0
P006,2022-03-14,613,6,0
P006,2022-03-15,604,9,0
P006,2022-03-16,599,5,0
P006,2022-03-17,590,9,0
P006,2022-03-18,582,8,0
P006,2022-03-19,573,9,0
P006,2022-03-20,561,12,0
P006,2022-03-21,556,5,0
P006,2022-03-22,547,9,0
P006,2022-03-23,538,9,0
P006,2022-03-24,530,8,0
P006,2022-03-25,525,5,0
P006,2022-03-26,513,12,0
P006,2022-03-27,497,16,0
P006,2022-03-28,487,10,0
P006,2022-03-29,483,4,0
P006,2022-03-30,473,10,0
P006,2022-03-31,468,5,0
P006,2022-04-01,741,7,0
P006,2022-04-02,730,11,0
P006,2022-04-03,722,8,0
P006,2022-04-04,713,9,0
P006,2022-04-05,702,11,0
P006,2022-04-06,694,8,0
P006,2022-04-07,683,11,0
P006,2022-04-08,673,10,0
P006,2022-04-09,664,9,0
P006,2022-04-10,656,8,0
P006,2022-04-11,645,11,0
P006,2022-04-12,634,11,0
P006,2022-04-13,623,11,0
P006,2022-04-14,618,5,0
P006,2022-04-15,612,6,0
P006,2022-04-16,599,13,0
P006,2022-04-17,585,14,0
P006,2022-04-18,574,11,0
P006,2022-04-19,569,5,0
P006,2022-04-20,563,6,0
P006,2022-04-21,553,10,0
P006,2022-04-22,544,9,0
P006,2022-04-23,533,11,0
P006,2022-04-24,522,11,0
P006,2022-04-25,515,7,0
P006,2022-04-26,509,6,0
P006,2022-04-27,503,6,0
P006,2022-04-28,492,11,0
P006,2022-04-29,485,7,0
P006,2022-04-30,471,14,0
P006,2022-05-01,741,10,0
P006,2022-05-02,729,12,0
P006,2022-05-03,720,9,0
P006,2022-05-04,714,6,0
P006,2022-05-05,706,8,0
P006,2022-05-06,701,5,0
P006,2022-05-07,686,15,0
P006,2022-05-08,668,18,0
P006,2022-05-09,658,10,0
P006,2022-05-10,649,9,0
P006,2022-05-11,644,5,0
P006,2022-05-12,633,11,0
P006,2022-05-13,626,7,0
P006,2022-05-14,616,10,0
P006,2022-05-15,607,9,0
P006,2022-05-16,596,11,0
P006,2022-05-17,590,6,0
P006,2022-05-18,581,9,0
P006,2022-05-19,573,8,0
P006,2022-05-20,565,8,0
P006,2022-05-21,552,13,0
P006,2022-05-22,538,14,0
P006,2022-05-23,532,6,0
P006,2022-05-24,522,10,0
P006,2022-05-25,514,8,0
P006,2022-05-26,503,11,0
P006,2022-05-27,495,8,0
P006,2022-05-28,484,11,0
P006,2022-05-29,476,8,0
P006,2022-05-30,468,8,0
P006,2022-05-31,463,5,0
P006,2022-06-01,733,10,0
P006,2022-06-02,721,12,0
P006,2022-06-03,709,12,0
P006,2022-06-04,694,15,0
P006,2022-06-05,675,19,0
P006,2022-06-06,663,12,0
P006,2022-06-07,652,11,0
P006,2022-06-08,645,7,0
P006,2022-06-09,633,12,0
P006,2022-06-10,626,7,0
P006,2022-06-11,614,12,0
P006,2022-06-12,605,9,0
P006,2022-06-13,596,9,0
P006,2022-06-14,584,12,0
P006,2022-06-15,572,12,0
P006,2022-06-16,566,6,0
P006,2022-06-17,556,10,0
P006,2022-06-18,539,17,0
P006,2022-06-19,531,8,0
P006,2022-06-20,524,7,0
P006,2022-06-21,513,11,0
P006,2022-06-22,501,12,0
P006,2022-06-23,489,12,0
P006,2022-06-24,478,11,0
P006,2022-06-25,459,19,0
P006,2022-06-26,447,12,0
P006,2022-06-27,435,12,0
P006,2022-06-28,425,10,0
P006,2022-06-29,417,8,0
P006,2022-06-30,409,8,0
P006,2022-07-01,681,8,0
P006,2022-07-02,669,12,0
P006,2022-07-03,659,10,0
P006,2022-07-04,649,10,0
P006,2022-07-05,642,7,0
P006,2022-07-06,630,12,0
P006,2022-07-07,623,7,0
P006,2022-07-08,616,7,0
P006,2022-07-09,601,15,0
P006,2022-07-10,590,11,0
P006,2022-07-11,577,13,0
P006,2022-07-12,565,12,0
P006,2022-07-13,554,11,0
P006,2022-07-14,543,11,0
P006,2022-07-15,534,9,0
P006,2022-07-16,515,19,0
P006,2022-07-17,506,9,0
P006,2022-07-18,497,9,0
P006,2022-07-19,487,10,0
P006,2022-07-20,477,10,0
P006,2022-07-21,469,8,0
P006,2022-07-22,463,6,0
P006,2022-07-23,449,14,0
P006,2022-07-24,431,18,0
P006,2022-07-25,422,9,0
P006,2022-07-26,411,11,0
P006,2022-07-27,404,7,0
P006,2022-07-28,395,9,0
P006,2022-07-29,389,6,0
P006,2022-07-30,371,18,0
P006,2022-07-31,354,17,0
P006,2022-08-01,624,10,0
P006,2022-08-02,616,8,0
P006,2022-08-03,605,11,0
P006,2022-08-04,593,12,0
P006,2022-08-05,585,8,0
P006,2022-08-06,573,12,0
P006,2022-08-07,563,10,0
P006,2022-08-08,557,6,0
P006,2022-08-09,545,12,0
P006,2022-08-10,535,10,0
P006,2022-08-11,528,7,0
P006,2022-08-12,518,10,0
P006,2022-08-13,500,18,0
P006,2022-08-14,483,17,0
P006,2022-08-15,472,11,0
P006,2022-08-16,462,10,0
P006,2022-08-17,456,6,0
P006,2022-08-18,446,10,0
P006,2022-08-19,440,6,0
P006,2022-08-20,424,16,0
P006,2022-08-21,406,18,0
P006,2022-08-22,394,12,0
P006,2022-08-23,386,8,0
P006,2022-08-24,376,10,0
P006,2022-08-25,366,10,0
P006,2022-08-26,359,7,0
P006,2022-08-27,344,15,0
P006,2022-08-28,325,19,0
P006,2022-08-29,314,11,0
P006,2022-08-30,304,10,0
P006,2022-08-31,292,12,0
P006,2022-09-01,562,10,0
P006,2022-09-02,556,6,0
P006,2022-09-03,536,20,0
P006,2022-09-04,515,21,0
P006,2022-09-05,504,11,0
P006,2022-09-06,494,10,0
P006,2022-09-07,487,7,0
P006,2022-09-08,480,7,0
P006,2022-09-09,470,10,0
P006,2022-09-10,454,16,0
P006,2022-09-11,434,20,0
P006,2022-09-12,421,13,0
P006,2022-09-13,415,6,0
P006,2022-09-14,402,13,0
P006,2022-09-15,393,9,0
P006,2022-09-16,383,10,0
P006,2022-09-17,362,21,0
P006,2022-09-18,346,16,0
P006,2022-09-19,339,7,0
P006,2022-09-20,331,8,0
P006,2022-09-21,323,8,0
P006,2022-09-22,310,13,0
P006,2022-09-23,298,12,0
P006,2022-09-24,279,19,0
P006,2022-09-25,266,13,0
P006,2022-09-26,259,7,0
P006,2022-09-27,252,7,0
P006,2022-09-28,239,13,0
P006,2022-09-29,230,9,0
P006,2022-09-30,217,13,0
P006,2022-10-01,354,17,0
P006,2022-10-02,336,18,0
P006,2022-10-03,322,14,0
P006,2022-10-04,315,7,0
P006,2022-10-05,309,6,0
P006,2022-10-06,295,14,0
P006,2022-10-07,283,12,0
P006,2022-10-08,261,22,0
P006,2022-10-09,249,12,0
P006,2022-10-10,242,7,0
P006,2022-10-11,228,14,0
P006,2022-10-12,216,12,0
P006,2022-10-13,209,7,0
P006,2022-10-14,195,14,0
P006,2022-10-15,182,13,0
P006,2022-10-16,167,15,0
P006,2022-10-17,155,12,0
P006,2022-10-18,142,13,0
P006,2022-10-19,134,8,0
P006,2022-10-20,123,11,0
P006,2022-10-21,114,9,0
P006,2022-10-22,103,11,0
P006,2022-10-23,81,22,0
P006,2022-10-24,68,13,0
P006,2022-10-25,59,9,0
P006,2022-10-26,47,12,0
P006,2022-10-27,33,14,0
P006,2022-10-28,26,7,0
P006,2022-10-29,9,17,0
P006,2022-10-30,0,9,1
P006,2022-10-31,0,0,1
P006,2022-11-01,137,17,0
P006,2022-11-02,120,17,0
P006,2022-11-03,97,23,0
P006,2022-11-04,76,21,0
P006,2022-11-05,58,18,0
P006,2022-11-06,42,16,0
P006,2022-11-07,29,13,0
P006,2022-11-08,18,11,0
P006,2022-11-09,3,15,0
P006,2022-11-10,0,3,1
P006,2022-11-11,0,0,1
P006,2022-11-12,0,0,1
P006,2022-11-13,0,0,1
P006,2022-11-14,0,0,1
P006,2022-11-15,0,0,1
P006,2022-11-16,0,0,1
P006,2022-11-17,0,0,1
P006,2022-11-18,0,0,1
P006,2022-11-19,0,0,1
P006,2022-11-20,0,0,1
P006,2022-11-21,0,0,1
P006,2022-11-22,0,0,1
P006,2022-11-23,0,0,1
P006,2022-11-24,0,0,1
P006,2022-11-25,0,0,1
P006,2022-11-26,0,0,1
P006,2022-11-27,0,0,1
P006,2022-11-28,0,0,1
P006,2022-11-29,0,0,1
P006,2022-11-30,0,0,1
P006,2022-12-01,135,19,0
P006,2022-12-02,115,20,0
P006,2022-12-03,94,21,0
P006,2022-12-04,67,27,0
P006,2022-12-05,57,10,0
P006,2022-12-06,45,12,0
P006,2022-12-07,32,13,0
P006,2022-12-08,13,19,0
P006,2022-12-09,0,13,1
P006,2022-12-10,0,0,1
P006,2022-12-11,0,0,1
P006,2022-12-12,0,0,1
P006,2022-12-13,0,0,1
P006,2022-12-14,0,0,1
P006,2022-12-15,0,0,1
P006,2022-12-16,0,0,1
P006,2022-12-17,0,0,1
P006,2022-12-18,0,0,1
P006,2022-12-19,0,0,1
P006,2022-12-20,0,0,1
P006,2022-12-21,0,0,1
P006,2022-12-22,0,0,1
P006,2022-12-23,0,0,1
P006,2022-12-24,0,0,1
P006,2022-12-25,0,0,1
P006,2022-12-26,0,0,1
P006,2022-12-27,0,0,1
P006,2022-12-28,0,0,1
P006,2022-12-29,0,0,1
P006,2022-12-30,0,0,1
P006,2022-12-31,0,0,1
P006,2023-01-01,269,11,0
P006,2023-01-02,263,6,0
P006,2023-01-03,258,5,0
P006,2023-01-04,253,5,0
P006,2023-01-05,250,3,0
P006,2023-01-06,246,4,0
P006,2023-01-07,241,5,0
P006,2023-01-08,230,11,0
P006,2023-01-09,227,3,0
P006,2023-01-10,223,4,0
P006,2023-01-11,220,3,0
P006,2023-01-12,214,6,0
P006,2023-01-13,211,3,0
P006,2023-01-14,206,5,0
P006,2023-01-15,196,10,0
P006,2023-01-16,191,5,0
P006,2023-01-17,185,6,0
P006,2023-01-18,180,5,0
P006,2023-01-19,174,6,0
P006,2023-01-20,167,7,0
P006,2023-01-21,158,9,0
P006,2023-01-22,152,6,0
P006,2023-01-23,149,3,0
P006,2023-01-24,145,4,0
P006,2023-01-25,140,5,0
P006,2023-01-26,136,4,0
P006,2023-01-27,129,7,0
P006,2023-01-28,120,9,0
P006,2023-01-29,109,11,0
P006,2023-01-30,105,4,0
P006,2023-01-31,102,3,0
P006,2023-02-01,374,8,0
P006,2023-02-02,367,7,0
P006,2023-02-03,360,7,0
P006,2023-02-04,350,10,0
P006,2023-02-05,344,6,0
P006,2023-02-06,338,6,0
P006,2023-02-07,331,7,0
P006,2023-02-08,325,6,0
P006,2023-02-09,320,5,0
P006,2023-02-10,313,7,0
P006,2023-02-11,301,12,0
P006,2023-02-12,291,10,0
P006,2023-02-13,283,8,0
P006,2023-02-14,277,6,0
P006,2023-02-15,272,5,0
P006,2023-02-16,264,8,0
P006,2023-02-17,260,4,0
P006,2023-02-18,253,7,0
P006,2023-02-19,242,11,0
P006,2023-02-20,238,4,0
P006,2023-02-21,233,5,0
P006,2023-02-22,229,4,0
P006,2023-02-23,224,5,0
P006,2023-02-24,218,6,0
P006,2023-02-25,209,9,0
P006,2023-02-26,197,12,0
P006,2023-02-27,193,4,0
P006,2023-02-28,188,5,0
P006,2023-03-01,462,6,0
P006,2023-03-02,456,6,0
P006,2023-03-03,451,5,0
P006,2023-03-04,443,8,0
P006,2023-03-05,427,16,0
P006,2023-03-06,420,7,0
P006,2023-03-07,410,10,0
P006,2023-03-08,401,9,0
P006,2023-03-09,391,10,0
P006,2023-03-10,385,6,0
P006,2023-03-11,370,15,0
P006,2023-03-12,359,11,0
P006,2023-03-13,353,6,0
P006,2023-03-14,345,8,0
P006,2023-03-15,340,5,0
P006,2023-03-16,336,4,0
P006,2023-03-17,328,8,0
P006,2023-03-18,321,7,0
P006,2023-03-19,306,15,0
P006,2023-03-20,297,9,0
P006,2023-03-21,292,5,0
P006,2023-03-22,284,8,0
P006,2023-03-23,275,9,0
P006,2023-03-24,266,9,0
P006,2023-03-25,251,15,0
P006,2023-03-26,239,12,0
P006,2023-03-27,231,8,0
P006,2023-03-28,222,9,0
P006,2023-03-29,216,6,0
P006,2023-03-30,207,9,0
P006,2023-03-31,200,7,0
P006,2023-04-01,465,15,0
P006,2023-04-02,456,9,0
P006,2023-04-03,445,11,0
P006,2023-04-04,437,8,0
P006,2023-04-05,426,11,0
P006,2023-04-06,416,10,0
P006,2023-04-07,406,10,0
P006,2023-04-08,398,8,0
P006,2023-04-09,385,13,0
P006,2023-04-10,378,7,0
P006,2023-04-11,367,11,0
P006,2023-04-12,356,11,0
P006,2023-04-13,348,8,0
P006,2023-04-14,342,6,0
P006,2023-04-15,333,9,0
P006,2023-04-16,316,17,0
P006,2023-04-17,310,6,0
P006,2023-04-18,303,7,0
P006,2023-04-19,295,8,0
P006,2023-04-20,289,6,0
P006,2023-04-21,284,5,0
P006,2023-04-22,276,8,0
P006,2023-04-23,260,16,0
P006,2023-04-24,253,7,0
P006,2023-04-25,242,11,0
P006,2023-04-26,232,10,0
P006,2023-04-27,223,9,0
P006,2023-04-28,216,7,0
P006,2023-04-29,204,12,0
P006,2023-04-30,189,15,0
P006,2023-05-01,459,10,0
P006,2023-05-02,449,10,0
P006,2023-05-03,437,12,0
P006,2023-05-04,427,10,0
P006,2023-05-05,419,8,0
P006,2023-05-06,401,18,0
P006,2023-05-07,385,16,0
P006,2023-05-08,374,11,0
P006,2023-05-09,365,9,0
P006,2023-05-10,358,7,0
P006,2023-05-11,352,6,0
P006,2023-05-12,343,9,0
P006,2023-05-13,328,15,0
P006,2023-05-14,316,12,0
P006,2023-05-15,306,10,0
P006,2023-05-16,296,10,0
P006,2023-05-17,285,11,0
P006,2023-05-18,279,6,0
P006,2023-05-19,269,10,0
P006,2023-05-20,252,17,0
P006,2023-05-21,235,17,0
P006,2023-05-22,228,7,0
P006,2023-05-23,223,5,0
P006,2023-05-24,217,6,0
P006,2023-05-25,209,8,0
P006,2023-05-26,201,8,0
P006,2023-05-27,184,17,0
P006,2023-05-28,167,17,0
P006,2023-05-29,159,8,0
P006,2023-05-30,148,11,0
P006,2023-05-31,136,12,0
P006,2023-06-01,407,9,0
P006,2023-06-02,401,6,0
P006,2023-06-03,383,18,0
P006,2023-06-04,374,9,0
P006,2023-06-05,367,7,0
P006,2023-06-06,358,9,0
P006,2023-06-07,348,10,0
P006,2023-06-08,342,6,0
P006,2023-06-09,331,11,0
P006,2023-06-10,315,16,0
P006,2023-06-11,305,10,0
P006,2023-06-12,293,12,0
P006,2023-06-13,284,9,0
P006,2023-06-14,279,5,0
P006,2023-06-15,272,7,0
P006,2023-06-16,260,12,0
P006,2023-06-17,241,19,0
P006,2023-06-18,226,15,0
P006,2023-06-19,217,9,0
P006,2023-06-20,208,9,0
P006,2023-06-21,203,5,0
P006,2023-06-22,193,10,0
P006,2023-06-23,182,11,0
P006,2023-06-24,170,12,0
P006,2023-06-25,157,13,0
P006,2023-06-26,147,10,0
P006,2023-06-27,141,6,0
P006,2023-06-28,132,9,0
P006,2023-06-29,125,7,0
P006,2023-06-30,113,12,0
P006,2023-07-01,380,13,0
P006,2023-07-02,370,10,0
P006,2023-07-03,364,6,0
P006,2023-07-04,357,7,0
P006,2023-07-05,348,9,0
P006,2023-07-06,341,7,0
P006,2023-07-07,330,11,0
P006,2023-07-08,312,18,0
P006,2023-07-09,294,18,0
P006,2023-07-10,284,10,0
P006,2023-07-11,271,13,0
P006,2023-07-12,262,9,0
P006,2023-07-13,253,9,0
P006,2023-07-14,245,8,0
P006,2023-07-15,231,14,0
P006,2023-07-16,220,11,0
P006,2023-07-17,214,6,0
P006,2023-07-18,204,10,0
P006,2023-07-19,193,11,0
P006,2023-07-20,181,12,0
P006,2023-07-21,174,7,0
P006,2023-07-22,154,20,0
P006,2023-07-23,138,16,0
P006,2023-07-24,128,10,0
P006,2023-07-25,117,11,0
P006,2023-07-26,111,6,0
P006,2023-07-27,105,6,0
P006,2023-07-28,94,11,0
P006,2023-07-29,74,20,0
P006,2023-07-30,57,17,0
P006,2023-07-31,49,8,0
P006,2023-08-01,320,9,0
P006,2023-08-02,310,10,0
P006,2023-08-03,297,13,0
P006,2023-08-04,285,12,0
P006,2023-08-05,276,9,0
P006,2023-08-06,263,13,0
P006,2023-08-07,256,7,0
P006,2023-08-08,251,5,0
P006,2023-08-09,245,6,0
P006,2023-08-10,237,8,0
P006,2023-08-11,232,5,0
P006,2023-08-12,223,9,0
P006,2023-08-13,213,10,0
P006,2023-08-14,205,8,0
P006,2023-08-15,198,7,0
P006,2023-08-16,187,11,0
P006,2023-08-17,175,12,0
P006,2023-08-18,163,12,0
P006,2023-08-19,152,11,0
P006,2023-08-20,133,19,0
P006,2023-08-21,126,7,0
P006,2023-08-22,115,11,0
P006,2023-08-23,103,12,0
P006,2023-08-24,95,8,0
P006,2023-08-25,83,12,0
P006,2023-08-26,73,10,0
P006,2023-08-27,57,16,0
P006,2023-08-28,45,12,0
P006,2023-08-29,35,10,0
P006,2023-08-30,23,12,0
P006,2023-08-31,17,6,0
P006,2023-09-01,288,9,0
P006,2023-09-02,278,10,0
P006,2023-09-03,257,21,0
P006,2023-09-04,250,7,0
P006,2023-09-05,237,13,0
P006,2023-09-06,229,8,0
P006,2023-09-07,222,7,0
P006,2023-09-08,213,9,0
P006,2023-09-09,200,13,0
P006,2023-09-10,183,17,0
P006,2023-09-11,177,6,0
P006,2023-09-12,171,6,0
P006,2023-09-13,159,12,0
P006,2023-09-14,150,9,0
P006,2023-09-15,139,11,0
P006,2023-09-16,123,16,0
P006,2023-09-17,112,11,0
P006,2023-09-18,102,10,0
P006,2023-09-19,93,9,0
P006,2023-09-20,84,9,0
P006,2023-09-21,74,10,0
P006,2023-09-22,61,13,0
P006,2023-09-23,49,12,0
P006,2023-09-24,33,16,0
P006,2023-09-25,24,9,0
P006,2023-09-26,14,10,0
P006,2023-09-27,3,11,0
P006,2023-09-28,0,3,1
P006,2023-09-29,0,0,1
P006,2023-09-30,0,0,1
P006,2023-10-01,136,18,0
P006,2023-10-02,126,10,0
P006,2023-10-03,116,10,0
P006,2023-10-04,110,6,0
P006,2023-10-05,99,11,0
P006,2023-10-06,84,15,0
P006,2023-10-07,63,21,0
P006,2023-10-08,41,22,0
P006,2023-10-09,29,12,0
P006,2023-10-10,16,13,0
P006,2023-10-11,7,9,0
P006,2023-10-12,0,7,1
P006,2023-10-13,0,0,1
P006,2023-10-14,0,0,1
P006,2023-10-15,0,0,1
P006,2023-10-16,0,0,1
P006,2023-10-17,0,0,1
P006,2023-10-18,0,0,1
P006,2023-10-19,0,0,1
P006,2023-10-20,0,0,1
P006,2023-10-21,0,0,1
P006,2023-10-22,0,0,1
P006,2023-10-23,0,0,1
P006,2023-10-24,0,0,1
P006,2023-10-25,0,0,1
P006,2023-10-26,0,0,1
P006,2023-10-27,0,0,1
P006,2023-10-28,0,0,1
P006,2023-10-29,0,0,1
P006,2023-10-30,0,0,1
P006,2023-10-31,0,0,1
P006,2023-11-01,139,15,0
P006,2023-11-02,125,14,0
P006,2023-11-03,112,13,0
P006,2023-11-04,93,19,0
P006,2023-11-05,57,36,0
P006,2023-11-06,43,14,0
P006,2023-11-07,30,13,0
P006,2023-11-08,12,18,0
P006,2023-11-09,0,12,1
P006,2023-11-10,0,0,1
P006,2023-11-11,0,0,1
P006,2023-11-12,0,0,1
P006,2023-11-13,0,0,1
P006,2023-11-14,0,0,1
P006,2023-11-15,0,0,1
P006,2023-11-16,0,0,1
P006,2023-11-17,0,0,1
P006,2023-11-18,0,0,1
P006,2023-11-19,0,0,1
P006,2023-11-20,0,0,1
P006,2023-11-21,0,0,1
P006,2023-11-22,0,0,1
P006,2023-11-23,0,0,1
P006,2023-11-24,0,0,1
P006,2023-11-25,0,0,1
P006,2023-11-26,0,0,1
P006,2023-11-27,0,0,1
P006,2023-11-28,0,0,1
P006,2023-11-29,0,0,1
P006,2023-11-30,0,0,1
P006,2023-12-01,133,21,0
P006,2023-12-02,101,32,0
P006,2023-12-03,78,23,0
P006,2023-12-04,64,14,0
P006,2023-12-05,47,17,0
P006,2023-12-06,33,14,0
P006,2023-12-07,21,12,0
P006,2023-12-08,7,14,0
P006,2023-12-09,0,7,1
P006,2023-12-10,0,0,1
P006,2023-12-11,0,0,1
P006,2023-12-12,0,0,1
P006,2023-12-13,0,0,1
P006,2023-12-14,0,0,1
P006,2023-12-15,0,0,1
P006,2023-12-16,0,0,1
P006,2023-12-17,0,0,1
P006,2023-12-18,0,0,1
P006,2023-12-19,0,0,1
P006,2023-12-20,0,0,1
P006,2023-12-21,0,0,1
P006,2023-12-22,0,0,1
P006,2023-12-23,0,0,1
P006,2023-12-24,0,0,1
P006,2023-12-25,0,0,1
P006,2023-12-26,0,0,1
P006,2023-12-27,0,0,1
P006,2023-12-28,0,0,1
P006,2023-12-29,0,0,1
P006,2023-12-30,0,0,1
P006,2023-12-31,0,0,1
P006,2024-01-01,274,6,0
P006,2024-01-02,268,6,0
P006,2024-01-03,264,4,0
P006,2024-01-04,259,5,0
P006,2024-01-05,255,4,0
P006,2024-01-06,250,5,0
P006,2024-01-07,244,6,0
P006,2024-01-08,239,5,0
P006,2024-01-09,233,6,0
P006,2024-01-10,229,4,0
P006,2024-01-11,226,3,0
P006,2024-01-12,221,5,0
P006,2024-01-13,213,8,0
P006,2024-01-14,205,8,0
P006,2024-01-15,199,6,0
P006,2024-01-16,194,5,0
P006,2024-01-17,189,5,0
P006,2024-01-18,185,4,0
P006,2024-01-19,182,3,0
P006,2024-01-20,175,7,0
P006,2024-01-21,165,10,0
P006,2024-01-22,160,5,0
P006,2024-01-23,156,4,0
P006,2024-01-24,151,5,0
P006,2024-01-25,147,4,0
P006,2024-01-26,144,3,0
P006,2024-01-27,138,6,0
P006,2024-01-28,127,11,0
P006,2024-01-29,123,4,0
P006,2024-01-30,118,5,0
P006,2024-01-31,111,7,0
P006,2024-02-01,386,5,0
P006,2024-02-02,381,5,0
P006,2024-02-03,370,11,0
P006,2024-02-04,364,6,0
P006,2024-02-05,358,6,0
P006,2024-02-06,354,4,0
P006,2024-02-07,348,6,0
P006,2024-02-08,341,7,0
P006,2024-02-09,337,4,0
P006,2024-02-10,324,13,0
P006,2024-02-11,318,6,0
P006,2024-02-12,314,4,0
P006,2024-02-13,309,5,0
P006,2024-02-14,302,7,0
P006,2024-02-15,297,5,0
P006,2024-02-16,291,6,0
P006,2024-02-17,283,8,0
P006,2024-02-18,276,7,0
P006,2024-02-19,270,6,0
P006,2024-02-20,265,5,0
P006,2024-02-21,261,4,0
P006,2024-02-22,255,6,0
P006,2024-02-23,251,4,0
P006,2024-02-24,245,6,0
P006,2024-02-25,233,12,0
P006,2024-02-26,229,4,0
P006,2024-02-27,224,5,0
P006,2024-02-28,220,4,0
P006,2024-02-29,212,8,0
P006,2024-03-01,486,6,0
P006,2024-03-02,475,11,0
P006,2024-03-03,462,13,0
P006,2024-03-04,458,4,0
P006,2024-03-05,452,6,0
P006,2024-03-06,442,10,0
P006,2024-03-07,433,9,0
P006,2024-03-08,425,8,0
P006,2024-03-09,410,15,0
P006,2024-03-10,400,10,0
P006,2024-03-11,395,5,0
P006,2024-03-12,387,8,0
P006,2024-03-13,381,6,0
P006,2024-03-14,373,8,0
P006,2024-03-15,367,6,0
P006,2024-03-16,351,16,0
P006,2024-03-17,340,11,0
P006,2024-03-18,334,6,0
P006,2024-03-19,329,5,0
P006,2024-03-20,324,5,0
P006,2024-03-21,315,9,0
P006,2024-03-22,305,10,0
P006,2024-03-23,297,8,0
P006,2024-03-24,283,14,0
P006,2024-03-25,276,7,0
P006,2024-03-26,272,4,0
P006,2024-03-27,265,7,0
P006,2024-03-28,259,6,0
P006,2024-03-29,253,6,0
P006,2024-03-30,244,9,0
P006,2024-03-31,235,9,0
P006,2024-04-01,508,7,0
P006,2024-04-02,501,7,0
P006,2024-04-03,496,5,0
P006,2024-04-04,487,9,0
P006,2024-04-05,481,6,0
P006,2024-04-06,471,10,0
P006,2024-04-07,454,17,0
P006,2024-04-08,445,9,0
P006,2024-04-09,438,7,0
P006,2024-04-10,433,5,0
P006,2024-04-11,424,9,0
P006,2024-04-12,417,7,0
P006,2024-04-13,403,14,0
P006,2024-04-14,390,13,0
P006,2024-04-15,384,6,0
P006,2024-04-16,378,6,0
P006,2024-04-17,373,5,0
P006,2024-04-18,366,7,0
P006,2024-04-19,356,10,0
P006,2024-04-20,347,9,0
P006,2024-04-21,339,8,0
P006,2024-04-22,329,10,0
P006,2024-04-23,318,11,0
P006,2024-04-24,307,11,0
P006,2024-04-25,299,8,0
P006,2024-04-26,292,7,0
P006,2024-04-27,281,11,0
P006,2024-04-28,269,12,0
P006,2024-04-29,258,11,0
P006,2024-04-30,247,11,0
P006,2024-05-01,521,6,0
P006,2024-05-02,515,6,0
P006,2024-05-03,505,10,0
P006,2024-05-04,490,15,0
P006,2024-05-05,474,16,0
P006,2024-05-06,466,8,0
P006,2024-05-07,461,5,0
P006,2024-05-08,456,5,0
P006,2024-05-09,449,7,0
P006,2024-05-10,442,7,0
P006,2024-05-11,428,14,0
P006,2024-05-12,417,11,0
P006,2024-05-13,410,7,0
P006,2024-05-14,400,10,0
P006,2024-05-15,391,9,0
P006,2024-05-16,383,8,0
P006,2024-05-17,376,7,0
P006,2024-05-18,366,10,0
P006,2024-05-19,357,9,0
P006,2024-05-20,351,6,0
P006,2024-05-21,346,5,0
P006,2024-05-22,340,6,0
P006,2024-05-23,329,11,0
P006,2024-05-24,318,11,0
P006,2024-05-25,303,15,0
P006,2024-05-26,292,11,0
P006,2024-05-27,281,11,0
P006,2024-05-28,272,9,0
P006,2024-05-29,262,10,0
P006,2024-05-30,254,8,0
P006,2024-05-31,244,10,0
P006,2024-06-01,515,9,0
P006,2024-06-02,496,19,0
P006,2024-06-03,486,10,0
P006,2024-06-04,477,9,0
P006,2024-06-05,469,8,0
P006,2024-06-06,464,5,0
P006,2024-06-07,456,8,0
P006,2024-06-08,439,17,0
P006,2024-06-09,426,13,0
P006,2024-06-10,414,12,0
P006,2024-06-11,405,9,0
P006,2024-06-12,394,11,0
P006,2024-06-13,382,12,0
P006,2024-06-14,375,7,0
P006,2024-06-15,356,19,0
P006,2024-06-16,346,10,0
P006,2024-06-17,336,10,0
P006,2024-06-18,330,6,0
P006,2024-06-19,324,6,0
P006,2024-06-20,315,9,0
P006,2024-06-21,308,7,0
P006,2024-06-22,296,12,0
P006,2024-06-23,281,15,0
P006,2024-06-24,273,8,0
P006,2024-06-25,262,11,0
P006,2024-06-26,256,6,0
P006,2024-06-27,246,10,0
P006,2024-06-28,239,7,0
P006,2024-06-29,225,14,0
P006,2024-06-30,212,13,0
P006,2024-07-01,482,10,0
P006,2024-07-02,470,12,0
P006,2024-07-03,457,13,0
P006,2024-07-04,448,9,0
P006,2024-07-05,440,8,0
P006,2024-07-06,429,11,0
P006,2024-07-07,418,11,0
P006,2024-07-08,406,12,0
P006,2024-07-09,397,9,0
P006,2024-07-10,386,11,0
P006,2024-07-11,375,11,0
P006,2024-07-12,366,9,0
P006,2024-07-13,353,13,0
P006,2024-07-14,340,13,0
P006,2024-07-15,331,9,0
P006,2024-07-16,322,9,0
P006,2024-07-17,309,13,0
P006,2024-07-18,298,11,0
P006,2024-07-19,290,8,0
P006,2024-07-20,271,19,0
P006,2024-07-21,251,20,0
P006,2024-07-22,241,10,0
P006,2024-07-23,228,13,0
P006,2024-07-24,217,11,0
P006,2024-07-25,207,10,0
P006,2024-07-26,200,7,0
P006,2024-07-27,183,17,0
P006,2024-07-28,171,12,0
P006,2024-07-29,164,7,0
P006,2024-07-30,153,11,0
P006,2024-07-31,146,7,0
P006,2024-08-01,420,6,0
P006,2024-08-02,410,10,0
P006,2024-08-03,397,13,0
P006,2024-08-04,378,19,0
P006,2024-08-05,366,12,0
P006,2024-08-06,354,12,0
P006,2024-08-07,345,9,0
P006,2024-08-08,334,11,0
P006,2024-08-09,324,10,0
P006,2024-08-10,308,16,0
P006,2024-08-11,298,10,0
P006,2024-08-12,288,10,0
P006,2024-08-13,280,8,0
P006,2024-08-14,273,7,0
P006,2024-08-15,262,11,0
P006,2024-08-16,250,12,0
P006,2024-08-17,234,16,0
P006,2024-08-18,219,15,0
P006,2024-08-19,207,12,0
P006,2024-08-20,200,7,0
P006,2024-08-21,189,11,0
P006,2024-08-22,181,8,0
P006,2024-08-23,175,6,0
P006,2024-08-24,160,15,0
P006,2024-08-25,148,12,0
P006,2024-08-26,137,11,0
P006,2024-08-27,128,9,0
P006,2024-08-28,119,9,0
P006,2024-08-29,110,9,0
P006,2024-08-30,100,10,0
P006,2024-08-31,83,17,0
P006,2024-09-01,342,21,0
P006,2024-09-02,330,12,0
P006,2024-09-03,316,14,0
P006,2024-09-04,306,10,0
P006,2024-09-05,298,8,0
P006,2024-09-06,288,10,0
P006,2024-09-07,268,20,0
P006,2024-09-08,253,15,0
P006,2024-09-09,241,12,0
P006,2024-09-10,235,6,0
P006,2024-09-11,221,14,0
P006,2024-09-12,210,11,0
P006,2024-09-13,203,7,0
P006,2024-09-14,187,16,0
P006,2024-09-15,171,16,0
P006,2024-09-16,163,8,0
P006,2024-09-17,152,11,0
P006,2024-09-18,142,10,0
P006,2024-09-19,129,13,0
P006,2024-09-20,121,8,0
P006,2024-09-21,102,19,0
P006,2024-09-22,83,19,0
P006,2024-09-23,76,7,0
P006,2024-09-24,67,9,0
P006,2024-09-25,58,9,0
P006,2024-09-26,45,13,0
P006,2024-09-27,32,13,0
P006,2024-09-28,14,18,0
P006,2024-09-29,4,10,0
P006,2024-09-30,0,4,1
P006,2024-10-01,140,14,0
P006,2024-10-02,129,11,0
P006,2024-10-03,115,14,0
P006,2024-10-04,106,9,0
P006,2024-10-05,89,17,0
P006,2024-10-06,74,15,0
P006,2024-10-07,66,8,0
P006,2024-10-08,53,13,0
P006,2024-10-09,43,10,0
P006,2024-10-10,31,12,0
P006,2024-10-11,21,10,0
P006,2024-10-12,0,21,1
P006,2024-10-13,0,0,1
P006,2024-10-14,0,0,1
P006,2024-10-15,0,0,1
P006,2024-10-16,0,0,1
P006,2024-10-17,0,0,1
P006,2024-10-18,0,0,1
P006,2024-10-19,0,0,1
P006,2024-10-20,0,0,1
P006,2024-10-21,0,0,1
P006,2024-10-22,0,0,1
P006,2024-10-23,0,0,1
P006,2024-10-24,0,0,1
P006,2024-10-25,0,0,1
P006,2024-10-26,0,0,1
P006,2024-10-27,0,0,1
P006,2024-10-28,0,0,1
P006,2024-10-29,0,0,1
P006,2024-10-30,0,0,1
P006,2024-10-31,0,0,1
P006,2024-11-01,130,24,0
P006,2024-11-02,105,25,0
P006,2024-11-03,75,30,0
P006,2024-11-04,60,15,0
P006,2024-11-05,41,19,0
P006,2024-11-06,19,22,0
P006,2024-11-07,3,16,0
P006,2024-11-08,0,3,1
P006,2024-11-09,0,0,1
P006,2024-11-10,0,0,1
P006,2024-11-11,0,0,1
P006,2024-11-12,0,0,1
P006,2024-11-13,0,0,1
P006,2024-11-14,0,0,1
P006,2024-11-15,0,0,1
P006,2024-11-16,0,0,1
P006,2024-11-17,0,0,1
P006,2024-11-18,0,0,1
P006,2024-11-19,0,0,1
P006,2024-11-20,0,0,1
P006,2024-11-21,0,0,1
P006,2024-11-22,0,0,1
P006,2024-11-23,0,0,1
P006,2024-11-24,0,0,1
P006,2024-11-25,0,0,1
P006,2024-11-26,0,0,1
P006,2024-11-27,0,0,1
P006,2024-11-28,0,0,1
P006,2024-11-29,0,0,1
P006,2024-11-30,0,0,1
P006,2024-12-01,129,25,0
P006,2024-12-02,119,10,0
P006,2024-12-03,101,18,0
P006,2024-12-04,81,20,0
P006,2024-12-05,71,10,0
P006,2024-12-06,61,10,0
P006,2024-12-07,34,27,0
P006,2024-12-08,8,26,0
P006,2024-12-09,0,8,1
P006,2024-12-10,0,0,1
P006,2024-12-11,0,0,1
P006,2024-12-12,0,0,1
P006,2024-12-13,0,0,1
P006,2024-12-14,0,0,1
P006,2024-12-15,0,0,1
P006,2024-12-16,0,0,1
P006,2024-12-17,0,0,1
P006,2024-12-18,0,0,1
P006,2024-12-19,0,0,1
P006,2024-12-20,0,0,1
P006,2024-12-21,0,0,1
P006,2024-12-22,0,0,1
P006,2024-12-23,0,0,1
P006,2024-12-24,0,0,1
P006,2024-12-25,0,0,1
P006,2024-12-26,0,0,1
P006,2024-12-27,0,0,1
P006,2024-12-28,0,0,1
P006,2024-12-29,0,0,1
P006,2024-12-30,0,0,1
P006,2024-12-31,0,0,1
P007,2022-01-01,552,8,0
P007,2022-01-02,546,6,0
P007,2022-01-03,541,5,0
P007,2022-01-04,538,3,0
P007,2022-01-05,531,7,0
P007,2022-01-06,524,7,0
P007,2022-01-07,519,5,0
P007,2022-01-08,508,11,0
P007,2022-01-09,503,5,0
P007,2022-01-10,498,5,0
P007,2022-01-11,494,4,0
P007,2022-01-12,487,7,0
P007,2022-01-13,482,5,0
P007,2022-01-14,476,6,0
P007,2022-01-15,467,9,0
P007,2022-01-16,460,7,0
P007,2022-01-17,453,7,0
P007,2022-01-18,448,5,0
P007,2022-01-19,444,4,0
P007,2022-01-20,440,4,0
P007,2022-01-21,436,4,0
P007,2022-01-22,425,11,0
P007,2022-01-23,419,6,0
P007,2022-01-24,413,6,0
P007,2022-01-25,408,5,0
P007,2022-01-26,405,3,0
P007,2022-01-27,401,4,0
P007,2022-01-28,394,7,0
P007,2022-01-29,383,11,0
P007,2022-01-30,378,5,0
P007,2022-01-31,373,5,0
P007,2022-02-01,646,7,0
P007,2022-02-02,640,6,0
P007,2022-02-03,634,6,0
P007,2022-02-04,626,8,0
P007,2022-02-05,617,9,0
P007,2022-02-06,611,6,0
P007,2022-02-07,607,4,0
P007,2022-02-08,603,4,0
P007,2022-02-09,598,5,0
P007,2022-02-10,593,5,0
P007,2022-02-11,585,8,0
P007,2022-02-12,575,10,0
P007,2022-02-13,566,9,0
P007,2022-02-14,562,4,0
P007,2022-02-15,558,4,0
P007,2022-02-16,554,4,0
P007,2022-02-17,550,4,0
P007,2022-02-18,547,3,0
P007,2022-02-19,540,7,0
P007,2022-02-20,534,6,0
P007,2022-02-21,530,4,0
P007,2022-02-22,526,4,0
P007,2022-02-23,523,3,0
P007,2022-02-24,519,4,0
P007,2022-02-25,511,8,0
P007,2022-02-26,504,7,0
P007,2022-02-27,497,7,0
P007,2022-02-28,492,5,0
P007,2022-03-01,768,4,0
P007,2022-03-02,760,8,0
P007,2022-03-03,750,10,0
P007,2022-03-04,743,7,0
P007,2022-03-05,730,13,0
P007,2022-03-06,719,11,0
P007,2022-03-07,711,8,0
P007,2022-03-08,702,9,0
P007,2022-03-09,693,9,0
P007,2022-03-10,686,7,0
P007,2022-03-11,682,4,0
P007,2022-03-12,670,12,0
P007,2022-03-13,663,7,0
P007,2022-03-14,658,5,0
P007,2022-03-15,651,7,0
P007,2022-03-16,641,10,0
P007,2022-03-17,635,6,0
P007,2022-03-18,626,9,0
P007,2022-03-19,618,8,0
P007,2022-03-20,606,12,0
P007,2022-03-21,601,5,0
P007,2022-03-22,596,5,0
P007,2022-03-23,587,9,0
P007,2022-03-24,582,5,0
P007,2022-03-25,572,10,0
P007,2022-03-26,565,7,0
P007,2022-03-27,556,9,0
P007,2022-03-28,552,4,0
P007,2022-03-29,545,7,0
P007,2022-03-30,537,8,0
P007,2022-03-31,528,9,0
P007,2022-04-01,797,11,0
P007,2022-04-02,789,8,0
P007,2022-04-03,780,9,0
P007,2022-04-04,774,6,0
P007,2022-04-05,767,7,0
P007,2022-04-06,756,11,0
P007,2022-04-07,750,6,0
P007,2022-04-08,743,7,0
P007,2022-04-09,734,9,0
P007,2022-04-10,724,10,0
P007,2022-04-11,716,8,0
P007,2022-04-12,708,8,0
P007,2022-04-13,697,11,0
P007,2022-04-14,690,7,0
P007,2022-04-15,682,8,0
P007,2022-04-16,665,17,0
P007,2022-04-17,657,8,0
P007,2022-04-18,652,5,0
P007,2022-04-19,642,10,0
P007,2022-04-20,637,5,0
P007,2022-04-21,630,7,0
P007,2022-04-22,620,10,0
P007,2022-04-23,609,11,0
P007,2022-04-24,598,11,0
P007,2022-04-25,589,9,0
P007,2022-04-26,579,10,0
P007,2022-04-27,569,10,0
P007,2022-04-28,560,9,0
P007,2022-04-29,554,6,0
P007,2022-04-30,543,11,0
P007,2022-05-01,809,14,0
P007,2022-05-02,804,5,0
P007,2022-05-03,795,9,0
P007,2022-05-04,784,11,0
P007,2022-05-05,773,11,0
P007,2022-05-06,764,9,0
P007,2022-05-07,747,17,0
P007,2022-05-08,733,14,0
P007,2022-05-09,721,12,0
P007,2022-05-10,715,6,0
P007,2022-05-11,705,10,0
P007,2022-05-12,695,10,0
P007,2022-05-13,688,7,0
P007,2022-05-14,679,9,0
P007,2022-05-15,664,15,0
P007,2022-05-16,654,10,0
P007,2022-05-17,644,10,0
P007,2022-05-18,636,8,0
P007,2022-05-19,629,7,0
P007,2022-05-20,618,11,0
P007,2022-05-21,604,14,0
P007,2022-05-22,591,13,0
P007,2022-05-23,583,8,0
P007,2022-05-24,572,11,0
P007,2022-05-25,563,9,0
P007,2022-05-26,555,8,0
P007,2022-05-27,549,6,0
P007,2022-05-28,533,16,0
P007,2022-05-29,523,10,0
P007,2022-05-30,518,5,0
P007,2022-05-31,512,6,0
P007,2022-06-01,787,5,0
P007,2022-06-02,779,8,0
P007,2022-06-03,769,10,0
P007,2022-06-04,752,17,0
P007,2022-06-05,735,17,0
P007,2022-06-06,726,9,0
P007,2022-06-07,720,6,0
P007,2022-06-08,711,9,0
P007,2022-06-09,703,8,0
P007,2022-06-10,691,12,0
P007,2022-06-11,679,12,0
P007,2022-06-12,660,19,0
P007,2022-06-13,651,9,0
P007,2022-06-14,642,9,0
P007,2022-06-15,632,10,0
P007,2022-06-16,625,7,0
P007,2022-06-17,615,10,0
P007,2022-06-18,604,11,0
P007,2022-06-19,586,18,0
P007,2022-06-20,575,11,0
P007,2022-06-21,565,10,0
P007,2022-06-22,557,8,0
P007,2022-06-23,545,12,0
P007,2022-06-24,540,5,0
P007,2022-06-25,524,16,0
P007,2022-06-26,514,10,0
P007,2022-06-27,503,11,0
P007,2022-06-28,497,6,0
P007,2022-06-29,490,7,0
P007,2022-06-30,483,7,0
P007,2022-07-01,755,8,0
P007,2022-07-02,741,14,0
P007,2022-07-03,732,9,0
P007,2022-07-04,726,6,0
P007,2022-07-05,715,11,0
P007,2022-07-06,706,9,0
P007,2022-07-07,698,8,0
P007,2022-07-08,691,7,0
P007,2022-07-09,680,11,0
P007,2022-07-10,665,15,0
P007,2022-07-11,659,6,0
P007,2022-07-12,653,6,0
P007,2022-07-13,645,8,0
P007,2022-07-14,635,10,0
P007,2022-07-15,628,7,0
P007,2022-07-16,615,13,0
P007,2022-07-17,604,11,0
P007,2022-07-18,596,8,0
P007,2022-07-19,589,7,0
P007,2022-07-20,578,11,0
P007,2022-07-21,565,13,0
P007,2022-07-22,558,7,0
P007,2022-07-23,546,12,0
P007,2022-07-24,533,13,0
P007,2022-07-25,521,12,0
P007,2022-07-26,515,6,0
P007,2022-07-27,507,8,0
P007,2022-07-28,496,11,0
P007,2022-07-29,483,13,0
P007,2022-07-30,470,13,0
P007,2022-07-31,456,14,0
P007,2022-08-01,731,5,0
P007,2022-08-02,726,5,0
P007,2022-08-03,720,6,0
P007,2022-08-04,711,9,0
P007,2022-08-05,704,7,0
P007,2022-08-06,689,15,0
P007,2022-08-07,671,18,0
P007,2022-08-08,661,10,0
P007,2022-08-09,655,6,0
P007,2022-08-10,646,9,0
P007,2022-08-11,638,8,0
P007,2022-08-12,626,12,0
P007,2022-08-13,617,9,0
P007,2022-08-14,603,14,0
P007,2022-08-15,594,9,0
P007,2022-08-16,583,11,0
P007,2022-08-17,573,10,0
P007,2022-08-18,563,10,0
P007,2022-08-19,553,10,0
P007,2022-08-20,543,10,0
P007,2022-08-21,525,18,0
P007,2022-08-22,517,8,0
P007,2022-08-23,505,12,0
P007,2022-08-24,499,6,0
P007,2022-08-25,494,5,0
P007,2022-08-26,486,8,0
P007,2022-08-27,474,12,0
P007,2022-08-28,464,10,0
P007,2022-08-29,453,11,0
P007,2022-08-30,447,6,0
P007,2022-08-31,435,12,0
P007,2022-09-01,703,12,0
P007,2022-09-02,690,13,0
P007,2022-09-03,672,18,0
P007,2022-09-04,656,16,0
P007,2022-09-05,644,12,0
P007,2022-09-06,637,7,0
P007,2022-09-07,625,12,0
P007,2022-09-08,615,10,0
P007,2022-09-09,609,6,0
P007,2022-09-10,589,20,0
P007,2022-09-11,574,15,0
P007,2022-09-12,563,11,0
P007,2022-09-13,550,13,0
P007,2022-09-14,542,8,0
P007,2022-09-15,536,6,0
P007,2022-09-16,524,12,0
P007,2022-09-17,503,21,0
P007,2022-09-18,485,18,0
P007,2022-09-19,475,10,0
P007,2022-09-20,468,7,0
P007,2022-09-21,462,6,0
P007,2022-09-22,452,10,0
P007,2022-09-23,446,6,0
P007,2022-09-24,425,21,0
P007,2022-09-25,412,13,0
P007,2022-09-26,402,10,0
P007,2022-09-27,395,7,0
P007,2022-09-28,382,13,0
P007,2022-09-29,375,7,0
P007,2022-09-30,369,6,0
P007,2022-10-01,508,15,0
P007,2022-10-02,489,19,0
P007,2022-10-03,477,12,0
P007,2022-10-04,465,12,0
P007,2022-10-05,456,9,0
P007,2022-10-06,443,13,0
P007,2022-10-07,431,12,0
P007,2022-10-08,419,12,0
P007,2022-10-09,402,17,0
P007,2022-10-10,392,10,0
P007,2022-10-11,377,15,0
P007,2022-10-12,364,13,0
P007,2022-10-13,357,7,0
P007,2022-10-14,343,14,0
P007,2022-10-15,322,21,0
P007,2022-10-16,311,11,0
P007,2022-10-17,299,12,0
P007,2022-10-18,293,6,0
P007,2022-10-19,280,13,0
P007,2022-10-20,270,10,0
P007,2022-10-21,257,13,0
P007,2022-10-22,235,22,0
P007,2022-10-23,212,23,0
P007,2022-10-24,205,7,0
P007,2022-10-25,197,8,0
P007,2022-10-26,185,12,0
P007,2022-10-27,171,14,0
P007,2022-10-28,163,8,0
P007,2022-10-29,144,19,0
P007,2022-10-30,124,20,0
P007,2022-10-31,117,7,0
P007,2022-11-01,248,23,0
P007,2022-11-02,232,16,0
P007,2022-11-03,213,19,0
P007,2022-11-04,195,18,0
P007,2022-11-05,178,17,0
P007,2022-11-06,158,20,0
P007,2022-11-07,147,11,0
P007,2022-11-08,132,15,0
P007,2022-11-09,122,10,0
P007,2022-11-10,104,18,0
P007,2022-11-11,85,19,0
P007,2022-11-12,66,19,0
P007,2022-11-13,49,17,0
P007,2022-11-14,33,16,0
P007,2022-11-15,9,24,0
P007,2022-11-16,0,9,1
P007,2022-11-17,0,0,1
P007,2022-11-18,0,0,1
P007,2022-11-19,0,0,1
P007,2022-11-20,0,0,1
P007,2022-11-21,0,0,1
P007,2022-11-22,0,0,1
P007,2022-11-23,0,0,1
P007,2022-11-24,0,0,1
P007,2022-11-25,0,0,1
P007,2022-11-26,0,0,1
P007,2022-11-27,0,0,1
P007,2022-11-28,0,0,1
P007,2022-11-29,0,0,1
P007,2022-11-30,0,0,1
P007,2022-12-01,143,11,0
P007,2022-12-02,124,19,0
P007,2022-12-03,94,30,0
P007,2022-12-04,72,22,0
P007,2022-12-05,53,19,0
P007,2022-12-06,41,12,0
P007,2022-12-07,28,13,0
P007,2022-12-08,9,19,0
P007,2022-12-09,0,9,1
P007,2022-12-10,0,0,1
P007,2022-12-11,0,0,1
P007,2022-12-12,0,0,1
P007,2022-12-13,0,0,1
P007,2022-12-14,0,0,1
P007,2022-12-15,0,0,1
P007,2022-12-16,0,0,1
P007,2022-12-17,0,0,1
P007,2022-12-18,0,0,1
P007,2022-12-19,0,0,1
P007,2022-12-20,0,0,1
P007,2022-12-21,0,0,1
P007,2022-12-22,0,0,1
P007,2022-12-23,0,0,1
P007,2022-12-24,0,0,1
P007,2022-12-25,0,0,1
P007,2022-12-26,0,0,1
P007,2022-12-27,0,0,1
P007,2022-12-28,0,0,1
P007,2022-12-29,0,0,1
P007,2022-12-30,0,0,1
P007,2022-12-31,0,0,1
P007,2023-01-01,270,10,0
P007,2023-01-02,267,3,0
P007,2023-01-03,263,4,0
P007,2023-01-04,258,5,0
P007,2023-01-05,252,6,0
P007,2023-01-06,248,4,0
P007,2023-01-07,241,7,0
P007,2023-01-08,231,10,0
P007,2023-01-09,224,7,0
P007,2023-01-10,218,6,0
P007,2023-01-11,214,4,0
P007,2023-01-12,208,6,0
P007,2023-01-13,202,6,0
P007,2023-01-14,196,6,0
P007,2023-01-15,189,7,0
P007,2023-01-16,185,4,0
P007,2023-01-17,180,5,0
P007,2023-01-18,173,7,0
P007,2023-01-19,166,7,0
P007,2023-01-20,160,6,0
P007,2023-01-21,154,6,0
P007,2023-01-22,145,9,0
P007,2023-01-23,139,6,0
P007,2023-01-24,136,3,0
P007,2023-01-25,133,3,0
P007,2023-01-26,126,7,0
P007,2023-01-27,123,3,0
P007,2023-01-28,118,5,0
P007,2023-01-29,112,6,0
P007,2023-01-30,107,5,0
P007,2023-01-31,102,5,0
P007,2023-02-01,378,4,0
P007,2023-02-02,371,7,0
P007,2023-02-03,364,7,0
P007,2023-02-04,351,13,0
P007,2023-02-05,339,12,0
P007,2023-02-06,333,6,0
P007,2023-02-07,325,8,0
P007,2023-02-08,317,8,0
P007,2023-02-09,312,5,0
P007,2023-02-10,309,3,0
P007,2023-02-11,303,6,0
P007,2023-02-12,294,9,0
P007,2023-02-13,286,8,0
P007,2023-02-14,279,7,0
P007,2023-02-15,272,7,0
P007,2023-02-16,267,5,0
P007,2023-02-17,263,4,0
P007,2023-02-18,255,8,0
P007,2023-02-19,245,10,0
P007,2023-02-20,240,5,0
P007,2023-02-21,236,4,0
P007,2023-02-22,229,7,0
P007,2023-02-23,223,6,0
P007,2023-02-24,219,4,0
P007,2023-02-25,213,6,0
P007,2023-02-26,204,9,0
P007,2023-02-27,198,6,0
P007,2023-02-28,191,7,0
P007,2023-03-01,463,8,0
P007,2023-03-02,455,8,0
P007,2023-03-03,448,7,0
P007,2023-03-04,438,10,0
P007,2023-03-05,428,10,0
P007,2023-03-06,421,7,0
P007,2023-03-07,417,4,0
P007,2023-03-08,410,7,0
P007,2023-03-09,403,7,0
P007,2023-03-10,394,9,0
P007,2023-03-11,378,16,0
P007,2023-03-12,370,8,0
P007,2023-03-13,361,9,0
P007,2023-03-14,351,10,0
P007,2023-03-15,344,7,0
P007,2023-03-16,336,8,0
P007,2023-03-17,329,7,0
P007,2023-03-18,320,9,0
P007,2023-03-19,308,12,0
P007,2023-03-20,301,7,0
P007,2023-03-21,294,7,0
P007,2023-03-22,290,4,0
P007,2023-03-23,280,10,0
P007,2023-03-24,274,6,0
P007,2023-03-25,260,14,0
P007,2023-03-26,247,13,0
P007,2023-03-27,243,4,0
P007,2023-03-28,234,9,0
P007,2023-03-29,229,5,0
P007,2023-03-30,221,8,0
P007,2023-03-31,215,6,0
P007,2023-04-01,479,16,0
P007,2023-04-02,472,7,0
P007,2023-04-03,461,11,0
P007,2023-04-04,456,5,0
P007,2023-04-05,450,6,0
P007,2023-04-06,443,7,0
P007,2023-04-07,434,9,0
P007,2023-04-08,419,15,0
P007,2023-04-09,409,10,0
P007,2023-04-10,398,11,0
P007,2023-04-11,388,10,0
P007,2023-04-12,382,6,0
P007,2023-04-13,377,5,0
P007,2023-04-14,370,7,0
P007,2023-04-15,353,17,0
P007,2023-04-16,336,17,0
P007,2023-04-17,330,6,0
P007,2023-04-18,323,7,0
P007,2023-04-19,313,10,0
P007,2023-04-20,307,6,0
P007,2023-04-21,298,9,0
P007,2023-04-22,289,9,0
P007,2023-04-23,277,12,0
P007,2023-04-24,272,5,0
P007,2023-04-25,265,7,0
P007,2023-04-26,260,5,0
P007,2023-04-27,254,6,0
P007,2023-04-28,248,6,0
P007,2023-04-29,234,14,0
P007,2023-04-30,217,17,0
P007,2023-05-01,490,7,0
P007,2023-05-02,483,7,0
P007,2023-05-03,477,6,0
P007,2023-05-04,469,8,0
P007,2023-05-05,461,8,0
P007,2023-05-06,442,19,0
P007,2023-05-07,430,12,0
P007,2023-05-08,421,9,0
P007,2023-05-09,416,5,0
P007,2023-05-10,408,8,0
P007,2023-05-11,398,10,0
P007,2023-05-12,391,7,0
P007,2023-05-13,379,12,0
P007,2023-05-14,370,9,0
P007,2023-05-15,359,11,0
P007,2023-05-16,349,10,0
P007,2023-05-17,344,5,0
P007,2023-05-18,337,7,0
P007,2023-05-19,328,9,0
P007,2023-05-20,315,13,0
P007,2023-05-21,300,15,0
P007,2023-05-22,292,8,0
P007,2023-05-23,283,9,0
P007,2023-05-24,272,11,0
P007,2023-05-25,267,5,0
P007,2023-05-26,256,11,0
P007,2023-05-27,247,9,0
P007,2023-05-28,233,14,0
P007,2023-05-29,228,5,0
P007,2023-05-30,222,6,0
P007,2023-05-31,212,10,0
P007,2023-06-01,480,12,0
P007,2023-06-02,471,9,0
P007,2023-06-03,453,18,0
P007,2023-06-04,441,12,0
P007,2023-06-05,432,9,0
P007,2023-06-06,422,10,0
P007,2023-06-07,412,10,0
P007,2023-06-08,405,7,0
P007,2023-06-09,394,11,0
P007,2023-06-10,375,19,0
P007,2023-06-11,362,13,0
P007,2023-06-12,354,8,0
P007,2023-06-13,346,8,0
P007,2023-06-14,334,12,0
P007,2023-06-15,324,10,0
P007,2023-06-16,317,7,0
P007,2023-06-17,298,19,0
P007,2023-06-18,283,15,0
P007,2023-06-19,273,10,0
P007,2023-06-20,262,11,0
P007,2023-06-21,256,6,0
P007,2023-06-22,245,11,0
P007,2023-06-23,236,9,0
P007,2023-06-24,224,12,0
P007,2023-06-25,207,17,0
P007,2023-06-26,200,7,0
P007,2023-06-27,189,11,0
P007,2023-06-28,181,8,0
P007,2023-06-29,173,8,0
P007,2023-06-30,165,8,0
P007,2023-07-01,431,14,0
P007,2023-07-02,415,16,0
P007,2023-07-03,402,13,0
P007,2023-07-04,393,9,0
P007,2023-07-05,386,7,0
P007,2023-07-06,380,6,0
P007,2023-07-07,369,11,0
P007,2023-07-08,358,11,0
P007,2023-07-09,343,15,0
P007,2023-07-10,331,12,0
P007,2023-07-11,320,11,0
P007,2023-07-12,312,8,0
P007,2023-07-13,302,10,0
P007,2023-07-14,291,11,0
P007,2023-07-15,272,19,0
P007,2023-07-16,259,13,0
P007,2023-07-17,248,11,0
P007,2023-07-18,236,12,0
P007,2023-07-19,224,12,0
P007,2023-07-20,212,12,0
P007,2023-07-21,203,9,0
P007,2023-07-22,194,9,0
P007,2023-07-23,181,13,0
P007,2023-07-24,174,7,0
P007,2023-07-25,164,10,0
P007,2023-07-26,154,10,0
P007,2023-07-27,148,6,0
P007,2023-07-28,138,10,0
P007,2023-07-29,125,13,0
P007,2023-07-30,110,15,0
P007,2023-07-31,101,9,0
P007,2023-08-01,372,9,0
P007,2023-08-02,360,12,0
P007,2023-08-03,350,10,0
P007,2023-08-04,344,6,0
P007,2023-08-05,333,11,0
P007,2023-08-06,317,16,0
P007,2023-08-07,305,12,0
P007,2023-08-08,299,6,0
P007,2023-08-09,292,7,0
P007,2023-08-10,282,10,0
P007,2023-08-11,276,6,0
P007,2023-08-12,256,20,0
P007,2023-08-13,242,14,0
P007,2023-08-14,236,6,0
P007,2023-08-15,226,10,0
P007,2023-08-16,220,6,0
P007,2023-08-17,211,9,0
P007,2023-08-18,199,12,0
P007,2023-08-19,189,10,0
P007,2023-08-20,178,11,0
P007,2023-08-21,166,12,0
P007,2023-08-22,156,10,0
P007,2023-08-23,149,7,0
P007,2023-08-24,139,10,0
P007,2023-08-25,132,7,0
P007,2023-08-26,121,11,0
P007,2023-08-27,103,18,0
P007,2023-08-28,92,11,0
P007,2023-08-29,85,7,0
P007,2023-08-30,74,11,0
P007,2023-08-31,63,11,0
P007,2023-09-01,332,11,0
P007,2023-09-02,317,15,0
P007,2023-09-03,304,13,0
P007,2023-09-04,296,8,0
P007,2023-09-05,288,8,0
P007,2023-09-06,279,9,0
P007,2023-09-07,266,13,0
P007,2023-09-08,256,10,0
P007,2023-09-09,245,11,0
P007,2023-09-10,234,11,0
P007,2023-09-11,228,6,0
P007,2023-09-12,221,7,0
P007,2023-09-13,208,13,0
P007,2023-09-14,197,11,0
P007,2023-09-15,185,12,0
P007,2023-09-16,165,20,0
P007,2023-09-17,148,17,0
P007,2023-09-18,134,14,0
P007,2023-09-19,122,12,0
P007,2023-09-20,115,7,0
P007,2023-09-21,103,12,0
P007,2023-09-22,96,7,0
P007,2023-09-23,75,21,0
P007,2023-09-24,54,21,0
P007,2023-09-25,47,7,0
P007,2023-09-26,36,11,0
P007,2023-09-27,23,13,0
P007,2023-09-28,15,8,0
P007,2023-09-29,5,10,0
P007,2023-09-30,0,5,1
P007,2023-10-01,140,14,0
P007,2023-10-02,134,6,0
P007,2023-10-03,120,14,0
P007,2023-10-04,107,13,0
P007,2023-10-05,98,9,0
P007,2023-10-06,90,8,0
P007,2023-10-07,68,22,0
P007,2023-10-08,56,12,0
P007,2023-10-09,47,9,0
P007,2023-10-10,35,12,0
P007,2023-10-11,26,9,0
P007,2023-10-12,15,11,0
P007,2023-10-13,5,10,0
P007,2023-10-14,0,5,1
P007,2023-10-15,0,0,1
P007,2023-10-16,0,0,1
P007,2023-10-17,0,0,1
P007,2023-10-18,0,0,1
P007,2023-10-19,0,0,1
P007,2023-10-20,0,0,1
P007,2023-10-21,0,0,1
P007,2023-10-22,0,0,1
P007,2023-10-23,0,0,1
P007,2023-10-24,0,0,1
P007,2023-10-25,0,0,1
P007,2023-10-26,0,0,1
P007,2023-10-27,0,0,1
P007,2023-10-28,0,0,1
P007,2023-10-29,0,0,1
P007,2023-10-30,0,0,1
P007,2023-10-31,0,0,1
P007,2023-11-01,136,18,0
P007,2023-11-02,113,23,0
P007,2023-11-03,101,12,0
P007,2023-11-04,82,19,0
P007,2023-11-05,62,20,0
P007,2023-11-06,45,17,0
P007,2023-11-07,23,22,0
P007,2023-11-08,1,22,0
P007,2023-11-09,0,1,1
P007,2023-11-10,0,0,1
P007,2023-11-11,0,0,1
P007,2023-11-12,0,0,1
P007,2023-11-13,0,0,1
P007,2023-11-14,0,0,1
P007,2023-11-15,0,0,1
P007,2023-11-16,0,0,1
P007,2023-11-17,0,0,1
P007,2023-11-18,0,0,1
P007,2023-11-19,0,0,1
P007,2023-11-20,0,0,1
P007,2023-11-21,0,0,1
P007,2023-11-22,0,0,1
P007,2023-11-23,0,0,1
P007,2023-11-24,0,0,1
P007,2023-11-25,0,0,1
P007,2023-11-26,0,0,1
P007,2023-11-27,0,0,1
P007,2023-11-28,0,0,1
P007,2023-11-29,0,0,1
P007,2023-11-30,0,0,1
P007,2023-12-01,133,21,0
P007,2023-12-02,114,19,0
P007,2023-12-03,98,16,0
P007,2023-12-04,84,14,0
P007,2023-12-05,65,19,0
P007,2023-12-06,54,11,0
P007,2023-12-07,36,18,0
P007,2023-12-08,19,17,0
P007,2023-12-09,0,19,1
P007,2023-12-10,0,0,1
P007,2023-12-11,0,0,1
P007,2023-12-12,0,0,1
P007,2023-12-13,0,0,1
P007,2023-12-14,0,0,1
P007,2023-12-15,0,0,1
P007,2023-12-16,0,0,1
P007,2023-12-17,0,0,1
P007,2023-12-18,0,0,1
P007,2023-12-19,0,0,1
P007,2023-12-20,0,0,1
P007,2023-12-21,0,0,1
P007,2023-12-22,0,0,1
P007,2023-12-23,0,0,1
P007,2023-12-24,0,0,1
P007,2023-12-25,0,0,1
P007,2023-12-26,0,0,1
P007,2023-12-27,0,0,1
P007,2023-12-28,0,0,1
P007,2023-12-29,0,0,1
P007,2023-12-30,0,0,1
P007,2023-12-31,0,0,1
P007,2024-01-01,273,7,0
P007,2024-01-02,267,6,0
P007,2024-01-03,260,7,0
P007,2024-01-04,255,5,0
P007,2024-01-05,251,4,0
P007,2024-01-06,242,9,0
P007,2024-01-07,233,9,0
P007,2024-01-08,227,6,0
P007,2024-01-09,223,4,0
P007,2024-01-10,219,4,0
P007,2024-01-11,212,7,0
P007,2024-01-12,208,4,0
P007,2024-01-13,197,11,0
P007,2024-01-14,187,10,0
P007,2024-01-15,184,3,0
P007,2024-01-16,177,7,0
P007,2024-01-17,174,3,0
P007,2024-01-18,167,7,0
P007,2024-01-19,163,4,0
P007,2024-01-20,158,5,0
P007,2024-01-21,150,8,0
P007,2024-01-22,143,7,0
P007,2024-01-23,139,4,0
P007,2024-01-24,133,6,0
P007,2024-01-25,126,7,0
P007,2024-01-26,120,6,0
P007,2024-01-27,110,10,0
P007,2024-01-28,100,10,0
P007,2024-01-29,94,6,0
P007,2024-01-30,91,3,0
P007,2024-01-31,86,5,0
P007,2024-02-01,360,6,0
P007,2024-02-02,352,8,0
P007,2024-02-03,340,12,0
P007,2024-02-04,334,6,0
P007,2024-02-05,330,4,0
P007,2024-02-06,325,5,0
P007,2024-02-07,320,5,0
P007,2024-02-08,312,8,0
P007,2024-02-09,306,6,0
P007,2024-02-10,298,8,0
P007,2024-02-11,286,12,0
P007,2024-02-12,282,4,0
P007,2024-02-13,276,6,0
P007,2024-02-14,271,5,0
P007,2024-02-15,267,4,0
P007,2024-02-16,263,4,0
P007,2024-02-17,253,10,0
P007,2024-02-18,246,7,0
P007,2024-02-19,239,7,0
P007,2024-02-20,232,7,0
P007,2024-02-21,225,7,0
P007,2024-02-22,218,7,0
P007,2024-02-23,211,7,0
P007,2024-02-24,201,10,0
P007,2024-02-25,189,12,0
P007,2024-02-26,182,7,0
P007,2024-02-27,174,8,0
P007,2024-02-28,169,5,0
P007,2024-02-29,164,5,0
P007,2024-03-01,435,9,0
P007,2024-03-02,425,10,0
P007,2024-03-03,409,16,0
P007,2024-03-04,401,8,0
P007,2024-03-05,395,6,0
P007,2024-03-06,386,9,0
P007,2024-03-07,380,6,0
P007,2024-03-08,372,8,0
P007,2024-03-09,363,9,0
P007,2024-03-10,348,15,0
P007,2024-03-11,341,7,0
P007,2024-03-12,332,9,0
P007,2024-03-13,325,7,0
P007,2024-03-14,317,8,0
P007,2024-03-15,308,9,0
P007,2024-03-16,292,16,0
P007,2024-03-17,280,12,0
P007,2024-03-18,271,9,0
P007,2024-03-19,263,8,0
P007,2024-03-20,255,8,0
P007,2024-03-21,247,8,0
P007,2024-03-22,240,7,0
P007,2024-03-23,233,7,0
P007,2024-03-24,220,13,0
P007,2024-03-25,211,9,0
P007,2024-03-26,202,9,0
P007,2024-03-27,194,8,0
P007,2024-03-28,188,6,0
P007,2024-03-29,182,6,0
P007,2024-03-30,173,9,0
P007,2024-03-31,162,11,0
P007,2024-04-01,433,9,0
P007,2024-04-02,423,10,0
P007,2024-04-03,418,5,0
P007,2024-04-04,408,10,0
P007,2024-04-05,401,7,0
P007,2024-04-06,392,9,0
P007,2024-04-07,381,11,0
P007,2024-04-08,375,6,0
P007,2024-04-09,365,10,0
P007,2024-04-10,358,7,0
P007,2024-04-11,353,5,0
P007,2024-04-12,346,7,0
P007,2024-04-13,337,9,0
P007,2024-04-14,324,13,0
P007,2024-04-15,313,11,0
P007,2024-04-16,308,5,0
P007,2024-04-17,301,7,0
P007,2024-04-18,294,7,0
P007,2024-04-19,287,7,0
P007,2024-04-20,278,9,0
P007,2024-04-21,267,11,0
P007,2024-04-22,256,11,0
P007,2024-04-23,245,11,0
P007,2024-04-24,236,9,0
P007,2024-04-25,230,6,0
P007,2024-04-26,219,11,0
P007,2024-04-27,208,11,0
P007,2024-04-28,196,12,0
P007,2024-04-29,190,6,0
P007,2024-04-30,181,9,0
P007,2024-05-01,456,5,0
P007,2024-05-02,444,12,0
P007,2024-05-03,436,8,0
P007,2024-05-04,418,18,0
P007,2024-05-05,410,8,0
P007,2024-05-06,401,9,0
P007,2024-05-07,394,7,0
P007,2024-05-08,384,10,0
P007,2024-05-09,379,5,0
P007,2024-05-10,372,7,0
P007,2024-05-11,357,15,0
P007,2024-05-12,346,11,0
P007,2024-05-13,339,7,0
P007,2024-05-14,330,9,0
P007,2024-05-15,322,8,0
P007,2024-05-16,311,11,0
P007,2024-05-17,304,7,0
P007,2024-05-18,292,12,0
P007,2024-05-19,283,9,0
P007,2024-05-20,271,12,0
P007,2024-05-21,262,9,0
P007,2024-05-22,254,8,0
P007,2024-05-23,242,12,0
P007,2024-05-24,235,7,0
P007,2024-05-25,224,11,0
P007,2024-05-26,207,17,0
P007,2024-05-27,195,12,0
P007,2024-05-28,190,5,0
P007,2024-05-29,183,7,0
P007,2024-05-30,173,10,0
P007,2024-05-31,164,9,0
P007,2024-06-01,433,11,0
P007,2024-06-02,425,8,0
P007,2024-06-03,418,7,0
P007,2024-06-04,405,13,0
P007,2024-06-05,397,8,0
P007,2024-06-06,388,9,0
P007,2024-06-07,376,12,0
P007,2024-06-08,365,11,0
P007,2024-06-09,346,19,0
P007,2024-06-10,340,6,0
P007,2024-06-11,334,6,0
P007,2024-06-12,326,8,0
P007,2024-06-13,319,7,0
P007,2024-06-14,310,9,0
P007,2024-06-15,292,18,0
P007,2024-06-16,274,18,0
P007,2024-06-17,267,7,0
P007,2024-06-18,258,9,0
P007,2024-06-19,249,9,0
P007,2024-06-20,239,10,0
P007,2024-06-21,231,8,0
P007,2024-06-22,215,16,0
P007,2024-06-23,206,9,0
P007,2024-06-24,199,7,0
P007,2024-06-25,187,12,0
P007,2024-06-26,182,5,0
P007,2024-06-27,177,5,0
P007,2024-06-28,171,6,0
P007,2024-06-29,160,11,0
P007,2024-06-30,143,17,0
P007,2024-07-01,415,8,0
P007,2024-07-02,406,9,0
P007,2024-07-03,398,8,0
P007,2024-07-04,389,9,0
P007,2024-07-05,380,9,0
P007,2024-07-06,360,20,0
P007,2024-07-07,347,13,0
P007,2024-07-08,338,9,0
P007,2024-07-09,327,11,0
P007,2024-07-10,315,12,0
P007,2024-07-11,305,10,0
P007,2024-07-12,298,7,0
P007,2024-07-13,279,19,0
P007,2024-07-14,268,11,0
P007,2024-07-15,259,9,0
P007,2024-07-16,252,7,0
P007,2024-07-17,244,8,0
P007,2024-07-18,234,10,0
P007,2024-07-19,227,7,0
P007,2024-07-20,218,9,0
P007,2024-07-21,203,15,0
P007,2024-07-22,198,5,0
P007,2024-07-23,187,11,0
P007,2024-07-24,179,8,0
P007,2024-07-25,173,6,0
P007,2024-07-26,168,5,0
P007,2024-07-27,151,17,0
P007,2024-07-28,135,16,0
P007,2024-07-29,122,13,0
P007,2024-07-30,112,10,0
P007,2024-07-31,102,10,0
P007,2024-08-01,371,11,0
P007,2024-08-02,361,10,0
P007,2024-08-03,342,19,0
P007,2024-08-04,333,9,0
P007,2024-08-05,321,12,0
P007,2024-08-06,313,8,0
P007,2024-08-07,301,12,0
P007,2024-08-08,290,11,0
P007,2024-08-09,278,12,0
P007,2024-08-10,260,18,0
P007,2024-08-11,248,12,0
P007,2024-08-12,241,7,0
P007,2024-08-13,232,9,0
P007,2024-08-14,221,11,0
P007,2024-08-15,212,9,0
P007,2024-08-16,204,8,0
P007,2024-08-17,187,17,0
P007,2024-08-18,175,12,0
P007,2024-08-19,163,12,0
P007,2024-08-20,154,9,0
P007,2024-08-21,146,8,0
P007,2024-08-22,134,12,0
P007,2024-08-23,123,11,0
P007,2024-08-24,108,15,0
P007,2024-08-25,97,11,0
P007,2024-08-26,91,6,0
P007,2024-08-27,86,5,0
P007,2024-08-28,75,11,0
P007,2024-08-29,68,7,0
P007,2024-08-30,57,11,0
P007,2024-08-31,39,18,0
P007,2024-09-01,305,14,0
P007,2024-09-02,297,8,0
P007,2024-09-03,286,11,0
P007,2024-09-04,273,13,0
P007,2024-09-05,260,13,0
P007,2024-09-06,252,8,0
P007,2024-09-07,241,11,0
P007,2024-09-08,222,19,0
P007,2024-09-09,213,9,0
P007,2024-09-10,203,10,0
P007,2024-09-11,197,6,0
P007,2024-09-12,188,9,0
P007,2024-09-13,179,9,0
P007,2024-09-14,161,18,0
P007,2024-09-15,143,18,0
P007,2024-09-16,130,13,0
P007,2024-09-17,120,10,0
P007,2024-09-18,113,7,0
P007,2024-09-19,100,13,0
P007,2024-09-20,90,10,0
P007,2024-09-21,69,21,0
P007,2024-09-22,56,13,0
P007,2024-09-23,48,8,0
P007,2024-09-24,35,13,0
P007,2024-09-25,23,12,0
P007,2024-09-26,10,13,0
P007,2024-09-27,1,9,0
P007,2024-09-28,0,1,1
P007,2024-09-29,0,0,1
P007,2024-09-30,0,0,1
P007,2024-10-01,143,11,0
P007,2024-10-02,136,7,0
P007,2024-10-03,123,13,0
P007,2024-10-04,111,12,0
P007,2024-10-05,92,19,0
P007,2024-10-06,69,23,0
P007,2024-10-07,62,7,0
P007,2024-10-08,47,15,0
P007,2024-10-09,40,7,0
P007,2024-10-10,29,11,0
P007,2024-10-11,18,11,0
P007,2024-10-12,4,14,0
P007,2024-10-13,0,4,1
P007,2024-10-14,0,0,1
P007,2024-10-15,0,0,1
P007,2024-10-16,0,0,1
P007,2024-10-17,0,0,1
P007,2024-10-18,0,0,1
P007,2024-10-19,0,0,1
P007,2024-10-20,0,0,1
P007,2024-10-21,0,0,1
P007,2024-10-22,0,0,1
P007,2024-10-23,0,0,1
P007,2024-10-24,0,0,1
P007,2024-10-25,0,0,1
P007,2024-10-26,0,0,1
P007,2024-10-27,0,0,1
P007,2024-10-28,0,0,1
P007,2024-10-29,0,0,1
P007,2024-10-30,0,0,1
P007,2024-10-31,0,0,1
P007,2024-11-01,138,16,0
P007,2024-11-02,110,28,0
P007,2024-11-03,80,30,0
P007,2024-11-04,68,12,0
P007,2024-11-05,52,16,0
P007,2024-11-06,41,11,0
P007,2024-11-07,29,12,0
P007,2024-11-08,12,17,0
P007,2024-11-09,0,12,1
P007,2024-11-10,0,0,1
P007,2024-11-11,0,0,1
P007,2024-11-12,0,0,1
P007,2024-11-13,0,0,1
P007,2024-11-14,0,0,1
P007,2024-11-15,0,0,1
P007,2024-11-16,0,0,1
P007,2024-11-17,0,0,1
P007,2024-11-18,0,0,1
P007,2024-11-19,0,0,1
P007,2024-11-20,0,0,1
P007,2024-11-21,0,0,1
P007,2024-11-22,0,0,1
P007,2024-11-23,0,0,1
P007,2024-11-24,0,0,1
P007,2024-11-25,0,0,1
P007,2024-11-26,0,0,1
P007,2024-11-27,0,0,1
P007,2024-11-28,0,0,1
P007,2024-11-29,0,0,1
P007,2024-11-30,0,0,1
P007,2024-12-01,127,27,0
P007,2024-12-02,108,19,0
P007,2024-12-03,96,12,0
P007,2024-12-04,84,12,0
P007,2024-12-05,67,17,0
P007,2024-12-06,54,13,0
P007,2024-12-07,37,17,0
P007,2024-12-08,5,32,0
P007,2024-12-09,0,5,1
P007,2024-12-10,0,0,1
P007,2024-12-11,0,0,1
P007,2024-12-12,0,0,1
P007,2024-12-13,0,0,1
P007,2024-12-14,0,0,1
P007,2024-12-15,0,0,1
P007,2024-12-16,0,0,1
P007,2024-12-17,0,0,1
P007,2024-12-18,0,0,1
P007,2024-12-19,0,0,1
P007,2024-12-20,0,0,1
P007,2024-12-21,0,0,1
P007,2024-12-22,0,0,1
P007,2024-12-23,0,0,1
P007,2024-12-24,0,0,1
P007,2024-12-25,0,0,1
P007,2024-12-26,0,0,1
P007,2024-12-27,0,0,1
P007,2024-12-28,0,0,1
P007,2024-12-29,0,0,1
P007,2024-12-30,0,0,1
P007,2024-12-31,0,0,1
P008,2022-01-01,550,10,0
P008,2022-01-02,539,11,0
P008,2022-01-03,536,3,0
P008,2022-01-04,530,6,0
P008,2022-01-05,524,6,0
P008,2022-01-06,519,5,0
P008,2022-01-07,513,6,0
P008,2022-01-08,502,11,0
P008,2022-01-09,496,6,0
P008,2022-01-10,490,6,0
P008,2022-01-11,483,7,0
P008,2022-01-12,476,7,0
P008,2022-01-13,469,7,0
P008,2022-01-14,465,4,0
P008,2022-01-15,453,12,0
P008,2022-01-16,447,6,0
P008,2022-01-17,443,4,0
P008,2022-01-18,438,5,0
P008,2022-01-19,432,6,0
P008,2022-01-20,425,7,0
P008,2022-01-21,418,7,0
P008,2022-01-22,410,8,0
P008,2022-01-23,402,8,0
P008,2022-01-24,399,3,0
P008,2022-01-25,393,6,0
P008,2022-01-26,387,6,0
P008,2022-01-27,383,4,0
P008,2022-01-28,378,5,0
P008,2022-01-29,367,11,0
P008,2022-01-30,356,11,0
P008,2022-01-31,353,3,0
P008,2022-02-01,628,5,0
P008,2022-02-02,621,7,0
P008,2022-02-03,617,4,0
P008,2022-02-04,610,7,0
P008,2022-02-05,597,13,0
P008,2022-02-06,589,8,0
P008,2022-02-07,581,8,0
P008,2022-02-08,575,6,0
P008,2022-02-09,572,3,0
P008,2022-02-10,566,6,0
P008,2022-02-11,558,8,0
P008,2022-02-12,551,7,0
P008,2022-02-13,538,13,0
P008,2022-02-14,530,8,0
P008,2022-02-15,523,7,0
P008,2022-02-16,519,4,0
P008,2022-02-17,512,7,0
P008,2022-02-18,508,4,0
P008,2022-02-19,496,12,0
P008,2022-02-20,484,12,0
P008,2022-02-21,480,4,0
P008,2022-02-22,472,8,0
P008,2022-02-23,468,4,0
P008,2022-02-24,462,6,0
P008,2022-02-25,454,8,0
P008,2022-02-26,441,13,0
P008,2022-02-27,431,10,0
P008,2022-02-28,425,6,0
P008,2022-03-01,695,10,0
P008,2022-03-02,690,5,0
P008,2022-03-03,685,5,0
P008,2022-03-04,680,5,0
P008,2022-03-05,670,10,0
P008,2022-03-06,657,13,0
P008,2022-03-07,647,10,0
P008,2022-03-08,638,9,0
P008,2022-03-09,628,10,0
P008,2022-03-10,621,7,0
P008,2022-03-11,611,10,0
P008,2022-03-12,599,12,0
P008,2022-03-13,591,8,0
P008,2022-03-14,582,9,0
P008,2022-03-15,575,7,0
P008,2022-03-16,568,7,0
P008,2022-03-17,558,10,0
P008,2022-03-18,552,6,0
P008,2022-03-19,542,10,0
P008,2022-03-20,527,15,0
P008,2022-03-21,523,4,0
P008,2022-03-22,518,5,0
P008,2022-03-23,513,5,0
P008,2022-03-24,506,7,0
P008,2022-03-25,500,6,0
P008,2022-03-26,490,10,0
P008,2022-03-27,481,9,0
P008,2022-03-28,473,8,0
P008,2022-03-29,466,7,0
P008,2022-03-30,458,8,0
P008,2022-03-31,451,7,0
P008,2022-04-01,723,8,0
P008,2022-04-02,715,8,0
P008,2022-04-03,705,10,0
P008,2022-04-04,694,11,0
P008,2022-04-05,684,10,0
P008,2022-04-06,674,10,0
P008,2022-04-07,664,10,0
P008,2022-04-08,654,10,0
P008,2022-04-09,639,15,0
P008,2022-04-10,623,16,0
P008,2022-04-11,614,9,0
P008,2022-04-12,603,11,0
P008,2022-04-13,592,11,0
P008,2022-04-14,581,11,0
P008,2022-04-15,575,6,0
P008,2022-04-16,563,12,0
P008,2022-04-17,555,8,0
P008,2022-04-18,547,8,0
P008,2022-04-19,536,11,0
P008,2022-04-20,527,9,0
P008,2022-04-21,521,6,0
P008,2022-04-22,516,5,0
P008,2022-04-23,507,9,0
P008,2022-04-24,499,8,0
P008,2022-04-25,491,8,0
P008,2022-04-26,483,8,0
P008,2022-04-27,474,9,0
P008,2022-04-28,469,5,0
P008,2022-04-29,458,11,0
P008,2022-04-30,445,13,0
P008,2022-05-01,709,16,0
P008,2022-05-02,700,9,0
P008,2022-05-03,688,12,0
P008,2022-05-04,677,11,0
P008,2022-05-05,668,9,0
P008,2022-05-06,660,8,0
P008,2022-05-07,644,16,0
P008,2022-05-08,635,9,0
P008,2022-05-09,630,5,0
P008,2022-05-10,624,6,0
P008,2022-05-11,617,7,0
P008,2022-05-12,611,6,0
P008,2022-05-13,602,9,0
P008,2022-05-14,589,13,0
P008,2022-05-15,573,16,0
P008,2022-05-16,567,6,0
P008,2022-05-17,557,10,0
P008,2022-05-18,548,9,0
P008,2022-05-19,541,7,0
P008,2022-05-20,536,5,0
P008,2022-05-21,525,11,0
P008,2022-05-22,515,10,0
P008,2022-05-23,509,6,0
P008,2022-05-24,497,12,0
P008,2022-05-25,489,8,0
P008,2022-05-26,479,10,0
P008,2022-05-27,472,7,0
P008,2022-05-28,462,10,0
P008,2022-05-29,446,16,0
P008,2022-05-30,434,12,0
P008,2022-05-31,422,12,0
P008,2022-06-01,695,7,0
P008,2022-06-02,687,8,0
P008,2022-06-03,681,6,0
P008,2022-06-04,672,9,0
P008,2022-06-05,655,17,0
P008,2022-06-06,647,8,0
P008,2022-06-07,635,12,0
P008,2022-06-08,627,8,0
P008,2022-06-09,622,5,0
P008,2022-06-10,614,8,0
P008,2022-06-11,603,11,0
P008,2022-06-12,584,19,0
P008,2022-06-13,571,13,0
P008,2022-06-14,559,12,0
P008,2022-06-15,550,9,0
P008,2022-06-16,540,10,0
P008,2022-06-17,530,10,0
P008,2022-06-18,512,18,0
P008,2022-06-19,492,20,0
P008,2022-06-20,480,12,0
P008,2022-06-21,474,6,0
P008,2022-06-22,468,6,0
P008,2022-06-23,460,8,0
P008,2022-06-24,452,8,0
P008,2022-06-25,442,10,0
P008,2022-06-26,422,20,0
P008,2022-06-27,410,12,0
P008,2022-06-28,403,7,0
P008,2022-06-29,397,6,0
P008,2022-06-30,386,11,0
P008,2022-07-01,659,7,0
P008,2022-07-02,645,14,0
P008,2022-07-03,633,12,0
P008,2022-07-04,620,13,0
P008,2022-07-05,608,12,0
P008,2022-07-06,602,6,0
P008,2022-07-07,591,11,0
P008,2022-07-08,581,10,0
P008,2022-07-09,562,19,0
P008,2022-07-10,548,14,0
P008,2022-07-11,536,12,0
P008,2022-07-12,524,12,0
P008,2022-07-13,514,10,0
P008,2022-07-14,508,6,0
P008,2022-07-15,498,10,0
P008,2022-07-16,481,17,0
P008,2022-07-17,461,20,0
P008,2022-07-18,449,12,0
P008,2022-07-19,443,6,0
P008,2022-07-20,437,6,0
P008,2022-07-21,431,6,0
P008,2022-07-22,423,8,0
P008,2022-07-23,414,9,0
P008,2022-07-24,399,15,0
P008,2022-07-25,387,12,0
P008,2022-07-26,377,10,0
P008,2022-07-27,367,10,0
P008,2022-07-28,361,6,0
P008,2022-07-29,352,9,0
P008,2022-07-30,338,14,0
P008,2022-07-31,327,11,0
P008,2022-08-01,600,7,0
P008,2022-08-02,588,12,0
P008,2022-08-03,580,8,0
P008,2022-08-04,572,8,0
P008,2022-08-05,561,11,0
P008,2022-08-06,548,13,0
P008,2022-08-07,532,16,0
P008,2022-08-08,525,7,0
P008,2022-08-09,514,11,0
P008,2022-08-10,504,10,0
P008,2022-08-11,497,7,0
P008,2022-08-12,491,6,0
P008,2022-08-13,480,11,0
P008,2022-08-14,468,12,0
P008,2022-08-15,456,12,0
P008,2022-08-16,446,10,0
P008,2022-08-17,438,8,0
P008,2022-08-18,432,6,0
P008,2022-08-19,423,9,0
P008,2022-08-20,413,10,0
P008,2022-08-21,404,9,0
P008,2022-08-22,393,11,0
P008,2022-08-23,387,6,0
P008,2022-08-24,380,7,0
P008,2022-08-25,370,10,0
P008,2022-08-26,362,8,0
P008,2022-08-27,348,14,0
P008,2022-08-28,336,12,0
P008,2022-08-29,329,7,0
P008,2022-08-30,321,8,0
P008,2022-08-31,314,7,0
P008,2022-09-01,582,12,0
P008,2022-09-02,575,7,0
P008,2022-09-03,561,14,0
P008,2022-09-04,549,12,0
P008,2022-09-05,541,8,0
P008,2022-09-06,528,13,0
P008,2022-09-07,520,8,0
P008,2022-09-08,510,10,0
P008,2022-09-09,498,12,0
P008,2022-09-10,484,14,0
P008,2022-09-11,473,11,0
P008,2022-09-12,465,8,0
P008,2022-09-13,459,6,0
P008,2022-09-14,452,7,0
P008,2022-09-15,442,10,0
P008,2022-09-16,436,6,0
P008,2022-09-17,422,14,0
P008,2022-09-18,405,17,0
P008,2022-09-19,395,10,0
P008,2022-09-20,385,10,0
P008,2022-09-21,372,13,0
P008,2022-09-22,364,8,0
P008,2022-09-23,357,7,0
P008,2022-09-24,345,12,0
P008,2022-09-25,334,11,0
P008,2022-09-26,327,7,0
P008,2022-09-27,321,6,0
P008,2022-09-28,315,6,0
P008,2022-09-29,308,7,0
P008,2022-09-30,298,10,0
P008,2022-10-01,439,13,0
P008,2022-10-02,429,10,0
P008,2022-10-03,420,9,0
P008,2022-10-04,407,13,0
P008,2022-10-05,399,8,0
P008,2022-10-06,392,7,0
P008,2022-10-07,380,12,0
P008,2022-10-08,363,17,0
P008,2022-10-09,352,11,0
P008,2022-10-10,337,15,0
P008,2022-10-11,325,12,0
P008,2022-10-12,318,7,0
P008,2022-10-13,307,11,0
P008,2022-10-14,299,8,0
P008,2022-10-15,281,18,0
P008,2022-10-16,266,15,0
P008,2022-10-17,258,8,0
P008,2022-10-18,244,14,0
P008,2022-10-19,232,12,0
P008,2022-10-20,224,8,0
P008,2022-10-21,216,8,0
P008,2022-10-22,200,16,0
P008,2022-10-23,183,17,0
P008,2022-10-24,177,6,0
P008,2022-10-25,169,8,0
P008,2022-10-26,154,15,0
P008,2022-10-27,147,7,0
P008,2022-10-28,138,9,0
P008,2022-10-29,118,20,0
P008,2022-10-30,106,12,0
P008,2022-10-31,99,7,0
P008,2022-11-01,242,11,0
P008,2022-11-02,226,16,0
P008,2022-11-03,204,22,0
P008,2022-11-04,181,23,0
P008,2022-11-05,147,34,0
P008,2022-11-06,127,20,0
P008,2022-11-07,110,17,0
P008,2022-11-08,88,22,0
P008,2022-11-09,66,22,0
P008,2022-11-10,52,14,0
P008,2022-11-11,37,15,0
P008,2022-11-12,11,26,0
P008,2022-11-13,0,11,1
P008,2022-11-14,0,0,1
P008,2022-11-15,0,0,1
P008,2022-11-16,0,0,1
P008,2022-11-17,0,0,1
P008,2022-11-18,0,0,1
P008,2022-11-19,0,0,1
P008,2022-11-20,0,0,1
P008,2022-11-21,0,0,1
P008,2022-11-22,0,0,1
P008,2022-11-23,0,0,1
P008,2022-11-24,0,0,1
P008,2022-11-25,0,0,1
P008,2022-11-26,0,0,1
P008,2022-11-27,0,0,1
P008,2022-11-28,0,0,1
P008,2022-11-29,0,0,1
P008,2022-11-30,0,0,1
P008,2022-12-01,144,10,0
P008,2022-12-02,126,18,0
P008,2022-12-03,110,16,0
P008,2022-12-04,86,24,0
P008,2022-12-05,75,11,0
P008,2022-12-06,62,13,0
P008,2022-12-07,44,18,0
P008,2022-12-08,35,9,0
P008,2022-12-09,17,18,0
P008,2022-12-10,0,17,1
P008,2022-12-11,0,0,1
P008,2022-12-12,0,0,1
P008,2022-12-13,0,0,1
P008,2022-12-14,0,0,1
P008,2022-12-15,0,0,1
P008,2022-12-16,0,0,1
P008,2022-12-17,0,0,1
P008,2022-12-18,0,0,1
P008,2022-12-19,0,0,1
P008,2022-12-20,0,0,1
P008,2022-12-21,0,0,1
P008,2022-12-22,0,0,1
P008,2022-12-23,0,0,1
P008,2022-12-24,0,0,1
P008,2022-12-25,0,0,1
P008,2022-12-26,0,0,1
P008,2022-12-27,0,0,1
P008,2022-12-28,0,0,1
P008,2022-12-29,0,0,1
P008,2022-12-30,0,0,1
P008,2022-12-31,0,0,1
P008,2023-01-01,271,9,0
P008,2023-01-02,267,4,0
P008,2023-01-03,261,6,0
P008,2023-01-04,256,5,0
P008,2023-01-05,252,4,0
P008,2023-01-06,247,5,0
P008,2023-01-07,239,8,0
P008,2023-01-08,229,10,0
P008,2023-01-09,225,4,0
P008,2023-01-10,220,5,0
P008,2023-01-11,214,6,0
P008,2023-01-12,209,5,0
P008,2023-01-13,203,6,0
P008,2023-01-14,193,10,0
P008,2023-01-15,186,7,0
P008,2023-01-16,179,7,0
P008,2023-01-17,173,6,0
P008,2023-01-18,167,6,0
P008,2023-01-19,162,5,0
P008,2023-01-20,158,4,0
P008,2023-01-21,147,11,0
P008,2023-01-22,141,6,0
P008,2023-01-23,134,7,0
P008,2023-01-24,131,3,0
P008,2023-01-25,127,4,0
P008,2023-01-26,124,3,0
P008,2023-01-27,120,4,0
P008,2023-01-28,113,7,0
P008,2023-01-29,102,11,0
P008,2023-01-30,96,6,0
P008,2023-01-31,91,5,0
P008,2023-02-01,366,5,0
P008,2023-02-02,359,7,0
P008,2023-02-03,355,4,0
P008,2023-02-04,344,11,0
P008,2023-02-05,333,11,0
P008,2023-02-06,327,6,0
P008,2023-02-07,319,8,0
P008,2023-02-08,311,8,0
P008,2023-02-09,306,5,0
P008,2023-02-10,299,7,0
P008,2023-02-11,290,9,0
P008,2023-02-12,277,13,0
P008,2023-02-13,272,5,0
P008,2023-02-14,266,6,0
P008,2023-02-15,260,6,0
P008,2023-02-16,255,5,0
P008,2023-02-17,248,7,0
P008,2023-02-18,242,6,0
P008,2023-02-19,230,12,0
P008,2023-02-20,225,5,0
P008,2023-02-21,221,4,0
P008,2023-02-22,216,5,0
P008,2023-02-23,209,7,0
P008,2023-02-24,202,7,0
P008,2023-02-25,190,12,0
P008,2023-02-26,181,9,0
P008,2023-02-27,174,7,0
P008,2023-02-28,167,7,0
P008,2023-03-01,441,6,0
P008,2023-03-02,433,8,0
P008,2023-03-03,424,9,0
P008,2023-03-04,417,7,0
P008,2023-03-05,409,8,0
P008,2023-03-06,399,10,0
P008,2023-03-07,392,7,0
P008,2023-03-08,383,9,0
P008,2023-03-09,376,7,0
P008,2023-03-10,367,9,0
P008,2023-03-11,360,7,0
P008,2023-03-12,352,8,0
P008,2023-03-13,342,10,0
P008,2023-03-14,334,8,0
P008,2023-03-15,325,9,0
P008,2023-03-16,317,8,0
P008,2023-03-17,312,5,0
P008,2023-03-18,297,15,0
P008,2023-03-19,288,9,0
P008,2023-03-20,283,5,0
P008,2023-03-21,275,8,0
P008,2023-03-22,265,10,0
P008,2023-03-23,257,8,0
P008,2023-03-24,248,9,0
P008,2023-03-25,235,13,0
P008,2023-03-26,224,11,0
P008,2023-03-27,215,9,0
P008,2023-03-28,205,10,0
P008,2023-03-29,200,5,0
P008,2023-03-30,190,10,0
P008,2023-03-31,185,5,0
P008,2023-04-01,451,14,0
P008,2023-04-02,436,15,0
P008,2023-04-03,427,9,0
P008,2023-04-04,420,7,0
P008,2023-04-05,411,9,0
P008,2023-04-06,404,7,0
P008,2023-04-07,394,10,0
P008,2023-04-08,382,12,0
P008,2023-04-09,364,18,0
P008,2023-04-10,353,11,0
P008,2023-04-11,342,11,0
P008,2023-04-12,333,9,0
P008,2023-04-13,324,9,0
P008,2023-04-14,314,10,0
P008,2023-04-15,297,17,0
P008,2023-04-16,287,10,0
P008,2023-04-17,276,11,0
P008,2023-04-18,266,10,0
P008,2023-04-19,261,5,0
P008,2023-04-20,252,9,0
P008,2023-04-21,244,8,0
P008,2023-04-22,234,10,0
P008,2023-04-23,219,15,0
P008,2023-04-24,212,7,0
P008,2023-04-25,205,7,0
P008,2023-04-26,197,8,0
P008,2023-04-27,187,10,0
P008,2023-04-28,176,11,0
P008,2023-04-29,160,16,0
P008,2023-04-30,149,11,0
P008,2023-05-01,418,11,0
P008,2023-05-02,409,9,0
P008,2023-05-03,397,12,0
P008,2023-05-04,385,12,0
P008,2023-05-05,377,8,0
P008,2023-05-06,359,18,0
P008,2023-05-07,348,11,0
P008,2023-05-08,342,6,0
P008,2023-05-09,336,6,0
P008,2023-05-10,330,6,0
P008,2023-05-11,318,12,0
P008,2023-05-12,311,7,0
P008,2023-05-13,294,17,0
P008,2023-05-14,277,17,0
P008,2023-05-15,268,9,0
P008,2023-05-16,258,10,0
P008,2023-05-17,246,12,0
P008,2023-05-18,237,9,0
P008,2023-05-19,228,9,0
P008,2023-05-20,212,16,0
P008,2023-05-21,204,8,0
P008,2023-05-22,198,6,0
P008,2023-05-23,192,6,0
P008,2023-05-24,182,10,0
P008,2023-05-25,177,5,0
P008,2023-05-26,170,7,0
P008,2023-05-27,156,14,0
P008,2023-05-28,142,14,0
P008,2023-05-29,133,9,0
P008,2023-05-30,128,5,0
P008,2023-05-31,117,11,0
P008,2023-06-01,392,5,0
P008,2023-06-02,384,8,0
P008,2023-06-03,373,11,0
P008,2023-06-04,357,16,0
P008,2023-06-05,349,8,0
P008,2023-06-06,344,5,0
P008,2023-06-07,333,11,0
P008,2023-06-08,323,10,0
P008,2023-06-09,317,6,0
P008,2023-06-10,302,15,0
P008,2023-06-11,286,16,0
P008,2023-06-12,274,12,0
P008,2023-06-13,269,5,0
P008,2023-06-14,257,12,0
P008,2023-06-15,246,11,0
P008,2023-06-16,234,12,0
P008,2023-06-17,226,8,0
P008,2023-06-18,217,9,0
P008,2023-06-19,207,10,0
P008,2023-06-20,198,9,0
P008,2023-06-21,190,8,0
P008,2023-06-22,182,8,0
P008,2023-06-23,175,7,0
P008,2023-06-24,162,13,0
P008,2023-06-25,143,19,0
P008,2023-06-26,132,11,0
P008,2023-06-27,126,6,0
P008,2023-06-28,117,9,0
P008,2023-06-29,109,8,0
P008,2023-06-30,101,8,0
P008,2023-07-01,372,9,0
P008,2023-07-02,353,19,0
P008,2023-07-03,344,9,0
P008,2023-07-04,336,8,0
P008,2023-07-05,328,8,0
P008,2023-07-06,316,12,0
P008,2023-07-07,307,9,0
P008,2023-07-08,287,20,0
P008,2023-07-09,269,18,0
P008,2023-07-10,257,12,0
P008,2023-07-11,250,7,0
P008,2023-07-12,241,9,0
P008,2023-07-13,228,13,0
P008,2023-07-14,219,9,0
P008,2023-07-15,204,15,0
P008,2023-07-16,187,17,0
P008,2023-07-17,179,8,0
P008,2023-07-18,172,7,0
P008,2023-07-19,164,8,0
P008,2023-07-20,158,6,0
P008,2023-07-21,152,6,0
P008,2023-07-22,135,17,0
P008,2023-07-23,120,15,0
P008,2023-07-24,107,13,0
P008,2023-07-25,99,8,0
P008,2023-07-26,88,11,0
P008,2023-07-27,78,10,0
P008,2023-07-28,65,13,0
P008,2023-07-29,47,18,0
P008,2023-07-30,33,14,0
P008,2023-07-31,24,9,0
P008,2023-08-01,297,7,0
P008,2023-08-02,288,9,0
P008,2023-08-03,280,8,0
P008,2023-08-04,272,8,0
P008,2023-08-05,258,14,0
P008,2023-08-06,242,16,0
P008,2023-08-07,231,11,0
P008,2023-08-08,225,6,0
P008,2023-08-09,214,11,0
P008,2023-08-10,207,7,0
P008,2023-08-11,199,8,0
P008,2023-08-12,183,16,0
P008,2023-08-13,171,12,0
P008,2023-08-14,165,6,0
P008,2023-08-15,159,6,0
P008,2023-08-16,153,6,0
P008,2023-08-17,143,10,0
P008,2023-08-18,132,11,0
P008,2023-08-19,120,12,0
P008,2023-08-20,104,16,0
P008,2023-08-21,96,8,0
P008,2023-08-22,86,10,0
P008,2023-08-23,77,9,0
P008,2023-08-24,66,11,0
P008,2023-08-25,55,11,0
P008,2023-08-26,36,19,0
P008,2023-08-27,27,9,0
P008,2023-08-28,18,9,0
P008,2023-08-29,10,8,0
P008,2023-08-30,2,8,0
P008,2023-08-31,0,2,1
P008,2023-09-01,272,8,0
P008,2023-09-02,256,16,0
P008,2023-09-03,243,13,0
P008,2023-09-04,229,14,0
P008,2023-09-05,222,7,0
P008,2023-09-06,213,9,0
P008,2023-09-07,203,10,0
P008,2023-09-08,196,7,0
P008,2023-09-09,183,13,0
P008,2023-09-10,164,19,0
P008,2023-09-11,152,12,0
P008,2023-09-12,138,14,0
P008,2023-09-13,128,10,0
P008,2023-09-14,119,9,0
P008,2023-09-15,113,6,0
P008,2023-09-16,99,14,0
P008,2023-09-17,84,15,0
P008,2023-09-18,74,10,0
P008,2023-09-19,65,9,0
P008,2023-09-20,59,6,0
P008,2023-09-21,53,6,0
P008,2023-09-22,39,14,0
P008,2023-09-23,25,14,0
P008,2023-09-24,14,11,0
P008,2023-09-25,1,13,0
P008,2023-09-26,0,1,1
P008,2023-09-27,0,0,1
P008,2023-09-28,0,0,1
P008,2023-09-29,0,0,1
P008,2023-09-30,0,0,1
P008,2023-10-01,143,11,0
P008,2023-10-02,128,15,0
P008,2023-10-03,116,12,0
P008,2023-10-04,109,7,0
P008,2023-10-05,99,10,0
P008,2023-10-06,92,7,0
P008,2023-10-07,82,10,0
P008,2023-10-08,71,11,0
P008,2023-10-09,57,14,0
P008,2023-10-10,49,8,0
P008,2023-10-11,35,14,0
P008,2023-10-12,26,9,0
P008,2023-10-13,15,11,0
P008,2023-10-14,0,15,1
P008,2023-10-15,0,0,1
P008,2023-10-16,0,0,1
P008,2023-10-17,0,0,1
P008,2023-10-18,0,0,1
P008,2023-10-19,0,0,1
P008,2023-10-20,0,0,1
P008,2023-10-21,0,0,1
P008,2023-10-22,0,0,1
P008,2023-10-23,0,0,1
P008,2023-10-24,0,0,1
P008,2023-10-25,0,0,1
P008,2023-10-26,0,0,1
P008,2023-10-27,0,0,1
P008,2023-10-28,0,0,1
P008,2023-10-29,0,0,1
P008,2023-10-30,0,0,1
P008,2023-10-31,0,0,1
P008,2023-11-01,132,22,0
P008,2023-11-02,119,13,0
P008,2023-11-03,96,23,0
P008,2023-11-04,65,31,0
P008,2023-11-05,29,36,0
P008,2023-11-06,15,14,0
P008,2023-11-07,0,15,1
P008,2023-11-08,0,0,1
P008,2023-11-09,0,0,1
P008,2023-11-10,0,0,1
P008,2023-11-11,0,0,1
P008,2023-11-12,0,0,1
P008,2023-11-13,0,0,1
P008,2023-11-14,0,0,1
P008,2023-11-15,0,0,1
P008,2023-11-16,0,0,1
P008,2023-11-17,0,0,1
P008,2023-11-18,0,0,1
P008,2023-11-19,0,0,1
P008,2023-11-20,0,0,1
P008,2023-11-21,0,0,1
P008,2023-11-22,0,0,1
P008,2023-11-23,0,0,1
P008,2023-11-24,0,0,1
P008,2023-11-25,0,0,1
P008,2023-11-26,0,0,1
P008,2023-11-27,0,0,1
P008,2023-11-28,0,0,1
P008,2023-11-29,0,0,1
P008,2023-11-30,0,0,1
P008,2023-12-01,144,10,0
P008,2023-12-02,119,25,0
P008,2023-12-03,94,25,0
P008,2023-12-04,74,20,0
P008,2023-12-05,58,16,0
P008,2023-12-06,47,11,0
P008,2023-12-07,33,14,0
P008,2023-12-08,19,14,0
P008,2023-12-09,0,19,1
P008,2023-12-10,0,0,1
P008,2023-12-11,0,0,1
P008,2023-12-12,0,0,1
P008,2023-12-13,0,0,1
P008,2023-12-14,0,0,1
P008,2023-12-15,0,0,1
P008,2023-12-16,0,0,1
P008,2023-12-17,0,0,1
P008,2023-12-18,0,0,1
P008,2023-12-19,0,0,1
P008,2023-12-20,0,0,1
P008,2023-12-21,0,0,1
P008,2023-12-22,0,0,1
P008,2023-12-23,0,0,1
P008,2023-12-24,0,0,1
P008,2023-12-25,0,0,1
P008,2023-12-26,0,0,1
P008,2023-12-27,0,0,1
P008,2023-12-28,0,0,1
P008,2023-12-29,0,0,1
P008,2023-12-30,0,0,1
P008,2023-12-31,0,0,1
P008,2024-01-01,277,3,0
P008,2024-01-02,273,4,0
P008,2024-01-03,268,5,0
P008,2024-01-04,265,3,0
P008,2024-01-05,258,7,0
P008,2024-01-06,250,8,0
P008,2024-01-07,245,5,0
P008,2024-01-08,242,3,0
P008,2024-01-09,239,3,0
P008,2024-01-10,232,7,0
P008,2024-01-11,227,5,0
P008,2024-01-12,222,5,0
P008,2024-01-13,216,6,0
P008,2024-01-14,211,5,0
P008,2024-01-15,205,6,0
P008,2024-01-16,198,7,0
P008,2024-01-17,192,6,0
P008,2024-01-18,188,4,0
P008,2024-01-19,182,6,0
P008,2024-01-20,175,7,0
P008,2024-01-21,167,8,0
P008,2024-01-22,160,7,0
P008,2024-01-23,157,3,0
P008,2024-01-24,153,4,0
P008,2024-01-25,147,6,0
P008,2024-01-26,143,4,0
P008,2024-01-27,138,5,0
P008,2024-01-28,130,8,0
P008,2024-01-29,126,4,0
P008,2024-01-30,119,7,0
P008,2024-01-31,115,4,0
P008,2024-02-01,390,5,0
P008,2024-02-02,384,6,0
P008,2024-02-03,371,13,0
P008,2024-02-04,365,6,0
P008,2024-02-05,358,7,0
P008,2024-02-06,352,6,0
P008,2024-02-07,348,4,0
P008,2024-02-08,340,8,0
P008,2024-02-09,333,7,0
P008,2024-02-10,323,10,0
P008,2024-02-11,316,7,0
P008,2024-02-12,308,8,0
P008,2024-02-13,302,6,0
P008,2024-02-14,295,7,0
P008,2024-02-15,288,7,0
P008,2024-02-16,281,7,0
P008,2024-02-17,275,6,0
P008,2024-02-18,262,13,0
P008,2024-02-19,257,5,0
P008,2024-02-20,251,6,0
P008,2024-02-21,246,5,0
P008,2024-02-22,242,4,0
P008,2024-02-23,234,8,0
P008,2024-02-24,221,13,0
P008,2024-02-25,214,7,0
P008,2024-02-26,210,4,0
P008,2024-02-27,202,8,0
P008,2024-02-28,195,7,0
P008,2024-02-29,189,6,0
P008,2024-03-01,463,6,0
P008,2024-03-02,453,10,0
P008,2024-03-03,440,13,0
P008,2024-03-04,434,6,0
P008,2024-03-05,425,9,0
P008,2024-03-06,420,5,0
P008,2024-03-07,413,7,0
P008,2024-03-08,407,6,0
P008,2024-03-09,400,7,0
P008,2024-03-10,391,9,0
P008,2024-03-11,386,5,0
P008,2024-03-12,378,8,0
P008,2024-03-13,370,8,0
P008,2024-03-14,365,5,0
P008,2024-03-15,358,7,0
P008,2024-03-16,345,13,0
P008,2024-03-17,338,7,0
P008,2024-03-18,330,8,0
P008,2024-03-19,320,10,0
P008,2024-03-20,311,9,0
P008,2024-03-21,306,5,0
P008,2024-03-22,301,5,0
P008,2024-03-23,290,11,0
P008,2024-03-24,274,16,0
P008,2024-03-25,269,5,0
P008,2024-03-26,264,5,0
P008,2024-03-27,255,9,0
P008,2024-03-28,247,8,0
P008,2024-03-29,239,8,0
P008,2024-03-30,232,7,0
P008,2024-03-31,216,16,0
P008,2024-04-01,488,8,0
P008,2024-04-02,483,5,0
P008,2024-04-03,473,10,0
P008,2024-04-04,465,8,0
P008,2024-04-05,455,10,0
P008,2024-04-06,447,8,0
P008,2024-04-07,438,9,0
P008,2024-04-08,432,6,0
P008,2024-04-09,423,9,0
P008,2024-04-10,412,11,0
P008,2024-04-11,402,10,0
P008,2024-04-12,393,9,0
P008,2024-04-13,385,8,0
P008,2024-04-14,368,17,0
P008,2024-04-15,357,11,0
P008,2024-04-16,352,5,0
P008,2024-04-17,342,10,0
P008,2024-04-18,331,11,0
P008,2024-04-19,326,5,0
P008,2024-04-20,314,12,0
P008,2024-04-21,302,12,0
P008,2024-04-22,293,9,0
P008,2024-04-23,287,6,0
P008,2024-04-24,278,9,0
P008,2024-04-25,268,10,0
P008,2024-04-26,263,5,0
P008,2024-04-27,252,11,0
P008,2024-04-28,242,10,0
P008,2024-04-29,235,7,0
P008,2024-04-30,229,6,0
P008,2024-05-01,501,8,0
P008,2024-05-02,491,10,0
P008,2024-05-03,484,7,0
P008,2024-05-04,468,16,0
P008,2024-05-05,453,15,0
P008,2024-05-06,445,8,0
P008,2024-05-07,434,11,0
P008,2024-05-08,424,10,0
P008,2024-05-09,416,8,0
P008,2024-05-10,407,9,0
P008,2024-05-11,397,10,0
P008,2024-05-12,383,14,0
P008,2024-05-13,377,6,0
P008,2024-05-14,367,10,0
P008,2024-05-15,362,5,0
P008,2024-05-16,356,6,0
P008,2024-05-17,344,12,0
P008,2024-05-18,336,8,0
P008,2024-05-19,317,19,0
P008,2024-05-20,307,10,0
P008,2024-05-21,298,9,0
P008,2024-05-22,287,11,0
P008,2024-05-23,276,11,0
P008,2024-05-24,268,8,0
P008,2024-05-25,256,12,0
P008,2024-05-26,242,14,0
P008,2024-05-27,237,5,0
P008,2024-05-28,229,8,0
P008,2024-05-29,224,5,0
P008,2024-05-30,215,9,0
P008,2024-05-31,206,9,0
P008,2024-06-01,468,18,0
P008,2024-06-02,459,9,0
P008,2024-06-03,454,5,0
P008,2024-06-04,446,8,0
P008,2024-06-05,435,11,0
P008,2024-06-06,427,8,0
P008,2024-06-07,418,9,0
P008,2024-06-08,404,14,0
P008,2024-06-09,389,15,0
P008,2024-06-10,380,9,0
P008,2024-06-11,370,10,0
P008,2024-06-12,364,6,0
P008,2024-06-13,355,9,0
P008,2024-06-14,345,10,0
P008,2024-06-15,335,10,0
P008,2024-06-16,321,14,0
P008,2024-06-17,314,7,0
P008,2024-06-18,304,10,0
P008,2024-06-19,294,10,0
P008,2024-06-20,286,8,0
P008,2024-06-21,279,7,0
P008,2024-06-22,261,18,0
P008,2024-06-23,242,19,0
P008,2024-06-24,235,7,0
P008,2024-06-25,223,12,0
P008,2024-06-26,218,5,0
P008,2024-06-27,206,12,0
P008,2024-06-28,196,10,0
P008,2024-06-29,178,18,0
P008,2024-06-30,160,18,0
P008,2024-07-01,428,12,0
P008,2024-07-02,421,7,0
P008,2024-07-03,413,8,0
P008,2024-07-04,407,6,0
P008,2024-07-05,396,11,0
P008,2024-07-06,386,10,0
P008,2024-07-07,370,16,0
P008,2024-07-08,365,5,0
P008,2024-07-09,359,6,0
P008,2024-07-10,353,6,0
P008,2024-07-11,346,7,0
P008,2024-07-12,338,8,0
P008,2024-07-13,327,11,0
P008,2024-07-14,307,20,0
P008,2024-07-15,296,11,0
P008,2024-07-16,288,8,0
P008,2024-07-17,277,11,0
P008,2024-07-18,266,11,0
P008,2024-07-19,254,12,0
P008,2024-07-20,235,19,0
P008,2024-07-21,216,19,0
P008,2024-07-22,208,8,0
P008,2024-07-23,200,8,0
P008,2024-07-24,188,12,0
P008,2024-07-25,178,10,0
P008,2024-07-26,167,11,0
P008,2024-07-27,149,18,0
P008,2024-07-28,139,10,0
P008,2024-07-29,127,12,0
P008,2024-07-30,117,10,0
P008,2024-07-31,111,6,0
P008,2024-08-01,383,8,0
P008,2024-08-02,371,12,0
P008,2024-08-03,356,15,0
P008,2024-08-04,341,15,0
P008,2024-08-05,336,5,0
P008,2024-08-06,329,7,0
P008,2024-08-07,319,10,0
P008,2024-08-08,309,10,0
P008,2024-08-09,303,6,0
P008,2024-08-10,294,9,0
P008,2024-08-11,286,8,0
P008,2024-08-12,274,12,0
P008,2024-08-13,264,10,0
P008,2024-08-14,255,9,0
P008,2024-08-15,246,9,0
P008,2024-08-16,237,9,0
P008,2024-08-17,223,14,0
P008,2024-08-18,208,15,0
P008,2024-08-19,200,8,0
P008,2024-08-20,190,10,0
P008,2024-08-21,182,8,0
P008,2024-08-22,174,8,0
P008,2024-08-23,166,8,0
P008,2024-08-24,156,10,0
P008,2024-08-25,146,10,0
P008,2024-08-26,138,8,0
P008,2024-08-27,131,7,0
P008,2024-08-28,125,6,0
P008,2024-08-29,114,11,0
P008,2024-08-30,102,12,0
P008,2024-08-31,86,16,0
P008,2024-09-01,354,12,0
P008,2024-09-02,344,10,0
P008,2024-09-03,333,11,0
P008,2024-09-04,320,13,0
P008,2024-09-05,314,6,0
P008,2024-09-06,302,12,0
P008,2024-09-07,283,19,0
P008,2024-09-08,266,17,0
P008,2024-09-09,255,11,0
P008,2024-09-10,249,6,0
P008,2024-09-11,243,6,0
P008,2024-09-12,234,9,0
P008,2024-09-13,227,7,0
P008,2024-09-14,210,17,0
P008,2024-09-15,192,18,0
P008,2024-09-16,185,7,0
P008,2024-09-17,175,10,0
P008,2024-09-18,163,12,0
P008,2024-09-19,152,11,0
P008,2024-09-20,141,11,0
P008,2024-09-21,130,11,0
P008,2024-09-22,118,12,0
P008,2024-09-23,108,10,0
P008,2024-09-24,100,8,0
P008,2024-09-25,93,7,0
P008,2024-09-26,85,8,0
P008,2024-09-27,72,13,0
P008,2024-09-28,58,14,0
P008,2024-09-29,46,12,0
P008,2024-09-30,40,6,0
P008,2024-10-01,188,6,0
P008,2024-10-02,178,10,0
P008,2024-10-03,164,14,0
P008,2024-10-04,151,13,0
P008,2024-10-05,130,21,0
P008,2024-10-06,115,15,0
P008,2024-10-07,102,13,0
P008,2024-10-08,89,13,0
P008,2024-10-09,79,10,0
P008,2024-10-10,72,7,0
P008,2024-10-11,60,12,0
P008,2024-10-12,43,17,0
P008,2024-10-13,33,10,0
P008,2024-10-14,24,9,0
P008,2024-10-15,13,11,0
P008,2024-10-16,6,7,0
P008,2024-10-17,0,6,1
P008,2024-10-18,0,0,1
P008,2024-10-19,0,0,1
P008,2024-10-20,0,0,1
P008,2024-10-21,0,0,1
P008,2024-10-22,0,0,1
P008,2024-10-23,0,0,1
P008,2024-10-24,0,0,1
P008,2024-10-25,0,0,1
P008,2024-10-26,0,0,1
P008,2024-10-27,0,0,1
P008,2024-10-28,0,0,1
P008,2024-10-29,0,0,1
P008,2024-10-30,0,0,1
P008,2024-10-31,0,0,1
P008,2024-11-01,133,21,0
P008,2024-11-02,114,19,0
P008,2024-11-03,95,19,0
P008,2024-11-04,79,16,0
P008,2024-11-05,58,21,0
P008,2024-11-06,40,18,0
P008,2024-11-07,30,10,0
P008,2024-11-08,11,19,0
P008,2024-11-09,0,11,1
P008,2024-11-10,0,0,1
P008,2024-11-11,0,0,1
P008,2024-11-12,0,0,1
P008,2024-11-13,0,0,1
P008,2024-11-14,0,0,1
P008,2024-11-15,0,0,1
P008,2024-11-16,0,0,1
P008,2024-11-17,0,0,1
P008,2024-11-18,0,0,1
P008,2024-11-19,0,0,1
P008,2024-11-20,0,0,1
P008,2024-11-21,0,0,1
P008,2024-11-22,0,0,1
P008,2024-11-23,0,0,1
P008,2024-11-24,0,0,1
P008,2024-11-25,0,0,1
P008,2024-11-26,0,0,1
P008,2024-11-27,0,0,1
P008,2024-11-28,0,0,1
P008,2024-11-29,0,0,1
P008,2024-11-30,0,0,1
P008,2024-12-01,137,17,0
P008,2024-12-02,118,19,0
P008,2024-12-03,97,21,0
P008,2024-12-04,80,17,0
P008,2024-12-05,67,13,0
P008,2024-12-06,57,10,0
P008,2024-12-07,38,19,0
P008,2024-12-08,24,14,0
P008,2024-12-09,6,18,0
P008,2024-12-10,0,6,1
P008,2024-12-11,0,0,1
P008,2024-12-12,0,0,1
P008,2024-12-13,0,0,1
P008,2024-12-14,0,0,1
P008,2024-12-15,0,0,1
P008,2024-12-16,0,0,1
P008,2024-12-17,0,0,1
P008,2024-12-18,0,0,1
P008,2024-12-19,0,0,1
P008,2024-12-20,0,0,1
P008,2024-12-21,0,0,1
P008,2024-12-22,0,0,1
P008,2024-12-23,0,0,1
P008,2024-12-24,0,0,1
P008,2024-12-25,0,0,1
P008,2024-12-26,0,0,1
P008,2024-12-27,0,0,1
P008,2024-12-28,0,0,1
P008,2024-12-29,0,0,1
P008,2024-12-30,0,0,1
P008,2024-12-31,0,0,1
P009,2022-01-01,353,7,0
P009,2022-01-02,346,7,0
P009,2022-01-03,344,2,0
P009,2022-01-04,341,3,0
P009,2022-01-05,338,3,0
P009,2022-01-06,336,2,0
P009,2022-01-07,332,4,0
P009,2022-01-08,328,4,0
P009,2022-01-09,325,3,0
P009,2022-01-10,323,2,0
P009,2022-01-11,320,3,0
P009,2022-01-12,318,2,0
P009,2022-01-13,314,4,0
P009,2022-01-14,312,2,0
P009,2022-01-15,306,6,0
P009,2022-01-16,301,5,0
P009,2022-01-17,298,3,0
P009,2022-01-18,293,5,0
P009,2022-01-19,289,4,0
P009,2022-01-20,287,2,0
P009,2022-01-21,284,3,0
P009,2022-01-22,277,7,0
P009,2022-01-23,271,6,0
P009,2022-01-24,269,2,0
P009,2022-01-25,267,2,0
P009,2022-01-26,263,4,0
P009,2022-01-27,259,4,0
P009,2022-01-28,257,2,0
P009,2022-01-29,251,6,0
P009,2022-01-30,244,7,0
P009,2022-01-31,241,3,0
P009,2022-02-01,419,2,0
P009,2022-02-02,416,3,0
P009,2022-02-03,412,4,0
P009,2022-02-04,409,3,0
P009,2022-02-05,405,4,0
P009,2022-02-06,398,7,0
P009,2022-02-07,394,4,0
P009,2022-02-08,391,3,0
P009,2022-02-09,386,5,0
P009,2022-02-10,382,4,0
P009,2022-02-11,379,3,0
P009,2022-02-12,375,4,0
P009,2022-02-13,371,4,0
P009,2022-02-14,369,2,0
P009,2022-02-15,366,3,0
P009,2022-02-16,364,2,0
P009,2022-02-17,361,3,0
P009,2022-02-18,357,4,0
P009,2022-02-19,353,4,0
P009,2022-02-20,347,6,0
P009,2022-02-21,343,4,0
P009,2022-02-22,340,3,0
P009,2022-02-23,335,5,0
P009,2022-02-24,331,4,0
P009,2022-02-25,327,4,0
P009,2022-02-26,321,6,0
P009,2022-02-27,317,4,0
P009,2022-02-28,313,4,0
P009,2022-03-01,487,6,0
P009,2022-03-02,484,3,0
P009,2022-03-03,479,5,0
P009,2022-03-04,473,6,0
P009,2022-03-05,467,6,0
P009,2022-03-06,462,5,0
P009,2022-03-07,457,5,0
P009,2022-03-08,452,5,0
P009,2022-03-09,446,6,0
P009,2022-03-10,443,3,0
P009,2022-03-11,439,4,0
P009,2022-03-12,435,4,0
P009,2022-03-13,429,6,0
P009,2022-03-14,426,3,0
P009,2022-03-15,422,4,0
P009,2022-03-16,419,3,0
P009,2022-03-17,414,5,0
P009,2022-03-18,411,3,0
P009,2022-03-19,404,7,0
P009,2022-03-20,395,9,0
P009,2022-03-21,393,2,0
P009,2022-03-22,387,6,0
P009,2022-03-23,383,4,0
P009,2022-03-24,378,5,0
P009,2022-03-25,373,5,0
P009,2022-03-26,368,5,0
P009,2022-03-27,360,8,0
P009,2022-03-28,357,3,0
P009,2022-03-29,354,3,0
P009,2022-03-30,349,5,0
P009,2022-03-31,343,6,0
P009,2022-04-01,517,6,0
P009,2022-04-02,507,10,0
P009,2022-04-03,502,5,0
P009,2022-04-04,497,5,0
P009,2022-04-05,493,4,0
P009,2022-04-06,487,6,0
P009,2022-04-07,480,7,0
P009,2022-04-08,477,3,0
P009,2022-04-09,466,11,0
P009,2022-04-10,460,6,0
P009,2022-04-11,457,3,0
P009,2022-04-12,453,4,0
P009,2022-04-13,450,3,0
P009,2022-04-14,445,5,0
P009,2022-04-15,439,6,0
P009,2022-04-16,432,7,0
P009,2022-04-17,427,5,0
P009,2022-04-18,423,4,0
P009,2022-04-19,416,7,0
P009,2022-04-20,411,5,0
P009,2022-04-21,407,4,0
P009,2022-04-22,403,4,0
P009,2022-04-23,394,9,0
P009,2022-04-24,389,5,0
P009,2022-04-25,382,7,0
P009,2022-04-26,379,3,0
P009,2022-04-27,372,7,0
P009,2022-04-28,365,7,0
P009,2022-04-29,361,4,0
P009,2022-04-30,355,6,0
P009,2022-05-01,524,11,0
P009,2022-05-02,520,4,0
P009,2022-05-03,515,5,0
P009,2022-05-04,511,4,0
P009,2022-05-05,507,4,0
P009,2022-05-06,504,3,0
P009,2022-05-07,499,5,0
P009,2022-05-08,488,11,0
P009,2022-05-09,482,6,0
P009,2022-05-10,477,5,0
P009,2022-05-11,471,6,0
P009,2022-05-12,465,6,0
P009,2022-05-13,460,5,0
P009,2022-05-14,449,11,0
P009,2022-05-15,438,11,0
P009,2022-05-16,432,6,0
P009,2022-05-17,426,6,0
P009,2022-05-18,423,3,0
P009,2022-05-19,419,4,0
P009,2022-05-20,415,4,0
P009,2022-05-21,403,12,0
P009,2022-05-22,398,5,0
P009,2022-05-23,391,7,0
P009,2022-05-24,385,6,0
P009,2022-05-25,378,7,0
P009,2022-05-26,375,3,0
P009,2022-05-27,369,6,0
P009,2022-05-28,363,6,0
P009,2022-05-29,353,10,0
P009,2022-05-30,350,3,0
P009,2022-05-31,344,6,0
P009,2022-06-01,517,7,0
P009,2022-06-02,511,6,0
P009,2022-06-03,507,4,0
P009,2022-06-04,499,8,0
P009,2022-06-05,492,7,0
P009,2022-06-06,489,3,0
P009,2022-06-07,482,7,0
P009,2022-06-08,474,8,0
P009,2022-06-09,470,4,0
P009,2022-06-10,465,5,0
P009,2022-06-11,455,10,0
P009,2022-06-12,443,12,0
P009,2022-06-13,439,4,0
P009,2022-06-14,434,5,0
P009,2022-06-15,429,5,0
P009,2022-06-16,423,6,0
P009,2022-06-17,417,6,0
P009,2022-06-18,407,10,0
P009,2022-06-19,401,6,0
P009,2022-06-20,397,4,0
P009,2022-06-21,390,7,0
P009,2022-06-22,385,5,0
P009,2022-06-23,380,5,0
P009,2022-06-24,376,4,0
P009,2022-06-25,364,12,0
P009,2022-06-26,352,12,0
P009,2022-06-27,348,4,0
P009,2022-06-28,342,6,0
P009,2022-06-29,334,8,0
P009,2022-06-30,327,7,0
P009,2022-07-01,502,5,0
P009,2022-07-02,494,8,0
P009,2022-07-03,482,12,0
P009,2022-07-04,477,5,0
P009,2022-07-05,471,6,0
P009,2022-07-06,467,4,0
P009,2022-07-07,463,4,0
P009,2022-07-08,458,5,0
P009,2022-07-09,446,12,0
P009,2022-07-10,434,12,0
P009,2022-07-11,427,7,0
P009,2022-07-12,420,7,0
P009,2022-07-13,414,6,0
P009,2022-07-14,407,7,0
P009,2022-07-15,401,6,0
P009,2022-07-16,395,6,0
P009,2022-07-17,384,11,0
P009,2022-07-18,378,6,0
P009,2022-07-19,372,6,0
P009,2022-07-20,366,6,0
P009,2022-07-21,360,6,0
P009,2022-07-22,352,8,0
P009,2022-07-23,340,12,0
P009,2022-07-24,332,8,0
P009,2022-07-25,328,4,0
P009,2022-07-26,322,6,0
P009,2022-07-27,314,8,0
P009,2022-07-28,309,5,0
P009,2022-07-29,305,4,0
P009,2022-07-30,292,13,0
P009,2022-07-31,281,11,0
P009,2022-08-01,457,4,0
P009,2022-08-02,450,7,0
P009,2022-08-03,444,6,0
P009,2022-08-04,439,5,0
P009,2022-08-05,435,4,0
P009,2022-08-06,425,10,0
P009,2022-08-07,418,7,0
P009,2022-08-08,413,5,0
P009,2022-08-09,406,7,0
P009,2022-08-10,400,6,0
P009,2022-08-11,393,7,0
P009,2022-08-12,389,4,0
P009,2022-08-13,383,6,0
P009,2022-08-14,376,7,0
P009,2022-08-15,370,6,0
P009,2022-08-16,365,5,0
P009,2022-08-17,360,5,0
P009,2022-08-18,355,5,0
P009,2022-08-19,349,6,0
P009,2022-08-20,340,9,0
P009,2022-08-21,329,11,0
P009,2022-08-22,322,7,0
P009,2022-08-23,316,6,0
P009,2022-08-24,309,7,0
P009,2022-08-25,304,5,0
P009,2022-08-26,298,6,0
P009,2022-08-27,286,12,0
P009,2022-08-28,280,6,0
P009,2022-08-29,273,7,0
P009,2022-08-30,268,5,0
P009,2022-08-31,260,8,0
P009,2022-09-01,433,7,0
P009,2022-09-02,425,8,0
P009,2022-09-03,414,11,0
P009,2022-09-04,408,6,0
P009,2022-09-05,403,5,0
P009,2022-09-06,398,5,0
P009,2022-09-07,393,5,0
P009,2022-09-08,385,8,0
P009,2022-09-09,380,5,0
P009,2022-09-10,374,6,0
P009,2022-09-11,362,12,0
P009,2022-09-12,355,7,0
P009,2022-09-13,350,5,0
P009,2022-09-14,345,5,0
P009,2022-09-15,337,8,0
P009,2022-09-16,333,4,0
P009,2022-09-17,327,6,0
P009,2022-09-18,320,7,0
P009,2022-09-19,314,6,0
P009,2022-09-20,309,5,0
P009,2022-09-21,303,6,0
P009,2022-09-22,299,4,0
P009,2022-09-23,293,6,0
P009,2022-09-24,280,13,0
P009,2022-09-25,267,13,0
P009,2022-09-26,263,4,0
P009,2022-09-27,255,8,0
P009,2022-09-28,251,4,0
P009,2022-09-29,244,7,0
P009,2022-09-30,240,4,0
P009,2022-10-01,328,11,0
P009,2022-10-02,319,9,0
P009,2022-10-03,312,7,0
P009,2022-10-04,308,4,0
P009,2022-10-05,300,8,0
P009,2022-10-06,293,7,0
P009,2022-10-07,289,4,0
P009,2022-10-08,278,11,0
P009,2022-10-09,270,8,0
P009,2022-10-10,266,4,0
P009,2022-10-11,257,9,0
P009,2022-10-12,250,7,0
P009,2022-10-13,242,8,0
P009,2022-10-14,237,5,0
P009,2022-10-15,222,15,0
P009,2022-10-16,214,8,0
P009,2022-10-17,207,7,0
P009,2022-10-18,201,6,0
P009,2022-10-19,195,6,0
P009,2022-10-20,186,9,0
P009,2022-10-21,181,5,0
P009,2022-10-22,174,7,0
P009,2022-10-23,167,7,0
P009,2022-10-24,162,5,0
P009,2022-10-25,154,8,0
P009,2022-10-26,150,4,0
P009,2022-10-27,145,5,0
P009,2022-10-28,138,7,0
P009,2022-10-29,126,12,0
P009,2022-10-30,119,7,0
P009,2022-10-31,113,6,0
P009,2022-11-01,199,13,0
P009,2022-11-02,185,14,0
P009,2022-11-03,175,10,0
P009,2022-11-04,162,13,0
P009,2022-11-05,144,18,0
P009,2022-11-06,128,16,0
P009,2022-11-07,121,7,0
P009,2022-11-08,111,10,0
P009,2022-11-09,102,9,0
P009,2022-11-10,92,10,0
P009,2022-11-11,80,12,0
P009,2022-11-12,62,18,0
P009,2022-11-13,51,11,0
P009,2022-11-14,38,13,0
P009,2022-11-15,30,8,0
P009,2022-11-16,20,10,0
P009,2022-11-17,10,10,0
P009,2022-11-18,0,10,1
P009,2022-11-19,0,0,1
P009,2022-11-20,0,0,1
P009,2022-11-21,0,0,1
P009,2022-11-22,0,0,1
P009,2022-11-23,0,0,1
P009,2022-11-24,0,0,1
P009,2022-11-25,0,0,1
P009,2022-11-26,0,0,1
P009,2022-11-27,0,0,1
P009,2022-11-28,0,0,1
P009,2022-11-29,0,0,1
P009,2022-11-30,0,0,1
P009,2022-12-01,93,6,0
P009,2022-12-02,82,11,0
P009,2022-12-03,63,19,0
P009,2022-12-04,43,20,0
P009,2022-12-05,35,8,0
P009,2022-12-06,23,12,0
P009,2022-12-07,10,13,0
P009,2022-12-08,4,6,0
P009,2022-12-09,0,4,1
P009,2022-12-10,0,0,1
P009,2022-12-11,0,0,1
P009,2022-12-12,0,0,1
P009,2022-12-13,0,0,1
P009,2022-12-14,0,0,1
P009,2022-12-15,0,0,1
P009,2022-12-16,0,0,1
P009,2022-12-17,0,0,1
P009,2022-12-18,0,0,1
P009,2022-12-19,0,0,1
P009,2022-12-20,0,0,1
P009,2022-12-21,0,0,1
P009,2022-12-22,0,0,1
P009,2022-12-23,0,0,1
P009,2022-12-24,0,0,1
P009,2022-12-25,0,0,1
P009,2022-12-26,0,0,1
P009,2022-12-27,0,0,1
P009,2022-12-28,0,0,1
P009,2022-12-29,0,0,1
P009,2022-12-30,0,0,1
P009,2022-12-31,0,0,1
P009,2023-01-01,174,6,0
P009,2023-01-02,170,4,0
P009,2023-01-03,168,2,0
P009,2023-01-04,165,3,0
P009,2023-01-05,161,4,0
P009,2023-01-06,157,4,0
P009,2023-01-07,152,5,0
P009,2023-01-08,147,5,0
P009,2023-01-09,143,4,0
P009,2023-01-10,139,4,0
P009,2023-01-11,137,2,0
P009,2023-01-12,134,3,0
P009,2023-01-13,130,4,0
P009,2023-01-14,124,6,0
P009,2023-01-15,119,5,0
P009,2023-01-16,115,4,0
P009,2023-01-17,111,4,0
P009,2023-01-18,108,3,0
P009,2023-01-19,104,4,0
P009,2023-01-20,100,4,0
P009,2023-01-21,93,7,0
P009,2023-01-22,89,4,0
P009,2023-01-23,87,2,0
P009,2023-01-24,83,4,0
P009,2023-01-25,79,4,0
P009,2023-01-26,76,3,0
P009,2023-01-27,74,2,0
P009,2023-01-28,68,6,0
P009,2023-01-29,64,4,0
P009,2023-01-30,62,2,0
P009,2023-01-31,58,4,0
P009,2023-02-01,234,4,0
P009,2023-02-02,230,4,0
P009,2023-02-03,226,4,0
P009,2023-02-04,221,5,0
P009,2023-02-05,214,7,0
P009,2023-02-06,212,2,0
P009,2023-02-07,208,4,0
P009,2023-02-08,204,4,0
P009,2023-02-09,202,2,0
P009,2023-02-10,199,3,0
P009,2023-02-11,192,7,0
P009,2023-02-12,184,8,0
P009,2023-02-13,181,3,0
P009,2023-02-14,176,5,0
P009,2023-02-15,171,5,0
P009,2023-02-16,167,4,0
P009,2023-02-17,163,4,0
P009,2023-02-18,159,4,0
P009,2023-02-19,154,5,0
P009,2023-02-20,151,3,0
P009,2023-02-21,149,2,0
P009,2023-02-22,147,2,0
P009,2023-02-23,143,4,0
P009,2023-02-24,140,3,0
P009,2023-02-25,135,5,0
P009,2023-02-26,131,4,0
P009,2023-02-27,126,5,0
P009,2023-02-28,123,3,0
P009,2023-03-01,300,3,0
P009,2023-03-02,296,4,0
P009,2023-03-03,291,5,0
P009,2023-03-04,286,5,0
P009,2023-03-05,277,9,0
P009,2023-03-06,271,6,0
P009,2023-03-07,265,6,0
P009,2023-03-08,261,4,0
P009,2023-03-09,257,4,0
P009,2023-03-10,251,6,0
P009,2023-03-11,244,7,0
P009,2023-03-12,237,7,0
P009,2023-03-13,234,3,0
P009,2023-03-14,230,4,0
P009,2023-03-15,225,5,0
P009,2023-03-16,222,3,0
P009,2023-03-17,218,4,0
P009,2023-03-18,209,9,0
P009,2023-03-19,199,10,0
P009,2023-03-20,193,6,0
P009,2023-03-21,188,5,0
P009,2023-03-22,183,5,0
P009,2023-03-23,180,3,0
P009,2023-03-24,175,5,0
P009,2023-03-25,168,7,0
P009,2023-03-26,163,5,0
P009,2023-03-27,159,4,0
P009,2023-03-28,154,5,0
P009,2023-03-29,149,5,0
P009,2023-03-30,145,4,0
P009,2023-03-31,139,6,0
P009,2023-04-01,308,11,0
P009,2023-04-02,303,5,0
P009,2023-04-03,299,4,0
P009,2023-04-04,293,6,0
P009,2023-04-05,287,6,0
P009,2023-04-06,284,3,0
P009,2023-04-07,280,4,0
P009,2023-04-08,274,6,0
P009,2023-04-09,263,11,0
P009,2023-04-10,258,5,0
P009,2023-04-11,251,7,0
P009,2023-04-12,246,5,0
P009,2023-04-13,242,4,0
P009,2023-04-14,236,6,0
P009,2023-04-15,228,8,0
P009,2023-04-16,219,9,0
P009,2023-04-17,216,3,0
P009,2023-04-18,210,6,0
P009,2023-04-19,205,5,0
P009,2023-04-20,200,5,0
P009,2023-04-21,196,4,0
P009,2023-04-22,185,11,0
P009,2023-04-23,175,10,0
P009,2023-04-24,171,4,0
P009,2023-04-25,167,4,0
P009,2023-04-26,161,6,0
P009,2023-04-27,157,4,0
P009,2023-04-28,152,5,0
P009,2023-04-29,147,5,0
P009,2023-04-30,142,5,0
P009,2023-05-01,318,4,0
P009,2023-05-02,311,7,0
P009,2023-05-03,304,7,0
P009,2023-05-04,297,7,0
P009,2023-05-05,290,7,0
P009,2023-05-06,283,7,0
P009,2023-05-07,277,6,0
P009,2023-05-08,271,6,0
P009,2023-05-09,264,7,0
P009,2023-05-10,261,3,0
P009,2023-05-11,254,7,0
P009,2023-05-12,249,5,0
P009,2023-05-13,238,11,0
P009,2023-05-14,229,9,0
P009,2023-05-15,223,6,0
P009,2023-05-16,216,7,0
P009,2023-05-17,209,7,0
P009,2023-05-18,202,7,0
P009,2023-05-19,197,5,0
P009,2023-05-20,190,7,0
P009,2023-05-21,184,6,0
P009,2023-05-22,180,4,0
P009,2023-05-23,174,6,0
P009,2023-05-24,167,7,0
P009,2023-05-25,162,5,0
P009,2023-05-26,157,5,0
P009,2023-05-27,148,9,0
P009,2023-05-28,140,8,0
P009,2023-05-29,134,6,0
P009,2023-05-30,129,5,0
P009,2023-05-31,122,7,0
P009,2023-06-01,297,5,0
P009,2023-06-02,289,8,0
P009,2023-06-03,281,8,0
P009,2023-06-04,272,9,0
P009,2023-06-05,264,8,0
P009,2023-06-06,257,7,0
P009,2023-06-07,251,6,0
P009,2023-06-08,244,7,0
P009,2023-06-09,239,5,0
P009,2023-06-10,234,5,0
P009,2023-06-11,223,11,0
P009,2023-06-12,217,6,0
P009,2023-06-13,213,4,0
P009,2023-06-14,206,7,0
P009,2023-06-15,199,7,0
P009,2023-06-16,195,4,0
P009,2023-06-17,188,7,0
P009,2023-06-18,177,11,0
P009,2023-06-19,170,7,0
P009,2023-06-20,167,3,0
P009,2023-06-21,163,4,0
P009,2023-06-22,159,4,0
P009,2023-06-23,155,4,0
P009,2023-06-24,147,8,0
P009,2023-06-25,138,9,0
P009,2023-06-26,134,4,0
P009,2023-06-27,130,4,0
P009,2023-06-28,122,8,0
P009,2023-06-29,115,7,0
P009,2023-06-30,112,3,0
P009,2023-07-01,279,13,0
P009,2023-07-02,269,10,0
P009,2023-07-03,265,4,0
P009,2023-07-04,261,4,0
P009,2023-07-05,253,8,0
P009,2023-07-06,248,5,0
P009,2023-07-07,243,5,0
P009,2023-07-08,235,8,0
P009,2023-07-09,225,10,0
P009,2023-07-10,219,6,0
P009,2023-07-11,216,3,0
P009,2023-07-12,211,5,0
P009,2023-07-13,207,4,0
P009,2023-07-14,200,7,0
P009,2023-07-15,191,9,0
P009,2023-07-16,179,12,0
P009,2023-07-17,175,4,0
P009,2023-07-18,169,6,0
P009,2023-07-19,165,4,0
P009,2023-07-20,159,6,0
P009,2023-07-21,155,4,0
P009,2023-07-22,143,12,0
P009,2023-07-23,132,11,0
P009,2023-07-24,124,8,0
P009,2023-07-25,119,5,0
P009,2023-07-26,112,7,0
P009,2023-07-27,106,6,0
P009,2023-07-28,101,5,0
P009,2023-07-29,93,8,0
P009,2023-07-30,84,9,0
P009,2023-07-31,76,8,0
P009,2023-08-01,250,6,0
P009,2023-08-02,243,7,0
P009,2023-08-03,236,7,0
P009,2023-08-04,231,5,0
P009,2023-08-05,224,7,0
P009,2023-08-06,214,10,0
P009,2023-08-07,206,8,0
P009,2023-08-08,200,6,0
P009,2023-08-09,195,5,0
P009,2023-08-10,190,5,0
P009,2023-08-11,184,6,0
P009,2023-08-12,174,10,0
P009,2023-08-13,164,10,0
P009,2023-08-14,160,4,0
P009,2023-08-15,153,7,0
P009,2023-08-16,149,4,0
P009,2023-08-17,145,4,0
P009,2023-08-18,139,6,0
P009,2023-08-19,131,8,0
P009,2023-08-20,122,9,0
P009,2023-08-21,116,6,0
P009,2023-08-22,108,8,0
P009,2023-08-23,102,6,0
P009,2023-08-24,97,5,0
P009,2023-08-25,90,7,0
P009,2023-08-26,85,5,0
P009,2023-08-27,77,8,0
P009,2023-08-28,72,5,0
P009,2023-08-29,65,7,0
P009,2023-08-30,61,4,0
P009,2023-08-31,57,4,0
P009,2023-09-01,233,4,0
P009,2023-09-02,224,9,0
P009,2023-09-03,210,14,0
P009,2023-09-04,205,5,0
P009,2023-09-05,199,6,0
P009,2023-09-06,191,8,0
P009,2023-09-07,184,7,0
P009,2023-09-08,176,8,0
P009,2023-09-09,168,8,0
P009,2023-09-10,156,12,0
P009,2023-09-11,152,4,0
P009,2023-09-12,147,5,0
P009,2023-09-13,142,5,0
P009,2023-09-14,135,7,0
P009,2023-09-15,129,6,0
P009,2023-09-16,119,10,0
P009,2023-09-17,107,12,0
P009,2023-09-18,99,8,0
P009,2023-09-19,92,7,0
P009,2023-09-20,84,8,0
P009,2023-09-21,78,6,0
P009,2023-09-22,74,4,0
P009,2023-09-23,65,9,0
P009,2023-09-24,58,7,0
P009,2023-09-25,53,5,0
P009,2023-09-26,49,4,0
P009,2023-09-27,43,6,0
P009,2023-09-28,35,8,0
P009,2023-09-29,27,8,0
P009,2023-09-30,20,7,0
P009,2023-10-01,105,14,0
P009,2023-10-02,101,4,0
P009,2023-10-03,92,9,0
P009,2023-10-04,83,9,0
P009,2023-10-05,78,5,0
P009,2023-10-06,72,6,0
P009,2023-10-07,60,12,0
P009,2023-10-08,52,8,0
P009,2023-10-09,45,7,0
P009,2023-10-10,38,7,0
P009,2023-10-11,34,4,0
P009,2023-10-12,29,5,0
P009,2023-10-13,24,5,0
P009,2023-10-14,11,13,0
P009,2023-10-15,0,11,1
P009,2023-10-16,0,0,1
P009,2023-10-17,0,0,1
P009,2023-10-18,0,0,1
P009,2023-10-19,0,0,1
P009,2023-10-20,0,0,1
P009,2023-10-21,0,0,1
P009,2023-10-22,0,0,1
P009,2023-10-23,0,0,1
P009,2023-10-24,0,0,1
P009,2023-10-25,0,0,1
P009,2023-10-26,0,0,1
P009,2023-10-27,0,0,1
P009,2023-10-28,0,0,1
P009,2023-10-29,0,0,1
P009,2023-10-30,0,0,1
P009,2023-10-31,0,0,1
P009,2023-11-01,88,11,0
P009,2023-11-02,80,8,0
P009,2023-11-03,73,7,0
P009,2023-11-04,57,16,0
P009,2023-11-05,40,17,0
P009,2023-11-06,27,13,0
P009,2023-11-07,20,7,0
P009,2023-11-08,9,11,0
P009,2023-11-09,1,8,0
P009,2023-11-10,0,1,1
P009,2023-11-11,0,0,1
P009,2023-11-12,0,0,1
P009,2023-11-13,0,0,1
P009,2023-11-14,0,0,1
P009,2023-11-15,0,0,1
P009,2023-11-16,0,0,1
P009,2023-11-17,0,0,1
P009,2023-11-18,0,0,1
P009,2023-11-19,0,0,1
P009,2023-11-20,0,0,1
P009,2023-11-21,0,0,1
P009,2023-11-22,0,0,1
P009,2023-11-23,0,0,1
P009,2023-11-24,0,0,1
P009,2023-11-25,0,0,1
P009,2023-11-26,0,0,1
P009,2023-11-27,0,0,1
P009,2023-11-28,0,0,1
P009,2023-11-29,0,0,1
P009,2023-11-30,0,0,1
P009,2023-12-01,87,12,0
P009,2023-12-02,71,16,0
P009,2023-12-03,56,15,0
P009,2023-12-04,45,11,0
P009,2023-12-05,38,7,0
P009,2023-12-06,29,9,0
P009,2023-12-07,19,10,0
P009,2023-12-08,6,13,0
P009,2023-12-09,0,6,1
P009,2023-12-10,0,0,1
P009,2023-12-11,0,0,1
P009,2023-12-12,0,0,1
P009,2023-12-13,0,0,1
P009,2023-12-14,0,0,1
P009,2023-12-15,0,0,1
P009,2023-12-16,0,0,1
P009,2023-12-17,0,0,1
P009,2023-12-18,0,0,1
P009,2023-12-19,0,0,1
P009,2023-12-20,0,0,1
P009,2023-12-21,0,0,1
P009,2023-12-22,0,0,1
P009,2023-12-23,0,0,1
P009,2023-12-24,0,0,1
P009,2023-12-25,0,0,1
P009,2023-12-26,0,0,1
P009,2023-12-27,0,0,1
P009,2023-12-28,0,0,1
P009,2023-12-29,0,0,1
P009,2023-12-30,0,0,1
P009,2023-12-31,0,0,1
P009,2024-01-01,177,3,0
P009,2024-01-02,175,2,0
P009,2024-01-03,173,2,0
P009,2024-01-04,170,3,0
P009,2024-01-05,167,3,0
P009,2024-01-06,162,5,0
P009,2024-01-07,156,6,0
P009,2024-01-08,153,3,0
P009,2024-01-09,149,4,0
P009,2024-01-10,147,2,0
P009,2024-01-11,144,3,0
P009,2024-01-12,141,3,0
P009,2024-01-13,138,3,0
P009,2024-01-14,132,6,0
P009,2024-01-15,129,3,0
P009,2024-01-16,125,4,0
P009,2024-01-17,122,3,0
P009,2024-01-18,118,4,0
P009,2024-01-19,116,2,0
P009,2024-01-20,112,4,0
P009,2024-01-21,106,6,0
P009,2024-01-22,103,3,0
P009,2024-01-23,100,3,0
P009,2024-01-24,96,4,0
P009,2024-01-25,93,3,0
P009,2024-01-26,90,3,0
P009,2024-01-27,86,4,0
P009,2024-01-28,80,6,0
P009,2024-01-29,78,2,0
P009,2024-01-30,73,5,0
P009,2024-01-31,70,3,0
P009,2024-02-01,247,3,0
P009,2024-02-02,243,4,0
P009,2024-02-03,239,4,0
P009,2024-02-04,231,8,0
P009,2024-02-05,226,5,0
P009,2024-02-06,223,3,0
P009,2024-02-07,219,4,0
P009,2024-02-08,215,4,0
P009,2024-02-09,212,3,0
P009,2024-02-10,206,6,0
P009,2024-02-11,198,8,0
P009,2024-02-12,193,5,0
P009,2024-02-13,190,3,0
P009,2024-02-14,187,3,0
P009,2024-02-15,184,3,0
P009,2024-02-16,181,3,0
P009,2024-02-17,177,4,0
P009,2024-02-18,173,4,0
P009,2024-02-19,168,5,0
P009,2024-02-20,165,3,0
P009,2024-02-21,161,4,0
P009,2024-02-22,157,4,0
P009,2024-02-23,154,3,0
P009,2024-02-24,148,6,0
P009,2024-02-25,143,5,0
P009,2024-02-26,139,4,0
P009,2024-02-27,136,3,0
P009,2024-02-28,133,3,0
P009,2024-02-29,129,4,0
P009,2024-03-01,304,5,0
P009,2024-03-02,299,5,0
P009,2024-03-03,294,5,0
P009,2024-03-04,289,5,0
P009,2024-03-05,284,5,0
P009,2024-03-06,279,5,0
P009,2024-03-07,274,5,0
P009,2024-03-08,270,4,0
P009,2024-03-09,264,6,0
P009,2024-03-10,255,9,0
P009,2024-03-11,249,6,0
P009,2024-03-12,245,4,0
P009,2024-03-13,242,3,0
P009,2024-03-14,239,3,0
P009,2024-03-15,233,6,0
P009,2024-03-16,225,8,0
P009,2024-03-17,217,8,0
P009,2024-03-18,214,3,0
P009,2024-03-19,208,6,0
P009,2024-03-20,204,4,0
P009,2024-03-21,200,4,0
P009,2024-03-22,196,4,0
P009,2024-03-23,189,7,0
P009,2024-03-24,183,6,0
P009,2024-03-25,179,4,0
P009,2024-03-26,176,3,0
P009,2024-03-27,173,3,0
P009,2024-03-28,167,6,0
P009,2024-03-29,161,6,0
P009,2024-03-30,155,6,0
P009,2024-03-31,146,9,0
P009,2024-04-01,319,7,0
P009,2024-04-02,315,4,0
P009,2024-04-03,310,5,0
P009,2024-04-04,307,3,0
P009,2024-04-05,302,5,0
P009,2024-04-06,297,5,0
P009,2024-04-07,287,10,0
P009,2024-04-08,281,6,0
P009,2024-04-09,274,7,0
P009,2024-04-10,271,3,0
P009,2024-04-11,265,6,0
P009,2024-04-12,260,5,0
P009,2024-04-13,252,8,0
P009,2024-04-14,244,8,0
P009,2024-04-15,239,5,0
P009,2024-04-16,232,7,0
P009,2024-04-17,226,6,0
P009,2024-04-18,220,6,0
P009,2024-04-19,215,5,0
P009,2024-04-20,206,9,0
P009,2024-04-21,199,7,0
P009,2024-04-22,196,3,0
P009,2024-04-23,190,6,0
P009,2024-04-24,183,7,0
P009,2024-04-25,177,6,0
P009,2024-04-26,172,5,0
P009,2024-04-27,163,9,0
P009,2024-04-28,158,5,0
P009,2024-04-29,152,6,0
P009,2024-04-30,149,3,0
P009,2024-05-01,323,6,0
P009,2024-05-02,318,5,0
P009,2024-05-03,314,4,0
P009,2024-05-04,306,8,0
P009,2024-05-05,297,9,0
P009,2024-05-06,290,7,0
P009,2024-05-07,286,4,0
P009,2024-05-08,280,6,0
P009,2024-05-09,274,6,0
P009,2024-05-10,267,7,0
P009,2024-05-11,257,10,0
P009,2024-05-12,248,9,0
P009,2024-05-13,243,5,0
P009,2024-05-14,240,3,0
P009,2024-05-15,233,7,0
P009,2024-05-16,227,6,0
P009,2024-05-17,220,7,0
P009,2024-05-18,211,9,0
P009,2024-05-19,201,10,0
P009,2024-05-20,194,7,0
P009,2024-05-21,190,4,0
P009,2024-05-22,187,3,0
P009,2024-05-23,184,3,0
P009,2024-05-24,177,7,0
P009,2024-05-25,167,10,0
P009,2024-05-26,160,7,0
P009,2024-05-27,153,7,0
P009,2024-05-28,146,7,0
P009,2024-05-29,143,3,0
P009,2024-05-30,136,7,0
P009,2024-05-31,132,4,0
P009,2024-06-01,304,8,0
P009,2024-06-02,296,8,0
P009,2024-06-03,292,4,0
P009,2024-06-04,285,7,0
P009,2024-06-05,278,7,0
P009,2024-06-06,273,5,0
P009,2024-06-07,266,7,0
P009,2024-06-08,256,10,0
P009,2024-06-09,246,10,0
P009,2024-06-10,240,6,0
P009,2024-06-11,233,7,0
P009,2024-06-12,229,4,0
P009,2024-06-13,224,5,0
P009,2024-06-14,220,4,0
P009,2024-06-15,210,10,0
P009,2024-06-16,197,13,0
P009,2024-06-17,194,3,0
P009,2024-06-18,188,6,0
P009,2024-06-19,180,8,0
P009,2024-06-20,176,4,0
P009,2024-06-21,170,6,0
P009,2024-06-22,161,9,0
P009,2024-06-23,153,8,0
P009,2024-06-24,146,7,0
P009,2024-06-25,139,7,0
P009,2024-06-26,132,7,0
P009,2024-06-27,128,4,0
P009,2024-06-28,122,6,0
P009,2024-06-29,110,12,0
P009,2024-06-30,105,5,0
P009,2024-07-01,282,3,0
P009,2024-07-02,277,5,0
P009,2024-07-03,271,6,0
P009,2024-07-04,266,5,0
P009,2024-07-05,258,8,0
P009,2024-07-06,251,7,0
P009,2024-07-07,243,8,0
P009,2024-07-08,239,4,0
P009,2024-07-09,234,5,0
P009,2024-07-10,228,6,0
P009,2024-07-11,223,5,0
P009,2024-07-12,218,5,0
P009,2024-07-13,210,8,0
P009,2024-07-14,201,9,0
P009,2024-07-15,196,5,0
P009,2024-07-16,189,7,0
P009,2024-07-17,184,5,0
P009,2024-07-18,180,4,0
P009,2024-07-19,175,5,0
P009,2024-07-20,166,9,0
P009,2024-07-21,158,8,0
P009,2024-07-22,152,6,0
P009,2024-07-23,146,6,0
P009,2024-07-24,141,5,0
P009,2024-07-25,134,7,0
P009,2024-07-26,128,6,0
P009,2024-07-27,120,8,0
P009,2024-07-28,113,7,0
P009,2024-07-29,109,4,0
P009,2024-07-30,104,5,0
P009,2024-07-31,99,5,0
P009,2024-08-01,274,5,0
P009,2024-08-02,267,7,0
P009,2024-08-03,255,12,0
P009,2024-08-04,248,7,0
P009,2024-08-05,242,6,0
P009,2024-08-06,236,6,0
P009,2024-08-07,229,7,0
P009,2024-08-08,223,6,0
P009,2024-08-09,217,6,0
P009,2024-08-10,211,6,0
P009,2024-08-11,203,8,0
P009,2024-08-12,198,5,0
P009,2024-08-13,194,4,0
P009,2024-08-14,189,5,0
P009,2024-08-15,183,6,0
P009,2024-08-16,179,4,0
P009,2024-08-17,171,8,0
P009,2024-08-18,164,7,0
P009,2024-08-19,157,7,0
P009,2024-08-20,151,6,0
P009,2024-08-21,146,5,0
P009,2024-08-22,139,7,0
P009,2024-08-23,135,4,0
P009,2024-08-24,126,9,0
P009,2024-08-25,117,9,0
P009,2024-08-26,111,6,0
P009,2024-08-27,105,6,0
P009,2024-08-28,100,5,0
P009,2024-08-29,92,8,0
P009,2024-08-30,87,5,0
P009,2024-08-31,75,12,0
P009,2024-09-01,248,7,0
P009,2024-09-02,244,4,0
P009,2024-09-03,240,4,0
P009,2024-09-04,236,4,0
P009,2024-09-05,230,6,0
P009,2024-09-06,224,6,0
P009,2024-09-07,216,8,0
P009,2024-09-08,210,6,0
P009,2024-09-09,203,7,0
P009,2024-09-10,198,5,0
P009,2024-09-11,193,5,0
P009,2024-09-12,186,7,0
P009,2024-09-13,179,7,0
P009,2024-09-14,171,8,0
P009,2024-09-15,165,6,0
P009,2024-09-16,160,5,0
P009,2024-09-17,153,7,0
P009,2024-09-18,146,7,0
P009,2024-09-19,139,7,0
P009,2024-09-20,132,7,0
P009,2024-09-21,119,13,0
P009,2024-09-22,108,11,0
P009,2024-09-23,102,6,0
P009,2024-09-24,96,6,0
P009,2024-09-25,91,5,0
P009,2024-09-26,84,7,0
P009,2024-09-27,79,5,0
P009,2024-09-28,65,14,0
P009,2024-09-29,55,10,0
P009,2024-09-30,51,4,0
P009,2024-10-01,141,9,0
P009,2024-10-02,133,8,0
P009,2024-10-03,129,4,0
P009,2024-10-04,122,7,0
P009,2024-10-05,113,9,0
P009,2024-10-06,101,12,0
P009,2024-10-07,93,8,0
P009,2024-10-08,86,7,0
P009,2024-10-09,77,9,0
P009,2024-10-10,68,9,0
P009,2024-10-11,62,6,0
P009,2024-10-12,53,9,0
P009,2024-10-13,43,10,0
P009,2024-10-14,34,9,0
P009,2024-10-15,26,8,0
P009,2024-10-16,20,6,0
P009,2024-10-17,11,9,0
P009,2024-10-18,6,5,0
P009,2024-10-19,0,6,1
P009,2024-10-20,0,0,1
P009,2024-10-21,0,0,1
P009,2024-10-22,0,0,1
P009,2024-10-23,0,0,1
P009,2024-10-24,0,0,1
P009,2024-10-25,0,0,1
P009,2024-10-26,0,0,1
P009,2024-10-27,0,0,1
P009,2024-10-28,0,0,1
P009,2024-10-29,0,0,1
P009,2024-10-30,0,0,1
P009,2024-10-31,0,0,1
P009,2024-11-01,92,7,0
P009,2024-11-02,73,19,0
P009,2024-11-03,63,10,0
P009,2024-11-04,52,11,0
P009,2024-11-05,41,11,0
P009,2024-11-06,30,11,0
P009,2024-11-07,19,11,0
P009,2024-11-08,8,11,0
P009,2024-11-09,0,8,1
P009,2024-11-10,0,0,1
P009,2024-11-11,0,0,1
P009,2024-11-12,0,0,1
P009,2024-11-13,0,0,1
P009,2024-11-14,0,0,1
P009,2024-11-15,0,0,1
P009,2024-11-16,0,0,1
P009,2024-11-17,0,0,1
P009,2024-11-18,0,0,1
P009,2024-11-19,0,0,1
P009,2024-11-20,0,0,1
P009,2024-11-21,0,0,1
P009,2024-11-22,0,0,1
P009,2024-11-23,0,0,1
P009,2024-11-24,0,0,1
P009,2024-11-25,0,0,1
P009,2024-11-26,0,0,1
P009,2024-11-27,0,0,1
P009,2024-11-28,0,0,1
P009,2024-11-29,0,0,1
P009,2024-11-30,0,0,1
P009,2024-12-01,78,21,0
P009,2024-12-02,67,11,0
P009,2024-12-03,57,10,0
P009,2024-12-04,46,11,0
P009,2024-12-05,37,9,0
P009,2024-12-06,28,9,0
P009,2024-12-07,17,11,0
P009,2024-12-08,6,11,0
P009,2024-12-09,0,6,1
P009,2024-12-10,0,0,1
P009,2024-12-11,0,0,1
P009,2024-12-12,0,0,1
P009,2024-12-13,0,0,1
P009,2024-12-14,0,0,1
P009,2024-12-15,0,0,1
P009,2024-12-16,0,0,1
P009,2024-12-17,0,0,1
P009,2024-12-18,0,0,1
P009,2024-12-19,0,0,1
P009,2024-12-20,0,0,1
P009,2024-12-21,0,0,1
P009,2024-12-22,0,0,1
P009,2024-12-23,0,0,1
P009,2024-12-24,0,0,1
P009,2024-12-25,0,0,1
P009,2024-12-26,0,0,1
P009,2024-12-27,0,0,1
P009,2024-12-28,0,0,1
P009,2024-12-29,0,0,1
P009,2024-12-30,0,0,1
P009,2024-12-31,0,0,1
P010,2022-01-01,356,4,0
P010,2022-01-02,349,7,0
P010,2022-01-03,347,2,0
P010,2022-01-04,345,2,0
P010,2022-01-05,341,4,0
P010,2022-01-06,338,3,0
P010,2022-01-07,336,2,0
P010,2022-01-08,330,6,0
P010,2022-01-09,326,4,0
P010,2022-01-10,323,3,0
P010,2022-01-11,319,4,0
P010,2022-01-12,317,2,0
P010,2022-01-13,313,4,0
P010,2022-01-14,309,4,0
P010,2022-01-15,305,4,0
P010,2022-01-16,299,6,0
P010,2022-01-17,297,2,0
P010,2022-01-18,293,4,0
P010,2022-01-19,289,4,0
P010,2022-01-20,286,3,0
P010,2022-01-21,283,3,0
P010,2022-01-22,280,3,0
P010,2022-01-23,276,4,0
P010,2022-01-24,273,3,0
P010,2022-01-25,270,3,0
P010,2022-01-26,267,3,0
P010,2022-01-27,264,3,0
P010,2022-01-28,260,4,0
P010,2022-01-29,256,4,0
P010,2022-01-30,253,3,0
P010,2022-01-31,249,4,0
P010,2022-02-01,426,3,0
P010,2022-02-02,421,5,0
P010,2022-02-03,416,5,0
P010,2022-02-04,411,5,0
P010,2022-02-05,403,8,0
P010,2022-02-06,400,3,0
P010,2022-02-07,395,5,0
P010,2022-02-08,390,5,0
P010,2022-02-09,386,4,0
P010,2022-02-10,383,3,0
P010,2022-02-11,380,3,0
P010,2022-02-12,374,6,0
P010,2022-02-13,368,6,0
P010,2022-02-14,363,5,0
P010,2022-02-15,359,4,0
P010,2022-02-16,356,3,0
P010,2022-02-17,351,5,0
P010,2022-02-18,347,4,0
P010,2022-02-19,341,6,0
P010,2022-02-20,335,6,0
P010,2022-02-21,331,4,0
P010,2022-02-22,326,5,0
P010,2022-02-23,323,3,0
P010,2022-02-24,320,3,0
P010,2022-02-25,317,3,0
P010,2022-02-26,309,8,0
P010,2022-02-27,303,6,0
P010,2022-02-28,301,2,0
P010,2022-03-01,476,5,0
P010,2022-03-02,472,4,0
P010,2022-03-03,469,3,0
P010,2022-03-04,466,3,0
P010,2022-03-05,462,4,0
P010,2022-03-06,457,5,0
P010,2022-03-07,452,5,0
P010,2022-03-08,449,3,0
P010,2022-03-09,444,5,0
P010,2022-03-10,440,4,0
P010,2022-03-11,434,6,0
P010,2022-03-12,430,4,0
P010,2022-03-13,426,4,0
P010,2022-03-14,420,6,0
P010,2022-03-15,414,6,0
P010,2022-03-16,408,6,0
P010,2022-03-17,405,3,0
P010,2022-03-18,402,3,0
P010,2022-03-19,398,4,0
P010,2022-03-20,388,10,0
P010,2022-03-21,385,3,0
P010,2022-03-22,382,3,0
P010,2022-03-23,377,5,0
P010,2022-03-24,373,4,0
P010,2022-03-25,370,3,0
P010,2022-03-26,362,8,0
P010,2022-03-27,353,9,0
P010,2022-03-28,347,6,0
P010,2022-03-29,344,3,0
P010,2022-03-30,341,3,0
P010,2022-03-31,337,4,0
P010,2022-04-01,513,4,0
P010,2022-04-02,508,5,0
P010,2022-04-03,497,11,0
P010,2022-04-04,491,6,0
P010,2022-04-05,488,3,0
P010,2022-04-06,484,4,0
P010,2022-04-07,481,3,0
P010,2022-04-08,477,4,0
P010,2022-04-09,467,10,0
P010,2022-04-10,459,8,0
P010,2022-04-11,455,4,0
P010,2022-04-12,449,6,0
P010,2022-04-13,443,6,0
P010,2022-04-14,438,5,0
P010,2022-04-15,435,3,0
P010,2022-04-16,428,7,0
P010,2022-04-17,423,5,0
P010,2022-04-18,419,4,0
P010,2022-04-19,413,6,0
P010,2022-04-20,407,6,0
P010,2022-04-21,401,6,0
P010,2022-04-22,395,6,0
P010,2022-04-23,388,7,0
P010,2022-04-24,379,9,0
P010,2022-04-25,373,6,0
P010,2022-04-26,367,6,0
P010,2022-04-27,364,3,0
P010,2022-04-28,359,5,0
P010,2022-04-29,353,6,0
P010,2022-04-30,343,10,0
P010,2022-05-01,513,10,0
P010,2022-05-02,507,6,0
P010,2022-05-03,500,7,0
P010,2022-05-04,495,5,0
P010,2022-05-05,490,5,0
P010,2022-05-06,486,4,0
P010,2022-05-07,475,11,0
P010,2022-05-08,466,9,0
P010,2022-05-09,462,4,0
P010,2022-05-10,456,6,0
P010,2022-05-11,450,6,0
P010,2022-05-12,446,4,0
P010,2022-05-13,442,4,0
P010,2022-05-14,434,8,0
P010,2022-05-15,429,5,0
P010,2022-05-16,425,4,0
P010,2022-05-17,418,7,0
P010,2022-05-18,411,7,0
P010,2022-05-19,408,3,0
P010,2022-05-20,404,4,0
P010,2022-05-21,395,9,0
P010,2022-05-22,388,7,0
P010,2022-05-23,382,6,0
P010,2022-05-24,377,5,0
P010,2022-05-25,371,6,0
P010,2022-05-26,365,6,0
P010,2022-05-27,362,3,0
P010,2022-05-28,351,11,0
P010,2022-05-29,344,7,0
P010,2022-05-30,339,5,0
P010,2022-05-31,332,7,0
P010,2022-06-01,508,4,0
P010,2022-06-02,501,7,0
P010,2022-06-03,496,5,0
P010,2022-06-04,485,11,0
P010,2022-06-05,480,5,0
P010,2022-06-06,476,4,0
P010,2022-06-07,473,3,0
P010,2022-06-08,469,4,0
P010,2022-06-09,466,3,0
P010,2022-06-10,459,7,0
P010,2022-06-11,450,9,0
P010,2022-06-12,439,11,0
P010,2022-06-13,434,5,0
P010,2022-06-14,429,5,0
P010,2022-06-15,421,8,0
P010,2022-06-16,416,5,0
P010,2022-06-17,409,7,0
P010,2022-06-18,400,9,0
P010,2022-06-19,388,12,0
P010,2022-06-20,381,7,0
P010,2022-06-21,375,6,0
P010,2022-06-22,368,7,0
P010,2022-06-23,364,4,0
P010,2022-06-24,359,5,0
P010,2022-06-25,351,8,0
P010,2022-06-26,338,13,0
P010,2022-06-27,334,4,0
P010,2022-06-28,327,7,0
P010,2022-06-29,323,4,0
P010,2022-06-30,315,8,0
P010,2022-07-01,492,3,0
P010,2022-07-02,481,11,0
P010,2022-07-03,470,11,0
P010,2022-07-04,462,8,0
P010,2022-07-05,456,6,0
P010,2022-07-06,448,8,0
P010,2022-07-07,443,5,0
P010,2022-07-08,439,4,0
P010,2022-07-09,428,11,0
P010,2022-07-10,417,11,0
P010,2022-07-11,411,6,0
P010,2022-07-12,408,3,0
P010,2022-07-13,402,6,0
P010,2022-07-14,398,4,0
P010,2022-07-15,395,3,0
P010,2022-07-16,383,12,0
P010,2022-07-17,372,11,0
P010,2022-07-18,368,4,0
P010,2022-07-19,360,8,0
P010,2022-07-20,352,8,0
P010,2022-07-21,348,4,0
P010,2022-07-22,340,8,0
P010,2022-07-23,329,11,0
P010,2022-07-24,318,11,0
P010,2022-07-25,312,6,0
P010,2022-07-26,304,8,0
P010,2022-07-27,298,6,0
P010,2022-07-28,295,3,0
P010,2022-07-29,290,5,0
P010,2022-07-30,280,10,0
P010,2022-07-31,267,13,0
P010,2022-08-01,442,5,0
P010,2022-08-02,436,6,0
P010,2022-08-03,429,7,0
P010,2022-08-04,423,6,0
P010,2022-08-05,416,7,0
P010,2022-08-06,405,11,0
P010,2022-08-07,400,5,0
P010,2022-08-08,395,5,0
P010,2022-08-09,388,7,0
P010,2022-08-10,380,8,0
P010,2022-08-11,376,4,0
P010,2022-08-12,370,6,0
P010,2022-08-13,358,12,0
P010,2022-08-14,348,10,0
P010,2022-08-15,341,7,0
P010,2022-08-16,335,6,0
P010,2022-08-17,332,3,0
P010,2022-08-18,325,7,0
P010,2022-08-19,321,4,0
P010,2022-08-20,310,11,0
P010,2022-08-21,299,11,0
P010,2022-08-22,293,6,0
P010,2022-08-23,286,7,0
P010,2022-08-24,280,6,0
P010,2022-08-25,274,6,0
P010,2022-08-26,269,5,0
P010,2022-08-27,257,12,0
P010,2022-08-28,251,6,0
P010,2022-08-29,245,6,0
P010,2022-08-30,241,4,0
P010,2022-08-31,235,6,0
P010,2022-09-01,408,7,0
P010,2022-09-02,401,7,0
P010,2022-09-03,393,8,0
P010,2022-09-04,384,9,0
P010,2022-09-05,380,4,0
P010,2022-09-06,373,7,0
P010,2022-09-07,365,8,0
P010,2022-09-08,358,7,0
P010,2022-09-09,350,8,0
P010,2022-09-10,337,13,0
P010,2022-09-11,329,8,0
P010,2022-09-12,325,4,0
P010,2022-09-13,320,5,0
P010,2022-09-14,315,5,0
P010,2022-09-15,311,4,0
P010,2022-09-16,304,7,0
P010,2022-09-17,294,10,0
P010,2022-09-18,281,13,0
P010,2022-09-19,277,4,0
P010,2022-09-20,273,4,0
P010,2022-09-21,266,7,0
P010,2022-09-22,259,7,0
P010,2022-09-23,250,9,0
P010,2022-09-24,236,14,0
P010,2022-09-25,225,11,0
P010,2022-09-26,216,9,0
P010,2022-09-27,208,8,0
P010,2022-09-28,200,8,0
P010,2022-09-29,194,6,0
P010,2022-09-30,186,8,0
P010,2022-10-01,276,9,0
P010,2022-10-02,262,14,0
P010,2022-10-03,253,9,0
P010,2022-10-04,244,9,0
P010,2022-10-05,235,9,0
P010,2022-10-06,226,9,0
P010,2022-10-07,222,4,0
P010,2022-10-08,208,14,0
P010,2022-10-09,193,15,0
P010,2022-10-10,185,8,0
P010,2022-10-11,181,4,0
P010,2022-10-12,172,9,0
P010,2022-10-13,163,9,0
P010,2022-10-14,159,4,0
P010,2022-10-15,151,8,0
P010,2022-10-16,139,12,0
P010,2022-10-17,134,5,0
P010,2022-10-18,130,4,0
P010,2022-10-19,122,8,0
P010,2022-10-20,114,8,0
P010,2022-10-21,109,5,0
P010,2022-10-22,95,14,0
P010,2022-10-23,82,13,0
P010,2022-10-24,78,4,0
P010,2022-10-25,72,6,0
P010,2022-10-26,65,7,0
P010,2022-10-27,61,4,0
P010,2022-10-28,57,4,0
P010,2022-10-29,44,13,0
P010,2022-10-30,31,13,0
P010,2022-10-31,24,7,0
P010,2022-11-01,115,8,0
P010,2022-11-02,106,9,0
P010,2022-11-03,91,15,0
P010,2022-11-04,76,15,0
P010,2022-11-05,58,18,0
P010,2022-11-06,37,21,0
P010,2022-11-07,29,8,0
P010,2022-11-08,22,7,0
P010,2022-11-09,12,10,0
P010,2022-11-10,0,12,1
P010,2022-11-11,0,0,1
P010,2022-11-12,0,0,1
P010,2022-11-13,0,0,1
P010,2022-11-14,0,0,1
P010,2022-11-15,0,0,1
P010,2022-11-16,0,0,1
P010,2022-11-17,0,0,1
P010,2022-11-18,0,0,1
P010,2022-11-19,0,0,1
P010,2022-11-20,0,0,1
P010,2022-11-21,0,0,1
P010,2022-11-22,0,0,1
P010,2022-11-23,0,0,1
P010,2022-11-24,0,0,1
P010,2022-11-25,0,0,1
P010,2022-11-26,0,0,1
P010,2022-11-27,0,0,1
P010,2022-11-28,0,0,1
P010,2022-11-29,0,0,1
P010,2022-11-30,0,0,1
P010,2022-12-01,88,11,0
P010,2022-12-02,76,12,0
P010,2022-12-03,57,19,0
P010,2022-12-04,40,17,0
P010,2022-12-05,32,8,0
P010,2022-12-06,20,12,0
P010,2022-12-07,12,8,0
P010,2022-12-08,5,7,0
P010,2022-12-09,0,5,1
P010,2022-12-10,0,0,1
P010,2022-12-11,0,0,1
P010,2022-12-12,0,0,1
P010,2022-12-13,0,0,1
P010,2022-12-14,0,0,1
P010,2022-12-15,0,0,1
P010,2022-12-16,0,0,1
P010,2022-12-17,0,0,1
P010,2022-12-18,0,0,1
P010,2022-12-19,0,0,1
P010,2022-12-20,0,0,1
P010,2022-12-21,0,0,1
P010,2022-12-22,0,0,1
P010,2022-12-23,0,0,1
P010,2022-12-24,0,0,1
P010,2022-12-25,0,0,1
P010,2022-12-26,0,0,1
P010,2022-12-27,0,0,1
P010,2022-12-28,0,0,1
P010,2022-12-29,0,0,1
P010,2022-12-30,0,0,1
P010,2022-12-31,0,0,1
P010,2023-01-01,173,7,0
P010,2023-01-02,169,4,0
P010,2023-01-03,166,3,0
P010,2023-01-04,164,2,0
P010,2023-01-05,160,4,0
P010,2023-01-06,158,2,0
P010,2023-01-07,153,5,0
P010,2023-01-08,148,5,0
P010,2023-01-09,144,4,0
P010,2023-01-10,142,2,0
P010,2023-01-11,140,2,0
P010,2023-01-12,138,2,0
P010,2023-01-13,135,3,0
P010,2023-01-14,131,4,0
P010,2023-01-15,128,3,0
P010,2023-01-16,125,3,0
P010,2023-01-17,121,4,0
P010,2023-01-18,117,4,0
P010,2023-01-19,114,3,0
P010,2023-01-20,111,3,0
P010,2023-01-21,105,6,0
P010,2023-01-22,98,7,0
P010,2023-01-23,96,2,0
P010,2023-01-24,92,4,0
P010,2023-01-25,88,4,0
P010,2023-01-26,84,4,0
P010,2023-01-27,82,2,0
P010,2023-01-28,79,3,0
P010,2023-01-29,73,6,0
P010,2023-01-30,70,3,0
P010,2023-01-31,68,2,0
P010,2023-02-01,244,4,0
P010,2023-02-02,241,3,0
P010,2023-02-03,236,5,0
P010,2023-02-04,228,8,0
P010,2023-02-05,223,5,0
P010,2023-02-06,220,3,0
P010,2023-02-07,215,5,0
P010,2023-02-08,213,2,0
P010,2023-02-09,211,2,0
P010,2023-02-10,208,3,0
P010,2023-02-11,204,4,0
P010,2023-02-12,199,5,0
P010,2023-02-13,196,3,0
P010,2023-02-14,192,4,0
P010,2023-02-15,189,3,0
P010,2023-02-16,185,4,0
P010,2023-02-17,182,3,0
P010,2023-02-18,175,7,0
P010,2023-02-19,168,7,0
P010,2023-02-20,163,5,0
P010,2023-02-21,161,2,0
P010,2023-02-22,157,4,0
P010,2023-02-23,152,5,0
P010,2023-02-24,147,5,0
P010,2023-02-25,142,5,0
P010,2023-02-26,139,3,0
P010,2023-02-27,134,5,0
P010,2023-02-28,129,5,0
P010,2023-03-01,303,6,0
P010,2023-03-02,299,4,0
P010,2023-03-03,295,4,0
P010,2023-03-04,289,6,0
P010,2023-03-05,281,8,0
P010,2023-03-06,276,5,0
P010,2023-03-07,271,5,0
P010,2023-03-08,265,6,0
P010,2023-03-09,260,5,0
P010,2023-03-10,254,6,0
P010,2023-03-11,249,5,0
P010,2023-03-12,241,8,0
P010,2023-03-13,237,4,0
P010,2023-03-14,234,3,0
P010,2023-03-15,229,5,0
P010,2023-03-16,225,4,0
P010,2023-03-17,222,3,0
P010,2023-03-18,214,8,0
P010,2023-03-19,208,6,0
P010,2023-03-20,203,5,0
P010,2023-03-21,199,4,0
P010,2023-03-22,194,5,0
P010,2023-03-23,191,3,0
P010,2023-03-24,188,3,0
P010,2023-03-25,182,6,0
P010,2023-03-26,175,7,0
P010,2023-03-27,171,4,0
P010,2023-03-28,168,3,0
P010,2023-03-29,165,3,0
P010,2023-03-30,162,3,0
P010,2023-03-31,156,6,0
P010,2023-04-01,327,9,0
P010,2023-04-02,317,10,0
P010,2023-04-03,313,4,0
P010,2023-04-04,307,6,0
P010,2023-04-05,300,7,0
P010,2023-04-06,295,5,0
P010,2023-04-07,290,5,0
P010,2023-04-08,284,6,0
P010,2023-04-09,275,9,0
P010,2023-04-10,269,6,0
P010,2023-04-11,264,5,0
P010,2023-04-12,261,3,0
P010,2023-04-13,255,6,0
P010,2023-04-14,252,3,0
P010,2023-04-15,245,7,0
P010,2023-04-16,235,10,0
P010,2023-04-17,232,3,0
P010,2023-04-18,226,6,0
P010,2023-04-19,221,5,0
P010,2023-04-20,217,4,0
P010,2023-04-21,211,6,0
P010,2023-04-22,205,6,0
P010,2023-04-23,200,5,0
P010,2023-04-24,196,4,0
P010,2023-04-25,190,6,0
P010,2023-04-26,186,4,0
P010,2023-04-27,179,7,0
P010,2023-04-28,176,3,0
P010,2023-04-29,165,11,0
P010,2023-04-30,157,8,0
P010,2023-05-01,332,5,0
P010,2023-05-02,325,7,0
P010,2023-05-03,321,4,0
P010,2023-05-04,318,3,0
P010,2023-05-05,311,7,0
P010,2023-05-06,300,11,0
P010,2023-05-07,291,9,0
P010,2023-05-08,288,3,0
P010,2023-05-09,281,7,0
P010,2023-05-10,274,7,0
P010,2023-05-11,271,3,0
P010,2023-05-12,267,4,0
P010,2023-05-13,258,9,0
P010,2023-05-14,252,6,0
P010,2023-05-15,248,4,0
P010,2023-05-16,241,7,0
P010,2023-05-17,238,3,0
P010,2023-05-18,234,4,0
P010,2023-05-19,230,4,0
P010,2023-05-20,219,11,0
P010,2023-05-21,210,9,0
P010,2023-05-22,207,3,0
P010,2023-05-23,200,7,0
P010,2023-05-24,196,4,0
P010,2023-05-25,191,5,0
P010,2023-05-26,187,4,0
P010,2023-05-27,177,10,0
P010,2023-05-28,166,11,0
P010,2023-05-29,163,3,0
P010,2023-05-30,160,3,0
P010,2023-05-31,156,4,0
P010,2023-06-01,329,7,0
P010,2023-06-02,323,6,0
P010,2023-06-03,313,10,0
P010,2023-06-04,305,8,0
P010,2023-06-05,298,7,0
P010,2023-06-06,292,6,0
P010,2023-06-07,285,7,0
P010,2023-06-08,280,5,0
P010,2023-06-09,273,7,0
P010,2023-06-10,264,9,0
P010,2023-06-11,256,8,0
P010,2023-06-12,249,7,0
P010,2023-06-13,244,5,0
P010,2023-06-14,239,5,0
P010,2023-06-15,231,8,0
P010,2023-06-16,226,5,0
P010,2023-06-17,220,6,0
P010,2023-06-18,210,10,0
P010,2023-06-19,204,6,0
P010,2023-06-20,197,7,0
P010,2023-06-21,194,3,0
P010,2023-06-22,186,8,0
P010,2023-06-23,179,7,0
P010,2023-06-24,167,12,0
P010,2023-06-25,157,10,0
P010,2023-06-26,152,5,0
P010,2023-06-27,148,4,0
P010,2023-06-28,145,3,0
P010,2023-06-29,138,7,0
P010,2023-06-30,133,5,0
P010,2023-07-01,300,13,0
P010,2023-07-02,290,10,0
P010,2023-07-03,286,4,0
P010,2023-07-04,281,5,0
P010,2023-07-05,275,6,0
P010,2023-07-06,268,7,0
P010,2023-07-07,264,4,0
P010,2023-07-08,257,7,0
P010,2023-07-09,247,10,0
P010,2023-07-10,239,8,0
P010,2023-07-11,235,4,0
P010,2023-07-12,227,8,0
P010,2023-07-13,219,8,0
P010,2023-07-14,215,4,0
P010,2023-07-15,205,10,0
P010,2023-07-16,198,7,0
P010,2023-07-17,192,6,0
P010,2023-07-18,187,5,0
P010,2023-07-19,181,6,0
P010,2023-07-20,176,5,0
P010,2023-07-21,172,4,0
P010,2023-07-22,166,6,0
P010,2023-07-23,158,8,0
P010,2023-07-24,151,7,0
P010,2023-07-25,144,7,0
P010,2023-07-26,136,8,0
P010,2023-07-27,129,7,0
P010,2023-07-28,125,4,0
P010,2023-07-29,117,8,0
P010,2023-07-30,110,7,0
P010,2023-07-31,104,6,0
P010,2023-08-01,279,5,0
P010,2023-08-02,274,5,0
P010,2023-08-03,270,4,0
P010,2023-08-04,265,5,0
P010,2023-08-05,253,12,0
P010,2023-08-06,243,10,0
P010,2023-08-07,239,4,0
P010,2023-08-08,235,4,0
P010,2023-08-09,228,7,0
P010,2023-08-10,220,8,0
P010,2023-08-11,213,7,0
P010,2023-08-12,207,6,0
P010,2023-08-13,201,6,0
P010,2023-08-14,193,8,0
P010,2023-08-15,189,4,0
P010,2023-08-16,181,8,0
P010,2023-08-17,174,7,0
P010,2023-08-18,170,4,0
P010,2023-08-19,158,12,0
P010,2023-08-20,152,6,0
P010,2023-08-21,148,4,0
P010,2023-08-22,144,4,0
P010,2023-08-23,138,6,0
P010,2023-08-24,132,6,0
P010,2023-08-25,128,4,0
P010,2023-08-26,122,6,0
P010,2023-08-27,113,9,0
P010,2023-08-28,106,7,0
P010,2023-08-29,101,5,0
P010,2023-08-30,95,6,0
P010,2023-08-31,90,5,0
P010,2023-09-01,264,6,0
P010,2023-09-02,257,7,0
P010,2023-09-03,250,7,0
P010,2023-09-04,243,7,0
P010,2023-09-05,235,8,0
P010,2023-09-06,231,4,0
P010,2023-09-07,224,7,0
P010,2023-09-08,215,9,0
P010,2023-09-09,209,6,0
P010,2023-09-10,198,11,0
P010,2023-09-11,190,8,0
P010,2023-09-12,185,5,0
P010,2023-09-13,181,4,0
P010,2023-09-14,175,6,0
P010,2023-09-15,171,4,0
P010,2023-09-16,162,9,0
P010,2023-09-17,155,7,0
P010,2023-09-18,147,8,0
P010,2023-09-19,140,7,0
P010,2023-09-20,135,5,0
P010,2023-09-21,127,8,0
P010,2023-09-22,123,4,0
P010,2023-09-23,111,12,0
P010,2023-09-24,104,7,0
P010,2023-09-25,99,5,0
P010,2023-09-26,90,9,0
P010,2023-09-27,84,6,0
P010,2023-09-28,77,7,0
P010,2023-09-29,72,5,0
P010,2023-09-30,59,13,0
P010,2023-10-01,143,15,0
P010,2023-10-02,135,8,0
P010,2023-10-03,128,7,0
P010,2023-10-04,121,7,0
P010,2023-10-05,116,5,0
P010,2023-10-06,109,7,0
P010,2023-10-07,102,7,0
P010,2023-10-08,88,14,0
P010,2023-10-09,83,5,0
P010,2023-10-10,76,7,0
P010,2023-10-11,69,7,0
P010,2023-10-12,63,6,0
P010,2023-10-13,54,9,0
P010,2023-10-14,41,13,0
P010,2023-10-15,31,10,0
P010,2023-10-16,26,5,0
P010,2023-10-17,19,7,0
P010,2023-10-18,10,9,0
P010,2023-10-19,2,8,0
P010,2023-10-20,0,2,1
P010,2023-10-21,0,0,1
P010,2023-10-22,0,0,1
P010,2023-10-23,0,0,1
P010,2023-10-24,0,0,1
P010,2023-10-25,0,0,1
P010,2023-10-26,0,0,1
P010,2023-10-27,0,0,1
P010,2023-10-28,0,0,1
P010,2023-10-29,0,0,1
P010,2023-10-30,0,0,1
P010,2023-10-31,0,0,1
P010,2023-11-01,85,14,0
P010,2023-11-02,71,14,0
P010,2023-11-03,61,10,0
P010,2023-11-04,39,22,0
P010,2023-11-05,18,21,0
P010,2023-11-06,6,12,0
P010,2023-11-07,0,6,1
P010,2023-11-08,0,0,1
P010,2023-11-09,0,0,1
P010,2023-11-10,0,0,1
P010,2023-11-11,0,0,1
P010,2023-11-12,0,0,1
P010,2023-11-13,0,0,1
P010,2023-11-14,0,0,1
P010,2023-11-15,0,0,1
P010,2023-11-16,0,0,1
P010,2023-11-17,0,0,1
P010,2023-11-18,0,0,1
P010,2023-11-19,0,0,1
P010,2023-11-20,0,0,1
P010,2023-11-21,0,0,1
P010,2023-11-22,0,0,1
P010,2023-11-23,0,0,1
P010,2023-11-24,0,0,1
P010,2023-11-25,0,0,1
P010,2023-11-26,0,0,1
P010,2023-11-27,0,0,1
P010,2023-11-28,0,0,1
P010,2023-11-29,0,0,1
P010,2023-11-30,0,0,1
P010,2023-12-01,88,11,0
P010,2023-12-02,69,19,0
P010,2023-12-03,52,17,0
P010,2023-12-04,46,6,0
P010,2023-12-05,38,8,0
P010,2023-12-06,30,8,0
P010,2023-12-07,23,7,0
P010,2023-12-08,16,7,0
P010,2023-12-09,6,10,0
P010,2023-12-10,0,6,1
P010,2023-12-11,0,0,1
P010,2023-12-12,0,0,1
P010,2023-12-13,0,0,1
P010,2023-12-14,0,0,1
P010,2023-12-15,0,0,1
P010,2023-12-16,0,0,1
P010,2023-12-17,0,0,1
P010,2023-12-18,0,0,1
P010,2023-12-19,0,0,1
P010,2023-12-20,0,0,1
P010,2023-12-21,0,0,1
P010,2023-12-22,0,0,1
P010,2023-12-23,0,0,1
P010,2023-12-24,0,0,1
P010,2023-12-25,0,0,1
P010,2023-12-26,0,0,1
P010,2023-12-27,0,0,1
P010,2023-12-28,0,0,1
P010,2023-12-29,0,0,1
P010,2023-12-30,0,0,1
P010,2023-12-31,0,0,1
P010,2024-01-01,177,3,0
P010,2024-01-02,173,4,0
P010,2024-01-03,171,2,0
P010,2024-01-04,168,3,0
P010,2024-01-05,166,2,0
P010,2024-01-06,159,7,0
P010,2024-01-07,154,5,0
P010,2024-01-08,150,4,0
P010,2024-01-09,147,3,0
P010,2024-01-10,143,4,0
P010,2024-01-11,140,3,0
P010,2024-01-12,136,4,0
P010,2024-01-13,129,7,0
P010,2024-01-14,125,4,0
P010,2024-01-15,123,2,0
P010,2024-01-16,119,4,0
P010,2024-01-17,116,3,0
P010,2024-01-18,114,2,0
P010,2024-01-19,111,3,0
P010,2024-01-20,105,6,0
P010,2024-01-21,101,4,0
P010,2024-01-22,97,4,0
P010,2024-01-23,95,2,0
P010,2024-01-24,92,3,0
P010,2024-01-25,89,3,0
P010,2024-01-26,85,4,0
P010,2024-01-27,79,6,0
P010,2024-01-28,74,5,0
P010,2024-01-29,72,2,0
P010,2024-01-30,68,4,0
P010,2024-01-31,65,3,0
P010,2024-02-01,242,3,0
P010,2024-02-02,239,3,0
P010,2024-02-03,232,7,0
P010,2024-02-04,228,4,0
P010,2024-02-05,225,3,0
P010,2024-02-06,221,4,0
P010,2024-02-07,218,3,0
P010,2024-02-08,215,3,0
P010,2024-02-09,212,3,0
P010,2024-02-10,204,8,0
P010,2024-02-11,197,7,0
P010,2024-02-12,193,4,0
P010,2024-02-13,189,4,0
P010,2024-02-14,185,4,0
P010,2024-02-15,180,5,0
P010,2024-02-16,177,3,0
P010,2024-02-17,170,7,0
P010,2024-02-18,163,7,0
P010,2024-02-19,161,2,0
P010,2024-02-20,159,2,0
P010,2024-02-21,154,5,0
P010,2024-02-22,151,3,0
P010,2024-02-23,147,4,0
P010,2024-02-24,142,5,0
P010,2024-02-25,134,8,0
P010,2024-02-26,132,2,0
P010,2024-02-27,129,3,0
P010,2024-02-28,127,2,0
P010,2024-02-29,123,4,0
P010,2024-03-01,300,3,0
P010,2024-03-02,290,10,0
P010,2024-03-03,280,10,0
P010,2024-03-04,275,5,0
P010,2024-03-05,270,5,0
P010,2024-03-06,265,5,0
P010,2024-03-07,262,3,0
P010,2024-03-08,259,3,0
P010,2024-03-09,252,7,0
P010,2024-03-10,243,9,0
P010,2024-03-11,239,4,0
P010,2024-03-12,235,4,0
P010,2024-03-13,229,6,0
P010,2024-03-14,223,6,0
P010,2024-03-15,218,5,0
P010,2024-03-16,211,7,0
P010,2024-03-17,205,6,0
P010,2024-03-18,200,5,0
P010,2024-03-19,194,6,0
P010,2024-03-20,189,5,0
P010,2024-03-21,184,5,0
P010,2024-03-22,179,5,0
P010,2024-03-23,169,10,0
P010,2024-03-24,162,7,0
P010,2024-03-25,158,4,0
P010,2024-03-26,153,5,0
P010,2024-03-27,148,5,0
P010,2024-03-28,142,6,0
P010,2024-03-29,136,6,0
P010,2024-03-30,128,8,0
P010,2024-03-31,122,6,0
P010,2024-04-01,295,7,0
P010,2024-04-02,291,4,0
P010,2024-04-03,288,3,0
P010,2024-04-04,285,3,0
P010,2024-04-05,280,5,0
P010,2024-04-06,275,5,0
P010,2024-04-07,268,7,0
P010,2024-04-08,262,6,0
P010,2024-04-09,256,6,0
P010,2024-04-10,250,6,0
P010,2024-04-11,246,4,0
P010,2024-04-12,242,4,0
P010,2024-04-13,237,5,0
P010,2024-04-14,231,6,0
P010,2024-04-15,224,7,0
P010,2024-04-16,218,6,0
P010,2024-04-17,214,4,0
P010,2024-04-18,207,7,0
P010,2024-04-19,201,6,0
P010,2024-04-20,191,10,0
P010,2024-04-21,185,6,0
P010,2024-04-22,180,5,0
P010,2024-04-23,176,4,0
P010,2024-04-24,170,6,0
P010,2024-04-25,165,5,0
P010,2024-04-26,159,6,0
P010,2024-04-27,153,6,0
P010,2024-04-28,148,5,0
P010,2024-04-29,144,4,0
P010,2024-04-30,137,7,0
P010,2024-05-01,313,4,0
P010,2024-05-02,306,7,0
P010,2024-05-03,301,5,0
P010,2024-05-04,290,11,0
P010,2024-05-05,282,8,0
P010,2024-05-06,278,4,0
P010,2024-05-07,274,4,0
P010,2024-05-08,269,5,0
P010,2024-05-09,265,4,0
P010,2024-05-10,258,7,0
P010,2024-05-11,247,11,0
P010,2024-05-12,239,8,0
P010,2024-05-13,232,7,0
P010,2024-05-14,226,6,0
P010,2024-05-15,219,7,0
P010,2024-05-16,213,6,0
P010,2024-05-17,209,4,0
P010,2024-05-18,197,12,0
P010,2024-05-19,191,6,0
P010,2024-05-20,184,7,0
P010,2024-05-21,179,5,0
P010,2024-05-22,173,6,0
P010,2024-05-23,169,4,0
P010,2024-05-24,163,6,0
P010,2024-05-25,155,8,0
P010,2024-05-26,150,5,0
P010,2024-05-27,146,4,0
P010,2024-05-28,141,5,0
P010,2024-05-29,136,5,0
P010,2024-05-30,130,6,0
P010,2024-05-31,124,6,0
P010,2024-06-01,292,12,0
P010,2024-06-02,281,11,0
P010,2024-06-03,277,4,0
P010,2024-06-04,271,6,0
P010,2024-06-05,265,6,0
P010,2024-06-06,258,7,0
P010,2024-06-07,255,3,0
P010,2024-06-08,243,12,0
P010,2024-06-09,232,11,0
P010,2024-06-10,226,6,0
P010,2024-06-11,221,5,0
P010,2024-06-12,215,6,0
P010,2024-06-13,209,6,0
P010,2024-06-14,204,5,0
P010,2024-06-15,194,10,0
P010,2024-06-16,184,10,0
P010,2024-06-17,179,5,0
P010,2024-06-18,172,7,0
P010,2024-06-19,167,5,0
P010,2024-06-20,161,6,0
P010,2024-06-21,154,7,0
P010,2024-06-22,147,7,0
P010,2024-06-23,135,12,0
P010,2024-06-24,130,5,0
P010,2024-06-25,125,5,0
P010,2024-06-26,119,6,0
P010,2024-06-27,116,3,0
P010,2024-06-28,112,4,0
P010,2024-06-29,106,6,0
P010,2024-06-30,95,11,0
P010,2024-07-01,268,7,0
P010,2024-07-02,260,8,0
P010,2024-07-03,255,5,0
P010,2024-07-04,251,4,0
P010,2024-07-05,247,4,0
P010,2024-07-06,239,8,0
P010,2024-07-07,226,13,0
P010,2024-07-08,221,5,0
P010,2024-07-09,215,6,0
P010,2024-07-10,208,7,0
P010,2024-07-11,203,5,0
P010,2024-07-12,198,5,0
P010,2024-07-13,192,6,0
P010,2024-07-14,185,7,0
P010,2024-07-15,181,4,0
P010,2024-07-16,174,7,0
P010,2024-07-17,169,5,0
P010,2024-07-18,165,4,0
P010,2024-07-19,159,6,0
P010,2024-07-20,148,11,0
P010,2024-07-21,136,12,0
P010,2024-07-22,131,5,0
P010,2024-07-23,125,6,0
P010,2024-07-24,119,6,0
P010,2024-07-25,114,5,0
P010,2024-07-26,106,8,0
P010,2024-07-27,100,6,0
P010,2024-07-28,90,10,0
P010,2024-07-29,83,7,0
P010,2024-07-30,78,5,0
P010,2024-07-31,70,8,0
P010,2024-08-01,244,6,0
P010,2024-08-02,237,7,0
P010,2024-08-03,229,8,0
P010,2024-08-04,223,6,0
P010,2024-08-05,218,5,0
P010,2024-08-06,211,7,0
P010,2024-08-07,206,5,0
P010,2024-08-08,201,5,0
P010,2024-08-09,195,6,0
P010,2024-08-10,185,10,0
P010,2024-08-11,176,9,0
P010,2024-08-12,171,5,0
P010,2024-08-13,168,3,0
P010,2024-08-14,161,7,0
P010,2024-08-15,155,6,0
P010,2024-08-16,148,7,0
P010,2024-08-17,139,9,0
P010,2024-08-18,133,6,0
P010,2024-08-19,127,6,0
P010,2024-08-20,122,5,0
P010,2024-08-21,118,4,0
P010,2024-08-22,111,7,0
P010,2024-08-23,105,6,0
P010,2024-08-24,95,10,0
P010,2024-08-25,84,11,0
P010,2024-08-26,77,7,0
P010,2024-08-27,72,5,0
P010,2024-08-28,66,6,0
P010,2024-08-29,58,8,0
P010,2024-08-30,50,8,0
P010,2024-08-31,43,7,0
P010,2024-09-01,213,10,0
P010,2024-09-02,207,6,0
P010,2024-09-03,201,6,0
P010,2024-09-04,197,4,0
P010,2024-09-05,193,4,0
P010,2024-09-06,185,8,0
P010,2024-09-07,172,13,0
P010,2024-09-08,161,11,0
P010,2024-09-09,157,4,0
P010,2024-09-10,150,7,0
P010,2024-09-11,145,5,0
P010,2024-09-12,140,5,0
P010,2024-09-13,133,7,0
P010,2024-09-14,120,13,0
P010,2024-09-15,106,14,0
P010,2024-09-16,102,4,0
P010,2024-09-17,97,5,0
P010,2024-09-18,90,7,0
P010,2024-09-19,86,4,0
P010,2024-09-20,81,5,0
P010,2024-09-21,68,13,0
P010,2024-09-22,59,9,0
P010,2024-09-23,55,4,0
P010,2024-09-24,49,6,0
P010,2024-09-25,44,5,0
P010,2024-09-26,40,4,0
P010,2024-09-27,36,4,0
P010,2024-09-28,30,6,0
P010,2024-09-29,23,7,0
P010,2024-09-30,15,8,0
P010,2024-10-01,106,8,0
P010,2024-10-02,98,8,0
P010,2024-10-03,93,5,0
P010,2024-10-04,84,9,0
P010,2024-10-05,75,9,0
P010,2024-10-06,65,10,0
P010,2024-10-07,61,4,0
P010,2024-10-08,55,6,0
P010,2024-10-09,48,7,0
P010,2024-10-10,39,9,0
P010,2024-10-11,30,9,0
P010,2024-10-12,23,7,0
P010,2024-10-13,12,11,0
P010,2024-10-14,3,9,0
P010,2024-10-15,0,3,1
P010,2024-10-16,0,0,1
P010,2024-10-17,0,0,1
P010,2024-10-18,0,0,1
P010,2024-10-19,0,0,1
P010,2024-10-20,0,0,1
P010,2024-10-21,0,0,1
P010,2024-10-22,0,0,1
P010,2024-10-23,0,0,1
P010,2024-10-24,0,0,1
P010,2024-10-25,0,0,1
P010,2024-10-26,0,0,1
P010,2024-10-27,0,0,1
P010,2024-10-28,0,0,1
P010,2024-10-29,0,0,1
P010,2024-10-30,0,0,1
P010,2024-10-31,0,0,1
P010,2024-11-01,87,12,0
P010,2024-11-02,66,21,0
P010,2024-11-03,51,15,0
P010,2024-11-04,38,13,0
P010,2024-11-05,31,7,0
P010,2024-11-06,25,6,0
P010,2024-11-07,14,11,0
P010,2024-11-08,4,10,0
P010,2024-11-09,0,4,1
P010,2024-11-10,0,0,1
P010,2024-11-11,0,0,1
P010,2024-11-12,0,0,1
P010,2024-11-13,0,0,1
P010,2024-11-14,0,0,1
P010,2024-11-15,0,0,1
P010,2024-11-16,0,0,1
P010,2024-11-17,0,0,1
P010,2024-11-18,0,0,1
P010,2024-11-19,0,0,1
P010,2024-11-20,0,0,1
P010,2024-11-21,0,0,1
P010,2024-11-22,0,0,1
P010,2024-11-23,0,0,1
P010,2024-11-24,0,0,1
P010,2024-11-25,0,0,1
P010,2024-11-26,0,0,1
P010,2024-11-27,0,0,1
P010,2024-11-28,0,0,1
P010,2024-11-29,0,0,1
P010,2024-11-30,0,0,1
P010,2024-12-01,79,20,0
P010,2024-12-02,69,10,0
P010,2024-12-03,63,6,0
P010,2024-12-04,54,9,0
P010,2024-12-05,48,6,0
P010,2024-12-06,38,10,0
P010,2024-12-07,29,9,0
P010,2024-12-08,17,12,0
P010,2024-12-09,11,6,0
P010,2024-12-10,2,9,0
P010,2024-12-11,0,2,1
P010,2024-12-12,0,0,1
P010,2024-12-13,0,0,1
P010,2024-12-14,0,0,1
P010,2024-12-15,0,0,1
P010,2024-12-16,0,0,1
P010,2024-12-17,0,0,1
P010,2024-12-18,0,0,1
P010,2024-12-19,0,0,1
P010,2024-12-20,0,0,1
P010,2024-12-21,0,0,1
P010,2024-12-22,0,0,1
P010,2024-12-23,0,0,1
P010,2024-12-24,0,0,1
P010,2024-12-25,0,0,1
P010,2024-12-26,0,0,1
P010,2024-12-27,0,0,1
P010,2024-12-28,0,0,1
P010,2024-12-29,0,0,1
P010,2024-12-30,0,0,1
P010,2024-12-31,0,0,1
P011,2022-01-01,553,7,0
P011,2022-01-02,542,11,0
P011,2022-01-03,539,3,0
P011,2022-01-04,535,4,0
P011,2022-01-05,528,7,0
P011,2022-01-06,521,7,0
P011,2022-01-07,517,4,0
P011,2022-01-08,509,8,0
P011,2022-01-09,503,6,0
P011,2022-01-10,498,5,0
P011,2022-01-11,491,7,0
P011,2022-01-12,488,3,0
P011,2022-01-13,482,6,0
P011,2022-01-14,475,7,0
P011,2022-01-15,469,6,0
P011,2022-01-16,463,6,0
P011,2022-01-17,460,3,0
P011,2022-01-18,454,6,0
P011,2022-01-19,447,7,0
P011,2022-01-20,441,6,0
P011,2022-01-21,437,4,0
P011,2022-01-22,428,9,0
P011,2022-01-23,423,5,0
P011,2022-01-24,416,7,0
P011,2022-01-25,412,4,0
P011,2022-01-26,408,4,0
P011,2022-01-27,403,5,0
P011,2022-01-28,398,5,0
P011,2022-01-29,393,5,0
P011,2022-01-30,383,10,0
P011,2022-01-31,377,6,0
P011,2022-02-01,649,8,0
P011,2022-02-02,643,6,0
P011,2022-02-03,636,7,0
P011,2022-02-04,629,7,0
P011,2022-02-05,618,11,0
P011,2022-02-06,610,8,0
P011,2022-02-07,606,4,0
P011,2022-02-08,599,7,0
P011,2022-02-09,595,4,0
P011,2022-02-10,589,6,0
P011,2022-02-11,582,7,0
P011,2022-02-12,576,6,0
P011,2022-02-13,570,6,0
P011,2022-02-14,563,7,0
P011,2022-02-15,558,5,0
P011,2022-02-16,551,7,0
P011,2022-02-17,546,5,0
P011,2022-02-18,541,5,0
P011,2022-02-19,530,11,0
P011,2022-02-20,520,10,0
P011,2022-02-21,515,5,0
P011,2022-02-22,510,5,0
P011,2022-02-23,505,5,0
P011,2022-02-24,498,7,0
P011,2022-02-25,491,7,0
P011,2022-02-26,478,13,0
P011,2022-02-27,469,9,0
P011,2022-02-28,463,6,0
P011,2022-03-01,737,6,0
P011,2022-03-02,732,5,0
P011,2022-03-03,725,7,0
P011,2022-03-04,720,5,0
P011,2022-03-05,707,13,0
P011,2022-03-06,700,7,0
P011,2022-03-07,693,7,0
P011,2022-03-08,685,8,0
P011,2022-03-09,676,9,0
P011,2022-03-10,667,9,0
P011,2022-03-11,660,7,0
P011,2022-03-12,651,9,0
P011,2022-03-13,636,15,0
P011,2022-03-14,626,10,0
P011,2022-03-15,618,8,0
P011,2022-03-16,609,9,0
P011,2022-03-17,601,8,0
P011,2022-03-18,596,5,0
P011,2022-03-19,584,12,0
P011,2022-03-20,575,9,0
P011,2022-03-21,565,10,0
P011,2022-03-22,556,9,0
P011,2022-03-23,550,6,0
P011,2022-03-24,543,7,0
P011,2022-03-25,539,4,0
P011,2022-03-26,525,14,0
P011,2022-03-27,513,12,0
P011,2022-03-28,509,4,0
P011,2022-03-29,504,5,0
P011,2022-03-30,499,5,0
P011,2022-03-31,493,6,0
P011,2022-04-01,765,8,0
P011,2022-04-02,754,11,0
P011,2022-04-03,739,15,0
P011,2022-04-04,731,8,0
P011,2022-04-05,720,11,0
P011,2022-04-06,709,11,0
P011,2022-04-07,700,9,0
P011,2022-04-08,690,10,0
P011,2022-04-09,680,10,0
P011,2022-04-10,668,12,0
P011,2022-04-11,661,7,0
P011,2022-04-12,651,10,0
P011,2022-04-13,643,8,0
P011,2022-04-14,633,10,0
P011,2022-04-15,625,8,0
P011,2022-04-16,618,7,0
P011,2022-04-17,610,8,0
P011,2022-04-18,600,10,0
P011,2022-04-19,589,11,0
P011,2022-04-20,582,7,0
P011,2022-04-21,575,7,0
P011,2022-04-22,564,11,0
P011,2022-04-23,546,18,0
P011,2022-04-24,535,11,0
P011,2022-04-25,529,6,0
P011,2022-04-26,518,11,0
P011,2022-04-27,507,11,0
P011,2022-04-28,499,8,0
P011,2022-04-29,492,7,0
P011,2022-04-30,479,13,0
P011,2022-05-01,746,13,0
P011,2022-05-02,737,9,0
P011,2022-05-03,731,6,0
P011,2022-05-04,724,7,0
P011,2022-05-05,714,10,0
P011,2022-05-06,703,11,0
P011,2022-05-07,692,11,0
P011,2022-05-08,680,12,0
P011,2022-05-09,673,7,0
P011,2022-05-10,667,6,0
P011,2022-05-11,658,9,0
P011,2022-05-12,648,10,0
P011,2022-05-13,643,5,0
P011,2022-05-14,624,19,0
P011,2022-05-15,606,18,0
P011,2022-05-16,595,11,0
P011,2022-05-17,589,6,0
P011,2022-05-18,583,6,0
P011,2022-05-19,578,5,0
P011,2022-05-20,570,8,0
P011,2022-05-21,559,11,0
P011,2022-05-22,544,15,0
P011,2022-05-23,538,6,0
P011,2022-05-24,529,9,0
P011,2022-05-25,522,7,0
P011,2022-05-26,512,10,0
P011,2022-05-27,502,10,0
P011,2022-05-28,490,12,0
P011,2022-05-29,481,9,0
P011,2022-05-30,474,7,0
P011,2022-05-31,463,11,0
P011,2022-06-01,732,11,0
P011,2022-06-02,723,9,0
P011,2022-06-03,712,11,0
P011,2022-06-04,701,11,0
P011,2022-06-05,683,18,0
P011,2022-06-06,677,6,0
P011,2022-06-07,669,8,0
P011,2022-06-08,660,9,0
P011,2022-06-09,650,10,0
P011,2022-06-10,645,5,0
P011,2022-06-11,633,12,0
P011,2022-06-12,618,15,0
P011,2022-06-13,610,8,0
P011,2022-06-14,598,12,0
P011,2022-06-15,588,10,0
P011,2022-06-16,582,6,0
P011,2022-06-17,574,8,0
P011,2022-06-18,562,12,0
P011,2022-06-19,549,13,0
P011,2022-06-20,539,10,0
P011,2022-06-21,532,7,0
P011,2022-06-22,522,10,0
P011,2022-06-23,514,8,0
P011,2022-06-24,507,7,0
P011,2022-06-25,490,17,0
P011,2022-06-26,471,19,0
P011,2022-06-27,460,11,0
P011,2022-06-28,452,8,0
P011,2022-06-29,441,11,0
P011,2022-06-30,432,9,0
P011,2022-07-01,706,6,0
P011,2022-07-02,694,12,0
P011,2022-07-03,674,20,0
P011,2022-07-04,668,6,0
P011,2022-07-05,660,8,0
P011,2022-07-06,647,13,0
P011,2022-07-07,639,8,0
P011,2022-07-08,629,10,0
P011,2022-07-09,618,11,0
P011,2022-07-10,606,12,0
P011,2022-07-11,594,12,0
P011,2022-07-12,581,13,0
P011,2022-07-13,573,8,0
P011,2022-07-14,564,9,0
P011,2022-07-15,557,7,0
P011,2022-07-16,543,14,0
P011,2022-07-17,527,16,0
P011,2022-07-18,521,6,0
P011,2022-07-19,513,8,0
P011,2022-07-20,503,10,0
P011,2022-07-21,497,6,0
P011,2022-07-22,485,12,0
P011,2022-07-23,472,13,0
P011,2022-07-24,456,16,0
P011,2022-07-25,450,6,0
P011,2022-07-26,437,13,0
P011,2022-07-27,432,5,0
P011,2022-07-28,420,12,0
P011,2022-07-29,410,10,0
P011,2022-07-30,398,12,0
P011,2022-07-31,383,15,0
P011,2022-08-01,654,9,0
P011,2022-08-02,647,7,0
P011,2022-08-03,640,7,0
P011,2022-08-04,634,6,0
P011,2022-08-05,627,7,0
P011,2022-08-06,618,9,0
P011,2022-08-07,604,14,0
P011,2022-08-08,598,6,0
P011,2022-08-09,591,7,0
P011,2022-08-10,580,11,0
P011,2022-08-11,571,9,0
P011,2022-08-12,561,10,0
P011,2022-08-13,548,13,0
P011,2022-08-14,532,16,0
P011,2022-08-15,520,12,0
P011,2022-08-16,510,10,0
P011,2022-08-17,500,10,0
P011,2022-08-18,493,7,0
P011,2022-08-19,481,12,0
P011,2022-08-20,467,14,0
P011,2022-08-21,456,11,0
P011,2022-08-22,451,5,0
P011,2022-08-23,441,10,0
P011,2022-08-24,430,11,0
P011,2022-08-25,422,8,0
P011,2022-08-26,410,12,0
P011,2022-08-27,401,9,0
P011,2022-08-28,390,11,0
P011,2022-08-29,378,12,0
P011,2022-08-30,369,9,0
P011,2022-08-31,358,11,0
P011,2022-09-01,631,7,0
P011,2022-09-02,622,9,0
P011,2022-09-03,604,18,0
P011,2022-09-04,589,15,0
P011,2022-09-05,582,7,0
P011,2022-09-06,569,13,0
P011,2022-09-07,561,8,0
P011,2022-09-08,549,12,0
P011,2022-09-09,538,11,0
P011,2022-09-10,517,21,0
P011,2022-09-11,496,21,0
P011,2022-09-12,486,10,0
P011,2022-09-13,473,13,0
P011,2022-09-14,467,6,0
P011,2022-09-15,458,9,0
P011,2022-09-16,452,6,0
P011,2022-09-17,436,16,0
P011,2022-09-18,416,20,0
P011,2022-09-19,405,11,0
P011,2022-09-20,393,12,0
P011,2022-09-21,380,13,0
P011,2022-09-22,374,6,0
P011,2022-09-23,368,6,0
P011,2022-09-24,353,15,0
P011,2022-09-25,343,10,0
P011,2022-09-26,334,9,0
P011,2022-09-27,326,8,0
P011,2022-09-28,319,7,0
P011,2022-09-29,309,10,0
P011,2022-09-30,302,7,0
P011,2022-10-01,438,18,0
P011,2022-10-02,420,18,0
P011,2022-10-03,410,10,0
P011,2022-10-04,396,14,0
P011,2022-10-05,382,14,0
P011,2022-10-06,370,12,0
P011,2022-10-07,358,12,0
P011,2022-10-08,341,17,0
P011,2022-10-09,331,10,0
P011,2022-10-10,316,15,0
P011,2022-10-11,308,8,0
P011,2022-10-12,300,8,0
P011,2022-10-13,285,15,0
P011,2022-10-14,278,7,0
P011,2022-10-15,266,12,0
P011,2022-10-16,249,17,0
P011,2022-10-17,239,10,0
P011,2022-10-18,227,12,0
P011,2022-10-19,219,8,0
P011,2022-10-20,204,15,0
P011,2022-10-21,193,11,0
P011,2022-10-22,171,22,0
P011,2022-10-23,152,19,0
P011,2022-10-24,145,7,0
P011,2022-10-25,134,11,0
P011,2022-10-26,121,13,0
P011,2022-10-27,112,9,0
P011,2022-10-28,103,9,0
P011,2022-10-29,84,19,0
P011,2022-10-30,60,24,0
P011,2022-10-31,47,13,0
P011,2022-11-01,184,17,0
P011,2022-11-02,161,23,0
P011,2022-11-03,146,15,0
P011,2022-11-04,133,13,0
P011,2022-11-05,111,22,0
P011,2022-11-06,83,28,0
P011,2022-11-07,64,19,0
P011,2022-11-08,49,15,0
P011,2022-11-09,32,17,0
P011,2022-11-10,8,24,0
P011,2022-11-11,0,8,1
P011,2022-11-12,0,0,1
P011,2022-11-13,0,0,1
P011,2022-11-14,0,0,1
P011,2022-11-15,0,0,1
P011,2022-11-16,0,0,1
P011,2022-11-17,0,0,1
P011,2022-11-18,0,0,1
P011,2022-11-19,0,0,1
P011,2022-11-20,0,0,1
P011,2022-11-21,0,0,1
P011,2022-11-22,0,0,1
P011,2022-11-23,0,0,1
P011,2022-11-24,0,0,1
P011,2022-11-25,0,0,1
P011,2022-11-26,0,0,1
P011,2022-11-27,0,0,1
P011,2022-11-28,0,0,1
P011,2022-11-29,0,0,1
P011,2022-11-30,0,0,1
P011,2022-12-01,145,9,0
P011,2022-12-02,136,9,0
P011,2022-12-03,108,28,0
P011,2022-12-04,77,31,0
P011,2022-12-05,67,10,0
P011,2022-12-06,48,19,0
P011,2022-12-07,35,13,0
P011,2022-12-08,15,20,0
P011,2022-12-09,4,11,0
P011,2022-12-10,0,4,1
P011,2022-12-11,0,0,1
P011,2022-12-12,0,0,1
P011,2022-12-13,0,0,1
P011,2022-12-14,0,0,1
P011,2022-12-15,0,0,1
P011,2022-12-16,0,0,1
P011,2022-12-17,0,0,1
P011,2022-12-18,0,0,1
P011,2022-12-19,0,0,1
P011,2022-12-20,0,0,1
P011,2022-12-21,0,0,1
P011,2022-12-22,0,0,1
P011,2022-12-23,0,0,1
P011,2022-12-24,0,0,1
P011,2022-12-25,0,0,1
P011,2022-12-26,0,0,1
P011,2022-12-27,0,0,1
P011,2022-12-28,0,0,1
P011,2022-12-29,0,0,1
P011,2022-12-30,0,0,1
P011,2022-12-31,0,0,1
P011,2023-01-01,274,6,0
P011,2023-01-02,271,3,0
P011,2023-01-03,264,7,0
P011,2023-01-04,257,7,0
P011,2023-01-05,254,3,0
P011,2023-01-06,249,5,0
P011,2023-01-07,239,10,0
P011,2023-01-08,233,6,0
P011,2023-01-09,228,5,0
P011,2023-01-10,221,7,0
P011,2023-01-11,215,6,0
P011,2023-01-12,208,7,0
P011,2023-01-13,202,6,0
P011,2023-01-14,197,5,0
P011,2023-01-15,189,8,0
P011,2023-01-16,182,7,0
P011,2023-01-17,176,6,0
P011,2023-01-18,170,6,0
P011,2023-01-19,167,3,0
P011,2023-01-20,163,4,0
P011,2023-01-21,158,5,0
P011,2023-01-22,153,5,0
P011,2023-01-23,146,7,0
P011,2023-01-24,139,7,0
P011,2023-01-25,133,6,0
P011,2023-01-26,128,5,0
P011,2023-01-27,121,7,0
P011,2023-01-28,116,5,0
P011,2023-01-29,108,8,0
P011,2023-01-30,104,4,0
P011,2023-01-31,101,3,0
P011,2023-02-01,376,5,0
P011,2023-02-02,369,7,0
P011,2023-02-03,361,8,0
P011,2023-02-04,354,7,0
P011,2023-02-05,344,10,0
P011,2023-02-06,337,7,0
P011,2023-02-07,332,5,0
P011,2023-02-08,324,8,0
P011,2023-02-09,317,7,0
P011,2023-02-10,309,8,0
P011,2023-02-11,298,11,0
P011,2023-02-12,288,10,0
P011,2023-02-13,280,8,0
P011,2023-02-14,276,4,0
P011,2023-02-15,272,4,0
P011,2023-02-16,269,3,0
P011,2023-02-17,263,6,0
P011,2023-02-18,250,13,0
P011,2023-02-19,240,10,0
P011,2023-02-20,237,3,0
P011,2023-02-21,231,6,0
P011,2023-02-22,224,7,0
P011,2023-02-23,219,5,0
P011,2023-02-24,215,4,0
P011,2023-02-25,202,13,0
P011,2023-02-26,194,8,0
P011,2023-02-27,190,4,0
P011,2023-02-28,184,6,0
P011,2023-03-01,457,7,0
P011,2023-03-02,450,7,0
P011,2023-03-03,446,4,0
P011,2023-03-04,435,11,0
P011,2023-03-05,424,11,0
P011,2023-03-06,416,8,0
P011,2023-03-07,409,7,0
P011,2023-03-08,400,9,0
P011,2023-03-09,394,6,0
P011,2023-03-10,384,10,0
P011,2023-03-11,368,16,0
P011,2023-03-12,356,12,0
P011,2023-03-13,348,8,0
P011,2023-03-14,343,5,0
P011,2023-03-15,335,8,0
P011,2023-03-16,328,7,0
P011,2023-03-17,319,9,0
P011,2023-03-18,307,12,0
P011,2023-03-19,295,12,0
P011,2023-03-20,286,9,0
P011,2023-03-21,279,7,0
P011,2023-03-22,271,8,0
P011,2023-03-23,265,6,0
P011,2023-03-24,257,8,0
P011,2023-03-25,248,9,0
P011,2023-03-26,234,14,0
P011,2023-03-27,227,7,0
P011,2023-03-28,221,6,0
P011,2023-03-29,215,6,0
P011,2023-03-30,208,7,0
P011,2023-03-31,203,5,0
P011,2023-04-01,470,13,0
P011,2023-04-02,455,15,0
P011,2023-04-03,449,6,0
P011,2023-04-04,443,6,0
P011,2023-04-05,434,9,0
P011,2023-04-06,426,8,0
P011,2023-04-07,419,7,0
P011,2023-04-08,411,8,0
P011,2023-04-09,396,15,0
P011,2023-04-10,389,7,0
P011,2023-04-11,378,11,0
P011,2023-04-12,372,6,0
P011,2023-04-13,361,11,0
P011,2023-04-14,351,10,0
P011,2023-04-15,342,9,0
P011,2023-04-16,330,12,0
P011,2023-04-17,324,6,0
P011,2023-04-18,318,6,0
P011,2023-04-19,312,6,0
P011,2023-04-20,305,7,0
P011,2023-04-21,294,11,0
P011,2023-04-22,281,13,0
P011,2023-04-23,264,17,0
P011,2023-04-24,256,8,0
P011,2023-04-25,249,7,0
P011,2023-04-26,239,10,0
P011,2023-04-27,234,5,0
P011,2023-04-28,227,7,0
P011,2023-04-29,216,11,0
P011,2023-04-30,205,11,0
P011,2023-05-01,474,11,0
P011,2023-05-02,469,5,0
P011,2023-05-03,460,9,0
P011,2023-05-04,449,11,0
P011,2023-05-05,439,10,0
P011,2023-05-06,429,10,0
P011,2023-05-07,411,18,0
P011,2023-05-08,406,5,0
P011,2023-05-09,398,8,0
P011,2023-05-10,389,9,0
P011,2023-05-11,377,12,0
P011,2023-05-12,367,10,0
P011,2023-05-13,349,18,0
P011,2023-05-14,332,17,0
P011,2023-05-15,325,7,0
P011,2023-05-16,315,10,0
P011,2023-05-17,304,11,0
P011,2023-05-18,293,11,0
P011,2023-05-19,281,12,0
P011,2023-05-20,270,11,0
P011,2023-05-21,258,12,0
P011,2023-05-22,248,10,0
P011,2023-05-23,242,6,0
P011,2023-05-24,235,7,0
P011,2023-05-25,230,5,0
P011,2023-05-26,219,11,0
P011,2023-05-27,204,15,0
P011,2023-05-28,194,10,0
P011,2023-05-29,188,6,0
P011,2023-05-30,178,10,0
P011,2023-05-31,173,5,0
P011,2023-06-01,441,12,0
P011,2023-06-02,433,8,0
P011,2023-06-03,421,12,0
P011,2023-06-04,410,11,0
P011,2023-06-05,402,8,0
P011,2023-06-06,395,7,0
P011,2023-06-07,389,6,0
P011,2023-06-08,383,6,0
P011,2023-06-09,375,8,0
P011,2023-06-10,356,19,0
P011,2023-06-11,348,8,0
P011,2023-06-12,340,8,0
P011,2023-06-13,328,12,0
P011,2023-06-14,317,11,0
P011,2023-06-15,309,8,0
P011,2023-06-16,298,11,0
P011,2023-06-17,286,12,0
P011,2023-06-18,271,15,0
P011,2023-06-19,259,12,0
P011,2023-06-20,247,12,0
P011,2023-06-21,242,5,0
P011,2023-06-22,230,12,0
P011,2023-06-23,225,5,0
P011,2023-06-24,210,15,0
P011,2023-06-25,201,9,0
P011,2023-06-26,196,5,0
P011,2023-06-27,185,11,0
P011,2023-06-28,173,12,0
P011,2023-06-29,165,8,0
P011,2023-06-30,156,9,0
P011,2023-07-01,416,20,0
P011,2023-07-02,407,9,0
P011,2023-07-03,400,7,0
P011,2023-07-04,393,7,0
P011,2023-07-05,381,12,0
P011,2023-07-06,371,10,0
P011,2023-07-07,364,7,0
P011,2023-07-08,351,13,0
P011,2023-07-09,332,19,0
P011,2023-07-10,319,13,0
P011,2023-07-11,312,7,0
P011,2023-07-12,305,7,0
P011,2023-07-13,296,9,0
P011,2023-07-14,284,12,0
P011,2023-07-15,268,16,0
P011,2023-07-16,253,15,0
P011,2023-07-17,242,11,0
P011,2023-07-18,235,7,0
P011,2023-07-19,228,7,0
P011,2023-07-20,218,10,0
P011,2023-07-21,211,7,0
P011,2023-07-22,197,14,0
P011,2023-07-23,180,17,0
P011,2023-07-24,171,9,0
P011,2023-07-25,164,7,0
P011,2023-07-26,153,11,0
P011,2023-07-27,147,6,0
P011,2023-07-28,141,6,0
P011,2023-07-29,131,10,0
P011,2023-07-30,118,13,0
P011,2023-07-31,112,6,0
P011,2023-08-01,385,7,0
P011,2023-08-02,376,9,0
P011,2023-08-03,368,8,0
P011,2023-08-04,356,12,0
P011,2023-08-05,337,19,0
P011,2023-08-06,320,17,0
P011,2023-08-07,310,10,0
P011,2023-08-08,303,7,0
P011,2023-08-09,296,7,0
P011,2023-08-10,288,8,0
P011,2023-08-11,279,9,0
P011,2023-08-12,267,12,0
P011,2023-08-13,247,20,0
P011,2023-08-14,236,11,0
P011,2023-08-15,226,10,0
P011,2023-08-16,220,6,0
P011,2023-08-17,214,6,0
P011,2023-08-18,205,9,0
P011,2023-08-19,191,14,0
P011,2023-08-20,172,19,0
P011,2023-08-21,166,6,0
P011,2023-08-22,159,7,0
P011,2023-08-23,147,12,0
P011,2023-08-24,140,7,0
P011,2023-08-25,129,11,0
P011,2023-08-26,114,15,0
P011,2023-08-27,101,13,0
P011,2023-08-28,95,6,0
P011,2023-08-29,86,9,0
P011,2023-08-30,76,10,0
P011,2023-08-31,67,9,0
P011,2023-09-01,334,13,0
P011,2023-09-02,320,14,0
P011,2023-09-03,301,19,0
P011,2023-09-04,290,11,0
P011,2023-09-05,283,7,0
P011,2023-09-06,274,9,0
P011,2023-09-07,262,12,0
P011,2023-09-08,251,11,0
P011,2023-09-09,230,21,0
P011,2023-09-10,217,13,0
P011,2023-09-11,206,11,0
P011,2023-09-12,195,11,0
P011,2023-09-13,183,12,0
P011,2023-09-14,172,11,0
P011,2023-09-15,159,13,0
P011,2023-09-16,148,11,0
P011,2023-09-17,130,18,0
P011,2023-09-18,118,12,0
P011,2023-09-19,107,11,0
P011,2023-09-20,98,9,0
P011,2023-09-21,90,8,0
P011,2023-09-22,83,7,0
P011,2023-09-23,74,9,0
P011,2023-09-24,54,20,0
P011,2023-09-25,46,8,0
P011,2023-09-26,40,6,0
P011,2023-09-27,27,13,0
P011,2023-09-28,17,10,0
P011,2023-09-29,10,7,0
P011,2023-09-30,0,10,1
P011,2023-10-01,143,11,0
P011,2023-10-02,131,12,0
P011,2023-10-03,116,15,0
P011,2023-10-04,103,13,0
P011,2023-10-05,92,11,0
P011,2023-10-06,81,11,0
P011,2023-10-07,69,12,0
P011,2023-10-08,59,10,0
P011,2023-10-09,45,14,0
P011,2023-10-10,30,15,0
P011,2023-10-11,22,8,0
P011,2023-10-12,13,9,0
P011,2023-10-13,0,13,1
P011,2023-10-14,0,0,1
P011,2023-10-15,0,0,1
P011,2023-10-16,0,0,1
P011,2023-10-17,0,0,1
P011,2023-10-18,0,0,1
P011,2023-10-19,0,0,1
P011,2023-10-20,0,0,1
P011,2023-10-21,0,0,1
P011,2023-10-22,0,0,1
P011,2023-10-23,0,0,1
P011,2023-10-24,0,0,1
P011,2023-10-25,0,0,1
P011,2023-10-26,0,0,1
P011,2023-10-27,0,0,1
P011,2023-10-28,0,0,1
P011,2023-10-29,0,0,1
P011,2023-10-30,0,0,1
P011,2023-10-31,0,0,1
P011,2023-11-01,142,12,0
P011,2023-11-02,125,17,0
P011,2023-11-03,113,12,0
P011,2023-11-04,87,26,0
P011,2023-11-05,55,32,0
P011,2023-11-06,43,12,0
P011,2023-11-07,26,17,0
P011,2023-11-08,9,17,0
P011,2023-11-09,0,9,1
P011,2023-11-10,0,0,1
P011,2023-11-11,0,0,1
P011,2023-11-12,0,0,1
P011,2023-11-13,0,0,1
P011,2023-11-14,0,0,1
P011,2023-11-15,0,0,1
P011,2023-11-16,0,0,1
P011,2023-11-17,0,0,1
P011,2023-11-18,0,0,1
P011,2023-11-19,0,0,1
P011,2023-11-20,0,0,1
P011,2023-11-21,0,0,1
P011,2023-11-22,0,0,1
P011,2023-11-23,0,0,1
P011,2023-11-24,0,0,1
P011,2023-11-25,0,0,1
P011,2023-11-26,0,0,1
P011,2023-11-27,0,0,1
P011,2023-11-28,0,0,1
P011,2023-11-29,0,0,1
P011,2023-11-30,0,0,1
P011,2023-12-01,137,17,0
P011,2023-12-02,120,17,0
P011,2023-12-03,106,14,0
P011,2023-12-04,96,10,0
P011,2023-12-05,86,10,0
P011,2023-12-06,76,10,0
P011,2023-12-07,63,13,0
P011,2023-12-08,50,13,0
P011,2023-12-09,23,27,0
P011,2023-12-10,6,17,0
P011,2023-12-11,0,6,1
P011,2023-12-12,0,0,1
P011,2023-12-13,0,0,1
P011,2023-12-14,0,0,1
P011,2023-12-15,0,0,1
P011,2023-12-16,0,0,1
P011,2023-12-17,0,0,1
P011,2023-12-18,0,0,1
P011,2023-12-19,0,0,1
P011,2023-12-20,0,0,1
P011,2023-12-21,0,0,1
P011,2023-12-22,0,0,1
P011,2023-12-23,0,0,1
P011,2023-12-24,0,0,1
P011,2023-12-25,0,0,1
P011,2023-12-26,0,0,1
P011,2023-12-27,0,0,1
P011,2023-12-28,0,0,1
P011,2023-12-29,0,0,1
P011,2023-12-30,0,0,1
P011,2023-12-31,0,0,1
P011,2024-01-01,276,4,0
P011,2024-01-02,272,4,0
P011,2024-01-03,268,4,0
P011,2024-01-04,262,6,0
P011,2024-01-05,255,7,0
P011,2024-01-06,250,5,0
P011,2024-01-07,244,6,0
P011,2024-01-08,238,6,0
P011,2024-01-09,232,6,0
P011,2024-01-10,228,4,0
P011,2024-01-11,222,6,0
P011,2024-01-12,219,3,0
P011,2024-01-13,213,6,0
P011,2024-01-14,202,11,0
P011,2024-01-15,197,5,0
P011,2024-01-16,193,4,0
P011,2024-01-17,189,4,0
P011,2024-01-18,183,6,0
P011,2024-01-19,180,3,0
P011,2024-01-20,173,7,0
P011,2024-01-21,164,9,0
P011,2024-01-22,157,7,0
P011,2024-01-23,152,5,0
P011,2024-01-24,148,4,0
P011,2024-01-25,143,5,0
P011,2024-01-26,139,4,0
P011,2024-01-27,134,5,0
P011,2024-01-28,128,6,0
P011,2024-01-29,121,7,0
P011,2024-01-30,116,5,0
P011,2024-01-31,111,5,0
P011,2024-02-01,383,8,0
P011,2024-02-02,379,4,0
P011,2024-02-03,367,12,0
P011,2024-02-04,359,8,0
P011,2024-02-05,353,6,0
P011,2024-02-06,347,6,0
P011,2024-02-07,341,6,0
P011,2024-02-08,334,7,0
P011,2024-02-09,328,6,0
P011,2024-02-10,315,13,0
P011,2024-02-11,306,9,0
P011,2024-02-12,300,6,0
P011,2024-02-13,293,7,0
P011,2024-02-14,285,8,0
P011,2024-02-15,279,6,0
P011,2024-02-16,275,4,0
P011,2024-02-17,265,10,0
P011,2024-02-18,255,10,0
P011,2024-02-19,250,5,0
P011,2024-02-20,245,5,0
P011,2024-02-21,238,7,0
P011,2024-02-22,232,6,0
P011,2024-02-23,225,7,0
P011,2024-02-24,213,12,0
P011,2024-02-25,208,5,0
P011,2024-02-26,201,7,0
P011,2024-02-27,194,7,0
P011,2024-02-28,186,8,0
P011,2024-02-29,180,6,0
P011,2024-03-01,455,5,0
P011,2024-03-02,441,14,0
P011,2024-03-03,425,16,0
P011,2024-03-04,415,10,0
P011,2024-03-05,406,9,0
P011,2024-03-06,401,5,0
P011,2024-03-07,394,7,0
P011,2024-03-08,385,9,0
P011,2024-03-09,376,9,0
P011,2024-03-10,366,10,0
P011,2024-03-11,360,6,0
P011,2024-03-12,355,5,0
P011,2024-03-13,350,5,0
P011,2024-03-14,341,9,0
P011,2024-03-15,335,6,0
P011,2024-03-16,322,13,0
P011,2024-03-17,313,9,0
P011,2024-03-18,307,6,0
P011,2024-03-19,301,6,0
P011,2024-03-20,293,8,0
P011,2024-03-21,286,7,0
P011,2024-03-22,281,5,0
P011,2024-03-23,268,13,0
P011,2024-03-24,258,10,0
P011,2024-03-25,250,8,0
P011,2024-03-26,241,9,0
P011,2024-03-27,233,8,0
P011,2024-03-28,226,7,0
P011,2024-03-29,219,7,0
P011,2024-03-30,212,7,0
P011,2024-03-31,197,15,0
P011,2024-04-01,472,5,0
P011,2024-04-02,464,8,0
P011,2024-04-03,459,5,0
P011,2024-04-04,451,8,0
P011,2024-04-05,444,7,0
P011,2024-04-06,428,16,0
P011,2024-04-07,417,11,0
P011,2024-04-08,412,5,0
P011,2024-04-09,407,5,0
P011,2024-04-10,399,8,0
P011,2024-04-11,391,8,0
P011,2024-04-12,382,9,0
P011,2024-04-13,370,12,0
P011,2024-04-14,358,12,0
P011,2024-04-15,353,5,0
P011,2024-04-16,346,7,0
P011,2024-04-17,339,7,0
P011,2024-04-18,330,9,0
P011,2024-04-19,323,7,0
P011,2024-04-20,310,13,0
P011,2024-04-21,294,16,0
P011,2024-04-22,289,5,0
P011,2024-04-23,279,10,0
P011,2024-04-24,268,11,0
P011,2024-04-25,261,7,0
P011,2024-04-26,251,10,0
P011,2024-04-27,238,13,0
P011,2024-04-28,227,11,0
P011,2024-04-29,216,11,0
P011,2024-04-30,208,8,0
P011,2024-05-01,477,11,0
P011,2024-05-02,468,9,0
P011,2024-05-03,459,9,0
P011,2024-05-04,440,19,0
P011,2024-05-05,431,9,0
P011,2024-05-06,422,9,0
P011,2024-05-07,415,7,0
P011,2024-05-08,407,8,0
P011,2024-05-09,395,12,0
P011,2024-05-10,387,8,0
P011,2024-05-11,370,17,0
P011,2024-05-12,354,16,0
P011,2024-05-13,342,12,0
P011,2024-05-14,331,11,0
P011,2024-05-15,323,8,0
P011,2024-05-16,318,5,0
P011,2024-05-17,310,8,0
P011,2024-05-18,300,10,0
P011,2024-05-19,283,17,0
P011,2024-05-20,277,6,0
P011,2024-05-21,272,5,0
P011,2024-05-22,263,9,0
P011,2024-05-23,254,9,0
P011,2024-05-24,244,10,0
P011,2024-05-25,226,18,0
P011,2024-05-26,218,8,0
P011,2024-05-27,210,8,0
P011,2024-05-28,204,6,0
P011,2024-05-29,195,9,0
P011,2024-05-30,189,6,0
P011,2024-05-31,180,9,0
P011,2024-06-01,447,13,0
P011,2024-06-02,437,10,0
P011,2024-06-03,431,6,0
P011,2024-06-04,421,10,0
P011,2024-06-05,416,5,0
P011,2024-06-06,404,12,0
P011,2024-06-07,398,6,0
P011,2024-06-08,386,12,0
P011,2024-06-09,372,14,0
P011,2024-06-10,363,9,0
P011,2024-06-11,358,5,0
P011,2024-06-12,350,8,0
P011,2024-06-13,339,11,0
P011,2024-06-14,328,11,0
P011,2024-06-15,313,15,0
P011,2024-06-16,298,15,0
P011,2024-06-17,292,6,0
P011,2024-06-18,280,12,0
P011,2024-06-19,275,5,0
P011,2024-06-20,263,12,0
P011,2024-06-21,254,9,0
P011,2024-06-22,245,9,0
P011,2024-06-23,233,12,0
P011,2024-06-24,224,9,0
P011,2024-06-25,212,12,0
P011,2024-06-26,204,8,0
P011,2024-06-27,193,11,0
P011,2024-06-28,183,10,0
P011,2024-06-29,164,19,0
P011,2024-06-30,149,15,0
P011,2024-07-01,423,6,0
P011,2024-07-02,415,8,0
P011,2024-07-03,408,7,0
P011,2024-07-04,399,9,0
P011,2024-07-05,390,9,0
P011,2024-07-06,371,19,0
P011,2024-07-07,351,20,0
P011,2024-07-08,342,9,0
P011,2024-07-09,336,6,0
P011,2024-07-10,326,10,0
P011,2024-07-11,316,10,0
P011,2024-07-12,309,7,0
P011,2024-07-13,293,16,0
P011,2024-07-14,275,18,0
P011,2024-07-15,262,13,0
P011,2024-07-16,249,13,0
P011,2024-07-17,240,9,0
P011,2024-07-18,230,10,0
P011,2024-07-19,220,10,0
P011,2024-07-20,209,11,0
P011,2024-07-21,194,15,0
P011,2024-07-22,185,9,0
P011,2024-07-23,176,9,0
P011,2024-07-24,166,10,0
P011,2024-07-25,155,11,0
P011,2024-07-26,147,8,0
P011,2024-07-27,138,9,0
P011,2024-07-28,122,16,0
P011,2024-07-29,113,9,0
P011,2024-07-30,101,12,0
P011,2024-07-31,92,9,0
P011,2024-08-01,362,10,0
P011,2024-08-02,352,10,0
P011,2024-08-03,333,19,0
P011,2024-08-04,318,15,0
P011,2024-08-05,306,12,0
P011,2024-08-06,295,11,0
P011,2024-08-07,285,10,0
P011,2024-08-08,274,11,0
P011,2024-08-09,264,10,0
P011,2024-08-10,254,10,0
P011,2024-08-11,244,10,0
P011,2024-08-12,235,9,0
P011,2024-08-13,226,9,0
P011,2024-08-14,220,6,0
P011,2024-08-15,209,11,0
P011,2024-08-16,203,6,0
P011,2024-08-17,188,15,0
P011,2024-08-18,169,19,0
P011,2024-08-19,160,9,0
P011,2024-08-20,151,9,0
P011,2024-08-21,140,11,0
P011,2024-08-22,129,11,0
P011,2024-08-23,119,10,0
P011,2024-08-24,107,12,0
P011,2024-08-25,93,14,0
P011,2024-08-26,86,7,0
P011,2024-08-27,77,9,0
P011,2024-08-28,67,10,0
P011,2024-08-29,56,11,0
P011,2024-08-30,44,12,0
P011,2024-08-31,29,15,0
P011,2024-09-01,296,13,0
P011,2024-09-02,289,7,0
P011,2024-09-03,278,11,0
P011,2024-09-04,272,6,0
P011,2024-09-05,261,11,0
P011,2024-09-06,248,13,0
P011,2024-09-07,236,12,0
P011,2024-09-08,224,12,0
P011,2024-09-09,212,12,0
P011,2024-09-10,202,10,0
P011,2024-09-11,194,8,0
P011,2024-09-12,188,6,0
P011,2024-09-13,177,11,0
P011,2024-09-14,165,12,0
P011,2024-09-15,148,17,0
P011,2024-09-16,138,10,0
P011,2024-09-17,129,9,0
P011,2024-09-18,116,13,0
P011,2024-09-19,109,7,0
P011,2024-09-20,100,9,0
P011,2024-09-21,85,15,0
P011,2024-09-22,70,15,0
P011,2024-09-23,56,14,0
P011,2024-09-24,45,11,0
P011,2024-09-25,32,13,0
P011,2024-09-26,21,11,0
P011,2024-09-27,9,12,0
P011,2024-09-28,0,9,1
P011,2024-09-29,0,0,1
P011,2024-09-30,0,0,1
P011,2024-10-01,142,12,0
P011,2024-10-02,133,9,0
P011,2024-10-03,125,8,0
P011,2024-10-04,112,13,0
P011,2024-10-05,89,23,0
P011,2024-10-06,74,15,0
P011,2024-10-07,62,12,0
P011,2024-10-08,48,14,0
P011,2024-10-09,34,14,0
P011,2024-10-10,22,12,0
P011,2024-10-11,10,12,0
P011,2024-10-12,0,10,1
P011,2024-10-13,0,0,1
P011,2024-10-14,0,0,1
P011,2024-10-15,0,0,1
P011,2024-10-16,0,0,1
P011,2024-10-17,0,0,1
P011,2024-10-18,0,0,1
P011,2024-10-19,0,0,1
P011,2024-10-20,0,0,1
P011,2024-10-21,0,0,1
P011,2024-10-22,0,0,1
P011,2024-10-23,0,0,1
P011,2024-10-24,0,0,1
P011,2024-10-25,0,0,1
P011,2024-10-26,0,0,1
P011,2024-10-27,0,0,1
P011,2024-10-28,0,0,1
P011,2024-10-29,0,0,1
P011,2024-10-30,0,0,1
P011,2024-10-31,0,0,1
P011,2024-11-01,135,19,0
P011,2024-11-02,105,30,0
P011,2024-11-03,73,32,0
P011,2024-11-04,50,23,0
P011,2024-11-05,39,11,0
P011,2024-11-06,25,14,0
P011,2024-11-07,12,13,0
P011,2024-11-08,0,12,1
P011,2024-11-09,0,0,1
P011,2024-11-10,0,0,1
P011,2024-11-11,0,0,1
P011,2024-11-12,0,0,1
P011,2024-11-13,0,0,1
P011,2024-11-14,0,0,1
P011,2024-11-15,0,0,1
P011,2024-11-16,0,0,1
P011,2024-11-17,0,0,1
P011,2024-11-18,0,0,1
P011,2024-11-19,0,0,1
P011,2024-11-20,0,0,1
P011,2024-11-21,0,0,1
P011,2024-11-22,0,0,1
P011,2024-11-23,0,0,1
P011,2024-11-24,0,0,1
P011,2024-11-25,0,0,1
P011,2024-11-26,0,0,1
P011,2024-11-27,0,0,1
P011,2024-11-28,0,0,1
P011,2024-11-29,0,0,1
P011,2024-11-30,0,0,1
P011,2024-12-01,128,26,0
P011,2024-12-02,113,15,0
P011,2024-12-03,103,10,0
P011,2024-12-04,87,16,0
P011,2024-12-05,76,11,0
P011,2024-12-06,65,11,0
P011,2024-12-07,35,30,0
P011,2024-12-08,18,17,0
P011,2024-12-09,3,15,0
P011,2024-12-10,0,3,1
P011,2024-12-11,0,0,1
P011,2024-12-12,0,0,1
P011,2024-12-13,0,0,1
P011,2024-12-14,0,0,1
P011,2024-12-15,0,0,1
P011,2024-12-16,0,0,1
P011,2024-12-17,0,0,1
P011,2024-12-18,0,0,1
P011,2024-12-19,0,0,1
P011,2024-12-20,0,0,1
P011,2024-12-21,0,0,1
P011,2024-12-22,0,0,1
P011,2024-12-23,0,0,1
P011,2024-12-24,0,0,1
P011,2024-12-25,0,0,1
P011,2024-12-26,0,0,1
P011,2024-12-27,0,0,1
P011,2024-12-28,0,0,1
P011,2024-12-29,0,0,1
P011,2024-12-30,0,0,1
P011,2024-12-31,0,0,1
P012,2022-01-01,554,6,0
P012,2022-01-02,543,11,0
P012,2022-01-03,538,5,0
P012,2022-01-04,533,5,0
P012,2022-01-05,530,3,0
P012,2022-01-06,526,4,0
P012,2022-01-07,523,3,0
P012,2022-01-08,512,11,0
P012,2022-01-09,503,9,0
P012,2022-01-10,500,3,0
P012,2022-01-11,493,7,0
P012,2022-01-12,490,3,0
P012,2022-01-13,483,7,0
P012,2022-01-14,477,6,0
P012,2022-01-15,467,10,0
P012,2022-01-16,460,7,0
P012,2022-01-17,455,5,0
P012,2022-01-18,452,3,0
P012,2022-01-19,448,4,0
P012,2022-01-20,445,3,0
P012,2022-01-21,439,6,0
P012,2022-01-22,428,11,0
P012,2022-01-23,418,10,0
P012,2022-01-24,411,7,0
P012,2022-01-25,404,7,0
P012,2022-01-26,399,5,0
P012,2022-01-27,393,6,0
P012,2022-01-28,390,3,0
P012,2022-01-29,381,9,0
P012,2022-01-30,370,11,0
P012,2022-01-31,363,7,0
P012,2022-02-01,635,8,0
P012,2022-02-02,631,4,0
P012,2022-02-03,625,6,0
P012,2022-02-04,618,7,0
P012,2022-02-05,606,12,0
P012,2022-02-06,597,9,0
P012,2022-02-07,592,5,0
P012,2022-02-08,588,4,0
P012,2022-02-09,583,5,0
P012,2022-02-10,578,5,0
P012,2022-02-11,572,6,0
P012,2022-02-12,565,7,0
P012,2022-02-13,558,7,0
P012,2022-02-14,553,5,0
P012,2022-02-15,547,6,0
P012,2022-02-16,542,5,0
P012,2022-02-17,537,5,0
P012,2022-02-18,529,8,0
P012,2022-02-19,517,12,0
P012,2022-02-20,509,8,0
P012,2022-02-21,504,5,0
P012,2022-02-22,500,4,0
P012,2022-02-23,496,4,0
P012,2022-02-24,492,4,0
P012,2022-02-25,484,8,0
P012,2022-02-26,476,8,0
P012,2022-02-27,465,11,0
P012,2022-02-28,460,5,0
P012,2022-03-01,735,5,0
P012,2022-03-02,729,6,0
P012,2022-03-03,724,5,0
P012,2022-03-04,717,7,0
P012,2022-03-05,702,15,0
P012,2022-03-06,688,14,0
P012,2022-03-07,679,9,0
P012,2022-03-08,670,9,0
P012,2022-03-09,661,9,0
P012,2022-03-10,653,8,0
P012,2022-03-11,645,8,0
P012,2022-03-12,635,10,0
P012,2022-03-13,626,9,0
P012,2022-03-14,620,6,0
P012,2022-03-15,614,6,0
P012,2022-03-16,608,6,0
P012,2022-03-17,598,10,0
P012,2022-03-18,590,8,0
P012,2022-03-19,574,16,0
P012,2022-03-20,565,9,0
P012,2022-03-21,561,4,0
P012,2022-03-22,551,10,0
P012,2022-03-23,545,6,0
P012,2022-03-24,541,4,0
P012,2022-03-25,531,10,0
P012,2022-03-26,515,16,0
P012,2022-03-27,505,10,0
P012,2022-03-28,500,5,0
P012,2022-03-29,494,6,0
P012,2022-03-30,487,7,0
P012,2022-03-31,479,8,0
P012,2022-04-01,751,8,0
P012,2022-04-02,739,12,0
P012,2022-04-03,723,16,0
P012,2022-04-04,715,8,0
P012,2022-04-05,710,5,0
P012,2022-04-06,702,8,0
P012,2022-04-07,692,10,0
P012,2022-04-08,686,6,0
P012,2022-04-09,675,11,0
P012,2022-04-10,661,14,0
P012,2022-04-11,652,9,0
P012,2022-04-12,645,7,0
P012,2022-04-13,636,9,0
P012,2022-04-14,626,10,0
P012,2022-04-15,618,8,0
P012,2022-04-16,606,12,0
P012,2022-04-17,592,14,0
P012,2022-04-18,585,7,0
P012,2022-04-19,580,5,0
P012,2022-04-20,570,10,0
P012,2022-04-21,560,10,0
P012,2022-04-22,554,6,0
P012,2022-04-23,540,14,0
P012,2022-04-24,528,12,0
P012,2022-04-25,521,7,0
P012,2022-04-26,510,11,0
P012,2022-04-27,503,7,0
P012,2022-04-28,493,10,0
P012,2022-04-29,482,11,0
P012,2022-04-30,466,16,0
P012,2022-05-01,732,14,0
P012,2022-05-02,725,7,0
P012,2022-05-03,719,6,0
P012,2022-05-04,711,8,0
P012,2022-05-05,700,11,0
P012,2022-05-06,692,8,0
P012,2022-05-07,678,14,0
P012,2022-05-08,660,18,0
P012,2022-05-09,648,12,0
P012,2022-05-10,639,9,0
P012,2022-05-11,630,9,0
P012,2022-05-12,618,12,0
P012,2022-05-13,611,7,0
P012,2022-05-14,599,12,0
P012,2022-05-15,588,11,0
P012,2022-05-16,583,5,0
P012,2022-05-17,576,7,0
P012,2022-05-18,570,6,0
P012,2022-05-19,560,10,0
P012,2022-05-20,549,11,0
P012,2022-05-21,532,17,0
P012,2022-05-22,517,15,0
P012,2022-05-23,509,8,0
P012,2022-05-24,504,5,0
P012,2022-05-25,496,8,0
P012,2022-05-26,489,7,0
P012,2022-05-27,479,10,0
P012,2022-05-28,464,15,0
P012,2022-05-29,448,16,0
P012,2022-05-30,441,7,0
P012,2022-05-31,430,11,0
P012,2022-06-01,698,12,0
P012,2022-06-02,686,12,0
P012,2022-06-03,675,11,0
P012,2022-06-04,656,19,0
P012,2022-06-05,638,18,0
P012,2022-06-06,626,12,0
P012,2022-06-07,615,11,0
P012,2022-06-08,605,10,0
P012,2022-06-09,595,10,0
P012,2022-06-10,587,8,0
P012,2022-06-11,576,11,0
P012,2022-06-12,564,12,0
P012,2022-06-13,556,8,0
P012,2022-06-14,549,7,0
P012,2022-06-15,537,12,0
P012,2022-06-16,526,11,0
P012,2022-06-17,517,9,0
P012,2022-06-18,497,20,0
P012,2022-06-19,484,13,0
P012,2022-06-20,472,12,0
P012,2022-06-21,464,8,0
P012,2022-06-22,452,12,0
P012,2022-06-23,442,10,0
P012,2022-06-24,431,11,0
P012,2022-06-25,412,19,0
P012,2022-06-26,392,20,0
P012,2022-06-27,382,10,0
P012,2022-06-28,375,7,0
P012,2022-06-29,367,8,0
P012,2022-06-30,357,10,0
P012,2022-07-01,625,12,0
P012,2022-07-02,614,11,0
P012,2022-07-03,599,15,0
P012,2022-07-04,589,10,0
P012,2022-07-05,577,12,0
P012,2022-07-06,570,7,0
P012,2022-07-07,559,11,0
P012,2022-07-08,553,6,0
P012,2022-07-09,534,19,0
P012,2022-07-10,515,19,0
P012,2022-07-11,504,11,0
P012,2022-07-12,495,9,0
P012,2022-07-13,486,9,0
P012,2022-07-14,476,10,0
P012,2022-07-15,470,6,0
P012,2022-07-16,459,11,0
P012,2022-07-17,443,16,0
P012,2022-07-18,437,6,0
P012,2022-07-19,425,12,0
P012,2022-07-20,415,10,0
P012,2022-07-21,407,8,0
P012,2022-07-22,399,8,0
P012,2022-07-23,384,15,0
P012,2022-07-24,366,18,0
P012,2022-07-25,358,8,0
P012,2022-07-26,350,8,0
P012,2022-07-27,342,8,0
P012,2022-07-28,330,12,0
P012,2022-07-29,317,13,0
P012,2022-07-30,306,11,0
P012,2022-07-31,287,19,0
P012,2022-08-01,561,6,0
P012,2022-08-02,550,11,0
P012,2022-08-03,540,10,0
P012,2022-08-04,531,9,0
P012,2022-08-05,519,12,0
P012,2022-08-06,500,19,0
P012,2022-08-07,491,9,0
P012,2022-08-08,479,12,0
P012,2022-08-09,468,11,0
P012,2022-08-10,456,12,0
P012,2022-08-11,446,10,0
P012,2022-08-12,437,9,0
P012,2022-08-13,426,11,0
P012,2022-08-14,406,20,0
P012,2022-08-15,396,10,0
P012,2022-08-16,387,9,0
P012,2022-08-17,375,12,0
P012,2022-08-18,365,10,0
P012,2022-08-19,355,10,0
P012,2022-08-20,336,19,0
P012,2022-08-21,322,14,0
P012,2022-08-22,310,12,0
P012,2022-08-23,304,6,0
P012,2022-08-24,299,5,0
P012,2022-08-25,290,9,0
P012,2022-08-26,280,10,0
P012,2022-08-27,262,18,0
P012,2022-08-28,254,8,0
P012,2022-08-29,244,10,0
P012,2022-08-30,232,12,0
P012,2022-08-31,223,9,0
P012,2022-09-01,492,11,0
P012,2022-09-02,486,6,0
P012,2022-09-03,469,17,0
P012,2022-09-04,454,15,0
P012,2022-09-05,447,7,0
P012,2022-09-06,438,9,0
P012,2022-09-07,427,11,0
P012,2022-09-08,417,10,0
P012,2022-09-09,408,9,0
P012,2022-09-10,386,22,0
P012,2022-09-11,367,19,0
P012,2022-09-12,355,12,0
P012,2022-09-13,346,9,0
P012,2022-09-14,336,10,0
P012,2022-09-15,325,11,0
P012,2022-09-16,315,10,0
P012,2022-09-17,299,16,0
P012,2022-09-18,288,11,0
P012,2022-09-19,277,11,0
P012,2022-09-20,269,8,0
P012,2022-09-21,259,10,0
P012,2022-09-22,251,8,0
P012,2022-09-23,238,13,0
P012,2022-09-24,229,9,0
P012,2022-09-25,217,12,0
P012,2022-09-26,209,8,0
P012,2022-09-27,199,10,0
P012,2022-09-28,188,11,0
P012,2022-09-29,175,13,0
P012,2022-09-30,167,8,0
P012,2022-10-01,301,20,0
P012,2022-10-02,282,19,0
P012,2022-10-03,269,13,0
P012,2022-10-04,262,7,0
P012,2022-10-05,255,7,0
P012,2022-10-06,249,6,0
P012,2022-10-07,238,11,0
P012,2022-10-08,215,23,0
P012,2022-10-09,199,16,0
P012,2022-10-10,191,8,0
P012,2022-10-11,183,8,0
P012,2022-10-12,176,7,0
P012,2022-10-13,165,11,0
P012,2022-10-14,158,7,0
P012,2022-10-15,137,21,0
P012,2022-10-16,115,22,0
P012,2022-10-17,106,9,0
P012,2022-10-18,91,15,0
P012,2022-10-19,79,12,0
P012,2022-10-20,66,13,0
P012,2022-10-21,54,12,0
P012,2022-10-22,37,17,0
P012,2022-10-23,17,20,0
P012,2022-10-24,2,15,0
P012,2022-10-25,0,2,1
P012,2022-10-26,0,0,1
P012,2022-10-27,0,0,1
P012,2022-10-28,0,0,1
P012,2022-10-29,0,0,1
P012,2022-10-30,0,0,1
P012,2022-10-31,0,0,1
P012,2022-11-01,133,21,0
P012,2022-11-02,120,13,0
P012,2022-11-03,97,23,0
P012,2022-11-04,80,17,0
P012,2022-11-05,48,32,0
P012,2022-11-06,11,37,0
P012,2022-11-07,0,11,1
P012,2022-11-08,0,0,1
P012,2022-11-09,0,0,1
P012,2022-11-10,0,0,1
P012,2022-11-11,0,0,1
P012,2022-11-12,0,0,1
P012,2022-11-13,0,0,1
P012,2022-11-14,0,0,1
P012,2022-11-15,0,0,1
P012,2022-11-16,0,0,1
P012,2022-11-17,0,0,1
P012,2022-11-18,0,0,1
P012,2022-11-19,0,0,1
P012,2022-11-20,0,0,1
P012,2022-11-21,0,0,1
P012,2022-11-22,0,0,1
P012,2022-11-23,0,0,1
P012,2022-11-24,0,0,1
P012,2022-11-25,0,0,1
P012,2022-11-26,0,0,1
P012,2022-11-27,0,0,1
P012,2022-11-28,0,0,1
P012,2022-11-29,0,0,1
P012,2022-11-30,0,0,1
P012,2022-12-01,138,16,0
P012,2022-12-02,119,19,0
P012,2022-12-03,105,14,0
P012,2022-12-04,86,19,0
P012,2022-12-05,74,12,0
P012,2022-12-06,60,14,0
P012,2022-12-07,48,12,0
P012,2022-12-08,30,18,0
P012,2022-12-09,16,14,0
P012,2022-12-10,0,16,1
P012,2022-12-11,0,0,1
P012,2022-12-12,0,0,1
P012,2022-12-13,0,0,1
P012,2022-12-14,0,0,1
P012,2022-12-15,0,0,1
P012,2022-12-16,0,0,1
P012,2022-12-17,0,0,1
P012,2022-12-18,0,0,1
P012,2022-12-19,0,0,1
P012,2022-12-20,0,0,1
P012,2022-12-21,0,0,1
P012,2022-12-22,0,0,1
P012,2022-12-23,0,0,1
P012,2022-12-24,0,0,1
P012,2022-12-25,0,0,1
P012,2022-12-26,0,0,1
P012,2022-12-27,0,0,1
P012,2022-12-28,0,0,1
P012,2022-12-29,0,0,1
P012,2022-12-30,0,0,1
P012,2022-12-31,0,0,1
P012,2023-01-01,269,11,0
P012,2023-01-02,265,4,0
P012,2023-01-03,258,7,0
P012,2023-01-04,251,7,0
P012,2023-01-05,245,6,0
P012,2023-01-06,241,4,0
P012,2023-01-07,234,7,0
P012,2023-01-08,228,6,0
P012,2023-01-09,224,4,0
P012,2023-01-10,221,3,0
P012,2023-01-11,217,4,0
P012,2023-01-12,210,7,0
P012,2023-01-13,205,5,0
P012,2023-01-14,199,6,0
P012,2023-01-15,191,8,0
P012,2023-01-16,188,3,0
P012,2023-01-17,181,7,0
P012,2023-01-18,177,4,0
P012,2023-01-19,173,4,0
P012,2023-01-20,166,7,0
P012,2023-01-21,158,8,0
P012,2023-01-22,148,10,0
P012,2023-01-23,141,7,0
P012,2023-01-24,136,5,0
P012,2023-01-25,130,6,0
P012,2023-01-26,123,7,0
P012,2023-01-27,116,7,0
P012,2023-01-28,107,9,0
P012,2023-01-29,97,10,0
P012,2023-01-30,93,4,0
P012,2023-01-31,90,3,0
P012,2023-02-01,363,7,0
P012,2023-02-02,355,8,0
P012,2023-02-03,351,4,0
P012,2023-02-04,340,11,0
P012,2023-02-05,330,10,0
P012,2023-02-06,322,8,0
P012,2023-02-07,314,8,0
P012,2023-02-08,307,7,0
P012,2023-02-09,300,7,0
P012,2023-02-10,293,7,0
P012,2023-02-11,286,7,0
P012,2023-02-12,278,8,0
P012,2023-02-13,273,5,0
P012,2023-02-14,268,5,0
P012,2023-02-15,264,4,0
P012,2023-02-16,258,6,0
P012,2023-02-17,251,7,0
P012,2023-02-18,241,10,0
P012,2023-02-19,232,9,0
P012,2023-02-20,227,5,0
P012,2023-02-21,219,8,0
P012,2023-02-22,211,8,0
P012,2023-02-23,204,7,0
P012,2023-02-24,200,4,0
P012,2023-02-25,190,10,0
P012,2023-02-26,180,10,0
P012,2023-02-27,172,8,0
P012,2023-02-28,168,4,0
P012,2023-03-01,443,5,0
P012,2023-03-02,434,9,0
P012,2023-03-03,426,8,0
P012,2023-03-04,417,9,0
P012,2023-03-05,405,12,0
P012,2023-03-06,396,9,0
P012,2023-03-07,386,10,0
P012,2023-03-08,380,6,0
P012,2023-03-09,373,7,0
P012,2023-03-10,363,10,0
P012,2023-03-11,351,12,0
P012,2023-03-12,340,11,0
P012,2023-03-13,331,9,0
P012,2023-03-14,325,6,0
P012,2023-03-15,315,10,0
P012,2023-03-16,310,5,0
P012,2023-03-17,305,5,0
P012,2023-03-18,298,7,0
P012,2023-03-19,286,12,0
P012,2023-03-20,281,5,0
P012,2023-03-21,275,6,0
P012,2023-03-22,269,6,0
P012,2023-03-23,264,5,0
P012,2023-03-24,258,6,0
P012,2023-03-25,243,15,0
P012,2023-03-26,228,15,0
P012,2023-03-27,224,4,0
P012,2023-03-28,216,8,0
P012,2023-03-29,207,9,0
P012,2023-03-30,201,6,0
P012,2023-03-31,195,6,0
P012,2023-04-01,459,16,0
P012,2023-04-02,450,9,0
P012,2023-04-03,440,10,0
P012,2023-04-04,430,10,0
P012,2023-04-05,423,7,0
P012,2023-04-06,417,6,0
P012,2023-04-07,409,8,0
P012,2023-04-08,397,12,0
P012,2023-04-09,382,15,0
P012,2023-04-10,376,6,0
P012,2023-04-11,371,5,0
P012,2023-04-12,360,11,0
P012,2023-04-13,351,9,0
P012,2023-04-14,346,5,0
P012,2023-04-15,333,13,0
P012,2023-04-16,319,14,0
P012,2023-04-17,310,9,0
P012,2023-04-18,305,5,0
P012,2023-04-19,294,11,0
P012,2023-04-20,285,9,0
P012,2023-04-21,275,10,0
P012,2023-04-22,259,16,0
P012,2023-04-23,246,13,0
P012,2023-04-24,236,10,0
P012,2023-04-25,231,5,0
P012,2023-04-26,226,5,0
P012,2023-04-27,220,6,0
P012,2023-04-28,210,10,0
P012,2023-04-29,199,11,0
P012,2023-04-30,181,18,0
P012,2023-05-01,454,7,0
P012,2023-05-02,445,9,0
P012,2023-05-03,434,11,0
P012,2023-05-04,429,5,0
P012,2023-05-05,421,8,0
P012,2023-05-06,408,13,0
P012,2023-05-07,398,10,0
P012,2023-05-08,386,12,0
P012,2023-05-09,376,10,0
P012,2023-05-10,366,10,0
P012,2023-05-11,355,11,0
P012,2023-05-12,345,10,0
P012,2023-05-13,328,17,0
P012,2023-05-14,310,18,0
P012,2023-05-15,300,10,0
P012,2023-05-16,289,11,0
P012,2023-05-17,278,11,0
P012,2023-05-18,272,6,0
P012,2023-05-19,261,11,0
P012,2023-05-20,247,14,0
P012,2023-05-21,230,17,0
P012,2023-05-22,219,11,0
P012,2023-05-23,213,6,0
P012,2023-05-24,205,8,0
P012,2023-05-25,199,6,0
P012,2023-05-26,192,7,0
P012,2023-05-27,178,14,0
P012,2023-05-28,166,12,0
P012,2023-05-29,159,7,0
P012,2023-05-30,148,11,0
P012,2023-05-31,142,6,0
P012,2023-06-01,412,10,0
P012,2023-06-02,400,12,0
P012,2023-06-03,387,13,0
P012,2023-06-04,371,16,0
P012,2023-06-05,365,6,0
P012,2023-06-06,355,10,0
P012,2023-06-07,347,8,0
P012,2023-06-08,335,12,0
P012,2023-06-09,326,9,0
P012,2023-06-10,311,15,0
P012,2023-06-11,296,15,0
P012,2023-06-12,288,8,0
P012,2023-06-13,280,8,0
P012,2023-06-14,271,9,0
P012,2023-06-15,264,7,0
P012,2023-06-16,259,5,0
P012,2023-06-17,240,19,0
P012,2023-06-18,229,11,0
P012,2023-06-19,221,8,0
P012,2023-06-20,210,11,0
P012,2023-06-21,204,6,0
P012,2023-06-22,197,7,0
P012,2023-06-23,189,8,0
P012,2023-06-24,172,17,0
P012,2023-06-25,159,13,0
P012,2023-06-26,152,7,0
P012,2023-06-27,142,10,0
P012,2023-06-28,131,11,0
P012,2023-06-29,123,8,0
P012,2023-06-30,116,7,0
P012,2023-07-01,380,16,0
P012,2023-07-02,367,13,0
P012,2023-07-03,358,9,0
P012,2023-07-04,346,12,0
P012,2023-07-05,337,9,0
P012,2023-07-06,326,11,0
P012,2023-07-07,320,6,0
P012,2023-07-08,300,20,0
P012,2023-07-09,289,11,0
P012,2023-07-10,277,12,0
P012,2023-07-11,269,8,0
P012,2023-07-12,260,9,0
P012,2023-07-13,248,12,0
P012,2023-07-14,239,9,0
P012,2023-07-15,221,18,0
P012,2023-07-16,204,17,0
P012,2023-07-17,195,9,0
P012,2023-07-18,185,10,0
P012,2023-07-19,177,8,0
P012,2023-07-20,166,11,0
P012,2023-07-21,160,6,0
P012,2023-07-22,142,18,0
P012,2023-07-23,126,16,0
P012,2023-07-24,121,5,0
P012,2023-07-25,111,10,0
P012,2023-07-26,103,8,0
P012,2023-07-27,92,11,0
P012,2023-07-28,84,8,0
P012,2023-07-29,73,11,0
P012,2023-07-30,52,21,0
P012,2023-07-31,39,13,0
P012,2023-08-01,311,8,0
P012,2023-08-02,301,10,0
P012,2023-08-03,291,10,0
P012,2023-08-04,285,6,0
P012,2023-08-05,266,19,0
P012,2023-08-06,253,13,0
P012,2023-08-07,247,6,0
P012,2023-08-08,238,9,0
P012,2023-08-09,232,6,0
P012,2023-08-10,227,5,0
P012,2023-08-11,217,10,0
P012,2023-08-12,208,9,0
P012,2023-08-13,196,12,0
P012,2023-08-14,190,6,0
P012,2023-08-15,182,8,0
P012,2023-08-16,172,10,0
P012,2023-08-17,160,12,0
P012,2023-08-18,152,8,0
P012,2023-08-19,138,14,0
P012,2023-08-20,121,17,0
P012,2023-08-21,112,9,0
P012,2023-08-22,103,9,0
P012,2023-08-23,95,8,0
P012,2023-08-24,86,9,0
P012,2023-08-25,78,8,0
P012,2023-08-26,67,11,0
P012,2023-08-27,52,15,0
P012,2023-08-28,46,6,0
P012,2023-08-29,36,10,0
P012,2023-08-30,30,6,0
P012,2023-08-31,19,11,0
P012,2023-09-01,293,6,0
P012,2023-09-02,278,15,0
P012,2023-09-03,259,19,0
P012,2023-09-04,251,8,0
P012,2023-09-05,245,6,0
P012,2023-09-06,238,7,0
P012,2023-09-07,230,8,0
P012,2023-09-08,220,10,0
P012,2023-09-09,210,10,0
P012,2023-09-10,194,16,0
P012,2023-09-11,186,8,0
P012,2023-09-12,175,11,0
P012,2023-09-13,163,12,0
P012,2023-09-14,152,11,0
P012,2023-09-15,138,14,0
P012,2023-09-16,118,20,0
P012,2023-09-17,107,11,0
P012,2023-09-18,99,8,0
P012,2023-09-19,93,6,0
P012,2023-09-20,80,13,0
P012,2023-09-21,72,8,0
P012,2023-09-22,61,11,0
P012,2023-09-23,43,18,0
P012,2023-09-24,31,12,0
P012,2023-09-25,19,12,0
P012,2023-09-26,9,10,0
P012,2023-09-27,0,9,1
P012,2023-09-28,0,0,1
P012,2023-09-29,0,0,1
P012,2023-09-30,0,0,1
P012,2023-10-01,132,22,0
P012,2023-10-02,118,14,0
P012,2023-10-03,104,14,0
P012,2023-10-04,97,7,0
P012,2023-10-05,85,12,0
P012,2023-10-06,74,11,0
P012,2023-10-07,54,20,0
P012,2023-10-08,43,11,0
P012,2023-10-09,29,14,0
P012,2023-10-10,19,10,0
P012,2023-10-11,8,11,0
P012,2023-10-12,0,8,1
P012,2023-10-13,0,0,1
P012,2023-10-14,0,0,1
P012,2023-10-15,0,0,1
P012,2023-10-16,0,0,1
P012,2023-10-17,0,0,1
P012,2023-10-18,0,0,1
P012,2023-10-19,0,0,1
P012,2023-10-20,0,0,1
P012,2023-10-21,0,0,1
P012,2023-10-22,0,0,1
P012,2023-10-23,0,0,1
P012,2023-10-24,0,0,1
P012,2023-10-25,0,0,1
P012,2023-10-26,0,0,1
P012,2023-10-27,0,0,1
P012,2023-10-28,0,0,1
P012,2023-10-29,0,0,1
P012,2023-10-30,0,0,1
P012,2023-10-31,0,0,1
P012,2023-11-01,135,19,0
P012,2023-11-02,117,18,0
P012,2023-11-03,98,19,0
P012,2023-11-04,62,36,0
P012,2023-11-05,28,34,0
P012,2023-11-06,18,10,0
P012,2023-11-07,7,11,0
P012,2023-11-08,0,7,1
P012,2023-11-09,0,0,1
P012,2023-11-10,0,0,1
P012,2023-11-11,0,0,1
P012,2023-11-12,0,0,1
P012,2023-11-13,0,0,1
P012,2023-11-14,0,0,1
P012,2023-11-15,0,0,1
P012,2023-11-16,0,0,1
P012,2023-11-17,0,0,1
P012,2023-11-18,0,0,1
P012,2023-11-19,0,0,1
P012,2023-11-20,0,0,1
P012,2023-11-21,0,0,1
P012,2023-11-22,0,0,1
P012,2023-11-23,0,0,1
P012,2023-11-24,0,0,1
P012,2023-11-25,0,0,1
P012,2023-11-26,0,0,1
P012,2023-11-27,0,0,1
P012,2023-11-28,0,0,1
P012,2023-11-29,0,0,1
P012,2023-11-30,0,0,1
P012,2023-12-01,134,20,0
P012,2023-12-02,106,28,0
P012,2023-12-03,90,16,0
P012,2023-12-04,75,15,0
P012,2023-12-05,55,20,0
P012,2023-12-06,34,21,0
P012,2023-12-07,22,12,0
P012,2023-12-08,2,20,0
P012,2023-12-09,0,2,1
P012,2023-12-10,0,0,1
P012,2023-12-11,0,0,1
P012,2023-12-12,0,0,1
P012,2023-12-13,0,0,1
P012,2023-12-14,0,0,1
P012,2023-12-15,0,0,1
P012,2023-12-16,0,0,1
P012,2023-12-17,0,0,1
P012,2023-12-18,0,0,1
P012,2023-12-19,0,0,1
P012,2023-12-20,0,0,1
P012,2023-12-21,0,0,1
P012,2023-12-22,0,0,1
P012,2023-12-23,0,0,1
P012,2023-12-24,0,0,1
P012,2023-12-25,0,0,1
P012,2023-12-26,0,0,1
P012,2023-12-27,0,0,1
P012,2023-12-28,0,0,1
P012,2023-12-29,0,0,1
P012,2023-12-30,0,0,1
P012,2023-12-31,0,0,1
P012,2024-01-01,275,5,0
P012,2024-01-02,269,6,0
P012,2024-01-03,265,4,0
P012,2024-01-04,261,4,0
P012,2024-01-05,257,4,0
P012,2024-01-06,249,8,0
P012,2024-01-07,238,11,0
P012,2024-01-08,234,4,0
P012,2024-01-09,230,4,0
P012,2024-01-10,226,4,0
P012,2024-01-11,222,4,0
P012,2024-01-12,217,5,0
P012,2024-01-13,209,8,0
P012,2024-01-14,198,11,0
P012,2024-01-15,193,5,0
P012,2024-01-16,187,6,0
P012,2024-01-17,181,6,0
P012,2024-01-18,174,7,0
P012,2024-01-19,171,3,0
P012,2024-01-20,164,7,0
P012,2024-01-21,154,10,0
P012,2024-01-22,149,5,0
P012,2024-01-23,145,4,0
P012,2024-01-24,140,5,0
P012,2024-01-25,137,3,0
P012,2024-01-26,131,6,0
P012,2024-01-27,122,9,0
P012,2024-01-28,111,11,0
P012,2024-01-29,104,7,0
P012,2024-01-30,98,6,0
P012,2024-01-31,93,5,0
P012,2024-02-01,367,6,0
P012,2024-02-02,361,6,0
P012,2024-02-03,349,12,0
P012,2024-02-04,341,8,0
P012,2024-02-05,337,4,0
P012,2024-02-06,331,6,0
P012,2024-02-07,325,6,0
P012,2024-02-08,320,5,0
P012,2024-02-09,312,8,0
P012,2024-02-10,302,10,0
P012,2024-02-11,291,11,0
P012,2024-02-12,284,7,0
P012,2024-02-13,280,4,0
P012,2024-02-14,275,5,0
P012,2024-02-15,267,8,0
P012,2024-02-16,259,8,0
P012,2024-02-17,253,6,0
P012,2024-02-18,240,13,0
P012,2024-02-19,236,4,0
P012,2024-02-20,232,4,0
P012,2024-02-21,224,8,0
P012,2024-02-22,220,4,0
P012,2024-02-23,216,4,0
P012,2024-02-24,208,8,0
P012,2024-02-25,202,6,0
P012,2024-02-26,195,7,0
P012,2024-02-27,191,4,0
P012,2024-02-28,184,7,0
P012,2024-02-29,178,6,0
P012,2024-03-01,448,10,0
P012,2024-03-02,433,15,0
P012,2024-03-03,425,8,0
P012,2024-03-04,416,9,0
P012,2024-03-05,410,6,0
P012,2024-03-06,400,10,0
P012,2024-03-07,391,9,0
P012,2024-03-08,383,8,0
P012,2024-03-09,369,14,0
P012,2024-03-10,353,16,0
P012,2024-03-11,348,5,0
P012,2024-03-12,339,9,0
P012,2024-03-13,335,4,0
P012,2024-03-14,326,9,0
P012,2024-03-15,318,8,0
P012,2024-03-16,311,7,0
P012,2024-03-17,302,9,0
P012,2024-03-18,293,9,0
P012,2024-03-19,288,5,0
P012,2024-03-20,279,9,0
P012,2024-03-21,272,7,0
P012,2024-03-22,267,5,0
P012,2024-03-23,256,11,0
P012,2024-03-24,247,9,0
P012,2024-03-25,238,9,0
P012,2024-03-26,232,6,0
P012,2024-03-27,227,5,0
P012,2024-03-28,222,5,0
P012,2024-03-29,212,10,0
P012,2024-03-30,205,7,0
P012,2024-03-31,194,11,0
P012,2024-04-01,466,8,0
P012,2024-04-02,459,7,0
P012,2024-04-03,453,6,0
P012,2024-04-04,446,7,0
P012,2024-04-05,440,6,0
P012,2024-04-06,431,9,0
P012,2024-04-07,421,10,0
P012,2024-04-08,414,7,0
P012,2024-04-09,406,8,0
P012,2024-04-10,396,10,0
P012,2024-04-11,388,8,0
P012,2024-04-12,381,7,0
P012,2024-04-13,370,11,0
P012,2024-04-14,360,10,0
P012,2024-04-15,350,10,0
P012,2024-04-16,340,10,0
P012,2024-04-17,333,7,0
P012,2024-04-18,322,11,0
P012,2024-04-19,314,8,0
P012,2024-04-20,302,12,0
P012,2024-04-21,285,17,0
P012,2024-04-22,277,8,0
P012,2024-04-23,271,6,0
P012,2024-04-24,266,5,0
P012,2024-04-25,260,6,0
P012,2024-04-26,255,5,0
P012,2024-04-27,238,17,0
P012,2024-04-28,228,10,0
P012,2024-04-29,217,11,0
P012,2024-04-30,212,5,0
P012,2024-05-01,483,9,0
P012,2024-05-02,473,10,0
P012,2024-05-03,465,8,0
P012,2024-05-04,453,12,0
P012,2024-05-05,443,10,0
P012,2024-05-06,434,9,0
P012,2024-05-07,429,5,0
P012,2024-05-08,419,10,0
P012,2024-05-09,413,6,0
P012,2024-05-10,402,11,0
P012,2024-05-11,392,10,0
P012,2024-05-12,374,18,0
P012,2024-05-13,369,5,0
P012,2024-05-14,361,8,0
P012,2024-05-15,352,9,0
P012,2024-05-16,342,10,0
P012,2024-05-17,332,10,0
P012,2024-05-18,321,11,0
P012,2024-05-19,306,15,0
P012,2024-05-20,301,5,0
P012,2024-05-21,291,10,0
P012,2024-05-22,284,7,0
P012,2024-05-23,276,8,0
P012,2024-05-24,267,9,0
P012,2024-05-25,256,11,0
P012,2024-05-26,245,11,0
P012,2024-05-27,236,9,0
P012,2024-05-28,230,6,0
P012,2024-05-29,224,6,0
P012,2024-05-30,214,10,0
P012,2024-05-31,206,8,0
P012,2024-06-01,471,15,0
P012,2024-06-02,462,9,0
P012,2024-06-03,455,7,0
P012,2024-06-04,445,10,0
P012,2024-06-05,433,12,0
P012,2024-06-06,425,8,0
P012,2024-06-07,418,7,0
P012,2024-06-08,409,9,0
P012,2024-06-09,394,15,0
P012,2024-06-10,383,11,0
P012,2024-06-11,372,11,0
P012,2024-06-12,360,12,0
P012,2024-06-13,351,9,0
P012,2024-06-14,345,6,0
P012,2024-06-15,326,19,0
P012,2024-06-16,312,14,0
P012,2024-06-17,305,7,0
P012,2024-06-18,295,10,0
P012,2024-06-19,283,12,0
P012,2024-06-20,272,11,0
P012,2024-06-21,260,12,0
P012,2024-06-22,249,11,0
P012,2024-06-23,235,14,0
P012,2024-06-24,229,6,0
P012,2024-06-25,219,10,0
P012,2024-06-26,209,10,0
P012,2024-06-27,200,9,0
P012,2024-06-28,192,8,0
P012,2024-06-29,179,13,0
P012,2024-06-30,168,11,0
P012,2024-07-01,435,13,0
P012,2024-07-02,423,12,0
P012,2024-07-03,417,6,0
P012,2024-07-04,404,13,0
P012,2024-07-05,394,10,0
P012,2024-07-06,373,21,0
P012,2024-07-07,359,14,0
P012,2024-07-08,346,13,0
P012,2024-07-09,336,10,0
P012,2024-07-10,329,7,0
P012,2024-07-11,321,8,0
P012,2024-07-12,314,7,0
P012,2024-07-13,302,12,0
P012,2024-07-14,291,11,0
P012,2024-07-15,285,6,0
P012,2024-07-16,276,9,0
P012,2024-07-17,271,5,0
P012,2024-07-18,263,8,0
P012,2024-07-19,250,13,0
P012,2024-07-20,231,19,0
P012,2024-07-21,222,9,0
P012,2024-07-22,215,7,0
P012,2024-07-23,205,10,0
P012,2024-07-24,195,10,0
P012,2024-07-25,186,9,0
P012,2024-07-26,180,6,0
P012,2024-07-27,165,15,0
P012,2024-07-28,147,18,0
P012,2024-07-29,135,12,0
P012,2024-07-30,124,11,0
P012,2024-07-31,117,7,0
P012,2024-08-01,390,7,0
P012,2024-08-02,383,7,0
P012,2024-08-03,366,17,0
P012,2024-08-04,356,10,0
P012,2024-08-05,345,11,0
P012,2024-08-06,335,10,0
P012,2024-08-07,329,6,0
P012,2024-08-08,322,7,0
P012,2024-08-09,314,8,0
P012,2024-08-10,301,13,0
P012,2024-08-11,292,9,0
P012,2024-08-12,286,6,0
P012,2024-08-13,278,8,0
P012,2024-08-14,271,7,0
P012,2024-08-15,265,6,0
P012,2024-08-16,255,10,0
P012,2024-08-17,243,12,0
P012,2024-08-18,231,12,0
P012,2024-08-19,220,11,0
P012,2024-08-20,209,11,0
P012,2024-08-21,202,7,0
P012,2024-08-22,192,10,0
P012,2024-08-23,185,7,0
P012,2024-08-24,171,14,0
P012,2024-08-25,154,17,0
P012,2024-08-26,143,11,0
P012,2024-08-27,134,9,0
P012,2024-08-28,124,10,0
P012,2024-08-29,117,7,0
P012,2024-08-30,110,7,0
P012,2024-08-31,101,9,0
P012,2024-09-01,370,11,0
P012,2024-09-02,361,9,0
P012,2024-09-03,353,8,0
P012,2024-09-04,344,9,0
P012,2024-09-05,333,11,0
P012,2024-09-06,321,12,0
P012,2024-09-07,301,20,0
P012,2024-09-08,288,13,0
P012,2024-09-09,282,6,0
P012,2024-09-10,274,8,0
P012,2024-09-11,265,9,0
P012,2024-09-12,253,12,0
P012,2024-09-13,243,10,0
P012,2024-09-14,222,21,0
P012,2024-09-15,206,16,0
P012,2024-09-16,197,9,0
P012,2024-09-17,190,7,0
P012,2024-09-18,181,9,0
P012,2024-09-19,168,13,0
P012,2024-09-20,160,8,0
P012,2024-09-21,151,9,0
P012,2024-09-22,133,18,0
P012,2024-09-23,123,10,0
P012,2024-09-24,114,9,0
P012,2024-09-25,106,8,0
P012,2024-09-26,93,13,0
P012,2024-09-27,86,7,0
P012,2024-09-28,73,13,0
P012,2024-09-29,53,20,0
P012,2024-09-30,42,11,0
P012,2024-10-01,186,10,0
P012,2024-10-02,175,11,0
P012,2024-10-03,166,9,0
P012,2024-10-04,156,10,0
P012,2024-10-05,135,21,0
P012,2024-10-06,122,13,0
P012,2024-10-07,109,13,0
P012,2024-10-08,99,10,0
P012,2024-10-09,87,12,0
P012,2024-10-10,81,6,0
P012,2024-10-11,66,15,0
P012,2024-10-12,45,21,0
P012,2024-10-13,30,15,0
P012,2024-10-14,17,13,0
P012,2024-10-15,7,10,0
P012,2024-10-16,0,7,1
P012,2024-10-17,0,0,1
P012,2024-10-18,0,0,1
P012,2024-10-19,0,0,1
P012,2024-10-20,0,0,1
P012,2024-10-21,0,0,1
P012,2024-10-22,0,0,1
P012,2024-10-23,0,0,1
P012,2024-10-24,0,0,1
P012,2024-10-25,0,0,1
P012,2024-10-26,0,0,1
P012,2024-10-27,0,0,1
P012,2024-10-28,0,0,1
P012,2024-10-29,0,0,1
P012,2024-10-30,0,0,1
P012,2024-10-31,0,0,1
P012,2024-11-01,133,21,0
P012,2024-11-02,104,29,0
P012,2024-11-03,79,25,0
P012,2024-11-04,58,21,0
P012,2024-11-05,44,14,0
P012,2024-11-06,21,23,0
P012,2024-11-07,9,12,0
P012,2024-11-08,0,9,1
P012,2024-11-09,0,0,1
P012,2024-11-10,0,0,1
P012,2024-11-11,0,0,1
P012,2024-11-12,0,0,1
P012,2024-11-13,0,0,1
P012,2024-11-14,0,0,1
P012,2024-11-15,0,0,1
P012,2024-11-16,0,0,1
P012,2024-11-17,0,0,1
P012,2024-11-18,0,0,1
P012,2024-11-19,0,0,1
P012,2024-11-20,0,0,1
P012,2024-11-21,0,0,1
P012,2024-11-22,0,0,1
P012,2024-11-23,0,0,1
P012,2024-11-24,0,0,1
P012,2024-11-25,0,0,1
P012,2024-11-26,0,0,1
P012,2024-11-27,0,0,1
P012,2024-11-28,0,0,1
P012,2024-11-29,0,0,1
P012,2024-11-30,0,0,1
P012,2024-12-01,125,29,0
P012,2024-12-02,106,19,0
P012,2024-12-03,96,10,0
P012,2024-12-04,81,15,0
P012,2024-12-05,68,13,0
P012,2024-12-06,57,11,0
P012,2024-12-07,37,20,0
P012,2024-12-08,17,20,0
P012,2024-12-09,7,10,0
P012,2024-12-10,0,7,1
P012,2024-12-11,0,0,1
P012,2024-12-12,0,0,1
P012,2024-12-13,0,0,1
P012,2024-12-14,0,0,1
P012,2024-12-15,0,0,1
P012,2024-12-16,0,0,1
P012,2024-12-17,0,0,1
P012,2024-12-18,0,0,1
P012,2024-12-19,0,0,1
P012,2024-12-20,0,0,1
P012,2024-12-21,0,0,1
P012,2024-12-22,0,0,1
P012,2024-12-23,0,0,1
P012,2024-12-24,0,0,1
P012,2024-12-25,0,0,1
P012,2024-12-26,0,0,1
P012,2024-12-27,0,0,1
P012,2024-12-28,0,0,1
P012,2024-12-29,0,0,1
P012,2024-12-30,0,0,1
P012,2024-12-31,0,0,1
P013,2022-01-01,353,7,0
P013,2022-01-02,347,6,0
P013,2022-01-03,343,4,0
P013,2022-01-04,339,4,0
P013,2022-01-05,336,3,0
P013,2022-01-06,332,4,0
P013,2022-01-07,330,2,0
P013,2022-01-08,324,6,0
P013,2022-01-09,321,3,0
P013,2022-01-10,318,3,0
P013,2022-01-11,314,4,0
P013,2022-01-12,312,2,0
P013,2022-01-13,308,4,0
P013,2022-01-14,306,2,0
P013,2022-01-15,301,5,0
P013,2022-01-16,296,5,0
P013,2022-01-17,293,3,0
P013,2022-01-18,289,4,0
P013,2022-01-19,285,4,0
P013,2022-01-20,281,4,0
P013,2022-01-21,279,2,0
P013,2022-01-22,275,4,0
P013,2022-01-23,269,6,0
P013,2022-01-24,266,3,0
P013,2022-01-25,263,3,0
P013,2022-01-26,260,3,0
P013,2022-01-27,257,3,0
P013,2022-01-28,254,3,0
P013,2022-01-29,248,6,0
P013,2022-01-30,243,5,0
P013,2022-01-31,239,4,0
P013,2022-02-01,414,5,0
P013,2022-02-02,410,4,0
P013,2022-02-03,408,2,0
P013,2022-02-04,405,3,0
P013,2022-02-05,399,6,0
P013,2022-02-06,394,5,0
P013,2022-02-07,389,5,0
P013,2022-02-08,387,2,0
P013,2022-02-09,385,2,0
P013,2022-02-10,382,3,0
P013,2022-02-11,379,3,0
P013,2022-02-12,374,5,0
P013,2022-02-13,368,6,0
P013,2022-02-14,365,3,0
P013,2022-02-15,360,5,0
P013,2022-02-16,357,3,0
P013,2022-02-17,355,2,0
P013,2022-02-18,352,3,0
P013,2022-02-19,344,8,0
P013,2022-02-20,336,8,0
P013,2022-02-21,331,5,0
P013,2022-02-22,326,5,0
P013,2022-02-23,324,2,0
P013,2022-02-24,321,3,0
P013,2022-02-25,319,2,0
P013,2022-02-26,313,6,0
P013,2022-02-27,308,5,0
P013,2022-02-28,305,3,0
P013,2022-03-01,480,5,0
P013,2022-03-02,476,4,0
P013,2022-03-03,472,4,0
P013,2022-03-04,468,4,0
P013,2022-03-05,461,7,0
P013,2022-03-06,457,4,0
P013,2022-03-07,454,3,0
P013,2022-03-08,450,4,0
P013,2022-03-09,445,5,0
P013,2022-03-10,439,6,0
P013,2022-03-11,434,5,0
P013,2022-03-12,430,4,0
P013,2022-03-13,423,7,0
P013,2022-03-14,417,6,0
P013,2022-03-15,414,3,0
P013,2022-03-16,409,5,0
P013,2022-03-17,406,3,0
P013,2022-03-18,402,4,0
P013,2022-03-19,393,9,0
P013,2022-03-20,389,4,0
P013,2022-03-21,383,6,0
P013,2022-03-22,380,3,0
P013,2022-03-23,374,6,0
P013,2022-03-24,370,4,0
P013,2022-03-25,365,5,0
P013,2022-03-26,360,5,0
P013,2022-03-27,351,9,0
P013,2022-03-28,345,6,0
P013,2022-03-29,340,5,0
P013,2022-03-30,335,5,0
P013,2022-03-31,329,6,0
P013,2022-04-01,503,6,0
P013,2022-04-02,494,9,0
P013,2022-04-03,486,8,0
P013,2022-04-04,482,4,0
P013,2022-04-05,476,6,0
P013,2022-04-06,470,6,0
P013,2022-04-07,464,6,0
P013,2022-04-08,460,4,0
P013,2022-04-09,452,8,0
P013,2022-04-10,446,6,0
P013,2022-04-11,442,4,0
P013,2022-04-12,436,6,0
P013,2022-04-13,429,7,0
P013,2022-04-14,423,6,0
P013,2022-04-15,417,6,0
P013,2022-04-16,412,5,0
P013,2022-04-17,403,9,0
P013,2022-04-18,398,5,0
P013,2022-04-19,394,4,0
P013,2022-04-20,389,5,0
P013,2022-04-21,382,7,0
P013,2022-04-22,379,3,0
P013,2022-04-23,369,10,0
P013,2022-04-24,360,9,0
P013,2022-04-25,357,3,0
P013,2022-04-26,352,5,0
P013,2022-04-27,347,5,0
P013,2022-04-28,341,6,0
P013,2022-04-29,338,3,0
P013,2022-04-30,333,5,0
P013,2022-05-01,506,7,0
P013,2022-05-02,503,3,0
P013,2022-05-03,498,5,0
P013,2022-05-04,492,6,0
P013,2022-05-05,485,7,0
P013,2022-05-06,478,7,0
P013,2022-05-07,471,7,0
P013,2022-05-08,462,9,0
P013,2022-05-09,457,5,0
P013,2022-05-10,454,3,0
P013,2022-05-11,449,5,0
P013,2022-05-12,443,6,0
P013,2022-05-13,436,7,0
P013,2022-05-14,425,11,0
P013,2022-05-15,417,8,0
P013,2022-05-16,411,6,0
P013,2022-05-17,406,5,0
P013,2022-05-18,400,6,0
P013,2022-05-19,395,5,0
P013,2022-05-20,390,5,0
P013,2022-05-21,383,7,0
P013,2022-05-22,377,6,0
P013,2022-05-23,370,7,0
P013,2022-05-24,366,4,0
P013,2022-05-25,361,5,0
P013,2022-05-26,356,5,0
P013,2022-05-27,350,6,0
P013,2022-05-28,344,6,0
P013,2022-05-29,334,10,0
P013,2022-05-30,329,5,0
P013,2022-05-31,324,5,0
P013,2022-06-01,500,4,0
P013,2022-06-02,496,4,0
P013,2022-06-03,490,6,0
P013,2022-06-04,481,9,0
P013,2022-06-05,475,6,0
P013,2022-06-06,470,5,0
P013,2022-06-07,466,4,0
P013,2022-06-08,461,5,0
P013,2022-06-09,458,3,0
P013,2022-06-10,452,6,0
P013,2022-06-11,440,12,0
P013,2022-06-12,428,12,0
P013,2022-06-13,424,4,0
P013,2022-06-14,418,6,0
P013,2022-06-15,411,7,0
P013,2022-06-16,406,5,0
P013,2022-06-17,403,3,0
P013,2022-06-18,392,11,0
P013,2022-06-19,380,12,0
P013,2022-06-20,373,7,0
P013,2022-06-21,370,3,0
P013,2022-06-22,366,4,0
P013,2022-06-23,362,4,0
P013,2022-06-24,358,4,0
P013,2022-06-25,351,7,0
P013,2022-06-26,341,10,0
P013,2022-06-27,336,5,0
P013,2022-06-28,331,5,0
P013,2022-06-29,327,4,0
P013,2022-06-30,320,7,0
P013,2022-07-01,494,6,0
P013,2022-07-02,486,8,0
P013,2022-07-03,479,7,0
P013,2022-07-04,472,7,0
P013,2022-07-05,466,6,0
P013,2022-07-06,460,6,0
P013,2022-07-07,453,7,0
P013,2022-07-08,447,6,0
P013,2022-07-09,440,7,0
P013,2022-07-10,431,9,0
P013,2022-07-11,427,4,0
P013,2022-07-12,421,6,0
P013,2022-07-13,414,7,0
P013,2022-07-14,408,6,0
P013,2022-07-15,401,7,0
P013,2022-07-16,394,7,0
P013,2022-07-17,386,8,0
P013,2022-07-18,382,4,0
P013,2022-07-19,377,5,0
P013,2022-07-20,371,6,0
P013,2022-07-21,363,8,0
P013,2022-07-22,358,5,0
P013,2022-07-23,350,8,0
P013,2022-07-24,344,6,0
P013,2022-07-25,338,6,0
P013,2022-07-26,331,7,0
P013,2022-07-27,326,5,0
P013,2022-07-28,321,5,0
P013,2022-07-29,316,5,0
P013,2022-07-30,307,9,0
P013,2022-07-31,300,7,0
P013,2022-08-01,476,4,0
P013,2022-08-02,469,7,0
P013,2022-08-03,462,7,0
P013,2022-08-04,458,4,0
P013,2022-08-05,453,5,0
P013,2022-08-06,447,6,0
P013,2022-08-07,440,7,0
P013,2022-08-08,433,7,0
P013,2022-08-09,427,6,0
P013,2022-08-10,421,6,0
P013,2022-08-11,417,4,0
P013,2022-08-12,411,6,0
P013,2022-08-13,402,9,0
P013,2022-08-14,394,8,0
P013,2022-08-15,388,6,0
P013,2022-08-16,381,7,0
P013,2022-08-17,374,7,0
P013,2022-08-18,368,6,0
P013,2022-08-19,363,5,0
P013,2022-08-20,354,9,0
P013,2022-08-21,347,7,0
P013,2022-08-22,343,4,0
P013,2022-08-23,338,5,0
P013,2022-08-24,331,7,0
P013,2022-08-25,324,7,0
P013,2022-08-26,321,3,0
P013,2022-08-27,314,7,0
P013,2022-08-28,303,11,0
P013,2022-08-29,297,6,0
P013,2022-08-30,289,8,0
P013,2022-08-31,285,4,0
P013,2022-09-01,461,4,0
P013,2022-09-02,457,4,0
P013,2022-09-03,451,6,0
P013,2022-09-04,441,10,0
P013,2022-09-05,432,9,0
P013,2022-09-06,426,6,0
P013,2022-09-07,421,5,0
P013,2022-09-08,417,4,0
P013,2022-09-09,409,8,0
P013,2022-09-10,403,6,0
P013,2022-09-11,390,13,0
P013,2022-09-12,383,7,0
P013,2022-09-13,377,6,0
P013,2022-09-14,369,8,0
P013,2022-09-15,362,7,0
P013,2022-09-16,355,7,0
P013,2022-09-17,343,12,0
P013,2022-09-18,330,13,0
P013,2022-09-19,326,4,0
P013,2022-09-20,322,4,0
P013,2022-09-21,315,7,0
P013,2022-09-22,308,7,0
P013,2022-09-23,302,6,0
P013,2022-09-24,289,13,0
P013,2022-09-25,282,7,0
P013,2022-09-26,277,5,0
P013,2022-09-27,270,7,0
P013,2022-09-28,262,8,0
P013,2022-09-29,257,5,0
P013,2022-09-30,249,8,0
P013,2022-10-01,339,9,0
P013,2022-10-02,325,14,0
P013,2022-10-03,318,7,0
P013,2022-10-04,309,9,0
P013,2022-10-05,301,8,0
P013,2022-10-06,296,5,0
P013,2022-10-07,287,9,0
P013,2022-10-08,276,11,0
P013,2022-10-09,262,14,0
P013,2022-10-10,253,9,0
P013,2022-10-11,248,5,0
P013,2022-10-12,242,6,0
P013,2022-10-13,234,8,0
P013,2022-10-14,228,6,0
P013,2022-10-15,217,11,0
P013,2022-10-16,206,11,0
P013,2022-10-17,202,4,0
P013,2022-10-18,195,7,0
P013,2022-10-19,189,6,0
P013,2022-10-20,185,4,0
P013,2022-10-21,180,5,0
P013,2022-10-22,166,14,0
P013,2022-10-23,159,7,0
P013,2022-10-24,154,5,0
P013,2022-10-25,145,9,0
P013,2022-10-26,135,10,0
P013,2022-10-27,131,4,0
P013,2022-10-28,126,5,0
P013,2022-10-29,118,8,0
P013,2022-10-30,106,12,0
P013,2022-10-31,101,5,0
P013,2022-11-01,186,14,0
P013,2022-11-02,176,10,0
P013,2022-11-03,168,8,0
P013,2022-11-04,161,7,0
P013,2022-11-05,151,10,0
P013,2022-11-06,135,16,0
P013,2022-11-07,122,13,0
P013,2022-11-08,108,14,0
P013,2022-11-09,99,9,0
P013,2022-11-10,86,13,0
P013,2022-11-11,78,8,0
P013,2022-11-12,65,13,0
P013,2022-11-13,49,16,0
P013,2022-11-14,41,8,0
P013,2022-11-15,27,14,0
P013,2022-11-16,17,10,0
P013,2022-11-17,2,15,0
P013,2022-11-18,0,2,1
P013,2022-11-19,0,0,1
P013,2022-11-20,0,0,1
P013,2022-11-21,0,0,1
P013,2022-11-22,0,0,1
P013,2022-11-23,0,0,1
P013,2022-11-24,0,0,1
P013,2022-11-25,0,0,1
P013,2022-11-26,0,0,1
P013,2022-11-27,0,0,1
P013,2022-11-28,0,0,1
P013,2022-11-29,0,0,1
P013,2022-11-30,0,0,1
P013,2022-12-01,90,9,0
P013,2022-12-02,81,9,0
P013,2022-12-03,66,15,0
P013,2022-12-04,51,15,0
P013,2022-12-05,40,11,0
P013,2022-12-06,28,12,0
P013,2022-12-07,16,12,0
P013,2022-12-08,9,7,0
P013,2022-12-09,3,6,0
P013,2022-12-10,0,3,1
P013,2022-12-11,0,0,1
P013,2022-12-12,0,0,1
P013,2022-12-13,0,0,1
P013,2022-12-14,0,0,1
P013,2022-12-15,0,0,1
P013,2022-12-16,0,0,1
P013,2022-12-17,0,0,1
P013,2022-12-18,0,0,1
P013,2022-12-19,0,0,1
P013,2022-12-20,0,0,1
P013,2022-12-21,0,0,1
P013,2022-12-22,0,0,1
P013,2022-12-23,0,0,1
P013,2022-12-24,0,0,1
P013,2022-12-25,0,0,1
P013,2022-12-26,0,0,1
P013,2022-12-27,0,0,1
P013,2022-12-28,0,0,1
P013,2022-12-29,0,0,1
P013,2022-12-30,0,0,1
P013,2022-12-31,0,0,1
P013,2023-01-01,174,6,0
P013,2023-01-02,171,3,0
P013,2023-01-03,168,3,0
P013,2023-01-04,164,4,0
P013,2023-01-05,162,2,0
P013,2023-01-06,158,4,0
P013,2023-01-07,152,6,0
P013,2023-01-08,146,6,0
P013,2023-01-09,144,2,0
P013,2023-01-10,140,4,0
P013,2023-01-11,137,3,0
P013,2023-01-12,135,2,0
P013,2023-01-13,131,4,0
P013,2023-01-14,128,3,0
P013,2023-01-15,123,5,0
P013,2023-01-16,119,4,0
P013,2023-01-17,117,2,0
P013,2023-01-18,114,3,0
P013,2023-01-19,112,2,0
P013,2023-01-20,108,4,0
P013,2023-01-21,104,4,0
P013,2023-01-22,97,7,0
P013,2023-01-23,94,3,0
P013,2023-01-24,90,4,0
P013,2023-01-25,86,4,0
P013,2023-01-26,83,3,0
P013,2023-01-27,80,3,0
P013,2023-01-28,75,5,0
P013,2023-01-29,68,7,0
P013,2023-01-30,66,2,0
P013,2023-01-31,62,4,0
P013,2023-02-01,240,2,0
P013,2023-02-02,237,3,0
P013,2023-02-03,235,2,0
P013,2023-02-04,228,7,0
P013,2023-02-05,220,8,0
P013,2023-02-06,215,5,0
P013,2023-02-07,212,3,0
P013,2023-02-08,210,2,0
P013,2023-02-09,205,5,0
P013,2023-02-10,202,3,0
P013,2023-02-11,197,5,0
P013,2023-02-12,192,5,0
P013,2023-02-13,190,2,0
P013,2023-02-14,185,5,0
P013,2023-02-15,183,2,0
P013,2023-02-16,180,3,0
P013,2023-02-17,175,5,0
P013,2023-02-18,171,4,0
P013,2023-02-19,167,4,0
P013,2023-02-20,164,3,0
P013,2023-02-21,160,4,0
P013,2023-02-22,158,2,0
P013,2023-02-23,153,5,0
P013,2023-02-24,149,4,0
P013,2023-02-25,143,6,0
P013,2023-02-26,137,6,0
P013,2023-02-27,134,3,0
P013,2023-02-28,129,5,0
P013,2023-03-01,304,5,0
P013,2023-03-02,300,4,0
P013,2023-03-03,295,5,0
P013,2023-03-04,287,8,0
P013,2023-03-05,280,7,0
P013,2023-03-06,275,5,0
P013,2023-03-07,270,5,0
P013,2023-03-08,264,6,0
P013,2023-03-09,260,4,0
P013,2023-03-10,257,3,0
P013,2023-03-11,251,6,0
P013,2023-03-12,242,9,0
P013,2023-03-13,239,3,0
P013,2023-03-14,236,3,0
P013,2023-03-15,231,5,0
P013,2023-03-16,227,4,0
P013,2023-03-17,222,5,0
P013,2023-03-18,214,8,0
P013,2023-03-19,204,10,0
P013,2023-03-20,200,4,0
P013,2023-03-21,196,4,0
P013,2023-03-22,191,5,0
P013,2023-03-23,187,4,0
P013,2023-03-24,184,3,0
P013,2023-03-25,179,5,0
P013,2023-03-26,169,10,0
P013,2023-03-27,166,3,0
P013,2023-03-28,162,4,0
P013,2023-03-29,156,6,0
P013,2023-03-30,151,5,0
P013,2023-03-31,146,5,0
P013,2023-04-01,317,9,0
P013,2023-04-02,306,11,0
P013,2023-04-03,302,4,0
P013,2023-04-04,297,5,0
P013,2023-04-05,294,3,0
P013,2023-04-06,289,5,0
P013,2023-04-07,286,3,0
P013,2023-04-08,278,8,0
P013,2023-04-09,269,9,0
P013,2023-04-10,264,5,0
P013,2023-04-11,259,5,0
P013,2023-04-12,256,3,0
P013,2023-04-13,252,4,0
P013,2023-04-14,246,6,0
P013,2023-04-15,240,6,0
P013,2023-04-16,229,11,0
P013,2023-04-17,225,4,0
P013,2023-04-18,220,5,0
P013,2023-04-19,216,4,0
P013,2023-04-20,211,5,0
P013,2023-04-21,205,6,0
P013,2023-04-22,198,7,0
P013,2023-04-23,189,9,0
P013,2023-04-24,184,5,0
P013,2023-04-25,177,7,0
P013,2023-04-26,170,7,0
P013,2023-04-27,167,3,0
P013,2023-04-28,162,5,0
P013,2023-04-29,153,9,0
P013,2023-04-30,148,5,0
P013,2023-05-01,321,7,0
P013,2023-05-02,314,7,0
P013,2023-05-03,307,7,0
P013,2023-05-04,301,6,0
P013,2023-05-05,294,7,0
P013,2023-05-06,287,7,0
P013,2023-05-07,281,6,0
P013,2023-05-08,274,7,0
P013,2023-05-09,269,5,0
P013,2023-05-10,266,3,0
P013,2023-05-11,261,5,0
P013,2023-05-12,257,4,0
P013,2023-05-13,248,9,0
P013,2023-05-14,241,7,0
P013,2023-05-15,236,5,0
P013,2023-05-16,229,7,0
P013,2023-05-17,224,5,0
P013,2023-05-18,217,7,0
P013,2023-05-19,213,4,0
P013,2023-05-20,205,8,0
P013,2023-05-21,196,9,0
P013,2023-05-22,192,4,0
P013,2023-05-23,186,6,0
P013,2023-05-24,182,4,0
P013,2023-05-25,175,7,0
P013,2023-05-26,172,3,0
P013,2023-05-27,163,9,0
P013,2023-05-28,156,7,0
P013,2023-05-29,149,7,0
P013,2023-05-30,142,7,0
P013,2023-05-31,135,7,0
P013,2023-06-01,308,7,0
P013,2023-06-02,301,7,0
P013,2023-06-03,292,9,0
P013,2023-06-04,282,10,0
P013,2023-06-05,276,6,0
P013,2023-06-06,272,4,0
P013,2023-06-07,265,7,0
P013,2023-06-08,259,6,0
P013,2023-06-09,251,8,0
P013,2023-06-10,242,9,0
P013,2023-06-11,233,9,0
P013,2023-06-12,226,7,0
P013,2023-06-13,221,5,0
P013,2023-06-14,216,5,0
P013,2023-06-15,212,4,0
P013,2023-06-16,206,6,0
P013,2023-06-17,194,12,0
P013,2023-06-18,185,9,0
P013,2023-06-19,177,8,0
P013,2023-06-20,170,7,0
P013,2023-06-21,165,5,0
P013,2023-06-22,160,5,0
P013,2023-06-23,155,5,0
P013,2023-06-24,144,11,0
P013,2023-06-25,132,12,0
P013,2023-06-26,127,5,0
P013,2023-06-27,122,5,0
P013,2023-06-28,116,6,0
P013,2023-06-29,108,8,0
P013,2023-06-30,104,4,0
P013,2023-07-01,278,6,0
P013,2023-07-02,267,11,0
P013,2023-07-03,262,5,0
P013,2023-07-04,257,5,0
P013,2023-07-05,250,7,0
P013,2023-07-06,246,4,0
P013,2023-07-07,240,6,0
P013,2023-07-08,231,9,0
P013,2023-07-09,225,6,0
P013,2023-07-10,220,5,0
P013,2023-07-11,212,8,0
P013,2023-07-12,206,6,0
P013,2023-07-13,201,5,0
P013,2023-07-14,196,5,0
P013,2023-07-15,184,12,0
P013,2023-07-16,174,10,0
P013,2023-07-17,167,7,0
P013,2023-07-18,159,8,0
P013,2023-07-19,153,6,0
P013,2023-07-20,149,4,0
P013,2023-07-21,141,8,0
P013,2023-07-22,130,11,0
P013,2023-07-23,118,12,0
P013,2023-07-24,113,5,0
P013,2023-07-25,106,7,0
P013,2023-07-26,102,4,0
P013,2023-07-27,95,7,0
P013,2023-07-28,89,6,0
P013,2023-07-29,79,10,0
P013,2023-07-30,67,12,0
P013,2023-07-31,63,4,0
P013,2023-08-01,239,4,0
P013,2023-08-02,235,4,0
P013,2023-08-03,228,7,0
P013,2023-08-04,221,7,0
P013,2023-08-05,214,7,0
P013,2023-08-06,202,12,0
P013,2023-08-07,196,6,0
P013,2023-08-08,193,3,0
P013,2023-08-09,188,5,0
P013,2023-08-10,181,7,0
P013,2023-08-11,177,4,0
P013,2023-08-12,170,7,0
P013,2023-08-13,159,11,0
P013,2023-08-14,155,4,0
P013,2023-08-15,151,4,0
P013,2023-08-16,146,5,0
P013,2023-08-17,142,4,0
P013,2023-08-18,135,7,0
P013,2023-08-19,125,10,0
P013,2023-08-20,119,6,0
P013,2023-08-21,112,7,0
P013,2023-08-22,106,6,0
P013,2023-08-23,100,6,0
P013,2023-08-24,96,4,0
P013,2023-08-25,91,5,0
P013,2023-08-26,79,12,0
P013,2023-08-27,70,9,0
P013,2023-08-28,65,5,0
P013,2023-08-29,60,5,0
P013,2023-08-30,55,5,0
P013,2023-08-31,51,4,0
P013,2023-09-01,224,7,0
P013,2023-09-02,215,9,0
P013,2023-09-03,203,12,0
P013,2023-09-04,195,8,0
P013,2023-09-05,190,5,0
P013,2023-09-06,184,6,0
P013,2023-09-07,178,6,0
P013,2023-09-08,172,6,0
P013,2023-09-09,160,12,0
P013,2023-09-10,146,14,0
P013,2023-09-11,141,5,0
P013,2023-09-12,133,8,0
P013,2023-09-13,126,7,0
P013,2023-09-14,122,4,0
P013,2023-09-15,117,5,0
P013,2023-09-16,109,8,0
P013,2023-09-17,97,12,0
P013,2023-09-18,93,4,0
P013,2023-09-19,85,8,0
P013,2023-09-20,78,7,0
P013,2023-09-21,70,8,0
P013,2023-09-22,65,5,0
P013,2023-09-23,53,12,0
P013,2023-09-24,40,13,0
P013,2023-09-25,33,7,0
P013,2023-09-26,26,7,0
P013,2023-09-27,22,4,0
P013,2023-09-28,15,7,0
P013,2023-09-29,10,5,0
P013,2023-09-30,0,10,1
P013,2023-10-01,92,7,0
P013,2023-10-02,85,7,0
P013,2023-10-03,78,7,0
P013,2023-10-04,72,6,0
P013,2023-10-05,68,4,0
P013,2023-10-06,61,7,0
P013,2023-10-07,53,8,0
P013,2023-10-08,42,11,0
P013,2023-10-09,37,5,0
P013,2023-10-10,30,7,0
P013,2023-10-11,20,10,0
P013,2023-10-12,11,9,0
P013,2023-10-13,7,4,0
P013,2023-10-14,0,7,1
P013,2023-10-15,0,0,1
P013,2023-10-16,0,0,1
P013,2023-10-17,0,0,1
P013,2023-10-18,0,0,1
P013,2023-10-19,0,0,1
P013,2023-10-20,0,0,1
P013,2023-10-21,0,0,1
P013,2023-10-22,0,0,1
P013,2023-10-23,0,0,1
P013,2023-10-24,0,0,1
P013,2023-10-25,0,0,1
P013,2023-10-26,0,0,1
P013,2023-10-27,0,0,1
P013,2023-10-28,0,0,1
P013,2023-10-29,0,0,1
P013,2023-10-30,0,0,1
P013,2023-10-31,0,0,1
P013,2023-11-01,85,14,0
P013,2023-11-02,78,7,0
P013,2023-11-03,68,10,0
P013,2023-11-04,49,19,0
P013,2023-11-05,29,20,0
P013,2023-11-06,19,10,0
P013,2023-11-07,7,12,0
P013,2023-11-08,0,7,1
P013,2023-11-09,0,0,1
P013,2023-11-10,0,0,1
P013,2023-11-11,0,0,1
P013,2023-11-12,0,0,1
P013,2023-11-13,0,0,1
P013,2023-11-14,0,0,1
P013,2023-11-15,0,0,1
P013,2023-11-16,0,0,1
P013,2023-11-17,0,0,1
P013,2023-11-18,0,0,1
P013,2023-11-19,0,0,1
P013,2023-11-20,0,0,1
P013,2023-11-21,0,0,1
P013,2023-11-22,0,0,1
P013,2023-11-23,0,0,1
P013,2023-11-24,0,0,1
P013,2023-11-25,0,0,1
P013,2023-11-26,0,0,1
P013,2023-11-27,0,0,1
P013,2023-11-28,0,0,1
P013,2023-11-29,0,0,1
P013,2023-11-30,0,0,1
P013,2023-12-01,91,8,0
P013,2023-12-02,81,10,0
P013,2023-12-03,71,10,0
P013,2023-12-04,65,6,0
P013,2023-12-05,58,7,0
P013,2023-12-06,47,11,0
P013,2023-12-07,40,7,0
P013,2023-12-08,32,8,0
P013,2023-12-09,15,17,0
P013,2023-12-10,0,15,1
P013,2023-12-11,0,0,1
P013,2023-12-12,0,0,1
P013,2023-12-13,0,0,1
P013,2023-12-14,0,0,1
P013,2023-12-15,0,0,1
P013,2023-12-16,0,0,1
P013,2023-12-17,0,0,1
P013,2023-12-18,0,0,1
P013,2023-12-19,0,0,1
P013,2023-12-20,0,0,1
P013,2023-12-21,0,0,1
P013,2023-12-22,0,0,1
P013,2023-12-23,0,0,1
P013,2023-12-24,0,0,1
P013,2023-12-25,0,0,1
P013,2023-12-26,0,0,1
P013,2023-12-27,0,0,1
P013,2023-12-28,0,0,1
P013,2023-12-29,0,0,1
P013,2023-12-30,0,0,1
P013,2023-12-31,0,0,1
P013,2024-01-01,176,4,0
P013,2024-01-02,174,2,0
P013,2024-01-03,171,3,0
P013,2024-01-04,167,4,0
P013,2024-01-05,164,3,0
P013,2024-01-06,160,4,0
P013,2024-01-07,157,3,0
P013,2024-01-08,153,4,0
P013,2024-01-09,150,3,0
P013,2024-01-10,146,4,0
P013,2024-01-11,143,3,0
P013,2024-01-12,139,4,0
P013,2024-01-13,135,4,0
P013,2024-01-14,132,3,0
P013,2024-01-15,128,4,0
P013,2024-01-16,125,3,0
P013,2024-01-17,122,3,0
P013,2024-01-18,119,3,0
P013,2024-01-19,116,3,0
P013,2024-01-20,111,5,0
P013,2024-01-21,106,5,0
P013,2024-01-22,104,2,0
P013,2024-01-23,101,3,0
P013,2024-01-24,98,3,0
P013,2024-01-25,94,4,0
P013,2024-01-26,90,4,0
P013,2024-01-27,84,6,0
P013,2024-01-28,78,6,0
P013,2024-01-29,74,4,0
P013,2024-01-30,70,4,0
P013,2024-01-31,66,4,0
P013,2024-02-01,244,2,0
P013,2024-02-02,242,2,0
P013,2024-02-03,237,5,0
P013,2024-02-04,230,7,0
P013,2024-02-05,227,3,0
P013,2024-02-06,222,5,0
P013,2024-02-07,220,2,0
P013,2024-02-08,217,3,0
P013,2024-02-09,215,2,0
P013,2024-02-10,208,7,0
P013,2024-02-11,202,6,0
P013,2024-02-12,198,4,0
P013,2024-02-13,195,3,0
P013,2024-02-14,191,4,0
P013,2024-02-15,187,4,0
P013,2024-02-16,183,4,0
P013,2024-02-17,179,4,0
P013,2024-02-18,175,4,0
P013,2024-02-19,172,3,0
P013,2024-02-20,169,3,0
P013,2024-02-21,167,2,0
P013,2024-02-22,163,4,0
P013,2024-02-23,160,3,0
P013,2024-02-24,154,6,0
P013,2024-02-25,147,7,0
P013,2024-02-26,142,5,0
P013,2024-02-27,140,2,0
P013,2024-02-28,136,4,0
P013,2024-02-29,132,4,0
P013,2024-03-01,308,4,0
P013,2024-03-02,304,4,0
P013,2024-03-03,297,7,0
P013,2024-03-04,291,6,0
P013,2024-03-05,286,5,0
P013,2024-03-06,280,6,0
P013,2024-03-07,275,5,0
P013,2024-03-08,269,6,0
P013,2024-03-09,264,5,0
P013,2024-03-10,257,7,0
P013,2024-03-11,253,4,0
P013,2024-03-12,250,3,0
P013,2024-03-13,246,4,0
P013,2024-03-14,243,3,0
P013,2024-03-15,239,4,0
P013,2024-03-16,229,10,0
P013,2024-03-17,224,5,0
P013,2024-03-18,220,4,0
P013,2024-03-19,214,6,0
P013,2024-03-20,211,3,0
P013,2024-03-21,207,4,0
P013,2024-03-22,204,3,0
P013,2024-03-23,194,10,0
P013,2024-03-24,188,6,0
P013,2024-03-25,184,4,0
P013,2024-03-26,181,3,0
P013,2024-03-27,175,6,0
P013,2024-03-28,170,5,0
P013,2024-03-29,167,3,0
P013,2024-03-30,160,7,0
P013,2024-03-31,153,7,0
P013,2024-04-01,326,7,0
P013,2024-04-02,323,3,0
P013,2024-04-03,319,4,0
P013,2024-04-04,314,5,0
P013,2024-04-05,308,6,0
P013,2024-04-06,303,5,0
P013,2024-04-07,293,10,0
P013,2024-04-08,287,6,0
P013,2024-04-09,283,4,0
P013,2024-04-10,277,6,0
P013,2024-04-11,272,5,0
P013,2024-04-12,266,6,0
P013,2024-04-13,256,10,0
P013,2024-04-14,249,7,0
P013,2024-04-15,246,3,0
P013,2024-04-16,240,6,0
P013,2024-04-17,236,4,0
P013,2024-04-18,230,6,0
P013,2024-04-19,227,3,0
P013,2024-04-20,219,8,0
P013,2024-04-21,211,8,0
P013,2024-04-22,206,5,0
P013,2024-04-23,203,3,0
P013,2024-04-24,198,5,0
P013,2024-04-25,192,6,0
P013,2024-04-26,188,4,0
P013,2024-04-27,179,9,0
P013,2024-04-28,174,5,0
P013,2024-04-29,170,4,0
P013,2024-04-30,165,5,0
P013,2024-05-01,339,6,0
P013,2024-05-02,335,4,0
P013,2024-05-03,330,5,0
P013,2024-05-04,321,9,0
P013,2024-05-05,312,9,0
P013,2024-05-06,307,5,0
P013,2024-05-07,301,6,0
P013,2024-05-08,295,6,0
P013,2024-05-09,291,4,0
P013,2024-05-10,286,5,0
P013,2024-05-11,281,5,0
P013,2024-05-12,276,5,0
P013,2024-05-13,270,6,0
P013,2024-05-14,264,6,0
P013,2024-05-15,258,6,0
P013,2024-05-16,255,3,0
P013,2024-05-17,250,5,0
P013,2024-05-18,239,11,0
P013,2024-05-19,229,10,0
P013,2024-05-20,224,5,0
P013,2024-05-21,218,6,0
P013,2024-05-22,214,4,0
P013,2024-05-23,207,7,0
P013,2024-05-24,204,3,0
P013,2024-05-25,199,5,0
P013,2024-05-26,191,8,0
P013,2024-05-27,185,6,0
P013,2024-05-28,181,4,0
P013,2024-05-29,178,3,0
P013,2024-05-30,174,4,0
P013,2024-05-31,168,6,0
P013,2024-06-01,336,12,0
P013,2024-06-02,325,11,0
P013,2024-06-03,321,4,0
P013,2024-06-04,315,6,0
P013,2024-06-05,308,7,0
P013,2024-06-06,302,6,0
P013,2024-06-07,296,6,0
P013,2024-06-08,287,9,0
P013,2024-06-09,281,6,0
P013,2024-06-10,278,3,0
P013,2024-06-11,271,7,0
P013,2024-06-12,265,6,0
P013,2024-06-13,259,6,0
P013,2024-06-14,253,6,0
P013,2024-06-15,246,7,0
P013,2024-06-16,235,11,0
P013,2024-06-17,228,7,0
P013,2024-06-18,225,3,0
P013,2024-06-19,220,5,0
P013,2024-06-20,214,6,0
P013,2024-06-21,210,4,0
P013,2024-06-22,205,5,0
P013,2024-06-23,199,6,0
P013,2024-06-24,193,6,0
P013,2024-06-25,189,4,0
P013,2024-06-26,181,8,0
P013,2024-06-27,178,3,0
P013,2024-06-28,172,6,0
P013,2024-06-29,166,6,0
P013,2024-06-30,156,10,0
P013,2024-07-01,332,4,0
P013,2024-07-02,327,5,0
P013,2024-07-03,321,6,0
P013,2024-07-04,316,5,0
P013,2024-07-05,311,5,0
P013,2024-07-06,301,10,0
P013,2024-07-07,292,9,0
P013,2024-07-08,284,8,0
P013,2024-07-09,277,7,0
P013,2024-07-10,272,5,0
P013,2024-07-11,269,3,0
P013,2024-07-12,262,7,0
P013,2024-07-13,253,9,0
P013,2024-07-14,242,11,0
P013,2024-07-15,234,8,0
P013,2024-07-16,230,4,0
P013,2024-07-17,223,7,0
P013,2024-07-18,216,7,0
P013,2024-07-19,209,7,0
P013,2024-07-20,199,10,0
P013,2024-07-21,189,10,0
P013,2024-07-22,181,8,0
P013,2024-07-23,178,3,0
P013,2024-07-24,171,7,0
P013,2024-07-25,166,5,0
P013,2024-07-26,158,8,0
P013,2024-07-27,146,12,0
P013,2024-07-28,137,9,0
P013,2024-07-29,132,5,0
P013,2024-07-30,126,6,0
P013,2024-07-31,120,6,0
P013,2024-08-01,294,6,0
P013,2024-08-02,291,3,0
P013,2024-08-03,279,12,0
P013,2024-08-04,268,11,0
P013,2024-08-05,260,8,0
P013,2024-08-06,254,6,0
P013,2024-08-07,247,7,0
P013,2024-08-08,244,3,0
P013,2024-08-09,236,8,0
P013,2024-08-10,228,8,0
P013,2024-08-11,221,7,0
P013,2024-08-12,217,4,0
P013,2024-08-13,210,7,0
P013,2024-08-14,204,6,0
P013,2024-08-15,201,3,0
P013,2024-08-16,197,4,0
P013,2024-08-17,185,12,0
P013,2024-08-18,175,10,0
P013,2024-08-19,170,5,0
P013,2024-08-20,162,8,0
P013,2024-08-21,158,4,0
P013,2024-08-22,154,4,0
P013,2024-08-23,150,4,0
P013,2024-08-24,141,9,0
P013,2024-08-25,133,8,0
P013,2024-08-26,129,4,0
P013,2024-08-27,125,4,0
P013,2024-08-28,120,5,0
P013,2024-08-29,115,5,0
P013,2024-08-30,111,4,0
P013,2024-08-31,99,12,0
P013,2024-09-01,266,13,0
P013,2024-09-02,261,5,0
P013,2024-09-03,253,8,0
P013,2024-09-04,250,3,0
P013,2024-09-05,246,4,0
P013,2024-09-06,238,8,0
P013,2024-09-07,230,8,0
P013,2024-09-08,224,6,0
P013,2024-09-09,216,8,0
P013,2024-09-10,208,8,0
P013,2024-09-11,204,4,0
P013,2024-09-12,199,5,0
P013,2024-09-13,192,7,0
P013,2024-09-14,182,10,0
P013,2024-09-15,173,9,0
P013,2024-09-16,165,8,0
P013,2024-09-17,158,7,0
P013,2024-09-18,154,4,0
P013,2024-09-19,146,8,0
P013,2024-09-20,138,8,0
P013,2024-09-21,130,8,0
P013,2024-09-22,121,9,0
P013,2024-09-23,112,9,0
P013,2024-09-24,108,4,0
P013,2024-09-25,100,8,0
P013,2024-09-26,94,6,0
P013,2024-09-27,86,8,0
P013,2024-09-28,73,13,0
P013,2024-09-29,64,9,0
P013,2024-09-30,57,7,0
P013,2024-10-01,151,5,0
P013,2024-10-02,144,7,0
P013,2024-10-03,138,6,0
P013,2024-10-04,130,8,0
P013,2024-10-05,118,12,0
P013,2024-10-06,110,8,0
P013,2024-10-07,101,9,0
P013,2024-10-08,96,5,0
P013,2024-10-09,91,5,0
P013,2024-10-10,86,5,0
P013,2024-10-11,81,5,0
P013,2024-10-12,71,10,0
P013,2024-10-13,64,7,0
P013,2024-10-14,60,4,0
P013,2024-10-15,52,8,0
P013,2024-10-16,43,9,0
P013,2024-10-17,35,8,0
P013,2024-10-18,30,5,0
P013,2024-10-19,20,10,0
P013,2024-10-20,13,7,0
P013,2024-10-21,4,9,0
P013,2024-10-22,0,4,1
P013,2024-10-23,0,0,1
P013,2024-10-24,0,0,1
P013,2024-10-25,0,0,1
P013,2024-10-26,0,0,1
P013,2024-10-27,0,0,1
P013,2024-10-28,0,0,1
P013,2024-10-29,0,0,1
P013,2024-10-30,0,0,1
P013,2024-10-31,0,0,1
P013,2024-11-01,90,9,0
P013,2024-11-02,79,11,0
P013,2024-11-03,66,13,0
P013,2024-11-04,58,8,0
P013,2024-11-05,44,14,0
P013,2024-11-06,36,8,0
P013,2024-11-07,24,12,0
P013,2024-11-08,14,10,0
P013,2024-11-09,0,14,1
P013,2024-11-10,0,0,1
P013,2024-11-11,0,0,1
P013,2024-11-12,0,0,1
P013,2024-11-13,0,0,1
P013,2024-11-14,0,0,1
P013,2024-11-15,0,0,1
P013,2024-11-16,0,0,1
P013,2024-11-17,0,0,1
P013,2024-11-18,0,0,1
P013,2024-11-19,0,0,1
P013,2024-11-20,0,0,1
P013,2024-11-21,0,0,1
P013,2024-11-22,0,0,1
P013,2024-11-23,0,0,1
P013,2024-11-24,0,0,1
P013,2024-11-25,0,0,1
P013,2024-11-26,0,0,1
P013,2024-11-27,0,0,1
P013,2024-11-28,0,0,1
P013,2024-11-29,0,0,1
P013,2024-11-30,0,0,1
P013,2024-12-01,83,16,0
P013,2024-12-02,71,12,0
P013,2024-12-03,65,6,0
P013,2024-12-04,54,11,0
P013,2024-12-05,41,13,0
P013,2024-12-06,31,10,0
P013,2024-12-07,11,20,0
P013,2024-12-08,0,11,1
P013,2024-12-09,0,0,1
P013,2024-12-10,0,0,1
P013,2024-12-11,0,0,1
P013,2024-12-12,0,0,1
P013,2024-12-13,0,0,1
P013,2024-12-14,0,0,1
P013,2024-12-15,0,0,1
P013,2024-12-16,0,0,1
P013,2024-12-17,0,0,1
P013,2024-12-18,0,0,1
P013,2024-12-19,0,0,1
P013,2024-12-20,0,0,1
P013,2024-12-21,0,0,1
P013,2024-12-22,0,0,1
P013,2024-12-23,0,0,1
P013,2024-12-24,0,0,1
P013,2024-12-25,0,0,1
P013,2024-12-26,0,0,1
P013,2024-12-27,0,0,1
P013,2024-12-28,0,0,1
P013,2024-12-29,0,0,1
P013,2024-12-30,0,0,1
P013,2024-12-31,0,0,1
P014,2022-01-01,357,3,0
P014,2022-01-02,352,5,0
P014,2022-01-03,350,2,0
P014,2022-01-04,348,2,0
P014,2022-01-05,346,2,0
P014,2022-01-06,342,4,0
P014,2022-01-07,339,3,0
P014,2022-01-08,332,7,0
P014,2022-01-09,328,4,0
P014,2022-01-10,325,3,0
P014,2022-01-11,323,2,0
P014,2022-01-12,321,2,0
P014,2022-01-13,319,2,0
P014,2022-01-14,317,2,0
P014,2022-01-15,310,7,0
P014,2022-01-16,307,3,0
P014,2022-01-17,305,2,0
P014,2022-01-18,303,2,0
P014,2022-01-19,300,3,0
P014,2022-01-20,295,5,0
P014,2022-01-21,292,3,0
P014,2022-01-22,285,7,0
P014,2022-01-23,282,3,0
P014,2022-01-24,280,2,0
P014,2022-01-25,277,3,0
P014,2022-01-26,274,3,0
P014,2022-01-27,271,3,0
P014,2022-01-28,268,3,0
P014,2022-01-29,263,5,0
P014,2022-01-30,259,4,0
P014,2022-01-31,255,4,0
P014,2022-02-01,431,4,0
P014,2022-02-02,426,5,0
P014,2022-02-03,423,3,0
P014,2022-02-04,419,4,0
P014,2022-02-05,415,4,0
P014,2022-02-06,411,4,0
P014,2022-02-07,408,3,0
P014,2022-02-08,406,2,0
P014,2022-02-09,403,3,0
P014,2022-02-10,400,3,0
P014,2022-02-11,395,5,0
P014,2022-02-12,387,8,0
P014,2022-02-13,382,5,0
P014,2022-02-14,377,5,0
P014,2022-02-15,373,4,0
P014,2022-02-16,370,3,0
P014,2022-02-17,366,4,0
P014,2022-02-18,362,4,0
P014,2022-02-19,358,4,0
P014,2022-02-20,351,7,0
P014,2022-02-21,346,5,0
P014,2022-02-22,341,5,0
P014,2022-02-23,338,3,0
P014,2022-02-24,335,3,0
P014,2022-02-25,331,4,0
P014,2022-02-26,325,6,0
P014,2022-02-27,318,7,0
P014,2022-02-28,315,3,0
P014,2022-03-01,489,6,0
P014,2022-03-02,483,6,0
P014,2022-03-03,480,3,0
P014,2022-03-04,477,3,0
P014,2022-03-05,470,7,0
P014,2022-03-06,464,6,0
P014,2022-03-07,458,6,0
P014,2022-03-08,455,3,0
P014,2022-03-09,450,5,0
P014,2022-03-10,446,4,0
P014,2022-03-11,441,5,0
P014,2022-03-12,432,9,0
P014,2022-03-13,424,8,0
P014,2022-03-14,421,3,0
P014,2022-03-15,419,2,0
P014,2022-03-16,413,6,0
P014,2022-03-17,407,6,0
P014,2022-03-18,401,6,0
P014,2022-03-19,397,4,0
P014,2022-03-20,389,8,0
P014,2022-03-21,383,6,0
P014,2022-03-22,377,6,0
P014,2022-03-23,372,5,0
P014,2022-03-24,367,5,0
P014,2022-03-25,363,4,0
P014,2022-03-26,358,5,0
P014,2022-03-27,349,9,0
P014,2022-03-28,345,4,0
P014,2022-03-29,342,3,0
P014,2022-03-30,339,3,0
P014,2022-03-31,336,3,0
P014,2022-04-01,511,5,0
P014,2022-04-02,501,10,0
P014,2022-04-03,495,6,0
P014,2022-04-04,492,3,0
P014,2022-04-05,487,5,0
P014,2022-04-06,484,3,0
P014,2022-04-07,480,4,0
P014,2022-04-08,473,7,0
P014,2022-04-09,466,7,0
P014,2022-04-10,457,9,0
P014,2022-04-11,452,5,0
P014,2022-04-12,447,5,0
P014,2022-04-13,443,4,0
P014,2022-04-14,437,6,0
P014,2022-04-15,434,3,0
P014,2022-04-16,423,11,0
P014,2022-04-17,417,6,0
P014,2022-04-18,414,3,0
P014,2022-04-19,407,7,0
P014,2022-04-20,401,6,0
P014,2022-04-21,398,3,0
P014,2022-04-22,394,4,0
P014,2022-04-23,387,7,0
P014,2022-04-24,376,11,0
P014,2022-04-25,372,4,0
P014,2022-04-26,367,5,0
P014,2022-04-27,362,5,0
P014,2022-04-28,356,6,0
P014,2022-04-29,350,6,0
P014,2022-04-30,342,8,0
P014,2022-05-01,514,8,0
P014,2022-05-02,510,4,0
P014,2022-05-03,503,7,0
P014,2022-05-04,496,7,0
P014,2022-05-05,492,4,0
P014,2022-05-06,485,7,0
P014,2022-05-07,478,7,0
P014,2022-05-08,471,7,0
P014,2022-05-09,466,5,0
P014,2022-05-10,463,3,0
P014,2022-05-11,459,4,0
P014,2022-05-12,452,7,0
P014,2022-05-13,447,5,0
P014,2022-05-14,440,7,0
P014,2022-05-15,432,8,0
P014,2022-05-16,428,4,0
P014,2022-05-17,421,7,0
P014,2022-05-18,414,7,0
P014,2022-05-19,410,4,0
P014,2022-05-20,406,4,0
P014,2022-05-21,395,11,0
P014,2022-05-22,384,11,0
P014,2022-05-23,377,7,0
P014,2022-05-24,370,7,0
P014,2022-05-25,363,7,0
P014,2022-05-26,359,4,0
P014,2022-05-27,354,5,0
P014,2022-05-28,346,8,0
P014,2022-05-29,335,11,0
P014,2022-05-30,328,7,0
P014,2022-05-31,324,4,0
P014,2022-06-01,497,7,0
P014,2022-06-02,491,6,0
P014,2022-06-03,487,4,0
P014,2022-06-04,475,12,0
P014,2022-06-05,463,12,0
P014,2022-06-06,460,3,0
P014,2022-06-07,453,7,0
P014,2022-06-08,448,5,0
P014,2022-06-09,445,3,0
P014,2022-06-10,441,4,0
P014,2022-06-11,430,11,0
P014,2022-06-12,419,11,0
P014,2022-06-13,411,8,0
P014,2022-06-14,404,7,0
P014,2022-06-15,397,7,0
P014,2022-06-16,392,5,0
P014,2022-06-17,388,4,0
P014,2022-06-18,382,6,0
P014,2022-06-19,371,11,0
P014,2022-06-20,363,8,0
P014,2022-06-21,355,8,0
P014,2022-06-22,349,6,0
P014,2022-06-23,343,6,0
P014,2022-06-24,335,8,0
P014,2022-06-25,323,12,0
P014,2022-06-26,317,6,0
P014,2022-06-27,312,5,0
P014,2022-06-28,305,7,0
P014,2022-06-29,300,5,0
P014,2022-06-30,297,3,0
P014,2022-07-01,473,4,0
P014,2022-07-02,464,9,0
P014,2022-07-03,455,9,0
P014,2022-07-04,449,6,0
P014,2022-07-05,444,5,0
P014,2022-07-06,436,8,0
P014,2022-07-07,431,5,0
P014,2022-07-08,426,5,0
P014,2022-07-09,417,9,0
P014,2022-07-10,406,11,0
P014,2022-07-11,398,8,0
P014,2022-07-12,390,8,0
P014,2022-07-13,386,4,0
P014,2022-07-14,381,5,0
P014,2022-07-15,373,8,0
P014,2022-07-16,361,12,0
P014,2022-07-17,352,9,0
P014,2022-07-18,347,5,0
P014,2022-07-19,343,4,0
P014,2022-07-20,337,6,0
P014,2022-07-21,332,5,0
P014,2022-07-22,326,6,0
P014,2022-07-23,318,8,0
P014,2022-07-24,308,10,0
P014,2022-07-25,301,7,0
P014,2022-07-26,296,5,0
P014,2022-07-27,292,4,0
P014,2022-07-28,286,6,0
P014,2022-07-29,283,3,0
P014,2022-07-30,277,6,0
P014,2022-07-31,270,7,0
P014,2022-08-01,443,7,0
P014,2022-08-02,438,5,0
P014,2022-08-03,434,4,0
P014,2022-08-04,428,6,0
P014,2022-08-05,421,7,0
P014,2022-08-06,409,12,0
P014,2022-08-07,402,7,0
P014,2022-08-08,395,7,0
P014,2022-08-09,389,6,0
P014,2022-08-10,385,4,0
P014,2022-08-11,382,3,0
P014,2022-08-12,375,7,0
P014,2022-08-13,364,11,0
P014,2022-08-14,353,11,0
P014,2022-08-15,346,7,0
P014,2022-08-16,342,4,0
P014,2022-08-17,338,4,0
P014,2022-08-18,332,6,0
P014,2022-08-19,324,8,0
P014,2022-08-20,317,7,0
P014,2022-08-21,306,11,0
P014,2022-08-22,302,4,0
P014,2022-08-23,297,5,0
P014,2022-08-24,293,4,0
P014,2022-08-25,288,5,0
P014,2022-08-26,283,5,0
P014,2022-08-27,273,10,0
P014,2022-08-28,264,9,0
P014,2022-08-29,258,6,0
P014,2022-08-30,250,8,0
P014,2022-08-31,243,7,0
P014,2022-09-01,419,4,0
P014,2022-09-02,414,5,0
P014,2022-09-03,400,14,0
P014,2022-09-04,388,12,0
P014,2022-09-05,379,9,0
P014,2022-09-06,375,4,0
P014,2022-09-07,371,4,0
P014,2022-09-08,365,6,0
P014,2022-09-09,359,6,0
P014,2022-09-10,346,13,0
P014,2022-09-11,337,9,0
P014,2022-09-12,329,8,0
P014,2022-09-13,323,6,0
P014,2022-09-14,319,4,0
P014,2022-09-15,314,5,0
P014,2022-09-16,308,6,0
P014,2022-09-17,296,12,0
P014,2022-09-18,286,10,0
P014,2022-09-19,280,6,0
P014,2022-09-20,274,6,0
P014,2022-09-21,269,5,0
P014,2022-09-22,262,7,0
P014,2022-09-23,256,6,0
P014,2022-09-24,242,14,0
P014,2022-09-25,235,7,0
P014,2022-09-26,231,4,0
P014,2022-09-27,223,8,0
P014,2022-09-28,218,5,0
P014,2022-09-29,210,8,0
P014,2022-09-30,202,8,0
P014,2022-10-01,292,9,0
P014,2022-10-02,278,14,0
P014,2022-10-03,273,5,0
P014,2022-10-04,267,6,0
P014,2022-10-05,263,4,0
P014,2022-10-06,257,6,0
P014,2022-10-07,253,4,0
P014,2022-10-08,246,7,0
P014,2022-10-09,233,13,0
P014,2022-10-10,225,8,0
P014,2022-10-11,216,9,0
P014,2022-10-12,207,9,0
P014,2022-10-13,201,6,0
P014,2022-10-14,193,8,0
P014,2022-10-15,183,10,0
P014,2022-10-16,169,14,0
P014,2022-10-17,162,7,0
P014,2022-10-18,153,9,0
P014,2022-10-19,147,6,0
P014,2022-10-20,139,8,0
P014,2022-10-21,134,5,0
P014,2022-10-22,125,9,0
P014,2022-10-23,114,11,0
P014,2022-10-24,108,6,0
P014,2022-10-25,100,8,0
P014,2022-10-26,95,5,0
P014,2022-10-27,86,9,0
P014,2022-10-28,79,7,0
P014,2022-10-29,69,10,0
P014,2022-10-30,59,10,0
P014,2022-10-31,52,7,0
P014,2022-11-01,142,9,0
P014,2022-11-02,134,8,0
P014,2022-11-03,124,10,0
P014,2022-11-04,113,11,0
P014,2022-11-05,95,18,0
P014,2022-11-06,74,21,0
P014,2022-11-07,60,14,0
P014,2022-11-08,48,12,0
P014,2022-11-09,40,8,0
P014,2022-11-10,26,14,0
P014,2022-11-11,18,8,0
P014,2022-11-12,0,18,1
P014,2022-11-13,0,0,1
P014,2022-11-14,0,0,1
P014,2022-11-15,0,0,1
P014,2022-11-16,0,0,1
P014,2022-11-17,0,0,1
P014,2022-11-18,0,0,1
P014,2022-11-19,0,0,1
P014,2022-11-20,0,0,1
P014,2022-11-21,0,0,1
P014,2022-11-22,0,0,1
P014,2022-11-23,0,0,1
P014,2022-11-24,0,0,1
P014,2022-11-25,0,0,1
P014,2022-11-26,0,0,1
P014,2022-11-27,0,0,1
P014,2022-11-28,0,0,1
P014,2022-11-29,0,0,1
P014,2022-11-30,0,0,1
P014,2022-12-01,86,13,0
P014,2022-12-02,74,12,0
P014,2022-12-03,57,17,0
P014,2022-12-04,38,19,0
P014,2022-12-05,30,8,0
P014,2022-12-06,18,12,0
P014,2022-12-07,9,9,0
P014,2022-12-08,0,9,1
P014,2022-12-09,0,0,1
P014,2022-12-10,0,0,1
P014,2022-12-11,0,0,1
P014,2022-12-12,0,0,1
P014,2022-12-13,0,0,1
P014,2022-12-14,0,0,1
P014,2022-12-15,0,0,1
P014,2022-12-16,0,0,1
P014,2022-12-17,0,0,1
P014,2022-12-18,0,0,1
P014,2022-12-19,0,0,1
P014,2022-12-20,0,0,1
P014,2022-12-21,0,0,1
P014,2022-12-22,0,0,1
P014,2022-12-23,0,0,1
P014,2022-12-24,0,0,1
P014,2022-12-25,0,0,1
P014,2022-12-26,0,0,1
P014,2022-12-27,0,0,1
P014,2022-12-28,0,0,1
P014,2022-12-29,0,0,1
P014,2022-12-30,0,0,1
P014,2022-12-31,0,0,1
P014,2023-01-01,173,7,0
P014,2023-01-02,169,4,0
P014,2023-01-03,165,4,0
P014,2023-01-04,163,2,0
P014,2023-01-05,159,4,0
P014,2023-01-06,155,4,0
P014,2023-01-07,152,3,0
P014,2023-01-08,146,6,0
P014,2023-01-09,142,4,0
P014,2023-01-10,138,4,0
P014,2023-01-11,136,2,0
P014,2023-01-12,132,4,0
P014,2023-01-13,129,3,0
P014,2023-01-14,123,6,0
P014,2023-01-15,119,4,0
P014,2023-01-16,115,4,0
P014,2023-01-17,111,4,0
P014,2023-01-18,108,3,0
P014,2023-01-19,104,4,0
P014,2023-01-20,102,2,0
P014,2023-01-21,96,6,0
P014,2023-01-22,90,6,0
P014,2023-01-23,87,3,0
P014,2023-01-24,83,4,0
P014,2023-01-25,81,2,0
P014,2023-01-26,77,4,0
P014,2023-01-27,74,3,0
P014,2023-01-28,70,4,0
P014,2023-01-29,64,6,0
P014,2023-01-30,60,4,0
P014,2023-01-31,56,4,0
P014,2023-02-01,234,2,0
P014,2023-02-02,231,3,0
P014,2023-02-03,229,2,0
P014,2023-02-04,225,4,0
P014,2023-02-05,220,5,0
P014,2023-02-06,217,3,0
P014,2023-02-07,212,5,0
P014,2023-02-08,209,3,0
P014,2023-02-09,204,5,0
P014,2023-02-10,201,3,0
P014,2023-02-11,195,6,0
P014,2023-02-12,190,5,0
P014,2023-02-13,187,3,0
P014,2023-02-14,184,3,0
P014,2023-02-15,180,4,0
P014,2023-02-16,176,4,0
P014,2023-02-17,172,4,0
P014,2023-02-18,165,7,0
P014,2023-02-19,161,4,0
P014,2023-02-20,156,5,0
P014,2023-02-21,154,2,0
P014,2023-02-22,150,4,0
P014,2023-02-23,146,4,0
P014,2023-02-24,142,4,0
P014,2023-02-25,138,4,0
P014,2023-02-26,133,5,0
P014,2023-02-27,128,5,0
P014,2023-02-28,125,3,0
P014,2023-03-01,299,6,0
P014,2023-03-02,293,6,0
P014,2023-03-03,289,4,0
P014,2023-03-04,283,6,0
P014,2023-03-05,274,9,0
P014,2023-03-06,270,4,0
P014,2023-03-07,266,4,0
P014,2023-03-08,260,6,0
P014,2023-03-09,255,5,0
P014,2023-03-10,250,5,0
P014,2023-03-11,243,7,0
P014,2023-03-12,234,9,0
P014,2023-03-13,231,3,0
P014,2023-03-14,227,4,0
P014,2023-03-15,222,5,0
P014,2023-03-16,217,5,0
P014,2023-03-17,214,3,0
P014,2023-03-18,205,9,0
P014,2023-03-19,197,8,0
P014,2023-03-20,194,3,0
P014,2023-03-21,190,4,0
P014,2023-03-22,184,6,0
P014,2023-03-23,181,3,0
P014,2023-03-24,177,4,0
P014,2023-03-25,171,6,0
P014,2023-03-26,164,7,0
P014,2023-03-27,161,3,0
P014,2023-03-28,157,4,0
P014,2023-03-29,154,3,0
P014,2023-03-30,148,6,0
P014,2023-03-31,145,3,0
P014,2023-04-01,320,5,0
P014,2023-04-02,312,8,0
P014,2023-04-03,307,5,0
P014,2023-04-04,304,3,0
P014,2023-04-05,300,4,0
P014,2023-04-06,297,3,0
P014,2023-04-07,290,7,0
P014,2023-04-08,283,7,0
P014,2023-04-09,274,9,0
P014,2023-04-10,270,4,0
P014,2023-04-11,264,6,0
P014,2023-04-12,261,3,0
P014,2023-04-13,257,4,0
P014,2023-04-14,254,3,0
P014,2023-04-15,249,5,0
P014,2023-04-16,242,7,0
P014,2023-04-17,236,6,0
P014,2023-04-18,232,4,0
P014,2023-04-19,228,4,0
P014,2023-04-20,222,6,0
P014,2023-04-21,216,6,0
P014,2023-04-22,211,5,0
P014,2023-04-23,205,6,0
P014,2023-04-24,201,4,0
P014,2023-04-25,195,6,0
P014,2023-04-26,192,3,0
P014,2023-04-27,189,3,0
P014,2023-04-28,183,6,0
P014,2023-04-29,174,9,0
P014,2023-04-30,168,6,0
P014,2023-05-01,341,7,0
P014,2023-05-02,337,4,0
P014,2023-05-03,334,3,0
P014,2023-05-04,327,7,0
P014,2023-05-05,320,7,0
P014,2023-05-06,313,7,0
P014,2023-05-07,308,5,0
P014,2023-05-08,303,5,0
P014,2023-05-09,300,3,0
P014,2023-05-10,294,6,0
P014,2023-05-11,290,4,0
P014,2023-05-12,287,3,0
P014,2023-05-13,281,6,0
P014,2023-05-14,276,5,0
P014,2023-05-15,272,4,0
P014,2023-05-16,268,4,0
P014,2023-05-17,264,4,0
P014,2023-05-18,258,6,0
P014,2023-05-19,251,7,0
P014,2023-05-20,243,8,0
P014,2023-05-21,236,7,0
P014,2023-05-22,230,6,0
P014,2023-05-23,225,5,0
P014,2023-05-24,222,3,0
P014,2023-05-25,219,3,0
P014,2023-05-26,214,5,0
P014,2023-05-27,208,6,0
P014,2023-05-28,197,11,0
P014,2023-05-29,191,6,0
P014,2023-05-30,184,7,0
P014,2023-05-31,179,5,0
P014,2023-06-01,353,6,0
P014,2023-06-02,348,5,0
P014,2023-06-03,336,12,0
P014,2023-06-04,330,6,0
P014,2023-06-05,323,7,0
P014,2023-06-06,317,6,0
P014,2023-06-07,310,7,0
P014,2023-06-08,305,5,0
P014,2023-06-09,299,6,0
P014,2023-06-10,290,9,0
P014,2023-06-11,280,10,0
P014,2023-06-12,273,7,0
P014,2023-06-13,266,7,0
P014,2023-06-14,259,7,0
P014,2023-06-15,255,4,0
P014,2023-06-16,248,7,0
P014,2023-06-17,238,10,0
P014,2023-06-18,229,9,0
P014,2023-06-19,224,5,0
P014,2023-06-20,219,5,0
P014,2023-06-21,215,4,0
P014,2023-06-22,209,6,0
P014,2023-06-23,205,4,0
P014,2023-06-24,193,12,0
P014,2023-06-25,184,9,0
P014,2023-06-26,177,7,0
P014,2023-06-27,169,8,0
P014,2023-06-28,163,6,0
P014,2023-06-29,156,7,0
P014,2023-06-30,152,4,0
P014,2023-07-01,325,7,0
P014,2023-07-02,318,7,0
P014,2023-07-03,312,6,0
P014,2023-07-04,305,7,0
P014,2023-07-05,300,5,0
P014,2023-07-06,296,4,0
P014,2023-07-07,289,7,0
P014,2023-07-08,281,8,0
P014,2023-07-09,269,12,0
P014,2023-07-10,263,6,0
P014,2023-07-11,256,7,0
P014,2023-07-12,249,7,0
P014,2023-07-13,241,8,0
P014,2023-07-14,236,5,0
P014,2023-07-15,226,10,0
P014,2023-07-16,219,7,0
P014,2023-07-17,213,6,0
P014,2023-07-18,207,6,0
P014,2023-07-19,199,8,0
P014,2023-07-20,192,7,0
P014,2023-07-21,188,4,0
P014,2023-07-22,177,11,0
P014,2023-07-23,166,11,0
P014,2023-07-24,158,8,0
P014,2023-07-25,155,3,0
P014,2023-07-26,147,8,0
P014,2023-07-27,141,6,0
P014,2023-07-28,133,8,0
P014,2023-07-29,127,6,0
P014,2023-07-30,121,6,0
P014,2023-07-31,117,4,0
P014,2023-08-01,292,5,0
P014,2023-08-02,288,4,0
P014,2023-08-03,283,5,0
P014,2023-08-04,279,4,0
P014,2023-08-05,268,11,0
P014,2023-08-06,263,5,0
P014,2023-08-07,260,3,0
P014,2023-08-08,256,4,0
P014,2023-08-09,250,6,0
P014,2023-08-10,247,3,0
P014,2023-08-11,242,5,0
P014,2023-08-12,233,9,0
P014,2023-08-13,221,12,0
P014,2023-08-14,218,3,0
P014,2023-08-15,212,6,0
P014,2023-08-16,206,6,0
P014,2023-08-17,202,4,0
P014,2023-08-18,196,6,0
P014,2023-08-19,187,9,0
P014,2023-08-20,176,11,0
P014,2023-08-21,169,7,0
P014,2023-08-22,161,8,0
P014,2023-08-23,157,4,0
P014,2023-08-24,150,7,0
P014,2023-08-25,146,4,0
P014,2023-08-26,134,12,0
P014,2023-08-27,122,12,0
P014,2023-08-28,116,6,0
P014,2023-08-29,108,8,0
P014,2023-08-30,104,4,0
P014,2023-08-31,98,6,0
P014,2023-09-01,274,4,0
P014,2023-09-02,261,13,0
P014,2023-09-03,252,9,0
P014,2023-09-04,247,5,0
P014,2023-09-05,241,6,0
P014,2023-09-06,233,8,0
P014,2023-09-07,228,5,0
P014,2023-09-08,223,5,0
P014,2023-09-09,211,12,0
P014,2023-09-10,199,12,0
P014,2023-09-11,194,5,0
P014,2023-09-12,189,5,0
P014,2023-09-13,184,5,0
P014,2023-09-14,180,4,0
P014,2023-09-15,172,8,0
P014,2023-09-16,159,13,0
P014,2023-09-17,146,13,0
P014,2023-09-18,142,4,0
P014,2023-09-19,133,9,0
P014,2023-09-20,129,4,0
P014,2023-09-21,122,7,0
P014,2023-09-22,113,9,0
P014,2023-09-23,105,8,0
P014,2023-09-24,91,14,0
P014,2023-09-25,83,8,0
P014,2023-09-26,76,7,0
P014,2023-09-27,72,4,0
P014,2023-09-28,66,6,0
P014,2023-09-29,62,4,0
P014,2023-09-30,50,12,0
P014,2023-10-01,136,13,0
P014,2023-10-02,127,9,0
P014,2023-10-03,118,9,0
P014,2023-10-04,109,9,0
P014,2023-10-05,101,8,0
P014,2023-10-06,96,5,0
P014,2023-10-07,84,12,0
P014,2023-10-08,77,7,0
P014,2023-10-09,72,5,0
P014,2023-10-10,68,4,0
P014,2023-10-11,59,9,0
P014,2023-10-12,52,7,0
P014,2023-10-13,47,5,0
P014,2023-10-14,33,14,0
P014,2023-10-15,21,12,0
P014,2023-10-16,14,7,0
P014,2023-10-17,8,6,0
P014,2023-10-18,2,6,0
P014,2023-10-19,0,2,1
P014,2023-10-20,0,0,1
P014,2023-10-21,0,0,1
P014,2023-10-22,0,0,1
P014,2023-10-23,0,0,1
P014,2023-10-24,0,0,1
P014,2023-10-25,0,0,1
P014,2023-10-26,0,0,1
P014,2023-10-27,0,0,1
P014,2023-10-28,0,0,1
P014,2023-10-29,0,0,1
P014,2023-10-30,0,0,1
P014,2023-10-31,0,0,1
P014,2023-11-01,88,11,0
P014,2023-11-02,79,9,0
P014,2023-11-03,72,7,0
P014,2023-11-04,55,17,0
P014,2023-11-05,36,19,0
P014,2023-11-06,29,7,0
P014,2023-11-07,20,9,0
P014,2023-11-08,6,14,0
P014,2023-11-09,0,6,1
P014,2023-11-10,0,0,1
P014,2023-11-11,0,0,1
P014,2023-11-12,0,0,1
P014,2023-11-13,0,0,1
P014,2023-11-14,0,0,1
P014,2023-11-15,0,0,1
P014,2023-11-16,0,0,1
P014,2023-11-17,0,0,1
P014,2023-11-18,0,0,1
P014,2023-11-19,0,0,1
P014,2023-11-20,0,0,1
P014,2023-11-21,0,0,1
P014,2023-11-22,0,0,1
P014,2023-11-23,0,0,1
P014,2023-11-24,0,0,1
P014,2023-11-25,0,0,1
P014,2023-11-26,0,0,1
P014,2023-11-27,0,0,1
P014,2023-11-28,0,0,1
P014,2023-11-29,0,0,1
P014,2023-11-30,0,0,1
P014,2023-12-01,92,7,0
P014,2023-12-02,78,14,0
P014,2023-12-03,64,14,0
P014,2023-12-04,54,10,0
P014,2023-12-05,49,5,0
P014,2023-12-06,38,11,0
P014,2023-12-07,30,8,0
P014,2023-12-08,19,11,0
P014,2023-12-09,0,19,1
P014,2023-12-10,0,0,1
P014,2023-12-11,0,0,1
P014,2023-12-12,0,0,1
P014,2023-12-13,0,0,1
P014,2023-12-14,0,0,1
P014,2023-12-15,0,0,1
P014,2023-12-16,0,0,1
P014,2023-12-17,0,0,1
P014,2023-12-18,0,0,1
P014,2023-12-19,0,0,1
P014,2023-12-20,0,0,1
P014,2023-12-21,0,0,1
P014,2023-12-22,0,0,1
P014,2023-12-23,0,0,1
P014,2023-12-24,0,0,1
P014,2023-12-25,0,0,1
P014,2023-12-26,0,0,1
P014,2023-12-27,0,0,1
P014,2023-12-28,0,0,1
P014,2023-12-29,0,0,1
P014,2023-12-30,0,0,1
P014,2023-12-31,0,0,1
P014,2024-01-01,178,2,0
P014,2024-01-02,175,3,0
P014,2024-01-03,172,3,0
P014,2024-01-04,168,4,0
P014,2024-01-05,166,2,0
P014,2024-01-06,161,5,0
P014,2024-01-07,158,3,0
P014,2024-01-08,154,4,0
P014,2024-01-09,151,3,0
P014,2024-01-10,149,2,0
P014,2024-01-11,146,3,0
P014,2024-01-12,144,2,0
P014,2024-01-13,140,4,0
P014,2024-01-14,134,6,0
P014,2024-01-15,131,3,0
P014,2024-01-16,128,3,0
P014,2024-01-17,125,3,0
P014,2024-01-18,122,3,0
P014,2024-01-19,119,3,0
P014,2024-01-20,112,7,0
P014,2024-01-21,106,6,0
P014,2024-01-22,102,4,0
P014,2024-01-23,100,2,0
P014,2024-01-24,96,4,0
P014,2024-01-25,92,4,0
P014,2024-01-26,89,3,0
P014,2024-01-27,85,4,0
P014,2024-01-28,79,6,0
P014,2024-01-29,77,2,0
P014,2024-01-30,73,4,0
P014,2024-01-31,70,3,0
P014,2024-02-01,246,4,0
P014,2024-02-02,242,4,0
P014,2024-02-03,237,5,0
P014,2024-02-04,232,5,0
P014,2024-02-05,230,2,0
P014,2024-02-06,227,3,0
P014,2024-02-07,222,5,0
P014,2024-02-08,218,4,0
P014,2024-02-09,213,5,0
P014,2024-02-10,207,6,0
P014,2024-02-11,203,4,0
P014,2024-02-12,199,4,0
P014,2024-02-13,196,3,0
P014,2024-02-14,191,5,0
P014,2024-02-15,189,2,0
P014,2024-02-16,187,2,0
P014,2024-02-17,180,7,0
P014,2024-02-18,173,7,0
P014,2024-02-19,171,2,0
P014,2024-02-20,169,2,0
P014,2024-02-21,166,3,0
P014,2024-02-22,162,4,0
P014,2024-02-23,160,2,0
P014,2024-02-24,153,7,0
P014,2024-02-25,147,6,0
P014,2024-02-26,144,3,0
P014,2024-02-27,141,3,0
P014,2024-02-28,139,2,0
P014,2024-02-29,136,3,0
P014,2024-03-01,312,4,0
P014,2024-03-02,306,6,0
P014,2024-03-03,299,7,0
P014,2024-03-04,295,4,0
P014,2024-03-05,289,6,0
P014,2024-03-06,286,3,0
P014,2024-03-07,280,6,0
P014,2024-03-08,274,6,0
P014,2024-03-09,267,7,0
P014,2024-03-10,257,10,0
P014,2024-03-11,252,5,0
P014,2024-03-12,246,6,0
P014,2024-03-13,241,5,0
P014,2024-03-14,238,3,0
P014,2024-03-15,233,5,0
P014,2024-03-16,228,5,0
P014,2024-03-17,223,5,0
P014,2024-03-18,220,3,0
P014,2024-03-19,215,5,0
P014,2024-03-20,210,5,0
P014,2024-03-21,204,6,0
P014,2024-03-22,198,6,0
P014,2024-03-23,193,5,0
P014,2024-03-24,184,9,0
P014,2024-03-25,178,6,0
P014,2024-03-26,176,2,0
P014,2024-03-27,172,4,0
P014,2024-03-28,167,5,0
P014,2024-03-29,164,3,0
P014,2024-03-30,155,9,0
P014,2024-03-31,147,8,0
P014,2024-04-01,321,6,0
P014,2024-04-02,315,6,0
P014,2024-04-03,310,5,0
P014,2024-04-04,304,6,0
P014,2024-04-05,301,3,0
P014,2024-04-06,296,5,0
P014,2024-04-07,285,11,0
P014,2024-04-08,281,4,0
P014,2024-04-09,276,5,0
P014,2024-04-10,270,6,0
P014,2024-04-11,265,5,0
P014,2024-04-12,262,3,0
P014,2024-04-13,256,6,0
P014,2024-04-14,249,7,0
P014,2024-04-15,245,4,0
P014,2024-04-16,239,6,0
P014,2024-04-17,235,4,0
P014,2024-04-18,231,4,0
P014,2024-04-19,226,5,0
P014,2024-04-20,216,10,0
P014,2024-04-21,211,5,0
P014,2024-04-22,205,6,0
P014,2024-04-23,200,5,0
P014,2024-04-24,196,4,0
P014,2024-04-25,193,3,0
P014,2024-04-26,189,4,0
P014,2024-04-27,181,8,0
P014,2024-04-28,172,9,0
P014,2024-04-29,169,3,0
P014,2024-04-30,164,5,0
P014,2024-05-01,337,7,0
P014,2024-05-02,333,4,0
P014,2024-05-03,326,7,0
P014,2024-05-04,320,6,0
P014,2024-05-05,311,9,0
P014,2024-05-06,305,6,0
P014,2024-05-07,301,4,0
P014,2024-05-08,298,3,0
P014,2024-05-09,292,6,0
P014,2024-05-10,285,7,0
P014,2024-05-11,276,9,0
P014,2024-05-12,268,8,0
P014,2024-05-13,262,6,0
P014,2024-05-14,257,5,0
P014,2024-05-15,253,4,0
P014,2024-05-16,247,6,0
P014,2024-05-17,241,6,0
P014,2024-05-18,234,7,0
P014,2024-05-19,224,10,0
P014,2024-05-20,217,7,0
P014,2024-05-21,214,3,0
P014,2024-05-22,208,6,0
P014,2024-05-23,201,7,0
P014,2024-05-24,196,5,0
P014,2024-05-25,185,11,0
P014,2024-05-26,180,5,0
P014,2024-05-27,176,4,0
P014,2024-05-28,169,7,0
P014,2024-05-29,163,6,0
P014,2024-05-30,159,4,0
P014,2024-05-31,153,6,0
P014,2024-06-01,322,11,0
P014,2024-06-02,312,10,0
P014,2024-06-03,304,8,0
P014,2024-06-04,298,6,0
P014,2024-06-05,293,5,0
P014,2024-06-06,286,7,0
P014,2024-06-07,281,5,0
P014,2024-06-08,272,9,0
P014,2024-06-09,264,8,0
P014,2024-06-10,257,7,0
P014,2024-06-11,252,5,0
P014,2024-06-12,246,6,0
P014,2024-06-13,240,6,0
P014,2024-06-14,237,3,0
P014,2024-06-15,228,9,0
P014,2024-06-16,218,10,0
P014,2024-06-17,213,5,0
P014,2024-06-18,208,5,0
P014,2024-06-19,202,6,0
P014,2024-06-20,194,8,0
P014,2024-06-21,187,7,0
P014,2024-06-22,177,10,0
P014,2024-06-23,169,8,0
P014,2024-06-24,165,4,0
P014,2024-06-25,160,5,0
P014,2024-06-26,157,3,0
P014,2024-06-27,151,6,0
P014,2024-06-28,143,8,0
P014,2024-06-29,136,7,0
P014,2024-06-30,130,6,0
P014,2024-07-01,302,8,0
P014,2024-07-02,294,8,0
P014,2024-07-03,288,6,0
P014,2024-07-04,281,7,0
P014,2024-07-05,277,4,0
P014,2024-07-06,266,11,0
P014,2024-07-07,258,8,0
P014,2024-07-08,252,6,0
P014,2024-07-09,247,5,0
P014,2024-07-10,243,4,0
P014,2024-07-11,236,7,0
P014,2024-07-12,230,6,0
P014,2024-07-13,221,9,0
P014,2024-07-14,208,13,0
P014,2024-07-15,200,8,0
P014,2024-07-16,195,5,0
P014,2024-07-17,188,7,0
P014,2024-07-18,183,5,0
P014,2024-07-19,179,4,0
P014,2024-07-20,168,11,0
P014,2024-07-21,158,10,0
P014,2024-07-22,151,7,0
P014,2024-07-23,147,4,0
P014,2024-07-24,142,5,0
P014,2024-07-25,139,3,0
P014,2024-07-26,132,7,0
P014,2024-07-27,122,10,0
P014,2024-07-28,110,12,0
P014,2024-07-29,104,6,0
P014,2024-07-30,99,5,0
P014,2024-07-31,93,6,0
P014,2024-08-01,265,8,0
P014,2024-08-02,258,7,0
P014,2024-08-03,252,6,0
P014,2024-08-04,241,11,0
P014,2024-08-05,236,5,0
P014,2024-08-06,229,7,0
P014,2024-08-07,223,6,0
P014,2024-08-08,216,7,0
P014,2024-08-09,211,5,0
P014,2024-08-10,203,8,0
P014,2024-08-11,191,12,0
P014,2024-08-12,186,5,0
P014,2024-08-13,182,4,0
P014,2024-08-14,177,5,0
P014,2024-08-15,173,4,0
P014,2024-08-16,168,5,0
P014,2024-08-17,163,5,0
P014,2024-08-18,155,8,0
P014,2024-08-19,148,7,0
P014,2024-08-20,141,7,0
P014,2024-08-21,135,6,0
P014,2024-08-22,127,8,0
P014,2024-08-23,120,7,0
P014,2024-08-24,113,7,0
P014,2024-08-25,106,7,0
P014,2024-08-26,101,5,0
P014,2024-08-27,93,8,0
P014,2024-08-28,87,6,0
P014,2024-08-29,80,7,0
P014,2024-08-30,75,5,0
P014,2024-08-31,63,12,0
P014,2024-09-01,232,11,0
P014,2024-09-02,225,7,0
P014,2024-09-03,216,9,0
P014,2024-09-04,209,7,0
P014,2024-09-05,201,8,0
P014,2024-09-06,194,7,0
P014,2024-09-07,181,13,0
P014,2024-09-08,170,11,0
P014,2024-09-09,166,4,0
P014,2024-09-10,161,5,0
P014,2024-09-11,155,6,0
P014,2024-09-12,147,8,0
P014,2024-09-13,142,5,0
P014,2024-09-14,134,8,0
P014,2024-09-15,124,10,0
P014,2024-09-16,116,8,0
P014,2024-09-17,110,6,0
P014,2024-09-18,101,9,0
P014,2024-09-19,94,7,0
P014,2024-09-20,91,3,0
P014,2024-09-21,82,9,0
P014,2024-09-22,73,9,0
P014,2024-09-23,65,8,0
P014,2024-09-24,59,6,0
P014,2024-09-25,54,5,0
P014,2024-09-26,50,4,0
P014,2024-09-27,44,6,0
P014,2024-09-28,37,7,0
P014,2024-09-29,25,12,0
P014,2024-09-30,21,4,0
P014,2024-10-01,113,7,0
P014,2024-10-02,106,7,0
P014,2024-10-03,97,9,0
P014,2024-10-04,90,7,0
P014,2024-10-05,81,9,0
P014,2024-10-06,73,8,0
P014,2024-10-07,67,6,0
P014,2024-10-08,63,4,0
P014,2024-10-09,59,4,0
P014,2024-10-10,50,9,0
P014,2024-10-11,41,9,0
P014,2024-10-12,28,13,0
P014,2024-10-13,20,8,0
P014,2024-10-14,15,5,0
P014,2024-10-15,8,7,0
P014,2024-10-16,0,8,1
P014,2024-10-17,0,0,1
P014,2024-10-18,0,0,1
P014,2024-10-19,0,0,1
P014,2024-10-20,0,0,1
P014,2024-10-21,0,0,1
P014,2024-10-22,0,0,1
P014,2024-10-23,0,0,1
P014,2024-10-24,0,0,1
P014,2024-10-25,0,0,1
P014,2024-10-26,0,0,1
P014,2024-10-27,0,0,1
P014,2024-10-28,0,0,1
P014,2024-10-29,0,0,1
P014,2024-10-30,0,0,1
P014,2024-10-31,0,0,1
P014,2024-11-01,85,14,0
P014,2024-11-02,74,11,0
P014,2024-11-03,52,22,0
P014,2024-11-04,41,11,0
P014,2024-11-05,26,15,0
P014,2024-11-06,20,6,0
P014,2024-11-07,14,6,0
P014,2024-11-08,4,10,0
P014,2024-11-09,0,4,1
P014,2024-11-10,0,0,1
P014,2024-11-11,0,0,1
P014,2024-11-12,0,0,1
P014,2024-11-13,0,0,1
P014,2024-11-14,0,0,1
P014,2024-11-15,0,0,1
P014,2024-11-16,0,0,1
P014,2024-11-17,0,0,1
P014,2024-11-18,0,0,1
P014,2024-11-19,0,0,1
P014,2024-11-20,0,0,1
P014,2024-11-21,0,0,1
P014,2024-11-22,0,0,1
P014,2024-11-23,0,0,1
P014,2024-11-24,0,0,1
P014,2024-11-25,0,0,1
P014,2024-11-26,0,0,1
P014,2024-11-27,0,0,1
P014,2024-11-28,0,0,1
P014,2024-11-29,0,0,1
P014,2024-11-30,0,0,1
P014,2024-12-01,88,11,0
P014,2024-12-02,81,7,0
P014,2024-12-03,68,13,0
P014,2024-12-04,61,7,0
P014,2024-12-05,54,7,0
P014,2024-12-06,48,6,0
P014,2024-12-07,27,21,0
P014,2024-12-08,11,16,0
P014,2024-12-09,2,9,0
P014,2024-12-10,0,2,1
P014,2024-12-11,0,0,1
P014,2024-12-12,0,0,1
P014,2024-12-13,0,0,1
P014,2024-12-14,0,0,1
P014,2024-12-15,0,0,1
P014,2024-12-16,0,0,1
P014,2024-12-17,0,0,1
P014,2024-12-18,0,0,1
P014,2024-12-19,0,0,1
P014,2024-12-20,0,0,1
P014,2024-12-21,0,0,1
P014,2024-12-22,0,0,1
P014,2024-12-23,0,0,1
P014,2024-12-24,0,0,1
P014,2024-12-25,0,0,1
P014,2024-12-26,0,0,1
P014,2024-12-27,0,0,1
P014,2024-12-28,0,0,1
P014,2024-12-29,0,0,1
P014,2024-12-30,0,0,1
P014,2024-12-31,0,0,1
P015,2022-01-01,196,4,0
P015,2022-01-02,194,2,0
P015,2022-01-03,192,2,0
P015,2022-01-04,190,2,0
P015,2022-01-05,188,2,0
P015,2022-01-06,186,2,0
P015,2022-01-07,184,2,0
P015,2022-01-08,182,2,0
P015,2022-01-09,181,1,0
P015,2022-01-10,179,2,0
P015,2022-01-11,177,2,0
P015,2022-01-12,176,1,0
P015,2022-01-13,174,2,0
P015,2022-01-14,172,2,0
P015,2022-01-15,169,3,0
P015,2022-01-16,166,3,0
P015,2022-01-17,165,1,0
P015,2022-01-18,163,2,0
P015,2022-01-19,162,1,0
P015,2022-01-20,161,1,0
P015,2022-01-21,160,1,0
P015,2022-01-22,158,2,0
P015,2022-01-23,155,3,0
P015,2022-01-24,154,1,0
P015,2022-01-25,153,1,0
P015,2022-01-26,151,2,0
P015,2022-01-27,150,1,0
P015,2022-01-28,149,1,0
P015,2022-01-29,146,3,0
P015,2022-01-30,143,3,0
P015,2022-01-31,141,2,0
P015,2022-02-01,239,2,0
P015,2022-02-02,237,2,0
P015,2022-02-03,235,2,0
P015,2022-02-04,234,1,0
P015,2022-02-05,232,2,0
P015,2022-02-06,229,3,0
P015,2022-02-07,228,1,0
P015,2022-02-08,226,2,0
P015,2022-02-09,225,1,0
P015,2022-02-10,222,3,0
P015,2022-02-11,220,2,0
P015,2022-02-12,217,3,0
P015,2022-02-13,215,2,0
P015,2022-02-14,213,2,0
P015,2022-02-15,212,1,0
P015,2022-02-16,211,1,0
P015,2022-02-17,210,1,0
P015,2022-02-18,207,3,0
P015,2022-02-19,205,2,0
P015,2022-02-20,201,4,0
P015,2022-02-21,200,1,0
P015,2022-02-22,199,1,0
P015,2022-02-23,197,2,0
P015,2022-02-24,195,2,0
P015,2022-02-25,194,1,0
P015,2022-02-26,191,3,0
P015,2022-02-27,189,2,0
P015,2022-02-28,187,2,0
P015,2022-03-01,286,1,0
P015,2022-03-02,284,2,0
P015,2022-03-03,281,3,0
P015,2022-03-04,280,1,0
P015,2022-03-05,276,4,0
P015,2022-03-06,273,3,0
P015,2022-03-07,272,1,0
P015,2022-03-08,270,2,0
P015,2022-03-09,267,3,0
P015,2022-03-10,265,2,0
P015,2022-03-11,263,2,0
P015,2022-03-12,258,5,0
P015,2022-03-13,254,4,0
P015,2022-03-14,251,3,0
P015,2022-03-15,249,2,0
P015,2022-03-16,246,3,0
P015,2022-03-17,245,1,0
P015,2022-03-18,243,2,0
P015,2022-03-19,241,2,0
P015,2022-03-20,239,2,0
P015,2022-03-21,237,2,0
P015,2022-03-22,235,2,0
P015,2022-03-23,232,3,0
P015,2022-03-24,230,2,0
P015,2022-03-25,229,1,0
P015,2022-03-26,226,3,0
P015,2022-03-27,223,3,0
P015,2022-03-28,220,3,0
P015,2022-03-29,218,2,0
P015,2022-03-30,216,2,0
P015,2022-03-31,213,3,0
P015,2022-04-01,310,3,0
P015,2022-04-02,306,4,0
P015,2022-04-03,303,3,0
P015,2022-04-04,299,4,0
P015,2022-04-05,296,3,0
P015,2022-04-06,293,3,0
P015,2022-04-07,291,2,0
P015,2022-04-08,287,4,0
P015,2022-04-09,282,5,0
P015,2022-04-10,277,5,0
P015,2022-04-11,275,2,0
P015,2022-04-12,273,2,0
P015,2022-04-13,270,3,0
P015,2022-04-14,267,3,0
P015,2022-04-15,266,1,0
P015,2022-04-16,261,5,0
P015,2022-04-17,258,3,0
P015,2022-04-18,255,3,0
P015,2022-04-19,253,2,0
P015,2022-04-20,251,2,0
P015,2022-04-21,248,3,0
P015,2022-04-22,247,1,0
P015,2022-04-23,243,4,0
P015,2022-04-24,239,4,0
P015,2022-04-25,237,2,0
P015,2022-04-26,233,4,0
P015,2022-04-27,230,3,0
P015,2022-04-28,228,2,0
P015,2022-04-29,225,3,0
P015,2022-04-30,221,4,0
P015,2022-05-01,315,6,0
P015,2022-05-02,312,3,0
P015,2022-05-03,308,4,0
P015,2022-05-04,305,3,0
P015,2022-05-05,302,3,0
P015,2022-05-06,299,3,0
P015,2022-05-07,296,3,0
P015,2022-05-08,292,4,0
P015,2022-05-09,290,2,0
P015,2022-05-10,287,3,0
P015,2022-05-11,285,2,0
P015,2022-05-12,283,2,0
P015,2022-05-13,281,2,0
P015,2022-05-14,278,3,0
P015,2022-05-15,274,4,0
P015,2022-05-16,271,3,0
P015,2022-05-17,267,4,0
P015,2022-05-18,265,2,0
P015,2022-05-19,262,3,0
P015,2022-05-20,261,1,0
P015,2022-05-21,257,4,0
P015,2022-05-22,253,4,0
P015,2022-05-23,251,2,0
P015,2022-05-24,248,3,0
P015,2022-05-25,246,2,0
P015,2022-05-26,244,2,0
P015,2022-05-27,241,3,0
P015,2022-05-28,237,4,0
P015,2022-05-29,233,4,0
P015,2022-05-30,230,3,0
P015,2022-05-31,226,4,0
P015,2022-06-01,323,3,0
P015,2022-06-02,321,2,0
P015,2022-06-03,318,3,0
P015,2022-06-04,314,4,0
P015,2022-06-05,310,4,0
P015,2022-06-06,308,2,0
P015,2022-06-07,306,2,0
P015,2022-06-08,304,2,0
P015,2022-06-09,300,4,0
P015,2022-06-10,297,3,0
P015,2022-06-11,292,5,0
P015,2022-06-12,285,7,0
P015,2022-06-13,283,2,0
P015,2022-06-14,279,4,0
P015,2022-06-15,276,3,0
P015,2022-06-16,273,3,0
P015,2022-06-17,270,3,0
P015,2022-06-18,265,5,0
P015,2022-06-19,262,3,0
P015,2022-06-20,259,3,0
P015,2022-06-21,256,3,0
P015,2022-06-22,252,4,0
P015,2022-06-23,249,3,0
P015,2022-06-24,245,4,0
P015,2022-06-25,241,4,0
P015,2022-06-26,235,6,0
P015,2022-06-27,233,2,0
P015,2022-06-28,230,3,0
P015,2022-06-29,226,4,0
P015,2022-06-30,222,4,0
P015,2022-07-01,319,3,0
P015,2022-07-02,315,4,0
P015,2022-07-03,308,7,0
P015,2022-07-04,304,4,0
P015,2022-07-05,301,3,0
P015,2022-07-06,299,2,0
P015,2022-07-07,297,2,0
P015,2022-07-08,295,2,0
P015,2022-07-09,291,4,0
P015,2022-07-10,288,3,0
P015,2022-07-11,286,2,0
P015,2022-07-12,282,4,0
P015,2022-07-13,279,3,0
P015,2022-07-14,276,3,0
P015,2022-07-15,273,3,0
P015,2022-07-16,267,6,0
P015,2022-07-17,261,6,0
P015,2022-07-18,257,4,0
P015,2022-07-19,253,4,0
P015,2022-07-20,250,3,0
P015,2022-07-21,247,3,0
P015,2022-07-22,244,3,0
P015,2022-07-23,238,6,0
P015,2022-07-24,232,6,0
P015,2022-07-25,229,3,0
P015,2022-07-26,225,4,0
P015,2022-07-27,222,3,0
P015,2022-07-28,219,3,0
P015,2022-07-29,217,2,0
P015,2022-07-30,211,6,0
P015,2022-07-31,207,4,0
P015,2022-08-01,305,2,0
P015,2022-08-02,301,4,0
P015,2022-08-03,299,2,0
P015,2022-08-04,296,3,0
P015,2022-08-05,293,3,0
P015,2022-08-06,290,3,0
P015,2022-08-07,286,4,0
P015,2022-08-08,284,2,0
P015,2022-08-09,281,3,0
P015,2022-08-10,277,4,0
P015,2022-08-11,274,3,0
P015,2022-08-12,271,3,0
P015,2022-08-13,267,4,0
P015,2022-08-14,263,4,0
P015,2022-08-15,260,3,0
P015,2022-08-16,258,2,0
P015,2022-08-17,256,2,0
P015,2022-08-18,254,2,0
P015,2022-08-19,251,3,0
P015,2022-08-20,245,6,0
P015,2022-08-21,242,3,0
P015,2022-08-22,240,2,0
P015,2022-08-23,238,2,0
P015,2022-08-24,236,2,0
P015,2022-08-25,234,2,0
P015,2022-08-26,232,2,0
P015,2022-08-27,227,5,0
P015,2022-08-28,220,7,0
P015,2022-08-29,217,3,0
P015,2022-08-30,213,4,0
P015,2022-08-31,211,2,0
P015,2022-09-01,309,2,0
P015,2022-09-02,307,2,0
P015,2022-09-03,304,3,0
P015,2022-09-04,298,6,0
P015,2022-09-05,294,4,0
P015,2022-09-06,291,3,0
P015,2022-09-07,288,3,0
P015,2022-09-08,285,3,0
P015,2022-09-09,281,4,0
P015,2022-09-10,277,4,0
P015,2022-09-11,272,5,0
P015,2022-09-12,269,3,0
P015,2022-09-13,266,3,0
P015,2022-09-14,262,4,0
P015,2022-09-15,259,3,0
P015,2022-09-16,255,4,0
P015,2022-09-17,248,7,0
P015,2022-09-18,242,6,0
P015,2022-09-19,238,4,0
P015,2022-09-20,234,4,0
P015,2022-09-21,232,2,0
P015,2022-09-22,230,2,0
P015,2022-09-23,228,2,0
P015,2022-09-24,221,7,0
P015,2022-09-25,217,4,0
P015,2022-09-26,215,2,0
P015,2022-09-27,212,3,0
P015,2022-09-28,209,3,0
P015,2022-09-29,204,5,0
P015,2022-09-30,202,2,0
P015,2022-10-01,252,5,0
P015,2022-10-02,247,5,0
P015,2022-10-03,245,2,0
P015,2022-10-04,242,3,0
P015,2022-10-05,239,3,0
P015,2022-10-06,235,4,0
P015,2022-10-07,230,5,0
P015,2022-10-08,226,4,0
P015,2022-10-09,221,5,0
P015,2022-10-10,217,4,0
P015,2022-10-11,215,2,0
P015,2022-10-12,211,4,0
P015,2022-10-13,208,3,0
P015,2022-10-14,205,3,0
P015,2022-10-15,201,4,0
P015,2022-10-16,195,6,0
P015,2022-10-17,191,4,0
P015,2022-10-18,188,3,0
P015,2022-10-19,184,4,0
P015,2022-10-20,181,3,0
P015,2022-10-21,177,4,0
P015,2022-10-22,171,6,0
P015,2022-10-23,166,5,0
P015,2022-10-24,162,4,0
P015,2022-10-25,158,4,0
P015,2022-10-26,153,5,0
P015,2022-10-27,151,2,0
P015,2022-10-28,146,5,0
P015,2022-10-29,142,4,0
P015,2022-10-30,136,6,0
P015,2022-10-31,134,2,0
P015,2022-11-01,181,8,0
P015,2022-11-02,176,5,0
P015,2022-11-03,171,5,0
P015,2022-11-04,165,6,0
P015,2022-11-05,158,7,0
P015,2022-11-06,148,10,0
P015,2022-11-07,143,5,0
P015,2022-11-08,138,5,0
P015,2022-11-09,133,5,0
P015,2022-11-10,129,4,0
P015,2022-11-11,123,6,0
P015,2022-11-12,115,8,0
P015,2022-11-13,105,10,0
P015,2022-11-14,99,6,0
P015,2022-11-15,94,5,0
P015,2022-11-16,88,6,0
P015,2022-11-17,83,5,0
P015,2022-11-18,78,5,0
P015,2022-11-19,71,7,0
P015,2022-11-20,60,11,0
P015,2022-11-21,56,4,0
P015,2022-11-22,53,3,0
P015,2022-11-23,49,4,0
P015,2022-11-24,43,6,0
P015,2022-11-25,36,7,0
P015,2022-11-26,24,12,0
P015,2022-11-27,14,10,0
P015,2022-11-28,9,5,0
P015,2022-11-29,5,4,0
P015,2022-11-30,0,5,1
P015,2022-12-01,48,7,0
P015,2022-12-02,45,3,0
P015,2022-12-03,34,11,0
P015,2022-12-04,29,5,0
P015,2022-12-05,22,7,0
P015,2022-12-06,17,5,0
P015,2022-12-07,13,4,0
P015,2022-12-08,9,4,0
P015,2022-12-09,4,5,0
P015,2022-12-10,0,4,1
P015,2022-12-11,0,0,1
P015,2022-12-12,0,0,1
P015,2022-12-13,0,0,1
P015,2022-12-14,0,0,1
P015,2022-12-15,0,0,1
P015,2022-12-16,0,0,1
P015,2022-12-17,0,0,1
P015,2022-12-18,0,0,1
P015,2022-12-19,0,0,1
P015,2022-12-20,0,0,1
P015,2022-12-21,0,0,1
P015,2022-12-22,0,0,1
P015,2022-12-23,0,0,1
P015,2022-12-24,0,0,1
P015,2022-12-25,0,0,1
P015,2022-12-26,0,0,1
P015,2022-12-27,0,0,1
P015,2022-12-28,0,0,1
P015,2022-12-29,0,0,1
P015,2022-12-30,0,0,1
P015,2022-12-31,0,0,1
P015,2023-01-01,98,2,0
P015,2023-01-02,97,1,0
P015,2023-01-03,95,2,0
P015,2023-01-04,94,1,0
P015,2023-01-05,92,2,0
P015,2023-01-06,90,2,0
P015,2023-01-07,87,3,0
P015,2023-01-08,83,4,0
P015,2023-01-09,81,2,0
P015,2023-01-10,79,2,0
P015,2023-01-11,77,2,0
P015,2023-01-12,76,1,0
P015,2023-01-13,74,2,0
P015,2023-01-14,72,2,0
P015,2023-01-15,69,3,0
P015,2023-01-16,68,1,0
P015,2023-01-17,66,2,0
P015,2023-01-18,64,2,0
P015,2023-01-19,63,1,0
P015,2023-01-20,61,2,0
P015,2023-01-21,58,3,0
P015,2023-01-22,55,3,0
P015,2023-01-23,54,1,0
P015,2023-01-24,53,1,0
P015,2023-01-25,51,2,0
P015,2023-01-26,50,1,0
P015,2023-01-27,49,1,0
P015,2023-01-28,47,2,0
P015,2023-01-29,44,3,0
P015,2023-01-30,43,1,0
P015,2023-01-31,42,1,0
P015,2023-02-01,140,2,0
P015,2023-02-02,139,1,0
P015,2023-02-03,137,2,0
P015,2023-02-04,134,3,0
P015,2023-02-05,132,2,0
P015,2023-02-06,131,1,0
P015,2023-02-07,129,2,0
P015,2023-02-08,127,2,0
P015,2023-02-09,124,3,0
P015,2023-02-10,122,2,0
P015,2023-02-11,119,3,0
P015,2023-02-12,115,4,0
P015,2023-02-13,112,3,0
P015,2023-02-14,110,2,0
P015,2023-02-15,108,2,0
P015,2023-02-16,106,2,0
P015,2023-02-17,104,2,0
P015,2023-02-18,100,4,0
P015,2023-02-19,98,2,0
P015,2023-02-20,96,2,0
P015,2023-02-21,95,1,0
P015,2023-02-22,94,1,0
P015,2023-02-23,91,3,0
P015,2023-02-24,90,1,0
P015,2023-02-25,87,3,0
P015,2023-02-26,83,4,0
P015,2023-02-27,80,3,0
P015,2023-02-28,78,2,0
P015,2023-03-01,176,2,0
P015,2023-03-02,173,3,0
P015,2023-03-03,170,3,0
P015,2023-03-04,166,4,0
P015,2023-03-05,164,2,0
P015,2023-03-06,163,1,0
P015,2023-03-07,160,3,0
P015,2023-03-08,158,2,0
P015,2023-03-09,156,2,0
P015,2023-03-10,153,3,0
P015,2023-03-11,149,4,0
P015,2023-03-12,146,3,0
P015,2023-03-13,144,2,0
P015,2023-03-14,141,3,0
P015,2023-03-15,139,2,0
P015,2023-03-16,136,3,0
P015,2023-03-17,135,1,0
P015,2023-03-18,130,5,0
P015,2023-03-19,128,2,0
P015,2023-03-20,126,2,0
P015,2023-03-21,123,3,0
P015,2023-03-22,120,3,0
P015,2023-03-23,119,1,0
P015,2023-03-24,117,2,0
P015,2023-03-25,115,2,0
P015,2023-03-26,112,3,0
P015,2023-03-27,109,3,0
P015,2023-03-28,108,1,0
P015,2023-03-29,105,3,0
P015,2023-03-30,103,2,0
P015,2023-03-31,101,2,0
P015,2023-04-01,195,6,0
P015,2023-04-02,191,4,0
P015,2023-04-03,189,2,0
P015,2023-04-04,187,2,0
P015,2023-04-05,185,2,0
P015,2023-04-06,183,2,0
P015,2023-04-07,181,2,0
P015,2023-04-08,176,5,0
P015,2023-04-09,170,6,0
P015,2023-04-10,167,3,0
P015,2023-04-11,165,2,0
P015,2023-04-12,161,4,0
P015,2023-04-13,158,3,0
P015,2023-04-14,155,3,0
P015,2023-04-15,152,3,0
P015,2023-04-16,147,5,0
P015,2023-04-17,145,2,0
P015,2023-04-18,142,3,0
P015,2023-04-19,141,1,0
P015,2023-04-20,138,3,0
P015,2023-04-21,135,3,0
P015,2023-04-22,130,5,0
P015,2023-04-23,125,5,0
P015,2023-04-24,121,4,0
P015,2023-04-25,119,2,0
P015,2023-04-26,116,3,0
P015,2023-04-27,115,1,0
P015,2023-04-28,112,3,0
P015,2023-04-29,108,4,0
P015,2023-04-30,105,3,0
P015,2023-05-01,202,3,0
P015,2023-05-02,198,4,0
P015,2023-05-03,194,4,0
P015,2023-05-04,192,2,0
P015,2023-05-05,189,3,0
P015,2023-05-06,185,4,0
P015,2023-05-07,179,6,0
P015,2023-05-08,175,4,0
P015,2023-05-09,172,3,0
P015,2023-05-10,168,4,0
P015,2023-05-11,165,3,0
P015,2023-05-12,164,1,0
P015,2023-05-13,159,5,0
P015,2023-05-14,153,6,0
P015,2023-05-15,149,4,0
P015,2023-05-16,145,4,0
P015,2023-05-17,142,3,0
P015,2023-05-18,140,2,0
P015,2023-05-19,138,2,0
P015,2023-05-20,134,4,0
P015,2023-05-21,128,6,0
P015,2023-05-22,126,2,0
P015,2023-05-23,123,3,0
P015,2023-05-24,119,4,0
P015,2023-05-25,115,4,0
P015,2023-05-26,113,2,0
P015,2023-05-27,110,3,0
P015,2023-05-28,106,4,0
P015,2023-05-29,104,2,0
P015,2023-05-30,102,2,0
P015,2023-05-31,99,3,0
P015,2023-06-01,196,3,0
P015,2023-06-02,194,2,0
P015,2023-06-03,190,4,0
P015,2023-06-04,185,5,0
P015,2023-06-05,183,2,0
P015,2023-06-06,181,2,0
P015,2023-06-07,179,2,0
P015,2023-06-08,177,2,0
P015,2023-06-09,175,2,0
P015,2023-06-10,169,6,0
P015,2023-06-11,163,6,0
P015,2023-06-12,161,2,0
P015,2023-06-13,159,2,0
P015,2023-06-14,157,2,0
P015,2023-06-15,155,2,0
P015,2023-06-16,153,2,0
P015,2023-06-17,146,7,0
P015,2023-06-18,140,6,0
P015,2023-06-19,137,3,0
P015,2023-06-20,133,4,0
P015,2023-06-21,130,3,0
P015,2023-06-22,127,3,0
P015,2023-06-23,123,4,0
P015,2023-06-24,117,6,0
P015,2023-06-25,111,6,0
P015,2023-06-26,109,2,0
P015,2023-06-27,107,2,0
P015,2023-06-28,104,3,0
P015,2023-06-29,102,2,0
P015,2023-06-30,100,2,0
P015,2023-07-01,196,4,0
P015,2023-07-02,189,7,0
P015,2023-07-03,185,4,0
P015,2023-07-04,183,2,0
P015,2023-07-05,180,3,0
P015,2023-07-06,176,4,0
P015,2023-07-07,173,3,0
P015,2023-07-08,168,5,0
P015,2023-07-09,164,4,0
P015,2023-07-10,161,3,0
P015,2023-07-11,158,3,0
P015,2023-07-12,155,3,0
P015,2023-07-13,151,4,0
P015,2023-07-14,147,4,0
P015,2023-07-15,142,5,0
P015,2023-07-16,138,4,0
P015,2023-07-17,134,4,0
P015,2023-07-18,130,4,0
P015,2023-07-19,126,4,0
P015,2023-07-20,124,2,0
P015,2023-07-21,122,2,0
P015,2023-07-22,116,6,0
P015,2023-07-23,109,7,0
P015,2023-07-24,107,2,0
P015,2023-07-25,105,2,0
P015,2023-07-26,101,4,0
P015,2023-07-27,99,2,0
P015,2023-07-28,95,4,0
P015,2023-07-29,90,5,0
P015,2023-07-30,85,5,0
P015,2023-07-31,82,3,0
P015,2023-08-01,180,2,0
P015,2023-08-02,178,2,0
P015,2023-08-03,175,3,0
P015,2023-08-04,173,2,0
P015,2023-08-05,169,4,0
P015,2023-08-06,163,6,0
P015,2023-08-07,161,2,0
P015,2023-08-08,158,3,0
P015,2023-08-09,155,3,0
P015,2023-08-10,151,4,0
P015,2023-08-11,149,2,0
P015,2023-08-12,145,4,0
P015,2023-08-13,141,4,0
P015,2023-08-14,137,4,0
P015,2023-08-15,134,3,0
P015,2023-08-16,131,3,0
P015,2023-08-17,129,2,0
P015,2023-08-18,126,3,0
P015,2023-08-19,121,5,0
P015,2023-08-20,118,3,0
P015,2023-08-21,114,4,0
P015,2023-08-22,110,4,0
P015,2023-08-23,108,2,0
P015,2023-08-24,105,3,0
P015,2023-08-25,103,2,0
P015,2023-08-26,99,4,0
P015,2023-08-27,94,5,0
P015,2023-08-28,91,3,0
P015,2023-08-29,89,2,0
P015,2023-08-30,86,3,0
P015,2023-08-31,82,4,0
P015,2023-09-01,178,4,0
P015,2023-09-02,174,4,0
P015,2023-09-03,169,5,0
P015,2023-09-04,166,3,0
P015,2023-09-05,163,3,0
P015,2023-09-06,158,5,0
P015,2023-09-07,155,3,0
P015,2023-09-08,152,3,0
P015,2023-09-09,146,6,0
P015,2023-09-10,139,7,0
P015,2023-09-11,135,4,0
P015,2023-09-12,131,4,0
P015,2023-09-13,129,2,0
P015,2023-09-14,126,3,0
P015,2023-09-15,123,3,0
P015,2023-09-16,118,5,0
P015,2023-09-17,114,4,0
P015,2023-09-18,111,3,0
P015,2023-09-19,107,4,0
P015,2023-09-20,104,3,0
P015,2023-09-21,102,2,0
P015,2023-09-22,98,4,0
P015,2023-09-23,93,5,0
P015,2023-09-24,86,7,0
P015,2023-09-25,82,4,0
P015,2023-09-26,78,4,0
P015,2023-09-27,75,3,0
P015,2023-09-28,70,5,0
P015,2023-09-29,67,3,0
P015,2023-09-30,63,4,0
P015,2023-10-01,112,6,0
P015,2023-10-02,109,3,0
P015,2023-10-03,106,3,0
P015,2023-10-04,103,3,0
P015,2023-10-05,99,4,0
P015,2023-10-06,96,3,0
P015,2023-10-07,92,4,0
P015,2023-10-08,87,5,0
P015,2023-10-09,84,3,0
P015,2023-10-10,82,2,0
P015,2023-10-11,79,3,0
P015,2023-10-12,74,5,0
P015,2023-10-13,72,2,0
P015,2023-10-14,66,6,0
P015,2023-10-15,58,8,0
P015,2023-10-16,55,3,0
P015,2023-10-17,50,5,0
P015,2023-10-18,47,3,0
P015,2023-10-19,42,5,0
P015,2023-10-20,38,4,0
P015,2023-10-21,32,6,0
P015,2023-10-22,25,7,0
P015,2023-10-23,22,3,0
P015,2023-10-24,18,4,0
P015,2023-10-25,14,4,0
P015,2023-10-26,10,4,0
P015,2023-10-27,7,3,0
P015,2023-10-28,1,6,0
P015,2023-10-29,0,1,1
P015,2023-10-30,0,0,1
P015,2023-10-31,0,0,1
P015,2023-11-01,50,5,0
P015,2023-11-02,43,7,0
P015,2023-11-03,40,3,0
P015,2023-11-04,31,9,0
P015,2023-11-05,23,8,0
P015,2023-11-06,15,8,0
P015,2023-11-07,11,4,0
P015,2023-11-08,5,6,0
P015,2023-11-09,1,4,0
P015,2023-11-10,0,1,1
P015,2023-11-11,0,0,1
P015,2023-11-12,0,0,1
P015,2023-11-13,0,0,1
P015,2023-11-14,0,0,1
P015,2023-11-15,0,0,1
P015,2023-11-16,0,0,1
P015,2023-11-17,0,0,1
P015,2023-11-18,0,0,1
P015,2023-11-19,0,0,1
P015,2023-11-20,0,0,1
P015,2023-11-21,0,0,1
P015,2023-11-22,0,0,1
P015,2023-11-23,0,0,1
P015,2023-11-24,0,0,1
P015,2023-11-25,0,0,1
P015,2023-11-26,0,0,1
P015,2023-11-27,0,0,1
P015,2023-11-28,0,0,1
P015,2023-11-29,0,0,1
P015,2023-11-30,0,0,1
P015,2023-12-01,51,4,0
P015,2023-12-02,42,9,0
P015,2023-12-03,37,5,0
P015,2023-12-04,31,6,0
P015,2023-12-05,28,3,0
P015,2023-12-06,21,7,0
P015,2023-12-07,15,6,0
P015,2023-12-08,11,4,0
P015,2023-12-09,0,11,1
P015,2023-12-10,0,0,1
P015,2023-12-11,0,0,1
P015,2023-12-12,0,0,1
P015,2023-12-13,0,0,1
P015,2023-12-14,0,0,1
P015,2023-12-15,0,0,1
P015,2023-12-16,0,0,1
P015,2023-12-17,0,0,1
P015,2023-12-18,0,0,1
P015,2023-12-19,0,0,1
P015,2023-12-20,0,0,1
P015,2023-12-21,0,0,1
P015,2023-12-22,0,0,1
P015,2023-12-23,0,0,1
P015,2023-12-24,0,0,1
P015,2023-12-25,0,0,1
P015,2023-12-26,0,0,1
P015,2023-12-27,0,0,1
P015,2023-12-28,0,0,1
P015,2023-12-29,0,0,1
P015,2023-12-30,0,0,1
P015,2023-12-31,0,0,1
P015,2024-01-01,99,1,0
P015,2024-01-02,98,1,0
P015,2024-01-03,97,1,0
P015,2024-01-04,95,2,0
P015,2024-01-05,94,1,0
P015,2024-01-06,93,1,0
P015,2024-01-07,90,3,0
P015,2024-01-08,88,2,0
P015,2024-01-09,86,2,0
P015,2024-01-10,84,2,0
P015,2024-01-11,82,2,0
P015,2024-01-12,80,2,0
P015,2024-01-13,79,1,0
P015,2024-01-14,75,4,0
P015,2024-01-15,74,1,0
P015,2024-01-16,72,2,0
P015,2024-01-17,71,1,0
P015,2024-01-18,70,1,0
P015,2024-01-19,68,2,0
P015,2024-01-20,65,3,0
P015,2024-01-21,62,3,0
P015,2024-01-22,60,2,0
P015,2024-01-23,59,1,0
P015,2024-01-24,57,2,0
P015,2024-01-25,55,2,0
P015,2024-01-26,53,2,0
P015,2024-01-27,50,3,0
P015,2024-01-28,47,3,0
P015,2024-01-29,46,1,0
P015,2024-01-30,44,2,0
P015,2024-01-31,43,1,0
P015,2024-02-01,142,1,0
P015,2024-02-02,140,2,0
P015,2024-02-03,137,3,0
P015,2024-02-04,135,2,0
P015,2024-02-05,134,1,0
P015,2024-02-06,133,1,0
P015,2024-02-07,132,1,0
P015,2024-02-08,130,2,0
P015,2024-02-09,129,1,0
P015,2024-02-10,126,3,0
P015,2024-02-11,124,2,0
P015,2024-02-12,122,2,0
P015,2024-02-13,120,2,0
P015,2024-02-14,118,2,0
P015,2024-02-15,116,2,0
P015,2024-02-16,114,2,0
P015,2024-02-17,111,3,0
P015,2024-02-18,109,2,0
P015,2024-02-19,107,2,0
P015,2024-02-20,105,2,0
P015,2024-02-21,104,1,0
P015,2024-02-22,102,2,0
P015,2024-02-23,101,1,0
P015,2024-02-24,99,2,0
P015,2024-02-25,96,3,0
P015,2024-02-26,94,2,0
P015,2024-02-27,92,2,0
P015,2024-02-28,90,2,0
P015,2024-02-29,88,2,0
P015,2024-03-01,186,2,0
P015,2024-03-02,181,5,0
P015,2024-03-03,178,3,0
P015,2024-03-04,176,2,0
P015,2024-03-05,174,2,0
P015,2024-03-06,172,2,0
P015,2024-03-07,170,2,0
P015,2024-03-08,168,2,0
P015,2024-03-09,165,3,0
P015,2024-03-10,161,4,0
P015,2024-03-11,158,3,0
P015,2024-03-12,156,2,0
P015,2024-03-13,153,3,0
P015,2024-03-14,152,1,0
P015,2024-03-15,151,1,0
P015,2024-03-16,148,3,0
P015,2024-03-17,145,3,0
P015,2024-03-18,143,2,0
P015,2024-03-19,141,2,0
P015,2024-03-20,138,3,0
P015,2024-03-21,137,1,0
P015,2024-03-22,135,2,0
P015,2024-03-23,131,4,0
P015,2024-03-24,126,5,0
P015,2024-03-25,123,3,0
P015,2024-03-26,122,1,0
P015,2024-03-27,120,2,0
P015,2024-03-28,117,3,0
P015,2024-03-29,114,3,0
P015,2024-03-30,109,5,0
P015,2024-03-31,105,4,0
P015,2024-04-01,203,2,0
P015,2024-04-02,200,3,0
P015,2024-04-03,198,2,0
P015,2024-04-04,196,2,0
P015,2024-04-05,193,3,0
P015,2024-04-06,190,3,0
P015,2024-04-07,187,3,0
P015,2024-04-08,184,3,0
P015,2024-04-09,182,2,0
P015,2024-04-10,181,1,0
P015,2024-04-11,178,3,0
P015,2024-04-12,175,3,0
P015,2024-04-13,171,4,0
P015,2024-04-14,167,4,0
P015,2024-04-15,164,3,0
P015,2024-04-16,162,2,0
P015,2024-04-17,159,3,0
P015,2024-04-18,156,3,0
P015,2024-04-19,154,2,0
P015,2024-04-20,151,3,0
P015,2024-04-21,146,5,0
P015,2024-04-22,143,3,0
P015,2024-04-23,141,2,0
P015,2024-04-24,139,2,0
P015,2024-04-25,136,3,0
P015,2024-04-26,132,4,0
P015,2024-04-27,128,4,0
P015,2024-04-28,123,5,0
P015,2024-04-29,119,4,0
P015,2024-04-30,117,2,0
P015,2024-05-01,214,3,0
P015,2024-05-02,211,3,0
P015,2024-05-03,209,2,0
P015,2024-05-04,204,5,0
P015,2024-05-05,198,6,0
P015,2024-05-06,195,3,0
P015,2024-05-07,191,4,0
P015,2024-05-08,188,3,0
P015,2024-05-09,184,4,0
P015,2024-05-10,182,2,0
P015,2024-05-11,177,5,0
P015,2024-05-12,174,3,0
P015,2024-05-13,171,3,0
P015,2024-05-14,168,3,0
P015,2024-05-15,166,2,0
P015,2024-05-16,164,2,0
P015,2024-05-17,162,2,0
P015,2024-05-18,159,3,0
P015,2024-05-19,155,4,0
P015,2024-05-20,151,4,0
P015,2024-05-21,148,3,0
P015,2024-05-22,146,2,0
P015,2024-05-23,145,1,0
P015,2024-05-24,142,3,0
P015,2024-05-25,137,5,0
P015,2024-05-26,133,4,0
P015,2024-05-27,130,3,0
P015,2024-05-28,126,4,0
P015,2024-05-29,123,3,0
P015,2024-05-30,121,2,0
P015,2024-05-31,117,4,0
P015,2024-06-01,211,6,0
P015,2024-06-02,206,5,0
P015,2024-06-03,203,3,0
P015,2024-06-04,201,2,0
P015,2024-06-05,198,3,0
P015,2024-06-06,196,2,0
P015,2024-06-07,192,4,0
P015,2024-06-08,185,7,0
P015,2024-06-09,180,5,0
P015,2024-06-10,178,2,0
P015,2024-06-11,175,3,0
P015,2024-06-12,172,3,0
P015,2024-06-13,170,2,0
P015,2024-06-14,167,3,0
P015,2024-06-15,161,6,0
P015,2024-06-16,157,4,0
P015,2024-06-17,155,2,0
P015,2024-06-18,152,3,0
P015,2024-06-19,150,2,0
P015,2024-06-20,147,3,0
P015,2024-06-21,144,3,0
P015,2024-06-22,141,3,0
P015,2024-06-23,136,5,0
P015,2024-06-24,133,3,0
P015,2024-06-25,131,2,0
P015,2024-06-26,129,2,0
P015,2024-06-27,126,3,0
P015,2024-06-28,122,4,0
P015,2024-06-29,117,5,0
P015,2024-06-30,113,4,0
P015,2024-07-01,211,2,0
P015,2024-07-02,209,2,0
P015,2024-07-03,205,4,0
P015,2024-07-04,201,4,0
P015,2024-07-05,198,3,0
P015,2024-07-06,195,3,0
P015,2024-07-07,191,4,0
P015,2024-07-08,188,3,0
P015,2024-07-09,184,4,0
P015,2024-07-10,182,2,0
P015,2024-07-11,180,2,0
P015,2024-07-12,177,3,0
P015,2024-07-13,172,5,0
P015,2024-07-14,166,6,0
P015,2024-07-15,162,4,0
P015,2024-07-16,158,4,0
P015,2024-07-17,156,2,0
P015,2024-07-18,153,3,0
P015,2024-07-19,151,2,0
P015,2024-07-20,145,6,0
P015,2024-07-21,140,5,0
P015,2024-07-22,136,4,0
P015,2024-07-23,133,3,0
P015,2024-07-24,130,3,0
P015,2024-07-25,128,2,0
P015,2024-07-26,124,4,0
P015,2024-07-27,118,6,0
P015,2024-07-28,111,7,0
P015,2024-07-29,108,3,0
P015,2024-07-30,106,2,0
P015,2024-07-31,104,2,0
P015,2024-08-01,202,2,0
P015,2024-08-02,199,3,0
P015,2024-08-03,195,4,0
P015,2024-08-04,192,3,0
P015,2024-08-05,190,2,0
P015,2024-08-06,188,2,0
P015,2024-08-07,185,3,0
P015,2024-08-08,183,2,0
P015,2024-08-09,181,2,0
P015,2024-08-10,177,4,0
P015,2024-08-11,171,6,0
P015,2024-08-12,169,2,0
P015,2024-08-13,166,3,0
P015,2024-08-14,162,4,0
P015,2024-08-15,159,3,0
P015,2024-08-16,156,3,0
P015,2024-08-17,150,6,0
P015,2024-08-18,144,6,0
P015,2024-08-19,142,2,0
P015,2024-08-20,139,3,0
P015,2024-08-21,136,3,0
P015,2024-08-22,133,3,0
P015,2024-08-23,130,3,0
P015,2024-08-24,125,5,0
P015,2024-08-25,121,4,0
P015,2024-08-26,119,2,0
P015,2024-08-27,117,2,0
P015,2024-08-28,113,4,0
P015,2024-08-29,111,2,0
P015,2024-08-30,108,3,0
P015,2024-08-31,103,5,0
P015,2024-09-01,198,5,0
P015,2024-09-02,195,3,0
P015,2024-09-03,191,4,0
P015,2024-09-04,189,2,0
P015,2024-09-05,186,3,0
P015,2024-09-06,184,2,0
P015,2024-09-07,177,7,0
P015,2024-09-08,174,3,0
P015,2024-09-09,171,3,0
P015,2024-09-10,168,3,0
P015,2024-09-11,164,4,0
P015,2024-09-12,161,3,0
P015,2024-09-13,158,3,0
P015,2024-09-14,153,5,0
P015,2024-09-15,146,7,0
P015,2024-09-16,143,3,0
P015,2024-09-17,140,3,0
P015,2024-09-18,137,3,0
P015,2024-09-19,134,3,0
P015,2024-09-20,131,3,0
P015,2024-09-21,125,6,0
P015,2024-09-22,120,5,0
P015,2024-09-23,116,4,0
P015,2024-09-24,113,3,0
P015,2024-09-25,109,4,0
P015,2024-09-26,105,4,0
P015,2024-09-27,102,3,0
P015,2024-09-28,97,5,0
P015,2024-09-29,90,7,0
P015,2024-09-30,88,2,0
P015,2024-10-01,141,2,0
P015,2024-10-02,137,4,0
P015,2024-10-03,134,3,0
P015,2024-10-04,130,4,0
P015,2024-10-05,127,3,0
P015,2024-10-06,120,7,0
P015,2024-10-07,115,5,0
P015,2024-10-08,113,2,0
P015,2024-10-09,109,4,0
P015,2024-10-10,104,5,0
P015,2024-10-11,102,2,0
P015,2024-10-12,98,4,0
P015,2024-10-13,91,7,0
P015,2024-10-14,89,2,0
P015,2024-10-15,85,4,0
P015,2024-10-16,80,5,0
P015,2024-10-17,77,3,0
P015,2024-10-18,73,4,0
P015,2024-10-19,69,4,0
P015,2024-10-20,61,8,0
P015,2024-10-21,59,2,0
P015,2024-10-22,57,2,0
P015,2024-10-23,53,4,0
P015,2024-10-24,51,2,0
P015,2024-10-25,48,3,0
P015,2024-10-26,41,7,0
P015,2024-10-27,36,5,0
P015,2024-10-28,33,3,0
P015,2024-10-29,28,5,0
P015,2024-10-30,24,4,0
P015,2024-10-31,21,3,0
P015,2024-11-01,70,6,0
P015,2024-11-02,63,7,0
P015,2024-11-03,57,6,0
P015,2024-11-04,52,5,0
P015,2024-11-05,45,7,0
P015,2024-11-06,38,7,0
P015,2024-11-07,33,5,0
P015,2024-11-08,27,6,0
P015,2024-11-09,20,7,0
P015,2024-11-10,13,7,0
P015,2024-11-11,6,7,0
P015,2024-11-12,0,6,1
P015,2024-11-13,0,0,1
P015,2024-11-14,0,0,1
P015,2024-11-15,0,0,1
P015,2024-11-16,0,0,1
P015,2024-11-17,0,0,1
P015,2024-11-18,0,0,1
P015,2024-11-19,0,0,1
P015,2024-11-20,0,0,1
P015,2024-11-21,0,0,1
P015,2024-11-22,0,0,1
P015,2024-11-23,0,0,1
P015,2024-11-24,0,0,1
P015,2024-11-25,0,0,1
P015,2024-11-26,0,0,1
P015,2024-11-27,0,0,1
P015,2024-11-28,0,0,1
P015,2024-11-29,0,0,1
P015,2024-11-30,0,0,1
P015,2024-12-01,50,5,0
P015,2024-12-02,46,4,0
P015,2024-12-03,40,6,0
P015,2024-12-04,35,5,0
P015,2024-12-05,29,6,0
P015,2024-12-06,23,6,0
P015,2024-12-07,12,11,0
P015,2024-12-08,6,6,0
P015,2024-12-09,0,6,1
P015,2024-12-10,0,0,1
P015,2024-12-11,0,0,1
P015,2024-12-12,0,0,1
P015,2024-12-13,0,0,1
P015,2024-12-14,0,0,1
P015,2024-12-15,0,0,1
P015,2024-12-16,0,0,1
P015,2024-12-17,0,0,1
P015,2024-12-18,0,0,1
P015,2024-12-19,0,0,1
P015,2024-12-20,0,0,1
P015,2024-12-21,0,0,1
P015,2024-12-22,0,0,1
P015,2024-12-23,0,0,1
P015,2024-12-24,0,0,1
P015,2024-12-25,0,0,1
P015,2024-12-26,0,0,1
P015,2024-12-27,0,0,1
P015,2024-12-28,0,0,1
P015,2024-12-29,0,0,1
P015,2024-12-30,0,0,1
P015,2024-12-31,0,0,1
P016,2022-01-01,357,3,0
P016,2022-01-02,351,6,0
P016,2022-01-03,349,2,0
P016,2022-01-04,345,4,0
P016,2022-01-05,341,4,0
P016,2022-01-06,337,4,0
P016,2022-01-07,333,4,0
P016,2022-01-08,329,4,0
P016,2022-01-09,325,4,0
P016,2022-01-10,321,4,0
P016,2022-01-11,317,4,0
P016,2022-01-12,313,4,0
P016,2022-01-13,310,3,0
P016,2022-01-14,307,3,0
P016,2022-01-15,301,6,0
P016,2022-01-16,295,6,0
P016,2022-01-17,292,3,0
P016,2022-01-18,289,3,0
P016,2022-01-19,285,4,0
P016,2022-01-20,282,3,0
P016,2022-01-21,278,4,0
P016,2022-01-22,275,3,0
P016,2022-01-23,271,4,0
P016,2022-01-24,269,2,0
P016,2022-01-25,267,2,0
P016,2022-01-26,265,2,0
P016,2022-01-27,261,4,0
P016,2022-01-28,258,3,0
P016,2022-01-29,253,5,0
P016,2022-01-30,246,7,0
P016,2022-01-31,242,4,0
P016,2022-02-01,420,2,0
P016,2022-02-02,415,5,0
P016,2022-02-03,412,3,0
P016,2022-02-04,408,4,0
P016,2022-02-05,404,4,0
P016,2022-02-06,399,5,0
P016,2022-02-07,395,4,0
P016,2022-02-08,393,2,0
P016,2022-02-09,391,2,0
P016,2022-02-10,386,5,0
P016,2022-02-11,383,3,0
P016,2022-02-12,377,6,0
P016,2022-02-13,372,5,0
P016,2022-02-14,369,3,0
P016,2022-02-15,364,5,0
P016,2022-02-16,360,4,0
P016,2022-02-17,356,4,0
P016,2022-02-18,353,3,0
P016,2022-02-19,348,5,0
P016,2022-02-20,345,3,0
P016,2022-02-21,341,4,0
P016,2022-02-22,338,3,0
P016,2022-02-23,333,5,0
P016,2022-02-24,328,5,0
P016,2022-02-25,326,2,0
P016,2022-02-26,318,8,0
P016,2022-02-27,311,7,0
P016,2022-02-28,307,4,0
P016,2022-03-01,483,4,0
P016,2022-03-02,480,3,0
P016,2022-03-03,477,3,0
P016,2022-03-04,472,5,0
P016,2022-03-05,464,8,0
P016,2022-03-06,454,10,0
P016,2022-03-07,451,3,0
P016,2022-03-08,448,3,0
P016,2022-03-09,443,5,0
P016,2022-03-10,438,5,0
P016,2022-03-11,432,6,0
P016,2022-03-12,424,8,0
P016,2022-03-13,416,8,0
P016,2022-03-14,412,4,0
P016,2022-03-15,407,5,0
P016,2022-03-16,404,3,0
P016,2022-03-17,401,3,0
P016,2022-03-18,398,3,0
P016,2022-03-19,389,9,0
P016,2022-03-20,381,8,0
P016,2022-03-21,375,6,0
P016,2022-03-22,372,3,0
P016,2022-03-23,368,4,0
P016,2022-03-24,364,4,0
P016,2022-03-25,358,6,0
P016,2022-03-26,352,6,0
P016,2022-03-27,344,8,0
P016,2022-03-28,341,3,0
P016,2022-03-29,336,5,0
P016,2022-03-30,332,4,0
P016,2022-03-31,327,5,0
P016,2022-04-01,500,7,0
P016,2022-04-02,493,7,0
P016,2022-04-03,484,9,0
P016,2022-04-04,478,6,0
P016,2022-04-05,472,6,0
P016,2022-04-06,465,7,0
P016,2022-04-07,458,7,0
P016,2022-04-08,453,5,0
P016,2022-04-09,445,8,0
P016,2022-04-10,436,9,0
P016,2022-04-11,430,6,0
P016,2022-04-12,425,5,0
P016,2022-04-13,421,4,0
P016,2022-04-14,414,7,0
P016,2022-04-15,411,3,0
P016,2022-04-16,404,7,0
P016,2022-04-17,396,8,0
P016,2022-04-18,393,3,0
P016,2022-04-19,387,6,0
P016,2022-04-20,383,4,0
P016,2022-04-21,378,5,0
P016,2022-04-22,373,5,0
P016,2022-04-23,364,9,0
P016,2022-04-24,355,9,0
P016,2022-04-25,349,6,0
P016,2022-04-26,346,3,0
P016,2022-04-27,340,6,0
P016,2022-04-28,334,6,0
P016,2022-04-29,330,4,0
P016,2022-04-30,322,8,0
P016,2022-05-01,495,7,0
P016,2022-05-02,491,4,0
P016,2022-05-03,484,7,0
P016,2022-05-04,477,7,0
P016,2022-05-05,473,4,0
P016,2022-05-06,466,7,0
P016,2022-05-07,460,6,0
P016,2022-05-08,451,9,0
P016,2022-05-09,445,6,0
P016,2022-05-10,439,6,0
P016,2022-05-11,436,3,0
P016,2022-05-12,430,6,0
P016,2022-05-13,424,6,0
P016,2022-05-14,415,9,0
P016,2022-05-15,407,8,0
P016,2022-05-16,400,7,0
P016,2022-05-17,393,7,0
P016,2022-05-18,386,7,0
P016,2022-05-19,381,5,0
P016,2022-05-20,375,6,0
P016,2022-05-21,365,10,0
P016,2022-05-22,359,6,0
P016,2022-05-23,354,5,0
P016,2022-05-24,349,5,0
P016,2022-05-25,345,4,0
P016,2022-05-26,341,4,0
P016,2022-05-27,335,6,0
P016,2022-05-28,327,8,0
P016,2022-05-29,316,11,0
P016,2022-05-30,311,5,0
P016,2022-05-31,307,4,0
P016,2022-06-01,483,4,0
P016,2022-06-02,476,7,0
P016,2022-06-03,469,7,0
P016,2022-06-04,461,8,0
P016,2022-06-05,451,10,0
P016,2022-06-06,445,6,0
P016,2022-06-07,438,7,0
P016,2022-06-08,433,5,0
P016,2022-06-09,430,3,0
P016,2022-06-10,422,8,0
P016,2022-06-11,412,10,0
P016,2022-06-12,403,9,0
P016,2022-06-13,399,4,0
P016,2022-06-14,392,7,0
P016,2022-06-15,386,6,0
P016,2022-06-16,378,8,0
P016,2022-06-17,374,4,0
P016,2022-06-18,366,8,0
P016,2022-06-19,356,10,0
P016,2022-06-20,351,5,0
P016,2022-06-21,346,5,0
P016,2022-06-22,340,6,0
P016,2022-06-23,337,3,0
P016,2022-06-24,333,4,0
P016,2022-06-25,326,7,0
P016,2022-06-26,319,7,0
P016,2022-06-27,316,3,0
P016,2022-06-28,311,5,0
P016,2022-06-29,305,6,0
P016,2022-06-30,298,7,0
P016,2022-07-01,474,4,0
P016,2022-07-02,461,13,0
P016,2022-07-03,448,13,0
P016,2022-07-04,443,5,0
P016,2022-07-05,440,3,0
P016,2022-07-06,433,7,0
P016,2022-07-07,428,5,0
P016,2022-07-08,425,3,0
P016,2022-07-09,415,10,0
P016,2022-07-10,403,12,0
P016,2022-07-11,399,4,0
P016,2022-07-12,395,4,0
P016,2022-07-13,388,7,0
P016,2022-07-14,380,8,0
P016,2022-07-15,374,6,0
P016,2022-07-16,365,9,0
P016,2022-07-17,359,6,0
P016,2022-07-18,351,8,0
P016,2022-07-19,345,6,0
P016,2022-07-20,337,8,0
P016,2022-07-21,331,6,0
P016,2022-07-22,325,6,0
P016,2022-07-23,313,12,0
P016,2022-07-24,306,7,0
P016,2022-07-25,302,4,0
P016,2022-07-26,295,7,0
P016,2022-07-27,287,8,0
P016,2022-07-28,279,8,0
P016,2022-07-29,271,8,0
P016,2022-07-30,258,13,0
P016,2022-07-31,252,6,0
P016,2022-08-01,427,5,0
P016,2022-08-02,420,7,0
P016,2022-08-03,417,3,0
P016,2022-08-04,412,5,0
P016,2022-08-05,409,3,0
P016,2022-08-06,402,7,0
P016,2022-08-07,390,12,0
P016,2022-08-08,385,5,0
P016,2022-08-09,377,8,0
P016,2022-08-10,372,5,0
P016,2022-08-11,368,4,0
P016,2022-08-12,360,8,0
P016,2022-08-13,350,10,0
P016,2022-08-14,338,12,0
P016,2022-08-15,334,4,0
P016,2022-08-16,329,5,0
P016,2022-08-17,324,5,0
P016,2022-08-18,320,4,0
P016,2022-08-19,313,7,0
P016,2022-08-20,307,6,0
P016,2022-08-21,295,12,0
P016,2022-08-22,287,8,0
P016,2022-08-23,282,5,0
P016,2022-08-24,275,7,0
P016,2022-08-25,268,7,0
P016,2022-08-26,263,5,0
P016,2022-08-27,253,10,0
P016,2022-08-28,242,11,0
P016,2022-08-29,235,7,0
P016,2022-08-30,230,5,0
P016,2022-08-31,227,3,0
P016,2022-09-01,400,7,0
P016,2022-09-02,392,8,0
P016,2022-09-03,378,14,0
P016,2022-09-04,366,12,0
P016,2022-09-05,361,5,0
P016,2022-09-06,358,3,0
P016,2022-09-07,354,4,0
P016,2022-09-08,350,4,0
P016,2022-09-09,342,8,0
P016,2022-09-10,329,13,0
P016,2022-09-11,316,13,0
P016,2022-09-12,309,7,0
P016,2022-09-13,301,8,0
P016,2022-09-14,296,5,0
P016,2022-09-15,290,6,0
P016,2022-09-16,286,4,0
P016,2022-09-17,277,9,0
P016,2022-09-18,264,13,0
P016,2022-09-19,256,8,0
P016,2022-09-20,249,7,0
P016,2022-09-21,245,4,0
P016,2022-09-22,237,8,0
P016,2022-09-23,229,8,0
P016,2022-09-24,217,12,0
P016,2022-09-25,207,10,0
P016,2022-09-26,200,7,0
P016,2022-09-27,193,7,0
P016,2022-09-28,185,8,0
P016,2022-09-29,181,4,0
P016,2022-09-30,173,8,0
P016,2022-10-01,258,14,0
P016,2022-10-02,245,13,0
P016,2022-10-03,237,8,0
P016,2022-10-04,232,5,0
P016,2022-10-05,227,5,0
P016,2022-10-06,221,6,0
P016,2022-10-07,217,4,0
P016,2022-10-08,203,14,0
P016,2022-10-09,189,14,0
P016,2022-10-10,184,5,0
P016,2022-10-11,177,7,0
P016,2022-10-12,170,7,0
P016,2022-10-13,166,4,0
P016,2022-10-14,160,6,0
P016,2022-10-15,147,13,0
P016,2022-10-16,136,11,0
P016,2022-10-17,127,9,0
P016,2022-10-18,122,5,0
P016,2022-10-19,114,8,0
P016,2022-10-20,109,5,0
P016,2022-10-21,102,7,0
P016,2022-10-22,88,14,0
P016,2022-10-23,73,15,0
P016,2022-10-24,67,6,0
P016,2022-10-25,63,4,0
P016,2022-10-26,56,7,0
P016,2022-10-27,50,6,0
P016,2022-10-28,46,4,0
P016,2022-10-29,33,13,0
P016,2022-10-30,25,8,0
P016,2022-10-31,17,8,0
P016,2022-11-01,101,15,0
P016,2022-11-02,88,13,0
P016,2022-11-03,77,11,0
P016,2022-11-04,65,12,0
P016,2022-11-05,50,15,0
P016,2022-11-06,32,18,0
P016,2022-11-07,22,10,0
P016,2022-11-08,16,6,0
P016,2022-11-09,3,13,0
P016,2022-11-10,0,3,1
P016,2022-11-11,0,0,1
P016,2022-11-12,0,0,1
P016,2022-11-13,0,0,1
P016,2022-11-14,0,0,1
P016,2022-11-15,0,0,1
P016,2022-11-16,0,0,1
P016,2022-11-17,0,0,1
P016,2022-11-18,0,0,1
P016,2022-11-19,0,0,1
P016,2022-11-20,0,0,1
P016,2022-11-21,0,0,1
P016,2022-11-22,0,0,1
P016,2022-11-23,0,0,1
P016,2022-11-24,0,0,1
P016,2022-11-25,0,0,1
P016,2022-11-26,0,0,1
P016,2022-11-27,0,0,1
P016,2022-11-28,0,0,1
P016,2022-11-29,0,0,1
P016,2022-11-30,0,0,1
P016,2022-12-01,90,9,0
P016,2022-12-02,78,12,0
P016,2022-12-03,62,16,0
P016,2022-12-04,42,20,0
P016,2022-12-05,35,7,0
P016,2022-12-06,28,7,0
P016,2022-12-07,19,9,0
P016,2022-12-08,6,13,0
P016,2022-12-09,0,6,1
P016,2022-12-10,0,0,1
P016,2022-12-11,0,0,1
P016,2022-12-12,0,0,1
P016,2022-12-13,0,0,1
P016,2022-12-14,0,0,1
P016,2022-12-15,0,0,1
P016,2022-12-16,0,0,1
P016,2022-12-17,0,0,1
P016,2022-12-18,0,0,1
P016,2022-12-19,0,0,1
P016,2022-12-20,0,0,1
P016,2022-12-21,0,0,1
P016,2022-12-22,0,0,1
P016,2022-12-23,0,0,1
P016,2022-12-24,0,0,1
P016,2022-12-25,0,0,1
P016,2022-12-26,0,0,1
P016,2022-12-27,0,0,1
P016,2022-12-28,0,0,1
P016,2022-12-29,0,0,1
P016,2022-12-30,0,0,1
P016,2022-12-31,0,0,1
P016,2023-01-01,174,6,0
P016,2023-01-02,172,2,0
P016,2023-01-03,169,3,0
P016,2023-01-04,166,3,0
P016,2023-01-05,162,4,0
P016,2023-01-06,158,4,0
P016,2023-01-07,152,6,0
P016,2023-01-08,147,5,0
P016,2023-01-09,144,3,0
P016,2023-01-10,141,3,0
P016,2023-01-11,139,2,0
P016,2023-01-12,137,2,0
P016,2023-01-13,132,5,0
P016,2023-01-14,126,6,0
P016,2023-01-15,121,5,0
P016,2023-01-16,117,4,0
P016,2023-01-17,113,4,0
P016,2023-01-18,109,4,0
P016,2023-01-19,107,2,0
P016,2023-01-20,104,3,0
P016,2023-01-21,100,4,0
P016,2023-01-22,96,4,0
P016,2023-01-23,93,3,0
P016,2023-01-24,91,2,0
P016,2023-01-25,88,3,0
P016,2023-01-26,83,5,0
P016,2023-01-27,80,3,0
P016,2023-01-28,73,7,0
P016,2023-01-29,68,5,0
P016,2023-01-30,66,2,0
P016,2023-01-31,62,4,0
P016,2023-02-01,238,4,0
P016,2023-02-02,234,4,0
P016,2023-02-03,230,4,0
P016,2023-02-04,223,7,0
P016,2023-02-05,217,6,0
P016,2023-02-06,212,5,0
P016,2023-02-07,209,3,0
P016,2023-02-08,205,4,0
P016,2023-02-09,202,3,0
P016,2023-02-10,197,5,0
P016,2023-02-11,194,3,0
P016,2023-02-12,186,8,0
P016,2023-02-13,181,5,0
P016,2023-02-14,178,3,0
P016,2023-02-15,175,3,0
P016,2023-02-16,170,5,0
P016,2023-02-17,168,2,0
P016,2023-02-18,162,6,0
P016,2023-02-19,158,4,0
P016,2023-02-20,156,2,0
P016,2023-02-21,151,5,0
P016,2023-02-22,147,4,0
P016,2023-02-23,144,3,0
P016,2023-02-24,139,5,0
P016,2023-02-25,132,7,0
P016,2023-02-26,128,4,0
P016,2023-02-27,124,4,0
P016,2023-02-28,122,2,0
P016,2023-03-01,299,3,0
P016,2023-03-02,295,4,0
P016,2023-03-03,289,6,0
P016,2023-03-04,283,6,0
P016,2023-03-05,279,4,0
P016,2023-03-06,276,3,0
P016,2023-03-07,271,5,0
P016,2023-03-08,266,5,0
P016,2023-03-09,261,5,0
P016,2023-03-10,258,3,0
P016,2023-03-11,249,9,0
P016,2023-03-12,243,6,0
P016,2023-03-13,239,4,0
P016,2023-03-14,233,6,0
P016,2023-03-15,228,5,0
P016,2023-03-16,223,5,0
P016,2023-03-17,217,6,0
P016,2023-03-18,212,5,0
P016,2023-03-19,204,8,0
P016,2023-03-20,198,6,0
P016,2023-03-21,193,5,0
P016,2023-03-22,190,3,0
P016,2023-03-23,186,4,0
P016,2023-03-24,182,4,0
P016,2023-03-25,178,4,0
P016,2023-03-26,173,5,0
P016,2023-03-27,168,5,0
P016,2023-03-28,165,3,0
P016,2023-03-29,162,3,0
P016,2023-03-30,158,4,0
P016,2023-03-31,155,3,0
P016,2023-04-01,330,5,0
P016,2023-04-02,322,8,0
P016,2023-04-03,319,3,0
P016,2023-04-04,315,4,0
P016,2023-04-05,310,5,0
P016,2023-04-06,303,7,0
P016,2023-04-07,300,3,0
P016,2023-04-08,294,6,0
P016,2023-04-09,283,11,0
P016,2023-04-10,277,6,0
P016,2023-04-11,272,5,0
P016,2023-04-12,267,5,0
P016,2023-04-13,260,7,0
P016,2023-04-14,255,5,0
P016,2023-04-15,248,7,0
P016,2023-04-16,239,9,0
P016,2023-04-17,234,5,0
P016,2023-04-18,228,6,0
P016,2023-04-19,224,4,0
P016,2023-04-20,221,3,0
P016,2023-04-21,214,7,0
P016,2023-04-22,204,10,0
P016,2023-04-23,197,7,0
P016,2023-04-24,193,4,0
P016,2023-04-25,188,5,0
P016,2023-04-26,184,4,0
P016,2023-04-27,180,4,0
P016,2023-04-28,174,6,0
P016,2023-04-29,168,6,0
P016,2023-04-30,162,6,0
P016,2023-05-01,338,4,0
P016,2023-05-02,333,5,0
P016,2023-05-03,326,7,0
P016,2023-05-04,322,4,0
P016,2023-05-05,315,7,0
P016,2023-05-06,305,10,0
P016,2023-05-07,300,5,0
P016,2023-05-08,295,5,0
P016,2023-05-09,292,3,0
P016,2023-05-10,288,4,0
P016,2023-05-11,282,6,0
P016,2023-05-12,277,5,0
P016,2023-05-13,270,7,0
P016,2023-05-14,264,6,0
P016,2023-05-15,259,5,0
P016,2023-05-16,256,3,0
P016,2023-05-17,253,3,0
P016,2023-05-18,247,6,0
P016,2023-05-19,242,5,0
P016,2023-05-20,234,8,0
P016,2023-05-21,228,6,0
P016,2023-05-22,224,4,0
P016,2023-05-23,220,4,0
P016,2023-05-24,214,6,0
P016,2023-05-25,208,6,0
P016,2023-05-26,202,6,0
P016,2023-05-27,194,8,0
P016,2023-05-28,186,8,0
P016,2023-05-29,180,6,0
P016,2023-05-30,174,6,0
P016,2023-05-31,168,6,0
P016,2023-06-01,345,3,0
P016,2023-06-02,338,7,0
P016,2023-06-03,326,12,0
P016,2023-06-04,318,8,0
P016,2023-06-05,312,6,0
P016,2023-06-06,305,7,0
P016,2023-06-07,300,5,0
P016,2023-06-08,296,4,0
P016,2023-06-09,293,3,0
P016,2023-06-10,288,5,0
P016,2023-06-11,277,11,0
P016,2023-06-12,271,6,0
P016,2023-06-13,264,7,0
P016,2023-06-14,257,7,0
P016,2023-06-15,249,8,0
P016,2023-06-16,244,5,0
P016,2023-06-17,235,9,0
P016,2023-06-18,227,8,0
P016,2023-06-19,222,5,0
P016,2023-06-20,217,5,0
P016,2023-06-21,213,4,0
P016,2023-06-22,207,6,0
P016,2023-06-23,202,5,0
P016,2023-06-24,191,11,0
P016,2023-06-25,179,12,0
P016,2023-06-26,174,5,0
P016,2023-06-27,168,6,0
P016,2023-06-28,164,4,0
P016,2023-06-29,160,4,0
P016,2023-06-30,152,8,0
P016,2023-07-01,325,7,0
P016,2023-07-02,314,11,0
P016,2023-07-03,310,4,0
P016,2023-07-04,306,4,0
P016,2023-07-05,303,3,0
P016,2023-07-06,296,7,0
P016,2023-07-07,290,6,0
P016,2023-07-08,283,7,0
P016,2023-07-09,275,8,0
P016,2023-07-10,271,4,0
P016,2023-07-11,264,7,0
P016,2023-07-12,256,8,0
P016,2023-07-13,252,4,0
P016,2023-07-14,248,4,0
P016,2023-07-15,236,12,0
P016,2023-07-16,225,11,0
P016,2023-07-17,217,8,0
P016,2023-07-18,211,6,0
P016,2023-07-19,207,4,0
P016,2023-07-20,203,4,0
P016,2023-07-21,198,5,0
P016,2023-07-22,190,8,0
P016,2023-07-23,178,12,0
P016,2023-07-24,173,5,0
P016,2023-07-25,166,7,0
P016,2023-07-26,160,6,0
P016,2023-07-27,155,5,0
P016,2023-07-28,149,6,0
P016,2023-07-29,138,11,0
P016,2023-07-30,125,13,0
P016,2023-07-31,119,6,0
P016,2023-08-01,295,4,0
P016,2023-08-02,290,5,0
P016,2023-08-03,282,8,0
P016,2023-08-04,275,7,0
P016,2023-08-05,264,11,0
P016,2023-08-06,254,10,0
P016,2023-08-07,250,4,0
P016,2023-08-08,247,3,0
P016,2023-08-09,243,4,0
P016,2023-08-10,237,6,0
P016,2023-08-11,232,5,0
P016,2023-08-12,220,12,0
P016,2023-08-13,208,12,0
P016,2023-08-14,204,4,0
P016,2023-08-15,197,7,0
P016,2023-08-16,192,5,0
P016,2023-08-17,186,6,0
P016,2023-08-18,183,3,0
P016,2023-08-19,171,12,0
P016,2023-08-20,165,6,0
P016,2023-08-21,161,4,0
P016,2023-08-22,153,8,0
P016,2023-08-23,145,8,0
P016,2023-08-24,139,6,0
P016,2023-08-25,135,4,0
P016,2023-08-26,126,9,0
P016,2023-08-27,117,9,0
P016,2023-08-28,114,3,0
P016,2023-08-29,108,6,0
P016,2023-08-30,101,7,0
P016,2023-08-31,94,7,0
P016,2023-09-01,269,5,0
P016,2023-09-02,258,11,0
P016,2023-09-03,251,7,0
P016,2023-09-04,246,5,0
P016,2023-09-05,240,6,0
P016,2023-09-06,233,7,0
P016,2023-09-07,227,6,0
P016,2023-09-08,223,4,0
P016,2023-09-09,216,7,0
P016,2023-09-10,207,9,0
P016,2023-09-11,201,6,0
P016,2023-09-12,197,4,0
P016,2023-09-13,189,8,0
P016,2023-09-14,185,4,0
P016,2023-09-15,179,6,0
P016,2023-09-16,167,12,0
P016,2023-09-17,159,8,0
P016,2023-09-18,151,8,0
P016,2023-09-19,144,7,0
P016,2023-09-20,138,6,0
P016,2023-09-21,131,7,0
P016,2023-09-22,127,4,0
P016,2023-09-23,115,12,0
P016,2023-09-24,109,6,0
P016,2023-09-25,104,5,0
P016,2023-09-26,96,8,0
P016,2023-09-27,89,7,0
P016,2023-09-28,86,3,0
P016,2023-09-29,81,5,0
P016,2023-09-30,74,7,0
P016,2023-10-01,160,13,0
P016,2023-10-02,153,7,0
P016,2023-10-03,146,7,0
P016,2023-10-04,141,5,0
P016,2023-10-05,135,6,0
P016,2023-10-06,127,8,0
P016,2023-10-07,115,12,0
P016,2023-10-08,105,10,0
P016,2023-10-09,99,6,0
P016,2023-10-10,94,5,0
P016,2023-10-11,88,6,0
P016,2023-10-12,84,4,0
P016,2023-10-13,79,5,0
P016,2023-10-14,70,9,0
P016,2023-10-15,57,13,0
P016,2023-10-16,52,5,0
P016,2023-10-17,45,7,0
P016,2023-10-18,36,9,0
P016,2023-10-19,27,9,0
P016,2023-10-20,20,7,0
P016,2023-10-21,5,15,0
P016,2023-10-22,0,5,1
P016,2023-10-23,0,0,1
P016,2023-10-24,0,0,1
P016,2023-10-25,0,0,1
P016,2023-10-26,0,0,1
P016,2023-10-27,0,0,1
P016,2023-10-28,0,0,1
P016,2023-10-29,0,0,1
P016,2023-10-30,0,0,1
P016,2023-10-31,0,0,1
P016,2023-11-01,91,8,0
P016,2023-11-02,83,8,0
P016,2023-11-03,70,13,0
P016,2023-11-04,60,10,0
P016,2023-11-05,40,20,0
P016,2023-11-06,27,13,0
P016,2023-11-07,16,11,0
P016,2023-11-08,7,9,0
P016,2023-11-09,0,7,1
P016,2023-11-10,0,0,1
P016,2023-11-11,0,0,1
P016,2023-11-12,0,0,1
P016,2023-11-13,0,0,1
P016,2023-11-14,0,0,1
P016,2023-11-15,0,0,1
P016,2023-11-16,0,0,1
P016,2023-11-17,0,0,1
P016,2023-11-18,0,0,1
P016,2023-11-19,0,0,1
P016,2023-11-20,0,0,1
P016,2023-11-21,0,0,1
P016,2023-11-22,0,0,1
P016,2023-11-23,0,0,1
P016,2023-11-24,0,0,1
P016,2023-11-25,0,0,1
P016,2023-11-26,0,0,1
P016,2023-11-27,0,0,1
P016,2023-11-28,0,0,1
P016,2023-11-29,0,0,1
P016,2023-11-30,0,0,1
P016,2023-12-01,91,8,0
P016,2023-12-02,79,12,0
P016,2023-12-03,69,10,0
P016,2023-12-04,57,12,0
P016,2023-12-05,48,9,0
P016,2023-12-06,39,9,0
P016,2023-12-07,31,8,0
P016,2023-12-08,19,12,0
P016,2023-12-09,5,14,0
P016,2023-12-10,0,5,1
P016,2023-12-11,0,0,1
P016,2023-12-12,0,0,1
P016,2023-12-13,0,0,1
P016,2023-12-14,0,0,1
P016,2023-12-15,0,0,1
P016,2023-12-16,0,0,1
P016,2023-12-17,0,0,1
P016,2023-12-18,0,0,1
P016,2023-12-19,0,0,1
P016,2023-12-20,0,0,1
P016,2023-12-21,0,0,1
P016,2023-12-22,0,0,1
P016,2023-12-23,0,0,1
P016,2023-12-24,0,0,1
P016,2023-12-25,0,0,1
P016,2023-12-26,0,0,1
P016,2023-12-27,0,0,1
P016,2023-12-28,0,0,1
P016,2023-12-29,0,0,1
P016,2023-12-30,0,0,1
P016,2023-12-31,0,0,1
P016,2024-01-01,176,4,0
P016,2024-01-02,172,4,0
P016,2024-01-03,170,2,0
P016,2024-01-04,166,4,0
P016,2024-01-05,164,2,0
P016,2024-01-06,160,4,0
P016,2024-01-07,156,4,0
P016,2024-01-08,153,3,0
P016,2024-01-09,150,3,0
P016,2024-01-10,148,2,0
P016,2024-01-11,144,4,0
P016,2024-01-12,141,3,0
P016,2024-01-13,136,5,0
P016,2024-01-14,133,3,0
P016,2024-01-15,131,2,0
P016,2024-01-16,127,4,0
P016,2024-01-17,125,2,0
P016,2024-01-18,123,2,0
P016,2024-01-19,121,2,0
P016,2024-01-20,115,6,0
P016,2024-01-21,108,7,0
P016,2024-01-22,106,2,0
P016,2024-01-23,104,2,0
P016,2024-01-24,101,3,0
P016,2024-01-25,97,4,0
P016,2024-01-26,95,2,0
P016,2024-01-27,89,6,0
P016,2024-01-28,85,4,0
P016,2024-01-29,82,3,0
P016,2024-01-30,80,2,0
P016,2024-01-31,77,3,0
P016,2024-02-01,255,2,0
P016,2024-02-02,252,3,0
P016,2024-02-03,247,5,0
P016,2024-02-04,241,6,0
P016,2024-02-05,237,4,0
P016,2024-02-06,235,2,0
P016,2024-02-07,231,4,0
P016,2024-02-08,228,3,0
P016,2024-02-09,224,4,0
P016,2024-02-10,220,4,0
P016,2024-02-11,214,6,0
P016,2024-02-12,212,2,0
P016,2024-02-13,208,4,0
P016,2024-02-14,206,2,0
P016,2024-02-15,204,2,0
P016,2024-02-16,199,5,0
P016,2024-02-17,193,6,0
P016,2024-02-18,189,4,0
P016,2024-02-19,187,2,0
P016,2024-02-20,182,5,0
P016,2024-02-21,179,3,0
P016,2024-02-22,177,2,0
P016,2024-02-23,174,3,0
P016,2024-02-24,166,8,0
P016,2024-02-25,159,7,0
P016,2024-02-26,154,5,0
P016,2024-02-27,150,4,0
P016,2024-02-28,146,4,0
P016,2024-02-29,141,5,0
P016,2024-03-01,318,3,0
P016,2024-03-02,311,7,0
P016,2024-03-03,301,10,0
P016,2024-03-04,297,4,0
P016,2024-03-05,293,4,0
P016,2024-03-06,289,4,0
P016,2024-03-07,283,6,0
P016,2024-03-08,278,5,0
P016,2024-03-09,272,6,0
P016,2024-03-10,265,7,0
P016,2024-03-11,263,2,0
P016,2024-03-12,260,3,0
P016,2024-03-13,256,4,0
P016,2024-03-14,251,5,0
P016,2024-03-15,245,6,0
P016,2024-03-16,239,6,0
P016,2024-03-17,233,6,0
P016,2024-03-18,230,3,0
P016,2024-03-19,227,3,0
P016,2024-03-20,223,4,0
P016,2024-03-21,218,5,0
P016,2024-03-22,213,5,0
P016,2024-03-23,205,8,0
P016,2024-03-24,198,7,0
P016,2024-03-25,195,3,0
P016,2024-03-26,191,4,0
P016,2024-03-27,187,4,0
P016,2024-03-28,183,4,0
P016,2024-03-29,180,3,0
P016,2024-03-30,174,6,0
P016,2024-03-31,167,7,0
P016,2024-04-01,342,5,0
P016,2024-04-02,336,6,0
P016,2024-04-03,329,7,0
P016,2024-04-04,322,7,0
P016,2024-04-05,317,5,0
P016,2024-04-06,310,7,0
P016,2024-04-07,302,8,0
P016,2024-04-08,297,5,0
P016,2024-04-09,294,3,0
P016,2024-04-10,289,5,0
P016,2024-04-11,285,4,0
P016,2024-04-12,281,4,0
P016,2024-04-13,276,5,0
P016,2024-04-14,267,9,0
P016,2024-04-15,261,6,0
P016,2024-04-16,258,3,0
P016,2024-04-17,254,4,0
P016,2024-04-18,250,4,0
P016,2024-04-19,243,7,0
P016,2024-04-20,237,6,0
P016,2024-04-21,230,7,0
P016,2024-04-22,227,3,0
P016,2024-04-23,222,5,0
P016,2024-04-24,217,5,0
P016,2024-04-25,212,5,0
P016,2024-04-26,207,5,0
P016,2024-04-27,199,8,0
P016,2024-04-28,192,7,0
P016,2024-04-29,188,4,0
P016,2024-04-30,182,6,0
P016,2024-05-01,355,7,0
P016,2024-05-02,352,3,0
P016,2024-05-03,346,6,0
P016,2024-05-04,334,12,0
P016,2024-05-05,327,7,0
P016,2024-05-06,323,4,0
P016,2024-05-07,316,7,0
P016,2024-05-08,309,7,0
P016,2024-05-09,302,7,0
P016,2024-05-10,299,3,0
P016,2024-05-11,293,6,0
P016,2024-05-12,282,11,0
P016,2024-05-13,276,6,0
P016,2024-05-14,272,4,0
P016,2024-05-15,265,7,0
P016,2024-05-16,262,3,0
P016,2024-05-17,255,7,0
P016,2024-05-18,248,7,0
P016,2024-05-19,242,6,0
P016,2024-05-20,236,6,0
P016,2024-05-21,230,6,0
P016,2024-05-22,224,6,0
P016,2024-05-23,220,4,0
P016,2024-05-24,215,5,0
P016,2024-05-25,205,10,0
P016,2024-05-26,198,7,0
P016,2024-05-27,192,6,0
P016,2024-05-28,186,6,0
P016,2024-05-29,179,7,0
P016,2024-05-30,174,5,0
P016,2024-05-31,167,7,0
P016,2024-06-01,339,8,0
P016,2024-06-02,329,10,0
P016,2024-06-03,324,5,0
P016,2024-06-04,316,8,0
P016,2024-06-05,309,7,0
P016,2024-06-06,302,7,0
P016,2024-06-07,296,6,0
P016,2024-06-08,285,11,0
P016,2024-06-09,273,12,0
P016,2024-06-10,270,3,0
P016,2024-06-11,266,4,0
P016,2024-06-12,261,5,0
P016,2024-06-13,256,5,0
P016,2024-06-14,248,8,0
P016,2024-06-15,236,12,0
P016,2024-06-16,225,11,0
P016,2024-06-17,220,5,0
P016,2024-06-18,215,5,0
P016,2024-06-19,212,3,0
P016,2024-06-20,207,5,0
P016,2024-06-21,203,4,0
P016,2024-06-22,191,12,0
P016,2024-06-23,182,9,0
P016,2024-06-24,177,5,0
P016,2024-06-25,173,4,0
P016,2024-06-26,168,5,0
P016,2024-06-27,161,7,0
P016,2024-06-28,154,7,0
P016,2024-06-29,148,6,0
P016,2024-06-30,141,7,0
P016,2024-07-01,314,7,0
P016,2024-07-02,309,5,0
P016,2024-07-03,302,7,0
P016,2024-07-04,297,5,0
P016,2024-07-05,293,4,0
P016,2024-07-06,287,6,0
P016,2024-07-07,281,6,0
P016,2024-07-08,273,8,0
P016,2024-07-09,266,7,0
P016,2024-07-10,259,7,0
P016,2024-07-11,253,6,0
P016,2024-07-12,248,5,0
P016,2024-07-13,241,7,0
P016,2024-07-14,230,11,0
P016,2024-07-15,223,7,0
P016,2024-07-16,219,4,0
P016,2024-07-17,214,5,0
P016,2024-07-18,209,5,0
P016,2024-07-19,204,5,0
P016,2024-07-20,193,11,0
P016,2024-07-21,187,6,0
P016,2024-07-22,181,6,0
P016,2024-07-23,174,7,0
P016,2024-07-24,166,8,0
P016,2024-07-25,159,7,0
P016,2024-07-26,154,5,0
P016,2024-07-27,144,10,0
P016,2024-07-28,137,7,0
P016,2024-07-29,133,4,0
P016,2024-07-30,127,6,0
P016,2024-07-31,121,6,0
P016,2024-08-01,297,4,0
P016,2024-08-02,293,4,0
P016,2024-08-03,285,8,0
P016,2024-08-04,274,11,0
P016,2024-08-05,267,7,0
P016,2024-08-06,263,4,0
P016,2024-08-07,255,8,0
P016,2024-08-08,251,4,0
P016,2024-08-09,247,4,0
P016,2024-08-10,235,12,0
P016,2024-08-11,226,9,0
P016,2024-08-12,222,4,0
P016,2024-08-13,218,4,0
P016,2024-08-14,211,7,0
P016,2024-08-15,205,6,0
P016,2024-08-16,201,4,0
P016,2024-08-17,192,9,0
P016,2024-08-18,187,5,0
P016,2024-08-19,182,5,0
P016,2024-08-20,178,4,0
P016,2024-08-21,174,4,0
P016,2024-08-22,170,4,0
P016,2024-08-23,162,8,0
P016,2024-08-24,154,8,0
P016,2024-08-25,147,7,0
P016,2024-08-26,143,4,0
P016,2024-08-27,140,3,0
P016,2024-08-28,132,8,0
P016,2024-08-29,125,7,0
P016,2024-08-30,118,7,0
P016,2024-08-31,108,10,0
P016,2024-09-01,280,8,0
P016,2024-09-02,275,5,0
P016,2024-09-03,268,7,0
P016,2024-09-04,260,8,0
P016,2024-09-05,256,4,0
P016,2024-09-06,249,7,0
P016,2024-09-07,238,11,0
P016,2024-09-08,229,9,0
P016,2024-09-09,223,6,0
P016,2024-09-10,217,6,0
P016,2024-09-11,213,4,0
P016,2024-09-12,208,5,0
P016,2024-09-13,202,6,0
P016,2024-09-14,190,12,0
P016,2024-09-15,183,7,0
P016,2024-09-16,176,7,0
P016,2024-09-17,168,8,0
P016,2024-09-18,161,7,0
P016,2024-09-19,157,4,0
P016,2024-09-20,153,4,0
P016,2024-09-21,142,11,0
P016,2024-09-22,131,11,0
P016,2024-09-23,124,7,0
P016,2024-09-24,119,5,0
P016,2024-09-25,111,8,0
P016,2024-09-26,106,5,0
P016,2024-09-27,98,8,0
P016,2024-09-28,91,7,0
P016,2024-09-29,83,8,0
P016,2024-09-30,75,8,0
P016,2024-10-01,166,8,0
P016,2024-10-02,160,6,0
P016,2024-10-03,156,4,0
P016,2024-10-04,152,4,0
P016,2024-10-05,137,15,0
P016,2024-10-06,125,12,0
P016,2024-10-07,116,9,0
P016,2024-10-08,111,5,0
P016,2024-10-09,102,9,0
P016,2024-10-10,96,6,0
P016,2024-10-11,90,6,0
P016,2024-10-12,81,9,0
P016,2024-10-13,74,7,0
P016,2024-10-14,68,6,0
P016,2024-10-15,60,8,0
P016,2024-10-16,52,8,0
P016,2024-10-17,46,6,0
P016,2024-10-18,40,6,0
P016,2024-10-19,33,7,0
P016,2024-10-20,23,10,0
P016,2024-10-21,17,6,0
P016,2024-10-22,10,7,0
P016,2024-10-23,3,7,0
P016,2024-10-24,0,3,1
P016,2024-10-25,0,0,1
P016,2024-10-26,0,0,1
P016,2024-10-27,0,0,1
P016,2024-10-28,0,0,1
P016,2024-10-29,0,0,1
P016,2024-10-30,0,0,1
P016,2024-10-31,0,0,1
P016,2024-11-01,92,7,0
P016,2024-11-02,81,11,0
P016,2024-11-03,69,12,0
P016,2024-11-04,56,13,0
P016,2024-11-05,48,8,0
P016,2024-11-06,40,8,0
P016,2024-11-07,26,14,0
P016,2024-11-08,14,12,0
P016,2024-11-09,0,14,1
P016,2024-11-10,0,0,1
P016,2024-11-11,0,0,1
P016,2024-11-12,0,0,1
P016,2024-11-13,0,0,1
P016,2024-11-14,0,0,1
P016,2024-11-15,0,0,1
P016,2024-11-16,0,0,1
P016,2024-11-17,0,0,1
P016,2024-11-18,0,0,1
P016,2024-11-19,0,0,1
P016,2024-11-20,0,0,1
P016,2024-11-21,0,0,1
P016,2024-11-22,0,0,1
P016,2024-11-23,0,0,1
P016,2024-11-24,0,0,1
P016,2024-11-25,0,0,1
P016,2024-11-26,0,0,1
P016,2024-11-27,0,0,1
P016,2024-11-28,0,0,1
P016,2024-11-29,0,0,1
P016,2024-11-30,0,0,1
P016,2024-12-01,83,16,0
P016,2024-12-02,72,11,0
P016,2024-12-03,62,10,0
P016,2024-12-04,56,6,0
P016,2024-12-05,50,6,0
P016,2024-12-06,41,9,0
P016,2024-12-07,30,11,0
P016,2024-12-08,10,20,0
P016,2024-12-09,0,10,1
P016,2024-12-10,0,0,1
P016,2024-12-11,0,0,1
P016,2024-12-12,0,0,1
P016,2024-12-13,0,0,1
P016,2024-12-14,0,0,1
P016,2024-12-15,0,0,1
P016,2024-12-16,0,0,1
P016,2024-12-17,0,0,1
P016,2024-12-18,0,0,1
P016,2024-12-19,0,0,1
P016,2024-12-20,0,0,1
P016,2024-12-21,0,0,1
P016,2024-12-22,0,0,1
P016,2024-12-23,0,0,1
P016,2024-12-24,0,0,1
P016,2024-12-25,0,0,1
P016,2024-12-26,0,0,1
P016,2024-12-27,0,0,1
P016,2024-12-28,0,0,1
P016,2024-12-29,0,0,1
P016,2024-12-30,0,0,1
P016,2024-12-31,0,0,1
P017,2022-01-01,198,2,0
P017,2022-01-02,196,2,0
P017,2022-01-03,194,2,0
P017,2022-01-04,193,1,0
P017,2022-01-05,192,1,0
P017,2022-01-06,191,1,0
P017,2022-01-07,190,1,0
P017,2022-01-08,188,2,0
P017,2022-01-09,186,2,0
P017,2022-01-10,184,2,0
P017,2022-01-11,183,1,0
P017,2022-01-12,181,2,0
P017,2022-01-13,179,2,0
P017,2022-01-14,178,1,0
P017,2022-01-15,175,3,0
P017,2022-01-16,173,2,0
P017,2022-01-17,172,1,0
P017,2022-01-18,171,1,0
P017,2022-01-19,170,1,0
P017,2022-01-20,169,1,0
P017,2022-01-21,168,1,0
P017,2022-01-22,165,3,0
P017,2022-01-23,163,2,0
P017,2022-01-24,162,1,0
P017,2022-01-25,161,1,0
P017,2022-01-26,159,2,0
P017,2022-01-27,158,1,0
P017,2022-01-28,156,2,0
P017,2022-01-29,154,2,0
P017,2022-01-30,150,4,0
P017,2022-01-31,149,1,0
P017,2022-02-01,248,1,0
P017,2022-02-02,246,2,0
P017,2022-02-03,244,2,0
P017,2022-02-04,242,2,0
P017,2022-02-05,238,4,0
P017,2022-02-06,235,3,0
P017,2022-02-07,234,1,0
P017,2022-02-08,232,2,0
P017,2022-02-09,230,2,0
P017,2022-02-10,228,2,0
P017,2022-02-11,227,1,0
P017,2022-02-12,223,4,0
P017,2022-02-13,219,4,0
P017,2022-02-14,217,2,0
P017,2022-02-15,216,1,0
P017,2022-02-16,214,2,0
P017,2022-02-17,211,3,0
P017,2022-02-18,210,1,0
P017,2022-02-19,206,4,0
P017,2022-02-20,202,4,0
P017,2022-02-21,200,2,0
P017,2022-02-22,198,2,0
P017,2022-02-23,196,2,0
P017,2022-02-24,193,3,0
P017,2022-02-25,192,1,0
P017,2022-02-26,189,3,0
P017,2022-02-27,186,3,0
P017,2022-02-28,185,1,0
P017,2022-03-01,282,3,0
P017,2022-03-02,280,2,0
P017,2022-03-03,278,2,0
P017,2022-03-04,275,3,0
P017,2022-03-05,270,5,0
P017,2022-03-06,267,3,0
P017,2022-03-07,265,2,0
P017,2022-03-08,262,3,0
P017,2022-03-09,261,1,0
P017,2022-03-10,259,2,0
P017,2022-03-11,256,3,0
P017,2022-03-12,252,4,0
P017,2022-03-13,249,3,0
P017,2022-03-14,247,2,0
P017,2022-03-15,244,3,0
P017,2022-03-16,242,2,0
P017,2022-03-17,240,2,0
P017,2022-03-18,238,2,0
P017,2022-03-19,235,3,0
P017,2022-03-20,231,4,0
P017,2022-03-21,229,2,0
P017,2022-03-22,226,3,0
P017,2022-03-23,224,2,0
P017,2022-03-24,222,2,0
P017,2022-03-25,219,3,0
P017,2022-03-26,215,4,0
P017,2022-03-27,212,3,0
P017,2022-03-28,209,3,0
P017,2022-03-29,206,3,0
P017,2022-03-30,203,3,0
P017,2022-03-31,200,3,0
P017,2022-04-01,297,3,0
P017,2022-04-02,293,4,0
P017,2022-04-03,290,3,0
P017,2022-04-04,288,2,0
P017,2022-04-05,286,2,0
P017,2022-04-06,284,2,0
P017,2022-04-07,281,3,0
P017,2022-04-08,277,4,0
P017,2022-04-09,274,3,0
P017,2022-04-10,269,5,0
P017,2022-04-11,268,1,0
P017,2022-04-12,267,1,0
P017,2022-04-13,264,3,0
P017,2022-04-14,262,2,0
P017,2022-04-15,260,2,0
P017,2022-04-16,257,3,0
P017,2022-04-17,252,5,0
P017,2022-04-18,248,4,0
P017,2022-04-19,247,1,0
P017,2022-04-20,245,2,0
P017,2022-04-21,242,3,0
P017,2022-04-22,239,3,0
P017,2022-04-23,234,5,0
P017,2022-04-24,230,4,0
P017,2022-04-25,228,2,0
P017,2022-04-26,225,3,0
P017,2022-04-27,222,3,0
P017,2022-04-28,220,2,0
P017,2022-04-29,218,2,0
P017,2022-04-30,215,3,0
P017,2022-05-01,312,3,0
P017,2022-05-02,308,4,0
P017,2022-05-03,306,2,0
P017,2022-05-04,304,2,0
P017,2022-05-05,301,3,0
P017,2022-05-06,297,4,0
P017,2022-05-07,293,4,0
P017,2022-05-08,287,6,0
P017,2022-05-09,285,2,0
P017,2022-05-10,283,2,0
P017,2022-05-11,279,4,0
P017,2022-05-12,277,2,0
P017,2022-05-13,275,2,0
P017,2022-05-14,270,5,0
P017,2022-05-15,264,6,0
P017,2022-05-16,261,3,0
P017,2022-05-17,257,4,0
P017,2022-05-18,253,4,0
P017,2022-05-19,251,2,0
P017,2022-05-20,249,2,0
P017,2022-05-21,244,5,0
P017,2022-05-22,239,5,0
P017,2022-05-23,236,3,0
P017,2022-05-24,234,2,0
P017,2022-05-25,231,3,0
P017,2022-05-26,228,3,0
P017,2022-05-27,225,3,0
P017,2022-05-28,220,5,0
P017,2022-05-29,215,5,0
P017,2022-05-30,212,3,0
P017,2022-05-31,210,2,0
P017,2022-06-01,307,3,0
P017,2022-06-02,304,3,0
P017,2022-06-03,302,2,0
P017,2022-06-04,298,4,0
P017,2022-06-05,294,4,0
P017,2022-06-06,292,2,0
P017,2022-06-07,288,4,0
P017,2022-06-08,286,2,0
P017,2022-06-09,283,3,0
P017,2022-06-10,279,4,0
P017,2022-06-11,275,4,0
P017,2022-06-12,272,3,0
P017,2022-06-13,269,3,0
P017,2022-06-14,265,4,0
P017,2022-06-15,261,4,0
P017,2022-06-16,259,2,0
P017,2022-06-17,256,3,0
P017,2022-06-18,250,6,0
P017,2022-06-19,246,4,0
P017,2022-06-20,242,4,0
P017,2022-06-21,238,4,0
P017,2022-06-22,236,2,0
P017,2022-06-23,233,3,0
P017,2022-06-24,229,4,0
P017,2022-06-25,223,6,0
P017,2022-06-26,219,4,0
P017,2022-06-27,217,2,0
P017,2022-06-28,215,2,0
P017,2022-06-29,212,3,0
P017,2022-06-30,209,3,0
P017,2022-07-01,305,4,0
P017,2022-07-02,301,4,0
P017,2022-07-03,294,7,0
P017,2022-07-04,292,2,0
P017,2022-07-05,290,2,0
P017,2022-07-06,288,2,0
P017,2022-07-07,285,3,0
P017,2022-07-08,281,4,0
P017,2022-07-09,278,3,0
P017,2022-07-10,271,7,0
P017,2022-07-11,268,3,0
P017,2022-07-12,265,3,0
P017,2022-07-13,263,2,0
P017,2022-07-14,261,2,0
P017,2022-07-15,258,3,0
P017,2022-07-16,254,4,0
P017,2022-07-17,249,5,0
P017,2022-07-18,246,3,0
P017,2022-07-19,243,3,0
P017,2022-07-20,240,3,0
P017,2022-07-21,238,2,0
P017,2022-07-22,235,3,0
P017,2022-07-23,230,5,0
P017,2022-07-24,224,6,0
P017,2022-07-25,220,4,0
P017,2022-07-26,218,2,0
P017,2022-07-27,216,2,0
P017,2022-07-28,212,4,0
P017,2022-07-29,209,3,0
P017,2022-07-30,206,3,0
P017,2022-07-31,199,7,0
P017,2022-08-01,297,2,0
P017,2022-08-02,293,4,0
P017,2022-08-03,290,3,0
P017,2022-08-04,287,3,0
P017,2022-08-05,284,3,0
P017,2022-08-06,278,6,0
P017,2022-08-07,274,4,0
P017,2022-08-08,271,3,0
P017,2022-08-09,268,3,0
P017,2022-08-10,264,4,0
P017,2022-08-11,260,4,0
P017,2022-08-12,257,3,0
P017,2022-08-13,254,3,0
P017,2022-08-14,248,6,0
P017,2022-08-15,244,4,0
P017,2022-08-16,242,2,0
P017,2022-08-17,240,2,0
P017,2022-08-18,238,2,0
P017,2022-08-19,235,3,0
P017,2022-08-20,229,6,0
P017,2022-08-21,223,6,0
P017,2022-08-22,219,4,0
P017,2022-08-23,215,4,0
P017,2022-08-24,213,2,0
P017,2022-08-25,210,3,0
P017,2022-08-26,207,3,0
P017,2022-08-27,201,6,0
P017,2022-08-28,196,5,0
P017,2022-08-29,193,3,0
P017,2022-08-30,191,2,0
P017,2022-08-31,188,3,0
P017,2022-09-01,285,3,0
P017,2022-09-02,281,4,0
P017,2022-09-03,274,7,0
P017,2022-09-04,270,4,0
P017,2022-09-05,267,3,0
P017,2022-09-06,265,2,0
P017,2022-09-07,263,2,0
P017,2022-09-08,259,4,0
P017,2022-09-09,256,3,0
P017,2022-09-10,251,5,0
P017,2022-09-11,246,5,0
P017,2022-09-12,243,3,0
P017,2022-09-13,238,5,0
P017,2022-09-14,234,4,0
P017,2022-09-15,230,4,0
P017,2022-09-16,228,2,0
P017,2022-09-17,221,7,0
P017,2022-09-18,215,6,0
P017,2022-09-19,212,3,0
P017,2022-09-20,207,5,0
P017,2022-09-21,204,3,0
P017,2022-09-22,201,3,0
P017,2022-09-23,196,5,0
P017,2022-09-24,193,3,0
P017,2022-09-25,186,7,0
P017,2022-09-26,183,3,0
P017,2022-09-27,181,2,0
P017,2022-09-28,179,2,0
P017,2022-09-29,175,4,0
P017,2022-09-30,171,4,0
P017,2022-10-01,220,6,0
P017,2022-10-02,215,5,0
P017,2022-10-03,211,4,0
P017,2022-10-04,206,5,0
P017,2022-10-05,202,4,0
P017,2022-10-06,198,4,0
P017,2022-10-07,196,2,0
P017,2022-10-08,189,7,0
P017,2022-10-09,181,8,0
P017,2022-10-10,179,2,0
P017,2022-10-11,175,4,0
P017,2022-10-12,173,2,0
P017,2022-10-13,171,2,0
P017,2022-10-14,166,5,0
P017,2022-10-15,163,3,0
P017,2022-10-16,160,3,0
P017,2022-10-17,157,3,0
P017,2022-10-18,154,3,0
P017,2022-10-19,149,5,0
P017,2022-10-20,144,5,0
P017,2022-10-21,140,4,0
P017,2022-10-22,134,6,0
P017,2022-10-23,128,6,0
P017,2022-10-24,126,2,0
P017,2022-10-25,122,4,0
P017,2022-10-26,120,2,0
P017,2022-10-27,116,4,0
P017,2022-10-28,113,3,0
P017,2022-10-29,106,7,0
P017,2022-10-30,98,8,0
P017,2022-10-31,94,4,0
P017,2022-11-01,141,8,0
P017,2022-11-02,136,5,0
P017,2022-11-03,129,7,0
P017,2022-11-04,123,6,0
P017,2022-11-05,111,12,0
P017,2022-11-06,100,11,0
P017,2022-11-07,94,6,0
P017,2022-11-08,86,8,0
P017,2022-11-09,81,5,0
P017,2022-11-10,77,4,0
P017,2022-11-11,73,4,0
P017,2022-11-12,67,6,0
P017,2022-11-13,57,10,0
P017,2022-11-14,51,6,0
P017,2022-11-15,47,4,0
P017,2022-11-16,43,4,0
P017,2022-11-17,39,4,0
P017,2022-11-18,31,8,0
P017,2022-11-19,22,9,0
P017,2022-11-20,13,9,0
P017,2022-11-21,5,8,0
P017,2022-11-22,1,4,0
P017,2022-11-23,0,1,1
P017,2022-11-24,0,0,1
P017,2022-11-25,0,0,1
P017,2022-11-26,0,0,1
P017,2022-11-27,0,0,1
P017,2022-11-28,0,0,1
P017,2022-11-29,0,0,1
P017,2022-11-30,0,0,1
P017,2022-12-01,50,5,0
P017,2022-12-02,44,6,0
P017,2022-12-03,38,6,0
P017,2022-12-04,28,10,0
P017,2022-12-05,23,5,0
P017,2022-12-06,19,4,0
P017,2022-12-07,14,5,0
P017,2022-12-08,8,6,0
P017,2022-12-09,4,4,0
P017,2022-12-10,0,4,1
P017,2022-12-11,0,0,1
P017,2022-12-12,0,0,1
P017,2022-12-13,0,0,1
P017,2022-12-14,0,0,1
P017,2022-12-15,0,0,1
P017,2022-12-16,0,0,1
P017,2022-12-17,0,0,1
P017,2022-12-18,0,0,1
P017,2022-12-19,0,0,1
P017,2022-12-20,0,0,1
P017,2022-12-21,0,0,1
P017,2022-12-22,0,0,1
P017,2022-12-23,0,0,1
P017,2022-12-24,0,0,1
P017,2022-12-25,0,0,1
P017,2022-12-26,0,0,1
P017,2022-12-27,0,0,1
P017,2022-12-28,0,0,1
P017,2022-12-29,0,0,1
P017,2022-12-30,0,0,1
P017,2022-12-31,0,0,1
P017,2023-01-01,97,3,0
P017,2023-01-02,96,1,0
P017,2023-01-03,95,1,0
P017,2023-01-04,94,1,0
P017,2023-01-05,93,1,0
P017,2023-01-06,91,2,0
P017,2023-01-07,88,3,0
P017,2023-01-08,85,3,0
P017,2023-01-09,83,2,0
P017,2023-01-10,82,1,0
P017,2023-01-11,80,2,0
P017,2023-01-12,78,2,0
P017,2023-01-13,77,1,0
P017,2023-01-14,74,3,0
P017,2023-01-15,72,2,0
P017,2023-01-16,70,2,0
P017,2023-01-17,68,2,0
P017,2023-01-18,66,2,0
P017,2023-01-19,65,1,0
P017,2023-01-20,63,2,0
P017,2023-01-21,60,3,0
P017,2023-01-22,58,2,0
P017,2023-01-23,56,2,0
P017,2023-01-24,55,1,0
P017,2023-01-25,53,2,0
P017,2023-01-26,51,2,0
P017,2023-01-27,50,1,0
P017,2023-01-28,47,3,0
P017,2023-01-29,45,2,0
P017,2023-01-30,43,2,0
P017,2023-01-31,41,2,0
P017,2023-02-01,140,1,0
P017,2023-02-02,139,1,0
P017,2023-02-03,138,1,0
P017,2023-02-04,136,2,0
P017,2023-02-05,134,2,0
P017,2023-02-06,133,1,0
P017,2023-02-07,132,1,0
P017,2023-02-08,129,3,0
P017,2023-02-09,127,2,0
P017,2023-02-10,125,2,0
P017,2023-02-11,122,3,0
P017,2023-02-12,119,3,0
P017,2023-02-13,117,2,0
P017,2023-02-14,116,1,0
P017,2023-02-15,114,2,0
P017,2023-02-16,112,2,0
P017,2023-02-17,111,1,0
P017,2023-02-18,109,2,0
P017,2023-02-19,107,2,0
P017,2023-02-20,106,1,0
P017,2023-02-21,105,1,0
P017,2023-02-22,103,2,0
P017,2023-02-23,101,2,0
P017,2023-02-24,100,1,0
P017,2023-02-25,97,3,0
P017,2023-02-26,95,2,0
P017,2023-02-27,93,2,0
P017,2023-02-28,91,2,0
P017,2023-03-01,189,2,0
P017,2023-03-02,186,3,0
P017,2023-03-03,184,2,0
P017,2023-03-04,180,4,0
P017,2023-03-05,176,4,0
P017,2023-03-06,174,2,0
P017,2023-03-07,172,2,0
P017,2023-03-08,171,1,0
P017,2023-03-09,168,3,0
P017,2023-03-10,165,3,0
P017,2023-03-11,162,3,0
P017,2023-03-12,159,3,0
P017,2023-03-13,157,2,0
P017,2023-03-14,155,2,0
P017,2023-03-15,154,1,0
P017,2023-03-16,151,3,0
P017,2023-03-17,149,2,0
P017,2023-03-18,145,4,0
P017,2023-03-19,142,3,0
P017,2023-03-20,139,3,0
P017,2023-03-21,136,3,0
P017,2023-03-22,134,2,0
P017,2023-03-23,132,2,0
P017,2023-03-24,129,3,0
P017,2023-03-25,124,5,0
P017,2023-03-26,121,3,0
P017,2023-03-27,118,3,0
P017,2023-03-28,115,3,0
P017,2023-03-29,114,1,0
P017,2023-03-30,111,3,0
P017,2023-03-31,108,3,0
P017,2023-04-01,205,3,0
P017,2023-04-02,201,4,0
P017,2023-04-03,198,3,0
P017,2023-04-04,195,3,0
P017,2023-04-05,192,3,0
P017,2023-04-06,190,2,0
P017,2023-04-07,188,2,0
P017,2023-04-08,182,6,0
P017,2023-04-09,178,4,0
P017,2023-04-10,175,3,0
P017,2023-04-11,172,3,0
P017,2023-04-12,170,2,0
P017,2023-04-13,169,1,0
P017,2023-04-14,166,3,0
P017,2023-04-15,162,4,0
P017,2023-04-16,158,4,0
P017,2023-04-17,154,4,0
P017,2023-04-18,152,2,0
P017,2023-04-19,149,3,0
P017,2023-04-20,147,2,0
P017,2023-04-21,144,3,0
P017,2023-04-22,139,5,0
P017,2023-04-23,135,4,0
P017,2023-04-24,133,2,0
P017,2023-04-25,130,3,0
P017,2023-04-26,128,2,0
P017,2023-04-27,126,2,0
P017,2023-04-28,123,3,0
P017,2023-04-29,118,5,0
P017,2023-04-30,116,2,0
P017,2023-05-01,214,2,0
P017,2023-05-02,210,4,0
P017,2023-05-03,209,1,0
P017,2023-05-04,205,4,0
P017,2023-05-05,204,1,0
P017,2023-05-06,199,5,0
P017,2023-05-07,194,5,0
P017,2023-05-08,192,2,0
P017,2023-05-09,189,3,0
P017,2023-05-10,186,3,0
P017,2023-05-11,183,3,0
P017,2023-05-12,182,1,0
P017,2023-05-13,179,3,0
P017,2023-05-14,173,6,0
P017,2023-05-15,171,2,0
P017,2023-05-16,168,3,0
P017,2023-05-17,165,3,0
P017,2023-05-18,163,2,0
P017,2023-05-19,161,2,0
P017,2023-05-20,157,4,0
P017,2023-05-21,155,2,0
P017,2023-05-22,153,2,0
P017,2023-05-23,150,3,0
P017,2023-05-24,147,3,0
P017,2023-05-25,145,2,0
P017,2023-05-26,142,3,0
P017,2023-05-27,136,6,0
P017,2023-05-28,132,4,0
P017,2023-05-29,129,3,0
P017,2023-05-30,127,2,0
P017,2023-05-31,124,3,0
P017,2023-06-01,221,3,0
P017,2023-06-02,217,4,0
P017,2023-06-03,211,6,0
P017,2023-06-04,208,3,0
P017,2023-06-05,206,2,0
P017,2023-06-06,203,3,0
P017,2023-06-07,201,2,0
P017,2023-06-08,199,2,0
P017,2023-06-09,196,3,0
P017,2023-06-10,190,6,0
P017,2023-06-11,185,5,0
P017,2023-06-12,183,2,0
P017,2023-06-13,180,3,0
P017,2023-06-14,178,2,0
P017,2023-06-15,175,3,0
P017,2023-06-16,172,3,0
P017,2023-06-17,166,6,0
P017,2023-06-18,161,5,0
P017,2023-06-19,159,2,0
P017,2023-06-20,156,3,0
P017,2023-06-21,154,2,0
P017,2023-06-22,151,3,0
P017,2023-06-23,148,3,0
P017,2023-06-24,144,4,0
P017,2023-06-25,138,6,0
P017,2023-06-26,135,3,0
P017,2023-06-27,131,4,0
P017,2023-06-28,129,2,0
P017,2023-06-29,126,3,0
P017,2023-06-30,124,2,0
P017,2023-07-01,218,6,0
P017,2023-07-02,214,4,0
P017,2023-07-03,212,2,0
P017,2023-07-04,210,2,0
P017,2023-07-05,208,2,0
P017,2023-07-06,205,3,0
P017,2023-07-07,203,2,0
P017,2023-07-08,196,7,0
P017,2023-07-09,193,3,0
P017,2023-07-10,189,4,0
P017,2023-07-11,186,3,0
P017,2023-07-12,184,2,0
P017,2023-07-13,182,2,0
P017,2023-07-14,179,3,0
P017,2023-07-15,173,6,0
P017,2023-07-16,170,3,0
P017,2023-07-17,166,4,0
P017,2023-07-18,162,4,0
P017,2023-07-19,159,3,0
P017,2023-07-20,156,3,0
P017,2023-07-21,153,3,0
P017,2023-07-22,150,3,0
P017,2023-07-23,145,5,0
P017,2023-07-24,143,2,0
P017,2023-07-25,140,3,0
P017,2023-07-26,136,4,0
P017,2023-07-27,134,2,0
P017,2023-07-28,130,4,0
P017,2023-07-29,123,7,0
P017,2023-07-30,117,6,0
P017,2023-07-31,115,2,0
P017,2023-08-01,212,3,0
P017,2023-08-02,210,2,0
P017,2023-08-03,206,4,0
P017,2023-08-04,204,2,0
P017,2023-08-05,201,3,0
P017,2023-08-06,198,3,0
P017,2023-08-07,196,2,0
P017,2023-08-08,192,4,0
P017,2023-08-09,189,3,0
P017,2023-08-10,185,4,0
P017,2023-08-11,183,2,0
P017,2023-08-12,180,3,0
P017,2023-08-13,174,6,0
P017,2023-08-14,171,3,0
P017,2023-08-15,168,3,0
P017,2023-08-16,165,3,0
P017,2023-08-17,163,2,0
P017,2023-08-18,161,2,0
P017,2023-08-19,156,5,0
P017,2023-08-20,150,6,0
P017,2023-08-21,148,2,0
P017,2023-08-22,146,2,0
P017,2023-08-23,142,4,0
P017,2023-08-24,138,4,0
P017,2023-08-25,136,2,0
P017,2023-08-26,131,5,0
P017,2023-08-27,125,6,0
P017,2023-08-28,121,4,0
P017,2023-08-29,117,4,0
P017,2023-08-30,113,4,0
P017,2023-08-31,110,3,0
P017,2023-09-01,206,4,0
P017,2023-09-02,200,6,0
P017,2023-09-03,196,4,0
P017,2023-09-04,192,4,0
P017,2023-09-05,187,5,0
P017,2023-09-06,182,5,0
P017,2023-09-07,177,5,0
P017,2023-09-08,175,2,0
P017,2023-09-09,170,5,0
P017,2023-09-10,166,4,0
P017,2023-09-11,162,4,0
P017,2023-09-12,160,2,0
P017,2023-09-13,156,4,0
P017,2023-09-14,154,2,0
P017,2023-09-15,150,4,0
P017,2023-09-16,145,5,0
P017,2023-09-17,141,4,0
P017,2023-09-18,137,4,0
P017,2023-09-19,133,4,0
P017,2023-09-20,130,3,0
P017,2023-09-21,128,2,0
P017,2023-09-22,125,3,0
P017,2023-09-23,122,3,0
P017,2023-09-24,115,7,0
P017,2023-09-25,111,4,0
P017,2023-09-26,107,4,0
P017,2023-09-27,105,2,0
P017,2023-09-28,103,2,0
P017,2023-09-29,101,2,0
P017,2023-09-30,95,6,0
P017,2023-10-01,144,6,0
P017,2023-10-02,142,2,0
P017,2023-10-03,138,4,0
P017,2023-10-04,134,4,0
P017,2023-10-05,131,3,0
P017,2023-10-06,126,5,0
P017,2023-10-07,120,6,0
P017,2023-10-08,114,6,0
P017,2023-10-09,110,4,0
P017,2023-10-10,106,4,0
P017,2023-10-11,103,3,0
P017,2023-10-12,100,3,0
P017,2023-10-13,97,3,0
P017,2023-10-14,92,5,0
P017,2023-10-15,85,7,0
P017,2023-10-16,81,4,0
P017,2023-10-17,77,4,0
P017,2023-10-18,74,3,0
P017,2023-10-19,69,5,0
P017,2023-10-20,65,4,0
P017,2023-10-21,59,6,0
P017,2023-10-22,55,4,0
P017,2023-10-23,53,2,0
P017,2023-10-24,51,2,0
P017,2023-10-25,47,4,0
P017,2023-10-26,43,4,0
P017,2023-10-27,40,3,0
P017,2023-10-28,36,4,0
P017,2023-10-29,31,5,0
P017,2023-10-30,27,4,0
P017,2023-10-31,22,5,0
P017,2023-11-01,72,5,0
P017,2023-11-02,65,7,0
P017,2023-11-03,60,5,0
P017,2023-11-04,50,10,0
P017,2023-11-05,41,9,0
P017,2023-11-06,37,4,0
P017,2023-11-07,31,6,0
P017,2023-11-08,24,7,0
P017,2023-11-09,16,8,0
P017,2023-11-10,8,8,0
P017,2023-11-11,0,8,1
P017,2023-11-12,0,0,1
P017,2023-11-13,0,0,1
P017,2023-11-14,0,0,1
P017,2023-11-15,0,0,1
P017,2023-11-16,0,0,1
P017,2023-11-17,0,0,1
P017,2023-11-18,0,0,1
P017,2023-11-19,0,0,1
P017,2023-11-20,0,0,1
P017,2023-11-21,0,0,1
P017,2023-11-22,0,0,1
P017,2023-11-23,0,0,1
P017,2023-11-24,0,0,1
P017,2023-11-25,0,0,1
P017,2023-11-26,0,0,1
P017,2023-11-27,0,0,1
P017,2023-11-28,0,0,1
P017,2023-11-29,0,0,1
P017,2023-11-30,0,0,1
P017,2023-12-01,48,7,0
P017,2023-12-02,43,5,0
P017,2023-12-03,33,10,0
P017,2023-12-04,26,7,0
P017,2023-12-05,22,4,0
P017,2023-12-06,18,4,0
P017,2023-12-07,13,5,0
P017,2023-12-08,8,5,0
P017,2023-12-09,2,6,0
P017,2023-12-10,0,2,1
P017,2023-12-11,0,0,1
P017,2023-12-12,0,0,1
P017,2023-12-13,0,0,1
P017,2023-12-14,0,0,1
P017,2023-12-15,0,0,1
P017,2023-12-16,0,0,1
P017,2023-12-17,0,0,1
P017,2023-12-18,0,0,1
P017,2023-12-19,0,0,1
P017,2023-12-20,0,0,1
P017,2023-12-21,0,0,1
P017,2023-12-22,0,0,1
P017,2023-12-23,0,0,1
P017,2023-12-24,0,0,1
P017,2023-12-25,0,0,1
P017,2023-12-26,0,0,1
P017,2023-12-27,0,0,1
P017,2023-12-28,0,0,1
P017,2023-12-29,0,0,1
P017,2023-12-30,0,0,1
P017,2023-12-31,0,0,1
P017,2024-01-01,98,2,0
P017,2024-01-02,97,1,0
P017,2024-01-03,96,1,0
P017,2024-01-04,94,2,0
P017,2024-01-05,93,1,0
P017,2024-01-06,90,3,0
P017,2024-01-07,87,3,0
P017,2024-01-08,85,2,0
P017,2024-01-09,83,2,0
P017,2024-01-10,81,2,0
P017,2024-01-11,79,2,0
P017,2024-01-12,78,1,0
P017,2024-01-13,75,3,0
P017,2024-01-14,72,3,0
P017,2024-01-15,71,1,0
P017,2024-01-16,70,1,0
P017,2024-01-17,68,2,0
P017,2024-01-18,67,1,0
P017,2024-01-19,65,2,0
P017,2024-01-20,63,2,0
P017,2024-01-21,60,3,0
P017,2024-01-22,59,1,0
P017,2024-01-23,58,1,0
P017,2024-01-24,56,2,0
P017,2024-01-25,55,1,0
P017,2024-01-26,53,2,0
P017,2024-01-27,49,4,0
P017,2024-01-28,45,4,0
P017,2024-01-29,44,1,0
P017,2024-01-30,43,1,0
P017,2024-01-31,42,1,0
P017,2024-02-01,140,2,0
P017,2024-02-02,137,3,0
P017,2024-02-03,134,3,0
P017,2024-02-04,132,2,0
P017,2024-02-05,131,1,0
P017,2024-02-06,129,2,0
P017,2024-02-07,128,1,0
P017,2024-02-08,127,1,0
P017,2024-02-09,124,3,0
P017,2024-02-10,121,3,0
P017,2024-02-11,119,2,0
P017,2024-02-12,118,1,0
P017,2024-02-13,115,3,0
P017,2024-02-14,113,2,0
P017,2024-02-15,111,2,0
P017,2024-02-16,110,1,0
P017,2024-02-17,106,4,0
P017,2024-02-18,104,2,0
P017,2024-02-19,103,1,0
P017,2024-02-20,101,2,0
P017,2024-02-21,99,2,0
P017,2024-02-22,98,1,0
P017,2024-02-23,96,2,0
P017,2024-02-24,94,2,0
P017,2024-02-25,92,2,0
P017,2024-02-26,91,1,0
P017,2024-02-27,89,2,0
P017,2024-02-28,87,2,0
P017,2024-02-29,86,1,0
P017,2024-03-01,184,2,0
P017,2024-03-02,180,4,0
P017,2024-03-03,176,4,0
P017,2024-03-04,173,3,0
P017,2024-03-05,170,3,0
P017,2024-03-06,168,2,0
P017,2024-03-07,165,3,0
P017,2024-03-08,162,3,0
P017,2024-03-09,159,3,0
P017,2024-03-10,154,5,0
P017,2024-03-11,152,2,0
P017,2024-03-12,150,2,0
P017,2024-03-13,147,3,0
P017,2024-03-14,145,2,0
P017,2024-03-15,144,1,0
P017,2024-03-16,139,5,0
P017,2024-03-17,136,3,0
P017,2024-03-18,134,2,0
P017,2024-03-19,131,3,0
P017,2024-03-20,129,2,0
P017,2024-03-21,128,1,0
P017,2024-03-22,125,3,0
P017,2024-03-23,120,5,0
P017,2024-03-24,117,3,0
P017,2024-03-25,116,1,0
P017,2024-03-26,114,2,0
P017,2024-03-27,111,3,0
P017,2024-03-28,108,3,0
P017,2024-03-29,105,3,0
P017,2024-03-30,100,5,0
P017,2024-03-31,95,5,0
P017,2024-04-01,192,3,0
P017,2024-04-02,189,3,0
P017,2024-04-03,186,3,0
P017,2024-04-04,182,4,0
P017,2024-04-05,181,1,0
P017,2024-04-06,175,6,0
P017,2024-04-07,170,5,0
P017,2024-04-08,166,4,0
P017,2024-04-09,163,3,0
P017,2024-04-10,162,1,0
P017,2024-04-11,159,3,0
P017,2024-04-12,157,2,0
P017,2024-04-13,154,3,0
P017,2024-04-14,150,4,0
P017,2024-04-15,146,4,0
P017,2024-04-16,144,2,0
P017,2024-04-17,141,3,0
P017,2024-04-18,139,2,0
P017,2024-04-19,136,3,0
P017,2024-04-20,133,3,0
P017,2024-04-21,128,5,0
P017,2024-04-22,126,2,0
P017,2024-04-23,123,3,0
P017,2024-04-24,121,2,0
P017,2024-04-25,118,3,0
P017,2024-04-26,115,3,0
P017,2024-04-27,112,3,0
P017,2024-04-28,107,5,0
P017,2024-04-29,105,2,0
P017,2024-04-30,102,3,0
P017,2024-05-01,198,4,0
P017,2024-05-02,195,3,0
P017,2024-05-03,193,2,0
P017,2024-05-04,188,5,0
P017,2024-05-05,183,5,0
P017,2024-05-06,180,3,0
P017,2024-05-07,177,3,0
P017,2024-05-08,174,3,0
P017,2024-05-09,171,3,0
P017,2024-05-10,169,2,0
P017,2024-05-11,166,3,0
P017,2024-05-12,161,5,0
P017,2024-05-13,159,2,0
P017,2024-05-14,157,2,0
P017,2024-05-15,155,2,0
P017,2024-05-16,151,4,0
P017,2024-05-17,148,3,0
P017,2024-05-18,144,4,0
P017,2024-05-19,140,4,0
P017,2024-05-20,138,2,0
P017,2024-05-21,136,2,0
P017,2024-05-22,133,3,0
P017,2024-05-23,129,4,0
P017,2024-05-24,127,2,0
P017,2024-05-25,124,3,0
P017,2024-05-26,118,6,0
P017,2024-05-27,114,4,0
P017,2024-05-28,111,3,0
P017,2024-05-29,109,2,0
P017,2024-05-30,106,3,0
P017,2024-05-31,104,2,0
P017,2024-06-01,200,4,0
P017,2024-06-02,194,6,0
P017,2024-06-03,192,2,0
P017,2024-06-04,188,4,0
P017,2024-06-05,186,2,0
P017,2024-06-06,183,3,0
P017,2024-06-07,180,3,0
P017,2024-06-08,173,7,0
P017,2024-06-09,168,5,0
P017,2024-06-10,165,3,0
P017,2024-06-11,162,3,0
P017,2024-06-12,159,3,0
P017,2024-06-13,156,3,0
P017,2024-06-14,153,3,0
P017,2024-06-15,147,6,0
P017,2024-06-16,141,6,0
P017,2024-06-17,137,4,0
P017,2024-06-18,133,4,0
P017,2024-06-19,130,3,0
P017,2024-06-20,127,3,0
P017,2024-06-21,123,4,0
P017,2024-06-22,119,4,0
P017,2024-06-23,113,6,0
P017,2024-06-24,110,3,0
P017,2024-06-25,108,2,0
P017,2024-06-26,106,2,0
P017,2024-06-27,103,3,0
P017,2024-06-28,100,3,0
P017,2024-06-29,94,6,0
P017,2024-06-30,89,5,0
P017,2024-07-01,187,2,0
P017,2024-07-02,183,4,0
P017,2024-07-03,180,3,0
P017,2024-07-04,177,3,0
P017,2024-07-05,174,3,0
P017,2024-07-06,170,4,0
P017,2024-07-07,163,7,0
P017,2024-07-08,161,2,0
P017,2024-07-09,157,4,0
P017,2024-07-10,154,3,0
P017,2024-07-11,150,4,0
P017,2024-07-12,147,3,0
P017,2024-07-13,141,6,0
P017,2024-07-14,136,5,0
P017,2024-07-15,133,3,0
P017,2024-07-16,129,4,0
P017,2024-07-17,127,2,0
P017,2024-07-18,124,3,0
P017,2024-07-19,121,3,0
P017,2024-07-20,117,4,0
P017,2024-07-21,111,6,0
P017,2024-07-22,108,3,0
P017,2024-07-23,104,4,0
P017,2024-07-24,100,4,0
P017,2024-07-25,96,4,0
P017,2024-07-26,92,4,0
P017,2024-07-27,86,6,0
P017,2024-07-28,82,4,0
P017,2024-07-29,79,3,0
P017,2024-07-30,75,4,0
P017,2024-07-31,72,3,0
P017,2024-08-01,168,4,0
P017,2024-08-02,166,2,0
P017,2024-08-03,161,5,0
P017,2024-08-04,155,6,0
P017,2024-08-05,153,2,0
P017,2024-08-06,151,2,0
P017,2024-08-07,148,3,0
P017,2024-08-08,145,3,0
P017,2024-08-09,141,4,0
P017,2024-08-10,137,4,0
P017,2024-08-11,131,6,0
P017,2024-08-12,128,3,0
P017,2024-08-13,124,4,0
P017,2024-08-14,121,3,0
P017,2024-08-15,119,2,0
P017,2024-08-16,116,3,0
P017,2024-08-17,113,3,0
P017,2024-08-18,109,4,0
P017,2024-08-19,105,4,0
P017,2024-08-20,102,3,0
P017,2024-08-21,98,4,0
P017,2024-08-22,96,2,0
P017,2024-08-23,94,2,0
P017,2024-08-24,88,6,0
P017,2024-08-25,83,5,0
P017,2024-08-26,81,2,0
P017,2024-08-27,78,3,0
P017,2024-08-28,76,2,0
P017,2024-08-29,73,3,0
P017,2024-08-30,70,3,0
P017,2024-08-31,64,6,0
P017,2024-09-01,157,7,0
P017,2024-09-02,153,4,0
P017,2024-09-03,149,4,0
P017,2024-09-04,146,3,0
P017,2024-09-05,144,2,0
P017,2024-09-06,140,4,0
P017,2024-09-07,136,4,0
P017,2024-09-08,131,5,0
P017,2024-09-09,128,3,0
P017,2024-09-10,124,4,0
P017,2024-09-11,120,4,0
P017,2024-09-12,118,2,0
P017,2024-09-13,116,2,0
P017,2024-09-14,110,6,0
P017,2024-09-15,105,5,0
P017,2024-09-16,101,4,0
P017,2024-09-17,98,3,0
P017,2024-09-18,94,4,0
P017,2024-09-19,92,2,0
P017,2024-09-20,88,4,0
P017,2024-09-21,85,3,0
P017,2024-09-22,80,5,0
P017,2024-09-23,76,4,0
P017,2024-09-24,74,2,0
P017,2024-09-25,70,4,0
P017,2024-09-26,67,3,0
P017,2024-09-27,65,2,0
P017,2024-09-28,60,5,0
P017,2024-09-29,55,5,0
P017,2024-09-30,51,4,0
P017,2024-10-01,102,4,0
P017,2024-10-02,97,5,0
P017,2024-10-03,95,2,0
P017,2024-10-04,90,5,0
P017,2024-10-05,83,7,0
P017,2024-10-06,78,5,0
P017,2024-10-07,73,5,0
P017,2024-10-08,71,2,0
P017,2024-10-09,66,5,0
P017,2024-10-10,62,4,0
P017,2024-10-11,58,4,0
P017,2024-10-12,53,5,0
P017,2024-10-13,48,5,0
P017,2024-10-14,46,2,0
P017,2024-10-15,41,5,0
P017,2024-10-16,38,3,0
P017,2024-10-17,36,2,0
P017,2024-10-18,34,2,0
P017,2024-10-19,31,3,0
P017,2024-10-20,25,6,0
P017,2024-10-21,23,2,0
P017,2024-10-22,19,4,0
P017,2024-10-23,16,3,0
P017,2024-10-24,12,4,0
P017,2024-10-25,8,4,0
P017,2024-10-26,2,6,0
P017,2024-10-27,0,2,1
P017,2024-10-28,0,0,1
P017,2024-10-29,0,0,1
P017,2024-10-30,0,0,1
P017,2024-10-31,0,0,1
P017,2024-11-01,50,5,0
P017,2024-11-02,42,8,0
P017,2024-11-03,36,6,0
P017,2024-11-04,28,8,0
P017,2024-11-05,24,4,0
P017,2024-11-06,21,3,0
P017,2024-11-07,16,5,0
P017,2024-11-08,9,7,0
P017,2024-11-09,0,9,1
P017,2024-11-10,0,0,1
P017,2024-11-11,0,0,1
P017,2024-11-12,0,0,1
P017,2024-11-13,0,0,1
P017,2024-11-14,0,0,1
P017,2024-11-15,0,0,1
P017,2024-11-16,0,0,1
P017,2024-11-17,0,0,1
P017,2024-11-18,0,0,1
P017,2024-11-19,0,0,1
P017,2024-11-20,0,0,1
P017,2024-11-21,0,0,1
P017,2024-11-22,0,0,1
P017,2024-11-23,0,0,1
P017,2024-11-24,0,0,1
P017,2024-11-25,0,0,1
P017,2024-11-26,0,0,1
P017,2024-11-27,0,0,1
P017,2024-11-28,0,0,1
P017,2024-11-29,0,0,1
P017,2024-11-30,0,0,1
P017,2024-12-01,46,9,0
P017,2024-12-02,43,3,0
P017,2024-12-03,37,6,0
P017,2024-12-04,30,7,0
P017,2024-12-05,23,7,0
P017,2024-12-06,16,7,0
P017,2024-12-07,9,7,0
P017,2024-12-08,0,9,1
P017,2024-12-09,0,0,1
P017,2024-12-10,0,0,1
P017,2024-12-11,0,0,1
P017,2024-12-12,0,0,1
P017,2024-12-13,0,0,1
P017,2024-12-14,0,0,1
P017,2024-12-15,0,0,1
P017,2024-12-16,0,0,1
P017,2024-12-17,0,0,1
P017,2024-12-18,0,0,1
P017,2024-12-19,0,0,1
P017,2024-12-20,0,0,1
P017,2024-12-21,0,0,1
P017,2024-12-22,0,0,1
P017,2024-12-23,0,0,1
P017,2024-12-24,0,0,1
P017,2024-12-25,0,0,1
P017,2024-12-26,0,0,1
P017,2024-12-27,0,0,1
P017,2024-12-28,0,0,1
P017,2024-12-29,0,0,1
P017,2024-12-30,0,0,1
P017,2024-12-31,0,0,1
P018,2022-01-01,196,4,0
P018,2022-01-02,194,2,0
P018,2022-01-03,193,1,0
P018,2022-01-04,191,2,0
P018,2022-01-05,190,1,0
P018,2022-01-06,189,1,0
P018,2022-01-07,187,2,0
P018,2022-01-08,185,2,0
P018,2022-01-09,184,1,0
P018,2022-01-10,183,1,0
P018,2022-01-11,181,2,0
P018,2022-01-12,180,1,0
P018,2022-01-13,179,1,0
P018,2022-01-14,178,1,0
P018,2022-01-15,175,3,0
P018,2022-01-16,171,4,0
P018,2022-01-17,170,1,0
P018,2022-01-18,169,1,0
P018,2022-01-19,168,1,0
P018,2022-01-20,166,2,0
P018,2022-01-21,164,2,0
P018,2022-01-22,160,4,0
P018,2022-01-23,156,4,0
P018,2022-01-24,154,2,0
P018,2022-01-25,153,1,0
P018,2022-01-26,152,1,0
P018,2022-01-27,150,2,0
P018,2022-01-28,149,1,0
P018,2022-01-29,147,2,0
P018,2022-01-30,144,3,0
P018,2022-01-31,142,2,0
P018,2022-02-01,240,2,0
P018,2022-02-02,238,2,0
P018,2022-02-03,237,1,0
P018,2022-02-04,235,2,0
P018,2022-02-05,231,4,0
P018,2022-02-06,228,3,0
P018,2022-02-07,226,2,0
P018,2022-02-08,224,2,0
P018,2022-02-09,223,1,0
P018,2022-02-10,221,2,0
P018,2022-02-11,219,2,0
P018,2022-02-12,216,3,0
P018,2022-02-13,214,2,0
P018,2022-02-14,213,1,0
P018,2022-02-15,211,2,0
P018,2022-02-16,209,2,0
P018,2022-02-17,207,2,0
P018,2022-02-18,205,2,0
P018,2022-02-19,203,2,0
P018,2022-02-20,201,2,0
P018,2022-02-21,200,1,0
P018,2022-02-22,197,3,0
P018,2022-02-23,194,3,0
P018,2022-02-24,193,1,0
P018,2022-02-25,192,1,0
P018,2022-02-26,190,2,0
P018,2022-02-27,187,3,0
P018,2022-02-28,185,2,0
P018,2022-03-01,283,2,0
P018,2022-03-02,280,3,0
P018,2022-03-03,278,2,0
P018,2022-03-04,276,2,0
P018,2022-03-05,272,4,0
P018,2022-03-06,267,5,0
P018,2022-03-07,265,2,0
P018,2022-03-08,262,3,0
P018,2022-03-09,259,3,0
P018,2022-03-10,256,3,0
P018,2022-03-11,253,3,0
P018,2022-03-12,251,2,0
P018,2022-03-13,249,2,0
P018,2022-03-14,246,3,0
P018,2022-03-15,243,3,0
P018,2022-03-16,241,2,0
P018,2022-03-17,239,2,0
P018,2022-03-18,236,3,0
P018,2022-03-19,233,3,0
P018,2022-03-20,228,5,0
P018,2022-03-21,226,2,0
P018,2022-03-22,223,3,0
P018,2022-03-23,222,1,0
P018,2022-03-24,220,2,0
P018,2022-03-25,217,3,0
P018,2022-03-26,212,5,0
P018,2022-03-27,209,3,0
P018,2022-03-28,207,2,0
P018,2022-03-29,204,3,0
P018,2022-03-30,202,2,0
P018,2022-03-31,199,3,0
P018,2022-04-01,297,2,0
P018,2022-04-02,292,5,0
P018,2022-04-03,287,5,0
P018,2022-04-04,285,2,0
P018,2022-04-05,282,3,0
P018,2022-04-06,280,2,0
P018,2022-04-07,278,2,0
P018,2022-04-08,275,3,0
P018,2022-04-09,272,3,0
P018,2022-04-10,269,3,0
P018,2022-04-11,266,3,0
P018,2022-04-12,264,2,0
P018,2022-04-13,261,3,0
P018,2022-04-14,259,2,0
P018,2022-04-15,256,3,0
P018,2022-04-16,251,5,0
P018,2022-04-17,247,4,0
P018,2022-04-18,245,2,0
P018,2022-04-19,242,3,0
P018,2022-04-20,240,2,0
P018,2022-04-21,237,3,0
P018,2022-04-22,236,1,0
P018,2022-04-23,232,4,0
P018,2022-04-24,228,4,0
P018,2022-04-25,226,2,0
P018,2022-04-26,222,4,0
P018,2022-04-27,220,2,0
P018,2022-04-28,217,3,0
P018,2022-04-29,214,3,0
P018,2022-04-30,211,3,0
P018,2022-05-01,306,5,0
P018,2022-05-02,303,3,0
P018,2022-05-03,301,2,0
P018,2022-05-04,299,2,0
P018,2022-05-05,296,3,0
P018,2022-05-06,293,3,0
P018,2022-05-07,290,3,0
P018,2022-05-08,287,3,0
P018,2022-05-09,284,3,0
P018,2022-05-10,281,3,0
P018,2022-05-11,279,2,0
P018,2022-05-12,277,2,0
P018,2022-05-13,274,3,0
P018,2022-05-14,271,3,0
P018,2022-05-15,266,5,0
P018,2022-05-16,264,2,0
P018,2022-05-17,261,3,0
P018,2022-05-18,258,3,0
P018,2022-05-19,255,3,0
P018,2022-05-20,252,3,0
P018,2022-05-21,248,4,0
P018,2022-05-22,244,4,0
P018,2022-05-23,242,2,0
P018,2022-05-24,239,3,0
P018,2022-05-25,235,4,0
P018,2022-05-26,234,1,0
P018,2022-05-27,232,2,0
P018,2022-05-28,229,3,0
P018,2022-05-29,223,6,0
P018,2022-05-30,220,3,0
P018,2022-05-31,216,4,0
P018,2022-06-01,312,4,0
P018,2022-06-02,310,2,0
P018,2022-06-03,308,2,0
P018,2022-06-04,305,3,0
P018,2022-06-05,300,5,0
P018,2022-06-06,298,2,0
P018,2022-06-07,294,4,0
P018,2022-06-08,291,3,0
P018,2022-06-09,288,3,0
P018,2022-06-10,284,4,0
P018,2022-06-11,278,6,0
P018,2022-06-12,273,5,0
P018,2022-06-13,271,2,0
P018,2022-06-14,268,3,0
P018,2022-06-15,265,3,0
P018,2022-06-16,262,3,0
P018,2022-06-17,259,3,0
P018,2022-06-18,255,4,0
P018,2022-06-19,252,3,0
P018,2022-06-20,250,2,0
P018,2022-06-21,248,2,0
P018,2022-06-22,246,2,0
P018,2022-06-23,244,2,0
P018,2022-06-24,242,2,0
P018,2022-06-25,236,6,0
P018,2022-06-26,229,7,0
P018,2022-06-27,227,2,0
P018,2022-06-28,223,4,0
P018,2022-06-29,219,4,0
P018,2022-06-30,215,4,0
P018,2022-07-01,312,3,0
P018,2022-07-02,306,6,0
P018,2022-07-03,300,6,0
P018,2022-07-04,298,2,0
P018,2022-07-05,294,4,0
P018,2022-07-06,290,4,0
P018,2022-07-07,287,3,0
P018,2022-07-08,284,3,0
P018,2022-07-09,278,6,0
P018,2022-07-10,271,7,0
P018,2022-07-11,267,4,0
P018,2022-07-12,263,4,0
P018,2022-07-13,260,3,0
P018,2022-07-14,256,4,0
P018,2022-07-15,254,2,0
P018,2022-07-16,251,3,0
P018,2022-07-17,245,6,0
P018,2022-07-18,243,2,0
P018,2022-07-19,239,4,0
P018,2022-07-20,237,2,0
P018,2022-07-21,235,2,0
P018,2022-07-22,232,3,0
P018,2022-07-23,228,4,0
P018,2022-07-24,222,6,0
P018,2022-07-25,220,2,0
P018,2022-07-26,218,2,0
P018,2022-07-27,216,2,0
P018,2022-07-28,214,2,0
P018,2022-07-29,210,4,0
P018,2022-07-30,206,4,0
P018,2022-07-31,199,7,0
P018,2022-08-01,296,3,0
P018,2022-08-02,294,2,0
P018,2022-08-03,290,4,0
P018,2022-08-04,288,2,0
P018,2022-08-05,285,3,0
P018,2022-08-06,278,7,0
P018,2022-08-07,273,5,0
P018,2022-08-08,270,3,0
P018,2022-08-09,267,3,0
P018,2022-08-10,265,2,0
P018,2022-08-11,262,3,0
P018,2022-08-12,259,3,0
P018,2022-08-13,253,6,0
P018,2022-08-14,247,6,0
P018,2022-08-15,243,4,0
P018,2022-08-16,239,4,0
P018,2022-08-17,237,2,0
P018,2022-08-18,234,3,0
P018,2022-08-19,230,4,0
P018,2022-08-20,224,6,0
P018,2022-08-21,218,6,0
P018,2022-08-22,216,2,0
P018,2022-08-23,213,3,0
P018,2022-08-24,209,4,0
P018,2022-08-25,206,3,0
P018,2022-08-26,203,3,0
P018,2022-08-27,198,5,0
P018,2022-08-28,193,5,0
P018,2022-08-29,189,4,0
P018,2022-08-30,186,3,0
P018,2022-08-31,183,3,0
P018,2022-09-01,280,3,0
P018,2022-09-02,277,3,0
P018,2022-09-03,270,7,0
P018,2022-09-04,267,3,0
P018,2022-09-05,264,3,0
P018,2022-09-06,260,4,0
P018,2022-09-07,258,2,0
P018,2022-09-08,256,2,0
P018,2022-09-09,253,3,0
P018,2022-09-10,249,4,0
P018,2022-09-11,242,7,0
P018,2022-09-12,239,3,0
P018,2022-09-13,235,4,0
P018,2022-09-14,231,4,0
P018,2022-09-15,227,4,0
P018,2022-09-16,224,3,0
P018,2022-09-17,221,3,0
P018,2022-09-18,218,3,0
P018,2022-09-19,215,3,0
P018,2022-09-20,212,3,0
P018,2022-09-21,210,2,0
P018,2022-09-22,208,2,0
P018,2022-09-23,204,4,0
P018,2022-09-24,200,4,0
P018,2022-09-25,196,4,0
P018,2022-09-26,192,4,0
P018,2022-09-27,188,4,0
P018,2022-09-28,185,3,0
P018,2022-09-29,182,3,0
P018,2022-09-30,178,4,0
P018,2022-10-01,229,4,0
P018,2022-10-02,224,5,0
P018,2022-10-03,222,2,0
P018,2022-10-04,219,3,0
P018,2022-10-05,215,4,0
P018,2022-10-06,210,5,0
P018,2022-10-07,205,5,0
P018,2022-10-08,199,6,0
P018,2022-10-09,191,8,0
P018,2022-10-10,186,5,0
P018,2022-10-11,181,5,0
P018,2022-10-12,177,4,0
P018,2022-10-13,174,3,0
P018,2022-10-14,171,3,0
P018,2022-10-15,167,4,0
P018,2022-10-16,162,5,0
P018,2022-10-17,158,4,0
P018,2022-10-18,154,4,0
P018,2022-10-19,152,2,0
P018,2022-10-20,148,4,0
P018,2022-10-21,145,3,0
P018,2022-10-22,138,7,0
P018,2022-10-23,131,7,0
P018,2022-10-24,127,4,0
P018,2022-10-25,124,3,0
P018,2022-10-26,120,4,0
P018,2022-10-27,118,2,0
P018,2022-10-28,116,2,0
P018,2022-10-29,113,3,0
P018,2022-10-30,109,4,0
P018,2022-10-31,105,4,0
P018,2022-11-01,156,4,0
P018,2022-11-02,151,5,0
P018,2022-11-03,146,5,0
P018,2022-11-04,140,6,0
P018,2022-11-05,134,6,0
P018,2022-11-06,128,6,0
P018,2022-11-07,122,6,0
P018,2022-11-08,118,4,0
P018,2022-11-09,113,5,0
P018,2022-11-10,108,5,0
P018,2022-11-11,104,4,0
P018,2022-11-12,93,11,0
P018,2022-11-13,83,10,0
P018,2022-11-14,76,7,0
P018,2022-11-15,69,7,0
P018,2022-11-16,66,3,0
P018,2022-11-17,61,5,0
P018,2022-11-18,56,5,0
P018,2022-11-19,51,5,0
P018,2022-11-20,45,6,0
P018,2022-11-21,39,6,0
P018,2022-11-22,31,8,0
P018,2022-11-23,25,6,0
P018,2022-11-24,21,4,0
P018,2022-11-25,13,8,0
P018,2022-11-26,3,10,0
P018,2022-11-27,0,3,1
P018,2022-11-28,0,0,1
P018,2022-11-29,0,0,1
P018,2022-11-30,0,0,1
P018,2022-12-01,49,6,0
P018,2022-12-02,42,7,0
P018,2022-12-03,34,8,0
P018,2022-12-04,24,10,0
P018,2022-12-05,21,3,0
P018,2022-12-06,18,3,0
P018,2022-12-07,12,6,0
P018,2022-12-08,5,7,0
P018,2022-12-09,1,4,0
P018,2022-12-10,0,1,1
P018,2022-12-11,0,0,1
P018,2022-12-12,0,0,1
P018,2022-12-13,0,0,1
P018,2022-12-14,0,0,1
P018,2022-12-15,0,0,1
P018,2022-12-16,0,0,1
P018,2022-12-17,0,0,1
P018,2022-12-18,0,0,1
P018,2022-12-19,0,0,1
P018,2022-12-20,0,0,1
P018,2022-12-21,0,0,1
P018,2022-12-22,0,0,1
P018,2022-12-23,0,0,1
P018,2022-12-24,0,0,1
P018,2022-12-25,0,0,1
P018,2022-12-26,0,0,1
P018,2022-12-27,0,0,1
P018,2022-12-28,0,0,1
P018,2022-12-29,0,0,1
P018,2022-12-30,0,0,1
P018,2022-12-31,0,0,1
P018,2023-01-01,98,2,0
P018,2023-01-02,97,1,0
P018,2023-01-03,95,2,0
P018,2023-01-04,94,1,0
P018,2023-01-05,92,2,0
P018,2023-01-06,90,2,0
P018,2023-01-07,88,2,0
P018,2023-01-08,86,2,0
P018,2023-01-09,84,2,0
P018,2023-01-10,82,2,0
P018,2023-01-11,81,1,0
P018,2023-01-12,80,1,0
P018,2023-01-13,78,2,0
P018,2023-01-14,74,4,0
P018,2023-01-15,71,3,0
P018,2023-01-16,69,2,0
P018,2023-01-17,67,2,0
P018,2023-01-18,66,1,0
P018,2023-01-19,65,1,0
P018,2023-01-20,64,1,0
P018,2023-01-21,61,3,0
P018,2023-01-22,58,3,0
P018,2023-01-23,57,1,0
P018,2023-01-24,56,1,0
P018,2023-01-25,54,2,0
P018,2023-01-26,52,2,0
P018,2023-01-27,50,2,0
P018,2023-01-28,47,3,0
P018,2023-01-29,44,3,0
P018,2023-01-30,42,2,0
P018,2023-01-31,41,1,0
P018,2023-02-01,139,2,0
P018,2023-02-02,137,2,0
P018,2023-02-03,135,2,0
P018,2023-02-04,132,3,0
P018,2023-02-05,128,4,0
P018,2023-02-06,127,1,0
P018,2023-02-07,125,2,0
P018,2023-02-08,123,2,0
P018,2023-02-09,122,1,0
P018,2023-02-10,121,1,0
P018,2023-02-11,118,3,0
P018,2023-02-12,115,3,0
P018,2023-02-13,113,2,0
P018,2023-02-14,111,2,0
P018,2023-02-15,110,1,0
P018,2023-02-16,107,3,0
P018,2023-02-17,105,2,0
P018,2023-02-18,102,3,0
P018,2023-02-19,100,2,0
P018,2023-02-20,98,2,0
P018,2023-02-21,95,3,0
P018,2023-02-22,94,1,0
P018,2023-02-23,92,2,0
P018,2023-02-24,91,1,0
P018,2023-02-25,87,4,0
P018,2023-02-26,84,3,0
P018,2023-02-27,81,3,0
P018,2023-02-28,80,1,0
P018,2023-03-01,178,2,0
P018,2023-03-02,176,2,0
P018,2023-03-03,173,3,0
P018,2023-03-04,170,3,0
P018,2023-03-05,165,5,0
P018,2023-03-06,162,3,0
P018,2023-03-07,159,3,0
P018,2023-03-08,157,2,0
P018,2023-03-09,155,2,0
P018,2023-03-10,153,2,0
P018,2023-03-11,151,2,0
P018,2023-03-12,148,3,0
P018,2023-03-13,146,2,0
P018,2023-03-14,143,3,0
P018,2023-03-15,141,2,0
P018,2023-03-16,138,3,0
P018,2023-03-17,135,3,0
P018,2023-03-18,131,4,0
P018,2023-03-19,127,4,0
P018,2023-03-20,125,2,0
P018,2023-03-21,122,3,0
P018,2023-03-22,121,1,0
P018,2023-03-23,119,2,0
P018,2023-03-24,117,2,0
P018,2023-03-25,112,5,0
P018,2023-03-26,109,3,0
P018,2023-03-27,106,3,0
P018,2023-03-28,104,2,0
P018,2023-03-29,102,2,0
P018,2023-03-30,99,3,0
P018,2023-03-31,97,2,0
P018,2023-04-01,193,4,0
P018,2023-04-02,189,4,0
P018,2023-04-03,187,2,0
P018,2023-04-04,184,3,0
P018,2023-04-05,182,2,0
P018,2023-04-06,180,2,0
P018,2023-04-07,178,2,0
P018,2023-04-08,172,6,0
P018,2023-04-09,168,4,0
P018,2023-04-10,165,3,0
P018,2023-04-11,162,3,0
P018,2023-04-12,159,3,0
P018,2023-04-13,157,2,0
P018,2023-04-14,155,2,0
P018,2023-04-15,152,3,0
P018,2023-04-16,147,5,0
P018,2023-04-17,144,3,0
P018,2023-04-18,141,3,0
P018,2023-04-19,138,3,0
P018,2023-04-20,135,3,0
P018,2023-04-21,132,3,0
P018,2023-04-22,129,3,0
P018,2023-04-23,124,5,0
P018,2023-04-24,121,3,0
P018,2023-04-25,119,2,0
P018,2023-04-26,117,2,0
P018,2023-04-27,114,3,0
P018,2023-04-28,112,2,0
P018,2023-04-29,109,3,0
P018,2023-04-30,106,3,0
P018,2023-05-01,203,3,0
P018,2023-05-02,200,3,0
P018,2023-05-03,197,3,0
P018,2023-05-04,195,2,0
P018,2023-05-05,193,2,0
P018,2023-05-06,189,4,0
P018,2023-05-07,186,3,0
P018,2023-05-08,182,4,0
P018,2023-05-09,178,4,0
P018,2023-05-10,176,2,0
P018,2023-05-11,174,2,0
P018,2023-05-12,172,2,0
P018,2023-05-13,168,4,0
P018,2023-05-14,162,6,0
P018,2023-05-15,160,2,0
P018,2023-05-16,157,3,0
P018,2023-05-17,154,3,0
P018,2023-05-18,152,2,0
P018,2023-05-19,148,4,0
P018,2023-05-20,142,6,0
P018,2023-05-21,136,6,0
P018,2023-05-22,132,4,0
P018,2023-05-23,130,2,0
P018,2023-05-24,127,3,0
P018,2023-05-25,125,2,0
P018,2023-05-26,123,2,0
P018,2023-05-27,120,3,0
P018,2023-05-28,117,3,0
P018,2023-05-29,115,2,0
P018,2023-05-30,113,2,0
P018,2023-05-31,110,3,0
P018,2023-06-01,206,4,0
P018,2023-06-02,203,3,0
P018,2023-06-03,200,3,0
P018,2023-06-04,194,6,0
P018,2023-06-05,190,4,0
P018,2023-06-06,187,3,0
P018,2023-06-07,184,3,0
P018,2023-06-08,182,2,0
P018,2023-06-09,178,4,0
P018,2023-06-10,175,3,0
P018,2023-06-11,170,5,0
P018,2023-06-12,166,4,0
P018,2023-06-13,162,4,0
P018,2023-06-14,158,4,0
P018,2023-06-15,154,4,0
P018,2023-06-16,150,4,0
P018,2023-06-17,147,3,0
P018,2023-06-18,140,7,0
P018,2023-06-19,138,2,0
P018,2023-06-20,135,3,0
P018,2023-06-21,132,3,0
P018,2023-06-22,129,3,0
P018,2023-06-23,126,3,0
P018,2023-06-24,120,6,0
P018,2023-06-25,114,6,0
P018,2023-06-26,112,2,0
P018,2023-06-27,110,2,0
P018,2023-06-28,108,2,0
P018,2023-06-29,105,3,0
P018,2023-06-30,103,2,0
P018,2023-07-01,197,6,0
P018,2023-07-02,194,3,0
P018,2023-07-03,192,2,0
P018,2023-07-04,188,4,0
P018,2023-07-05,184,4,0
P018,2023-07-06,181,3,0
P018,2023-07-07,178,3,0
P018,2023-07-08,172,6,0
P018,2023-07-09,168,4,0
P018,2023-07-10,164,4,0
P018,2023-07-11,160,4,0
P018,2023-07-12,157,3,0
P018,2023-07-13,155,2,0
P018,2023-07-14,151,4,0
P018,2023-07-15,146,5,0
P018,2023-07-16,140,6,0
P018,2023-07-17,136,4,0
P018,2023-07-18,132,4,0
P018,2023-07-19,130,2,0
P018,2023-07-20,128,2,0
P018,2023-07-21,125,3,0
P018,2023-07-22,122,3,0
P018,2023-07-23,119,3,0
P018,2023-07-24,116,3,0
P018,2023-07-25,113,3,0
P018,2023-07-26,109,4,0
P018,2023-07-27,107,2,0
P018,2023-07-28,105,2,0
P018,2023-07-29,101,4,0
P018,2023-07-30,97,4,0
P018,2023-07-31,94,3,0
P018,2023-08-01,190,4,0
P018,2023-08-02,186,4,0
P018,2023-08-03,183,3,0
P018,2023-08-04,179,4,0
P018,2023-08-05,176,3,0
P018,2023-08-06,172,4,0
P018,2023-08-07,168,4,0
P018,2023-08-08,165,3,0
P018,2023-08-09,161,4,0
P018,2023-08-10,158,3,0
P018,2023-08-11,156,2,0
P018,2023-08-12,149,7,0
P018,2023-08-13,144,5,0
P018,2023-08-14,140,4,0
P018,2023-08-15,138,2,0
P018,2023-08-16,136,2,0
P018,2023-08-17,134,2,0
P018,2023-08-18,130,4,0
P018,2023-08-19,124,6,0
P018,2023-08-20,121,3,0
P018,2023-08-21,118,3,0
P018,2023-08-22,114,4,0
P018,2023-08-23,110,4,0
P018,2023-08-24,106,4,0
P018,2023-08-25,102,4,0
P018,2023-08-26,98,4,0
P018,2023-08-27,93,5,0
P018,2023-08-28,89,4,0
P018,2023-08-29,86,3,0
P018,2023-08-30,84,2,0
P018,2023-08-31,80,4,0
P018,2023-09-01,178,2,0
P018,2023-09-02,172,6,0
P018,2023-09-03,168,4,0
P018,2023-09-04,165,3,0
P018,2023-09-05,161,4,0
P018,2023-09-06,157,4,0
P018,2023-09-07,154,3,0
P018,2023-09-08,150,4,0
P018,2023-09-09,144,6,0
P018,2023-09-10,140,4,0
P018,2023-09-11,138,2,0
P018,2023-09-12,135,3,0
P018,2023-09-13,133,2,0
P018,2023-09-14,129,4,0
P018,2023-09-15,127,2,0
P018,2023-09-16,124,3,0
P018,2023-09-17,117,7,0
P018,2023-09-18,114,3,0
P018,2023-09-19,112,2,0
P018,2023-09-20,110,2,0
P018,2023-09-21,107,3,0
P018,2023-09-22,105,2,0
P018,2023-09-23,99,6,0
P018,2023-09-24,94,5,0
P018,2023-09-25,92,2,0
P018,2023-09-26,90,2,0
P018,2023-09-27,88,2,0
P018,2023-09-28,86,2,0
P018,2023-09-29,84,2,0
P018,2023-09-30,77,7,0
P018,2023-10-01,128,4,0
P018,2023-10-02,125,3,0
P018,2023-10-03,122,3,0
P018,2023-10-04,119,3,0
P018,2023-10-05,116,3,0
P018,2023-10-06,112,4,0
P018,2023-10-07,108,4,0
P018,2023-10-08,105,3,0
P018,2023-10-09,102,3,0
P018,2023-10-10,98,4,0
P018,2023-10-11,94,4,0
P018,2023-10-12,91,3,0
P018,2023-10-13,88,3,0
P018,2023-10-14,85,3,0
P018,2023-10-15,81,4,0
P018,2023-10-16,77,4,0
P018,2023-10-17,72,5,0
P018,2023-10-18,69,3,0
P018,2023-10-19,66,3,0
P018,2023-10-20,62,4,0
P018,2023-10-21,58,4,0
P018,2023-10-22,54,4,0
P018,2023-10-23,52,2,0
P018,2023-10-24,48,4,0
P018,2023-10-25,45,3,0
P018,2023-10-26,43,2,0
P018,2023-10-27,40,3,0
P018,2023-10-28,33,7,0
P018,2023-10-29,25,8,0
P018,2023-10-30,20,5,0
P018,2023-10-31,16,4,0
P018,2023-11-01,64,7,0
P018,2023-11-02,61,3,0
P018,2023-11-03,56,5,0
P018,2023-11-04,47,9,0
P018,2023-11-05,41,6,0
P018,2023-11-06,36,5,0
P018,2023-11-07,30,6,0
P018,2023-11-08,27,3,0
P018,2023-11-09,20,7,0
P018,2023-11-10,16,4,0
P018,2023-11-11,5,11,0
P018,2023-11-12,0,5,1
P018,2023-11-13,0,0,1
P018,2023-11-14,0,0,1
P018,2023-11-15,0,0,1
P018,2023-11-16,0,0,1
P018,2023-11-17,0,0,1
P018,2023-11-18,0,0,1
P018,2023-11-19,0,0,1
P018,2023-11-20,0,0,1
P018,2023-11-21,0,0,1
P018,2023-11-22,0,0,1
P018,2023-11-23,0,0,1
P018,2023-11-24,0,0,1
P018,2023-11-25,0,0,1
P018,2023-11-26,0,0,1
P018,2023-11-27,0,0,1
P018,2023-11-28,0,0,1
P018,2023-11-29,0,0,1
P018,2023-11-30,0,0,1
P018,2023-12-01,51,4,0
P018,2023-12-02,46,5,0
P018,2023-12-03,40,6,0
P018,2023-12-04,36,4,0
P018,2023-12-05,32,4,0
P018,2023-12-06,29,3,0
P018,2023-12-07,26,3,0
P018,2023-12-08,20,6,0
P018,2023-12-09,11,9,0
P018,2023-12-10,2,9,0
P018,2023-12-11,0,2,1
P018,2023-12-12,0,0,1
P018,2023-12-13,0,0,1
P018,2023-12-14,0,0,1
P018,2023-12-15,0,0,1
P018,2023-12-16,0,0,1
P018,2023-12-17,0,0,1
P018,2023-12-18,0,0,1
P018,2023-12-19,0,0,1
P018,2023-12-20,0,0,1
P018,2023-12-21,0,0,1
P018,2023-12-22,0,0,1
P018,2023-12-23,0,0,1
P018,2023-12-24,0,0,1
P018,2023-12-25,0,0,1
P018,2023-12-26,0,0,1
P018,2023-12-27,0,0,1
P018,2023-12-28,0,0,1
P018,2023-12-29,0,0,1
P018,2023-12-30,0,0,1
P018,2023-12-31,0,0,1
P018,2024-01-01,99,1,0
P018,2024-01-02,97,2,0
P018,2024-01-03,95,2,0
P018,2024-01-04,93,2,0
P018,2024-01-05,91,2,0
P018,2024-01-06,88,3,0
P018,2024-01-07,84,4,0
P018,2024-01-08,83,1,0
P018,2024-01-09,82,1,0
P018,2024-01-10,80,2,0
P018,2024-01-11,78,2,0
P018,2024-01-12,77,1,0
P018,2024-01-13,74,3,0
P018,2024-01-14,72,2,0
P018,2024-01-15,71,1,0
P018,2024-01-16,70,1,0
P018,2024-01-17,68,2,0
P018,2024-01-18,66,2,0
P018,2024-01-19,64,2,0
P018,2024-01-20,61,3,0
P018,2024-01-21,59,2,0
P018,2024-01-22,58,1,0
P018,2024-01-23,57,1,0
P018,2024-01-24,55,2,0
P018,2024-01-25,54,1,0
P018,2024-01-26,52,2,0
P018,2024-01-27,51,1,0
P018,2024-01-28,49,2,0
P018,2024-01-29,48,1,0
P018,2024-01-30,46,2,0
P018,2024-01-31,44,2,0
P018,2024-02-01,143,1,0
P018,2024-02-02,142,1,0
P018,2024-02-03,138,4,0
P018,2024-02-04,134,4,0
P018,2024-02-05,132,2,0
P018,2024-02-06,130,2,0
P018,2024-02-07,128,2,0
P018,2024-02-08,127,1,0
P018,2024-02-09,126,1,0
P018,2024-02-10,124,2,0
P018,2024-02-11,121,3,0
P018,2024-02-12,120,1,0
P018,2024-02-13,119,1,0
P018,2024-02-14,117,2,0
P018,2024-02-15,115,2,0
P018,2024-02-16,114,1,0
P018,2024-02-17,110,4,0
P018,2024-02-18,108,2,0
P018,2024-02-19,106,2,0
P018,2024-02-20,105,1,0
P018,2024-02-21,102,3,0
P018,2024-02-22,101,1,0
P018,2024-02-23,100,1,0
P018,2024-02-24,98,2,0
P018,2024-02-25,96,2,0
P018,2024-02-26,94,2,0
P018,2024-02-27,93,1,0
P018,2024-02-28,90,3,0
P018,2024-02-29,88,2,0
P018,2024-03-01,186,2,0
P018,2024-03-02,181,5,0
P018,2024-03-03,178,3,0
P018,2024-03-04,175,3,0
P018,2024-03-05,172,3,0
P018,2024-03-06,169,3,0
P018,2024-03-07,167,2,0
P018,2024-03-08,165,2,0
P018,2024-03-09,160,5,0
P018,2024-03-10,156,4,0
P018,2024-03-11,154,2,0
P018,2024-03-12,151,3,0
P018,2024-03-13,148,3,0
P018,2024-03-14,147,1,0
P018,2024-03-15,146,1,0
P018,2024-03-16,141,5,0
P018,2024-03-17,136,5,0
P018,2024-03-18,134,2,0
P018,2024-03-19,131,3,0
P018,2024-03-20,129,2,0
P018,2024-03-21,126,3,0
P018,2024-03-22,123,3,0
P018,2024-03-23,119,4,0
P018,2024-03-24,115,4,0
P018,2024-03-25,114,1,0
P018,2024-03-26,111,3,0
P018,2024-03-27,108,3,0
P018,2024-03-28,106,2,0
P018,2024-03-29,103,3,0
P018,2024-03-30,100,3,0
P018,2024-03-31,96,4,0
P018,2024-04-01,194,2,0
P018,2024-04-02,191,3,0
P018,2024-04-03,190,1,0
P018,2024-04-04,189,1,0
P018,2024-04-05,187,2,0
P018,2024-04-06,184,3,0
P018,2024-04-07,181,3,0
P018,2024-04-08,179,2,0
P018,2024-04-09,177,2,0
P018,2024-04-10,175,2,0
P018,2024-04-11,172,3,0
P018,2024-04-12,169,3,0
P018,2024-04-13,167,2,0
P018,2024-04-14,163,4,0
P018,2024-04-15,161,2,0
P018,2024-04-16,158,3,0
P018,2024-04-17,156,2,0
P018,2024-04-18,154,2,0
P018,2024-04-19,152,2,0
P018,2024-04-20,150,2,0
P018,2024-04-21,146,4,0
P018,2024-04-22,143,3,0
P018,2024-04-23,140,3,0
P018,2024-04-24,138,2,0
P018,2024-04-25,136,2,0
P018,2024-04-26,132,4,0
P018,2024-04-27,127,5,0
P018,2024-04-28,124,3,0
P018,2024-04-29,122,2,0
P018,2024-04-30,119,3,0
P018,2024-05-01,216,3,0
P018,2024-05-02,214,2,0
P018,2024-05-03,212,2,0
P018,2024-05-04,209,3,0
P018,2024-05-05,204,5,0
P018,2024-05-06,201,3,0
P018,2024-05-07,198,3,0
P018,2024-05-08,196,2,0
P018,2024-05-09,195,1,0
P018,2024-05-10,193,2,0
P018,2024-05-11,188,5,0
P018,2024-05-12,184,4,0
P018,2024-05-13,180,4,0
P018,2024-05-14,179,1,0
P018,2024-05-15,176,3,0
P018,2024-05-16,174,2,0
P018,2024-05-17,171,3,0
P018,2024-05-18,165,6,0
P018,2024-05-19,162,3,0
P018,2024-05-20,158,4,0
P018,2024-05-21,154,4,0
P018,2024-05-22,151,3,0
P018,2024-05-23,147,4,0
P018,2024-05-24,143,4,0
P018,2024-05-25,138,5,0
P018,2024-05-26,133,5,0
P018,2024-05-27,129,4,0
P018,2024-05-28,126,3,0
P018,2024-05-29,122,4,0
P018,2024-05-30,119,3,0
P018,2024-05-31,117,2,0
P018,2024-06-01,214,3,0
P018,2024-06-02,208,6,0
P018,2024-06-03,205,3,0
P018,2024-06-04,202,3,0
P018,2024-06-05,199,3,0
P018,2024-06-06,196,3,0
P018,2024-06-07,193,3,0
P018,2024-06-08,189,4,0
P018,2024-06-09,184,5,0
P018,2024-06-10,182,2,0
P018,2024-06-11,180,2,0
P018,2024-06-12,177,3,0
P018,2024-06-13,173,4,0
P018,2024-06-14,169,4,0
P018,2024-06-15,165,4,0
P018,2024-06-16,159,6,0
P018,2024-06-17,157,2,0
P018,2024-06-18,153,4,0
P018,2024-06-19,151,2,0
P018,2024-06-20,148,3,0
P018,2024-06-21,145,3,0
P018,2024-06-22,142,3,0
P018,2024-06-23,136,6,0
P018,2024-06-24,134,2,0
P018,2024-06-25,132,2,0
P018,2024-06-26,129,3,0
P018,2024-06-27,126,3,0
P018,2024-06-28,123,3,0
P018,2024-06-29,118,5,0
P018,2024-06-30,112,6,0
P018,2024-07-01,210,2,0
P018,2024-07-02,208,2,0
P018,2024-07-03,206,2,0
P018,2024-07-04,202,4,0
P018,2024-07-05,199,3,0
P018,2024-07-06,192,7,0
P018,2024-07-07,186,6,0
P018,2024-07-08,184,2,0
P018,2024-07-09,181,3,0
P018,2024-07-10,179,2,0
P018,2024-07-11,177,2,0
P018,2024-07-12,173,4,0
P018,2024-07-13,167,6,0
P018,2024-07-14,163,4,0
P018,2024-07-15,160,3,0
P018,2024-07-16,157,3,0
P018,2024-07-17,155,2,0
P018,2024-07-18,153,2,0
P018,2024-07-19,151,2,0
P018,2024-07-20,144,7,0
P018,2024-07-21,141,3,0
P018,2024-07-22,138,3,0
P018,2024-07-23,135,3,0
P018,2024-07-24,132,3,0
P018,2024-07-25,129,3,0
P018,2024-07-26,127,2,0
P018,2024-07-27,121,6,0
P018,2024-07-28,118,3,0
P018,2024-07-29,115,3,0
P018,2024-07-30,112,3,0
P018,2024-07-31,108,4,0
P018,2024-08-01,205,3,0
P018,2024-08-02,201,4,0
P018,2024-08-03,196,5,0
P018,2024-08-04,193,3,0
P018,2024-08-05,190,3,0
P018,2024-08-06,187,3,0
P018,2024-08-07,185,2,0
P018,2024-08-08,183,2,0
P018,2024-08-09,180,3,0
P018,2024-08-10,176,4,0
P018,2024-08-11,169,7,0
P018,2024-08-12,167,2,0
P018,2024-08-13,165,2,0
P018,2024-08-14,162,3,0
P018,2024-08-15,160,2,0
P018,2024-08-16,158,2,0
P018,2024-08-17,153,5,0
P018,2024-08-18,147,6,0
P018,2024-08-19,143,4,0
P018,2024-08-20,139,4,0
P018,2024-08-21,137,2,0
P018,2024-08-22,135,2,0
P018,2024-08-23,131,4,0
P018,2024-08-24,127,4,0
P018,2024-08-25,123,4,0
P018,2024-08-26,121,2,0
P018,2024-08-27,118,3,0
P018,2024-08-28,114,4,0
P018,2024-08-29,111,3,0
P018,2024-08-30,109,2,0
P018,2024-08-31,105,4,0
P018,2024-09-01,198,7,0
P018,2024-09-02,194,4,0
P018,2024-09-03,192,2,0
P018,2024-09-04,189,3,0
P018,2024-09-05,185,4,0
P018,2024-09-06,181,4,0
P018,2024-09-07,177,4,0
P018,2024-09-08,174,3,0
P018,2024-09-09,172,2,0
P018,2024-09-10,168,4,0
P018,2024-09-11,166,2,0
P018,2024-09-12,162,4,0
P018,2024-09-13,160,2,0
P018,2024-09-14,156,4,0
P018,2024-09-15,151,5,0
P018,2024-09-16,148,3,0
P018,2024-09-17,144,4,0
P018,2024-09-18,140,4,0
P018,2024-09-19,136,4,0
P018,2024-09-20,133,3,0
P018,2024-09-21,129,4,0
P018,2024-09-22,125,4,0
P018,2024-09-23,122,3,0
P018,2024-09-24,120,2,0
P018,2024-09-25,117,3,0
P018,2024-09-26,113,4,0
P018,2024-09-27,110,3,0
P018,2024-09-28,107,3,0
P018,2024-09-29,104,3,0
P018,2024-09-30,102,2,0
P018,2024-10-01,154,3,0
P018,2024-10-02,152,2,0
P018,2024-10-03,149,3,0
P018,2024-10-04,146,3,0
P018,2024-10-05,140,6,0
P018,2024-10-06,135,5,0
P018,2024-10-07,130,5,0
P018,2024-10-08,128,2,0
P018,2024-10-09,126,2,0
P018,2024-10-10,121,5,0
P018,2024-10-11,118,3,0
P018,2024-10-12,113,5,0
P018,2024-10-13,105,8,0
P018,2024-10-14,101,4,0
P018,2024-10-15,98,3,0
P018,2024-10-16,96,2,0
P018,2024-10-17,93,3,0
P018,2024-10-18,88,5,0
P018,2024-10-19,84,4,0
P018,2024-10-20,76,8,0
P018,2024-10-21,73,3,0
P018,2024-10-22,71,2,0
P018,2024-10-23,66,5,0
P018,2024-10-24,62,4,0
P018,2024-10-25,58,4,0
P018,2024-10-26,54,4,0
P018,2024-10-27,50,4,0
P018,2024-10-28,48,2,0
P018,2024-10-29,46,2,0
P018,2024-10-30,43,3,0
P018,2024-10-31,40,3,0
P018,2024-11-01,89,6,0
P018,2024-11-02,83,6,0
P018,2024-11-03,77,6,0
P018,2024-11-04,71,6,0
P018,2024-11-05,66,5,0
P018,2024-11-06,60,6,0
P018,2024-11-07,54,6,0
P018,2024-11-08,47,7,0
P018,2024-11-09,36,11,0
P018,2024-11-10,24,12,0
P018,2024-11-11,18,6,0
P018,2024-11-12,15,3,0
P018,2024-11-13,8,7,0
P018,2024-11-14,1,7,0
P018,2024-11-15,0,1,1
P018,2024-11-16,0,0,1
P018,2024-11-17,0,0,1
P018,2024-11-18,0,0,1
P018,2024-11-19,0,0,1
P018,2024-11-20,0,0,1
P018,2024-11-21,0,0,1
P018,2024-11-22,0,0,1
P018,2024-11-23,0,0,1
P018,2024-11-24,0,0,1
P018,2024-11-25,0,0,1
P018,2024-11-26,0,0,1
P018,2024-11-27,0,0,1
P018,2024-11-28,0,0,1
P018,2024-11-29,0,0,1
P018,2024-11-30,0,0,1
P018,2024-12-01,48,7,0
P018,2024-12-02,43,5,0
P018,2024-12-03,37,6,0
P018,2024-12-04,34,3,0
P018,2024-12-05,29,5,0
P018,2024-12-06,26,3,0
P018,2024-12-07,17,9,0
P018,2024-12-08,8,9,0
P018,2024-12-09,4,4,0
P018,2024-12-10,0,4,1
P018,2024-12-11,0,0,1
P018,2024-12-12,0,0,1
P018,2024-12-13,0,0,1
P018,2024-12-14,0,0,1
P018,2024-12-15,0,0,1
P018,2024-12-16,0,0,1
P018,2024-12-17,0,0,1
P018,2024-12-18,0,0,1
P018,2024-12-19,0,0,1
P018,2024-12-20,0,0,1
P018,2024-12-21,0,0,1
P018,2024-12-22,0,0,1
P018,2024-12-23,0,0,1
P018,2024-12-24,0,0,1
P018,2024-12-25,0,0,1
P018,2024-12-26,0,0,1
P018,2024-12-27,0,0,1
P018,2024-12-28,0,0,1
P018,2024-12-29,0,0,1
P018,2024-12-30,0,0,1
P018,2024-12-31,0,0,1
P019,2022-01-01,198,2,0
P019,2022-01-02,195,3,0
P019,2022-01-03,193,2,0
P019,2022-01-04,191,2,0
P019,2022-01-05,189,2,0
P019,2022-01-06,188,1,0
P019,2022-01-07,186,2,0
P019,2022-01-08,184,2,0
P019,2022-01-09,181,3,0
P019,2022-01-10,180,1,0
P019,2022-01-11,178,2,0
P019,2022-01-12,177,1,0
P019,2022-01-13,175,2,0
P019,2022-01-14,173,2,0
P019,2022-01-15,170,3,0
P019,2022-01-16,168,2,0
P019,2022-01-17,166,2,0
P019,2022-01-18,164,2,0
P019,2022-01-19,162,2,0
P019,2022-01-20,161,1,0
P019,2022-01-21,160,1,0
P019,2022-01-22,156,4,0
P019,2022-01-23,153,3,0
P019,2022-01-24,152,1,0
P019,2022-01-25,150,2,0
P019,2022-01-26,149,1,0
P019,2022-01-27,148,1,0
P019,2022-01-28,147,1,0
P019,2022-01-29,145,2,0
P019,2022-01-30,144,1,0
P019,2022-01-31,142,2,0
P019,2022-02-01,240,2,0
P019,2022-02-02,239,1,0
P019,2022-02-03,237,2,0
P019,2022-02-04,236,1,0
P019,2022-02-05,233,3,0
P019,2022-02-06,229,4,0
P019,2022-02-07,228,1,0
P019,2022-02-08,226,2,0
P019,2022-02-09,225,1,0
P019,2022-02-10,224,1,0
P019,2022-02-11,223,1,0
P019,2022-02-12,221,2,0
P019,2022-02-13,218,3,0
P019,2022-02-14,215,3,0
P019,2022-02-15,213,2,0
P019,2022-02-16,210,3,0
P019,2022-02-17,209,1,0
P019,2022-02-18,207,2,0
P019,2022-02-19,203,4,0
P019,2022-02-20,201,2,0
P019,2022-02-21,198,3,0
P019,2022-02-22,195,3,0
P019,2022-02-23,194,1,0
P019,2022-02-24,192,2,0
P019,2022-02-25,190,2,0
P019,2022-02-26,186,4,0
P019,2022-02-27,184,2,0
P019,2022-02-28,183,1,0
P019,2022-03-01,281,2,0
P019,2022-03-02,280,1,0
P019,2022-03-03,278,2,0
P019,2022-03-04,275,3,0
P019,2022-03-05,272,3,0
P019,2022-03-06,269,3,0
P019,2022-03-07,266,3,0
P019,2022-03-08,265,1,0
P019,2022-03-09,264,1,0
P019,2022-03-10,262,2,0
P019,2022-03-11,259,3,0
P019,2022-03-12,254,5,0
P019,2022-03-13,250,4,0
P019,2022-03-14,247,3,0
P019,2022-03-15,246,1,0
P019,2022-03-16,245,1,0
P019,2022-03-17,243,2,0
P019,2022-03-18,242,1,0
P019,2022-03-19,239,3,0
P019,2022-03-20,237,2,0
P019,2022-03-21,234,3,0
P019,2022-03-22,232,2,0
P019,2022-03-23,230,2,0
P019,2022-03-24,228,2,0
P019,2022-03-25,226,2,0
P019,2022-03-26,222,4,0
P019,2022-03-27,218,4,0
P019,2022-03-28,215,3,0
P019,2022-03-29,212,3,0
P019,2022-03-30,209,3,0
P019,2022-03-31,206,3,0
P019,2022-04-01,303,3,0
P019,2022-04-02,300,3,0
P019,2022-04-03,294,6,0
P019,2022-04-04,292,2,0
P019,2022-04-05,291,1,0
P019,2022-04-06,289,2,0
P019,2022-04-07,286,3,0
P019,2022-04-08,283,3,0
P019,2022-04-09,279,4,0
P019,2022-04-10,275,4,0
P019,2022-04-11,273,2,0
P019,2022-04-12,271,2,0
P019,2022-04-13,269,2,0
P019,2022-04-14,267,2,0
P019,2022-04-15,264,3,0
P019,2022-04-16,260,4,0
P019,2022-04-17,257,3,0
P019,2022-04-18,253,4,0
P019,2022-04-19,250,3,0
P019,2022-04-20,248,2,0
P019,2022-04-21,244,4,0
P019,2022-04-22,242,2,0
P019,2022-04-23,238,4,0
P019,2022-04-24,233,5,0
P019,2022-04-25,230,3,0
P019,2022-04-26,227,3,0
P019,2022-04-27,225,2,0
P019,2022-04-28,223,2,0
P019,2022-04-29,221,2,0
P019,2022-04-30,215,6,0
P019,2022-05-01,310,5,0
P019,2022-05-02,308,2,0
P019,2022-05-03,305,3,0
P019,2022-05-04,302,3,0
P019,2022-05-05,299,3,0
P019,2022-05-06,296,3,0
P019,2022-05-07,293,3,0
P019,2022-05-08,289,4,0
P019,2022-05-09,286,3,0
P019,2022-05-10,283,3,0
P019,2022-05-11,281,2,0
P019,2022-05-12,279,2,0
P019,2022-05-13,276,3,0
P019,2022-05-14,272,4,0
P019,2022-05-15,267,5,0
P019,2022-05-16,264,3,0
P019,2022-05-17,261,3,0
P019,2022-05-18,258,3,0
P019,2022-05-19,256,2,0
P019,2022-05-20,253,3,0
P019,2022-05-21,251,2,0
P019,2022-05-22,248,3,0
P019,2022-05-23,246,2,0
P019,2022-05-24,243,3,0
P019,2022-05-25,241,2,0
P019,2022-05-26,238,3,0
P019,2022-05-27,235,3,0
P019,2022-05-28,229,6,0
P019,2022-05-29,226,3,0
P019,2022-05-30,224,2,0
P019,2022-05-31,222,2,0
P019,2022-06-01,320,2,0
P019,2022-06-02,317,3,0
P019,2022-06-03,314,3,0
P019,2022-06-04,311,3,0
P019,2022-06-05,305,6,0
P019,2022-06-06,302,3,0
P019,2022-06-07,300,2,0
P019,2022-06-08,296,4,0
P019,2022-06-09,293,3,0
P019,2022-06-10,289,4,0
P019,2022-06-11,285,4,0
P019,2022-06-12,280,5,0
P019,2022-06-13,277,3,0
P019,2022-06-14,274,3,0
P019,2022-06-15,272,2,0
P019,2022-06-16,270,2,0
P019,2022-06-17,268,2,0
P019,2022-06-18,264,4,0
P019,2022-06-19,261,3,0
P019,2022-06-20,259,2,0
P019,2022-06-21,256,3,0
P019,2022-06-22,252,4,0
P019,2022-06-23,249,3,0
P019,2022-06-24,247,2,0
P019,2022-06-25,242,5,0
P019,2022-06-26,236,6,0
P019,2022-06-27,232,4,0
P019,2022-06-28,230,2,0
P019,2022-06-29,226,4,0
P019,2022-06-30,222,4,0
P019,2022-07-01,320,2,0
P019,2022-07-02,313,7,0
P019,2022-07-03,307,6,0
P019,2022-07-04,305,2,0
P019,2022-07-05,303,2,0
P019,2022-07-06,299,4,0
P019,2022-07-07,296,3,0
P019,2022-07-08,294,2,0
P019,2022-07-09,290,4,0
P019,2022-07-10,285,5,0
P019,2022-07-11,283,2,0
P019,2022-07-12,279,4,0
P019,2022-07-13,277,2,0
P019,2022-07-14,274,3,0
P019,2022-07-15,270,4,0
P019,2022-07-16,266,4,0
P019,2022-07-17,262,4,0
P019,2022-07-18,260,2,0
P019,2022-07-19,256,4,0
P019,2022-07-20,252,4,0
P019,2022-07-21,248,4,0
P019,2022-07-22,245,3,0
P019,2022-07-23,242,3,0
P019,2022-07-24,236,6,0
P019,2022-07-25,234,2,0
P019,2022-07-26,232,2,0
P019,2022-07-27,228,4,0
P019,2022-07-28,226,2,0
P019,2022-07-29,223,3,0
P019,2022-07-30,216,7,0
P019,2022-07-31,211,5,0
P019,2022-08-01,307,4,0
P019,2022-08-02,305,2,0
P019,2022-08-03,303,2,0
P019,2022-08-04,300,3,0
P019,2022-08-05,296,4,0
P019,2022-08-06,290,6,0
P019,2022-08-07,283,7,0
P019,2022-08-08,279,4,0
P019,2022-08-09,276,3,0
P019,2022-08-10,272,4,0
P019,2022-08-11,269,3,0
P019,2022-08-12,266,3,0
P019,2022-08-13,261,5,0
P019,2022-08-14,258,3,0
P019,2022-08-15,254,4,0
P019,2022-08-16,251,3,0
P019,2022-08-17,249,2,0
P019,2022-08-18,246,3,0
P019,2022-08-19,244,2,0
P019,2022-08-20,241,3,0
P019,2022-08-21,235,6,0
P019,2022-08-22,231,4,0
P019,2022-08-23,227,4,0
P019,2022-08-24,224,3,0
P019,2022-08-25,222,2,0
P019,2022-08-26,220,2,0
P019,2022-08-27,215,5,0
P019,2022-08-28,211,4,0
P019,2022-08-29,209,2,0
P019,2022-08-30,207,2,0
P019,2022-08-31,204,3,0
P019,2022-09-01,300,4,0
P019,2022-09-02,296,4,0
P019,2022-09-03,290,6,0
P019,2022-09-04,283,7,0
P019,2022-09-05,280,3,0
P019,2022-09-06,278,2,0
P019,2022-09-07,274,4,0
P019,2022-09-08,271,3,0
P019,2022-09-09,269,2,0
P019,2022-09-10,264,5,0
P019,2022-09-11,257,7,0
P019,2022-09-12,254,3,0
P019,2022-09-13,250,4,0
P019,2022-09-14,248,2,0
P019,2022-09-15,244,4,0
P019,2022-09-16,242,2,0
P019,2022-09-17,239,3,0
P019,2022-09-18,233,6,0
P019,2022-09-19,230,3,0
P019,2022-09-20,227,3,0
P019,2022-09-21,224,3,0
P019,2022-09-22,221,3,0
P019,2022-09-23,217,4,0
P019,2022-09-24,210,7,0
P019,2022-09-25,204,6,0
P019,2022-09-26,200,4,0
P019,2022-09-27,198,2,0
P019,2022-09-28,195,3,0
P019,2022-09-29,192,3,0
P019,2022-09-30,190,2,0
P019,2022-10-01,239,6,0
P019,2022-10-02,234,5,0
P019,2022-10-03,232,2,0
P019,2022-10-04,227,5,0
P019,2022-10-05,225,2,0
P019,2022-10-06,221,4,0
P019,2022-10-07,218,3,0
P019,2022-10-08,211,7,0
P019,2022-10-09,206,5,0
P019,2022-10-10,203,3,0
P019,2022-10-11,201,2,0
P019,2022-10-12,199,2,0
P019,2022-10-13,196,3,0
P019,2022-10-14,192,4,0
P019,2022-10-15,186,6,0
P019,2022-10-16,178,8,0
P019,2022-10-17,175,3,0
P019,2022-10-18,171,4,0
P019,2022-10-19,168,3,0
P019,2022-10-20,163,5,0
P019,2022-10-21,158,5,0
P019,2022-10-22,153,5,0
P019,2022-10-23,147,6,0
P019,2022-10-24,144,3,0
P019,2022-10-25,139,5,0
P019,2022-10-26,137,2,0
P019,2022-10-27,134,3,0
P019,2022-10-28,132,2,0
P019,2022-10-29,127,5,0
P019,2022-10-30,122,5,0
P019,2022-10-31,119,3,0
P019,2022-11-01,168,6,0
P019,2022-11-02,161,7,0
P019,2022-11-03,156,5,0
P019,2022-11-04,150,6,0
P019,2022-11-05,143,7,0
P019,2022-11-06,134,9,0
P019,2022-11-07,127,7,0
P019,2022-11-08,123,4,0
P019,2022-11-09,118,5,0
P019,2022-11-10,111,7,0
P019,2022-11-11,104,7,0
P019,2022-11-12,96,8,0
P019,2022-11-13,90,6,0
P019,2022-11-14,86,4,0
P019,2022-11-15,80,6,0
P019,2022-11-16,72,8,0
P019,2022-11-17,64,8,0
P019,2022-11-18,58,6,0
P019,2022-11-19,50,8,0
P019,2022-11-20,44,6,0
P019,2022-11-21,40,4,0
P019,2022-11-22,35,5,0
P019,2022-11-23,29,6,0
P019,2022-11-24,22,7,0
P019,2022-11-25,15,7,0
P019,2022-11-26,10,5,0
P019,2022-11-27,1,9,0
P019,2022-11-28,0,1,1
P019,2022-11-29,0,0,1
P019,2022-11-30,0,0,1
P019,2022-12-01,50,5,0
P019,2022-12-02,45,5,0
P019,2022-12-03,36,9,0
P019,2022-12-04,30,6,0
P019,2022-12-05,27,3,0
P019,2022-12-06,21,6,0
P019,2022-12-07,17,4,0
P019,2022-12-08,11,6,0
P019,2022-12-09,6,5,0
P019,2022-12-10,0,6,1
P019,2022-12-11,0,0,1
P019,2022-12-12,0,0,1
P019,2022-12-13,0,0,1
P019,2022-12-14,0,0,1
P019,2022-12-15,0,0,1
P019,2022-12-16,0,0,1
P019,2022-12-17,0,0,1
P019,2022-12-18,0,0,1
P019,2022-12-19,0,0,1
P019,2022-12-20,0,0,1
P019,2022-12-21,0,0,1
P019,2022-12-22,0,0,1
P019,2022-12-23,0,0,1
P019,2022-12-24,0,0,1
P019,2022-12-25,0,0,1
P019,2022-12-26,0,0,1
P019,2022-12-27,0,0,1
P019,2022-12-28,0,0,1
P019,2022-12-29,0,0,1
P019,2022-12-30,0,0,1
P019,2022-12-31,0,0,1
P019,2023-01-01,97,3,0
P019,2023-01-02,95,2,0
P019,2023-01-03,94,1,0
P019,2023-01-04,92,2,0
P019,2023-01-05,91,1,0
P019,2023-01-06,89,2,0
P019,2023-01-07,87,2,0
P019,2023-01-08,84,3,0
P019,2023-01-09,83,1,0
P019,2023-01-10,81,2,0
P019,2023-01-11,79,2,0
P019,2023-01-12,77,2,0
P019,2023-01-13,76,1,0
P019,2023-01-14,74,2,0
P019,2023-01-15,72,2,0
P019,2023-01-16,71,1,0
P019,2023-01-17,70,1,0
P019,2023-01-18,69,1,0
P019,2023-01-19,67,2,0
P019,2023-01-20,66,1,0
P019,2023-01-21,63,3,0
P019,2023-01-22,59,4,0
P019,2023-01-23,57,2,0
P019,2023-01-24,56,1,0
P019,2023-01-25,55,1,0
P019,2023-01-26,54,1,0
P019,2023-01-27,53,1,0
P019,2023-01-28,50,3,0
P019,2023-01-29,48,2,0
P019,2023-01-30,47,1,0
P019,2023-01-31,46,1,0
P019,2023-02-01,144,2,0
P019,2023-02-02,143,1,0
P019,2023-02-03,141,2,0
P019,2023-02-04,137,4,0
P019,2023-02-05,134,3,0
P019,2023-02-06,133,1,0
P019,2023-02-07,132,1,0
P019,2023-02-08,130,2,0
P019,2023-02-09,128,2,0
P019,2023-02-10,126,2,0
P019,2023-02-11,122,4,0
P019,2023-02-12,120,2,0
P019,2023-02-13,118,2,0
P019,2023-02-14,117,1,0
P019,2023-02-15,115,2,0
P019,2023-02-16,113,2,0
P019,2023-02-17,112,1,0
P019,2023-02-18,109,3,0
P019,2023-02-19,107,2,0
P019,2023-02-20,106,1,0
P019,2023-02-21,105,1,0
P019,2023-02-22,103,2,0
P019,2023-02-23,102,1,0
P019,2023-02-24,100,2,0
P019,2023-02-25,97,3,0
P019,2023-02-26,94,3,0
P019,2023-02-27,93,1,0
P019,2023-02-28,91,2,0
P019,2023-03-01,189,2,0
P019,2023-03-02,186,3,0
P019,2023-03-03,184,2,0
P019,2023-03-04,179,5,0
P019,2023-03-05,176,3,0
P019,2023-03-06,173,3,0
P019,2023-03-07,172,1,0
P019,2023-03-08,171,1,0
P019,2023-03-09,168,3,0
P019,2023-03-10,165,3,0
P019,2023-03-11,162,3,0
P019,2023-03-12,157,5,0
P019,2023-03-13,155,2,0
P019,2023-03-14,152,3,0
P019,2023-03-15,150,2,0
P019,2023-03-16,147,3,0
P019,2023-03-17,144,3,0
P019,2023-03-18,139,5,0
P019,2023-03-19,135,4,0
P019,2023-03-20,132,3,0
P019,2023-03-21,129,3,0
P019,2023-03-22,126,3,0
P019,2023-03-23,125,1,0
P019,2023-03-24,123,2,0
P019,2023-03-25,119,4,0
P019,2023-03-26,115,4,0
P019,2023-03-27,112,3,0
P019,2023-03-28,111,1,0
P019,2023-03-29,109,2,0
P019,2023-03-30,107,2,0
P019,2023-03-31,104,3,0
P019,2023-04-01,202,2,0
P019,2023-04-02,197,5,0
P019,2023-04-03,195,2,0
P019,2023-04-04,192,3,0
P019,2023-04-05,188,4,0
P019,2023-04-06,184,4,0
P019,2023-04-07,181,3,0
P019,2023-04-08,177,4,0
P019,2023-04-09,174,3,0
P019,2023-04-10,171,3,0
P019,2023-04-11,168,3,0
P019,2023-04-12,166,2,0
P019,2023-04-13,164,2,0
P019,2023-04-14,160,4,0
P019,2023-04-15,154,6,0
P019,2023-04-16,150,4,0
P019,2023-04-17,147,3,0
P019,2023-04-18,145,2,0
P019,2023-04-19,142,3,0
P019,2023-04-20,140,2,0
P019,2023-04-21,137,3,0
P019,2023-04-22,134,3,0
P019,2023-04-23,131,3,0
P019,2023-04-24,128,3,0
P019,2023-04-25,126,2,0
P019,2023-04-26,124,2,0
P019,2023-04-27,120,4,0
P019,2023-04-28,119,1,0
P019,2023-04-29,113,6,0
P019,2023-04-30,109,4,0
P019,2023-05-01,206,3,0
P019,2023-05-02,204,2,0
P019,2023-05-03,200,4,0
P019,2023-05-04,197,3,0
P019,2023-05-05,193,4,0
P019,2023-05-06,190,3,0
P019,2023-05-07,186,4,0
P019,2023-05-08,184,2,0
P019,2023-05-09,182,2,0
P019,2023-05-10,178,4,0
P019,2023-05-11,175,3,0
P019,2023-05-12,172,3,0
P019,2023-05-13,169,3,0
P019,2023-05-14,166,3,0
P019,2023-05-15,164,2,0
P019,2023-05-16,160,4,0
P019,2023-05-17,158,2,0
P019,2023-05-18,154,4,0
P019,2023-05-19,151,3,0
P019,2023-05-20,148,3,0
P019,2023-05-21,146,2,0
P019,2023-05-22,143,3,0
P019,2023-05-23,140,3,0
P019,2023-05-24,137,3,0
P019,2023-05-25,135,2,0
P019,2023-05-26,132,3,0
P019,2023-05-27,127,5,0
P019,2023-05-28,121,6,0
P019,2023-05-29,118,3,0
P019,2023-05-30,115,3,0
P019,2023-05-31,113,2,0
P019,2023-06-01,210,3,0
P019,2023-06-02,207,3,0
P019,2023-06-03,201,6,0
P019,2023-06-04,198,3,0
P019,2023-06-05,194,4,0
P019,2023-06-06,191,3,0
P019,2023-06-07,189,2,0
P019,2023-06-08,185,4,0
P019,2023-06-09,181,4,0
P019,2023-06-10,176,5,0
P019,2023-06-11,170,6,0
P019,2023-06-12,166,4,0
P019,2023-06-13,164,2,0
P019,2023-06-14,162,2,0
P019,2023-06-15,160,2,0
P019,2023-06-16,157,3,0
P019,2023-06-17,154,3,0
P019,2023-06-18,150,4,0
P019,2023-06-19,147,3,0
P019,2023-06-20,145,2,0
P019,2023-06-21,143,2,0
P019,2023-06-22,141,2,0
P019,2023-06-23,139,2,0
P019,2023-06-24,135,4,0
P019,2023-06-25,129,6,0
P019,2023-06-26,125,4,0
P019,2023-06-27,122,3,0
P019,2023-06-28,118,4,0
P019,2023-06-29,115,3,0
P019,2023-06-30,113,2,0
P019,2023-07-01,210,3,0
P019,2023-07-02,203,7,0
P019,2023-07-03,201,2,0
P019,2023-07-04,198,3,0
P019,2023-07-05,194,4,0
P019,2023-07-06,192,2,0
P019,2023-07-07,188,4,0
P019,2023-07-08,183,5,0
P019,2023-07-09,179,4,0
P019,2023-07-10,177,2,0
P019,2023-07-11,173,4,0
P019,2023-07-12,171,2,0
P019,2023-07-13,169,2,0
P019,2023-07-14,165,4,0
P019,2023-07-15,158,7,0
P019,2023-07-16,152,6,0
P019,2023-07-17,148,4,0
P019,2023-07-18,144,4,0
P019,2023-07-19,141,3,0
P019,2023-07-20,138,3,0
P019,2023-07-21,135,3,0
P019,2023-07-22,130,5,0
P019,2023-07-23,127,3,0
P019,2023-07-24,123,4,0
P019,2023-07-25,119,4,0
P019,2023-07-26,117,2,0
P019,2023-07-27,114,3,0
P019,2023-07-28,112,2,0
P019,2023-07-29,105,7,0
P019,2023-07-30,99,6,0
P019,2023-07-31,96,3,0
P019,2023-08-01,193,3,0
P019,2023-08-02,191,2,0
P019,2023-08-03,188,3,0
P019,2023-08-04,186,2,0
P019,2023-08-05,180,6,0
P019,2023-08-06,176,4,0
P019,2023-08-07,172,4,0
P019,2023-08-08,169,3,0
P019,2023-08-09,165,4,0
P019,2023-08-10,163,2,0
P019,2023-08-11,160,3,0
P019,2023-08-12,154,6,0
P019,2023-08-13,150,4,0
P019,2023-08-14,148,2,0
P019,2023-08-15,146,2,0
P019,2023-08-16,142,4,0
P019,2023-08-17,138,4,0
P019,2023-08-18,135,3,0
P019,2023-08-19,129,6,0
P019,2023-08-20,123,6,0
P019,2023-08-21,119,4,0
P019,2023-08-22,115,4,0
P019,2023-08-23,112,3,0
P019,2023-08-24,110,2,0
P019,2023-08-25,107,3,0
P019,2023-08-26,104,3,0
P019,2023-08-27,100,4,0
P019,2023-08-28,96,4,0
P019,2023-08-29,93,3,0
P019,2023-08-30,89,4,0
P019,2023-08-31,86,3,0
P019,2023-09-01,182,4,0
P019,2023-09-02,176,6,0
P019,2023-09-03,172,4,0
P019,2023-09-04,168,4,0
P019,2023-09-05,166,2,0
P019,2023-09-06,163,3,0
P019,2023-09-07,159,4,0
P019,2023-09-08,154,5,0
P019,2023-09-09,147,7,0
P019,2023-09-10,143,4,0
P019,2023-09-11,141,2,0
P019,2023-09-12,139,2,0
P019,2023-09-13,137,2,0
P019,2023-09-14,135,2,0
P019,2023-09-15,130,5,0
P019,2023-09-16,124,6,0
P019,2023-09-17,117,7,0
P019,2023-09-18,114,3,0
P019,2023-09-19,112,2,0
P019,2023-09-20,109,3,0
P019,2023-09-21,106,3,0
P019,2023-09-22,102,4,0
P019,2023-09-23,97,5,0
P019,2023-09-24,93,4,0
P019,2023-09-25,90,3,0
P019,2023-09-26,85,5,0
P019,2023-09-27,82,3,0
P019,2023-09-28,80,2,0
P019,2023-09-29,78,2,0
P019,2023-09-30,74,4,0
P019,2023-10-01,123,6,0
P019,2023-10-02,118,5,0
P019,2023-10-03,115,3,0
P019,2023-10-04,111,4,0
P019,2023-10-05,106,5,0
P019,2023-10-06,101,5,0
P019,2023-10-07,97,4,0
P019,2023-10-08,91,6,0
P019,2023-10-09,87,4,0
P019,2023-10-10,84,3,0
P019,2023-10-11,80,4,0
P019,2023-10-12,77,3,0
P019,2023-10-13,75,2,0
P019,2023-10-14,67,8,0
P019,2023-10-15,61,6,0
P019,2023-10-16,59,2,0
P019,2023-10-17,55,4,0
P019,2023-10-18,50,5,0
P019,2023-10-19,46,4,0
P019,2023-10-20,43,3,0
P019,2023-10-21,37,6,0
P019,2023-10-22,33,4,0
P019,2023-10-23,28,5,0
P019,2023-10-24,24,4,0
P019,2023-10-25,21,3,0
P019,2023-10-26,19,2,0
P019,2023-10-27,17,2,0
P019,2023-10-28,13,4,0
P019,2023-10-29,8,5,0
P019,2023-10-30,5,3,0
P019,2023-10-31,2,3,0
P019,2023-11-01,51,6,0
P019,2023-11-02,47,4,0
P019,2023-11-03,39,8,0
P019,2023-11-04,32,7,0
P019,2023-11-05,20,12,0
P019,2023-11-06,13,7,0
P019,2023-11-07,7,6,0
P019,2023-11-08,2,5,0
P019,2023-11-09,0,2,1
P019,2023-11-10,0,0,1
P019,2023-11-11,0,0,1
P019,2023-11-12,0,0,1
P019,2023-11-13,0,0,1
P019,2023-11-14,0,0,1
P019,2023-11-15,0,0,1
P019,2023-11-16,0,0,1
P019,2023-11-17,0,0,1
P019,2023-11-18,0,0,1
P019,2023-11-19,0,0,1
P019,2023-11-20,0,0,1
P019,2023-11-21,0,0,1
P019,2023-11-22,0,0,1
P019,2023-11-23,0,0,1
P019,2023-11-24,0,0,1
P019,2023-11-25,0,0,1
P019,2023-11-26,0,0,1
P019,2023-11-27,0,0,1
P019,2023-11-28,0,0,1
P019,2023-11-29,0,0,1
P019,2023-11-30,0,0,1
P019,2023-12-01,50,5,0
P019,2023-12-02,44,6,0
P019,2023-12-03,37,7,0
P019,2023-12-04,34,3,0
P019,2023-12-05,29,5,0
P019,2023-12-06,23,6,0
P019,2023-12-07,17,6,0
P019,2023-12-08,13,4,0
P019,2023-12-09,6,7,0
P019,2023-12-10,0,6,1
P019,2023-12-11,0,0,1
P019,2023-12-12,0,0,1
P019,2023-12-13,0,0,1
P019,2023-12-14,0,0,1
P019,2023-12-15,0,0,1
P019,2023-12-16,0,0,1
P019,2023-12-17,0,0,1
P019,2023-12-18,0,0,1
P019,2023-12-19,0,0,1
P019,2023-12-20,0,0,1
P019,2023-12-21,0,0,1
P019,2023-12-22,0,0,1
P019,2023-12-23,0,0,1
P019,2023-12-24,0,0,1
P019,2023-12-25,0,0,1
P019,2023-12-26,0,0,1
P019,2023-12-27,0,0,1
P019,2023-12-28,0,0,1
P019,2023-12-29,0,0,1
P019,2023-12-30,0,0,1
P019,2023-12-31,0,0,1
P019,2024-01-01,99,1,0
P019,2024-01-02,98,1,0
P019,2024-01-03,96,2,0
P019,2024-01-04,94,2,0
P019,2024-01-05,92,2,0
P019,2024-01-06,88,4,0
P019,2024-01-07,85,3,0
P019,2024-01-08,83,2,0
P019,2024-01-09,81,2,0
P019,2024-01-10,80,1,0
P019,2024-01-11,79,1,0
P019,2024-01-12,78,1,0
P019,2024-01-13,74,4,0
P019,2024-01-14,72,2,0
P019,2024-01-15,70,2,0
P019,2024-01-16,68,2,0
P019,2024-01-17,66,2,0
P019,2024-01-18,65,1,0
P019,2024-01-19,63,2,0
P019,2024-01-20,62,1,0
P019,2024-01-21,59,3,0
P019,2024-01-22,57,2,0
P019,2024-01-23,55,2,0
P019,2024-01-24,53,2,0
P019,2024-01-25,52,1,0
P019,2024-01-26,50,2,0
P019,2024-01-27,47,3,0
P019,2024-01-28,44,3,0
P019,2024-01-29,42,2,0
P019,2024-01-30,40,2,0
P019,2024-01-31,39,1,0
P019,2024-02-01,137,2,0
P019,2024-02-02,135,2,0
P019,2024-02-03,132,3,0
P019,2024-02-04,130,2,0
P019,2024-02-05,128,2,0
P019,2024-02-06,127,1,0
P019,2024-02-07,125,2,0
P019,2024-02-08,124,1,0
P019,2024-02-09,123,1,0
P019,2024-02-10,121,2,0
P019,2024-02-11,119,2,0
P019,2024-02-12,117,2,0
P019,2024-02-13,115,2,0
P019,2024-02-14,113,2,0
P019,2024-02-15,112,1,0
P019,2024-02-16,110,2,0
P019,2024-02-17,107,3,0
P019,2024-02-18,103,4,0
P019,2024-02-19,101,2,0
P019,2024-02-20,99,2,0
P019,2024-02-21,98,1,0
P019,2024-02-22,96,2,0
P019,2024-02-23,95,1,0
P019,2024-02-24,91,4,0
P019,2024-02-25,89,2,0
P019,2024-02-26,87,2,0
P019,2024-02-27,86,1,0
P019,2024-02-28,83,3,0
P019,2024-02-29,81,2,0
P019,2024-03-01,179,2,0
P019,2024-03-02,174,5,0
P019,2024-03-03,171,3,0
P019,2024-03-04,169,2,0
P019,2024-03-05,167,2,0
P019,2024-03-06,164,3,0
P019,2024-03-07,162,2,0
P019,2024-03-08,159,3,0
P019,2024-03-09,154,5,0
P019,2024-03-10,150,4,0
P019,2024-03-11,148,2,0
P019,2024-03-12,145,3,0
P019,2024-03-13,144,1,0
P019,2024-03-14,141,3,0
P019,2024-03-15,139,2,0
P019,2024-03-16,134,5,0
P019,2024-03-17,131,3,0
P019,2024-03-18,129,2,0
P019,2024-03-19,128,1,0
P019,2024-03-20,125,3,0
P019,2024-03-21,123,2,0
P019,2024-03-22,120,3,0
P019,2024-03-23,115,5,0
P019,2024-03-24,110,5,0
P019,2024-03-25,108,2,0
P019,2024-03-26,107,1,0
P019,2024-03-27,104,3,0
P019,2024-03-28,102,2,0
P019,2024-03-29,100,2,0
P019,2024-03-30,97,3,0
P019,2024-03-31,92,5,0
P019,2024-04-01,190,2,0
P019,2024-04-02,187,3,0
P019,2024-04-03,184,3,0
P019,2024-04-04,181,3,0
P019,2024-04-05,178,3,0
P019,2024-04-06,174,4,0
P019,2024-04-07,170,4,0
P019,2024-04-08,168,2,0
P019,2024-04-09,164,4,0
P019,2024-04-10,161,3,0
P019,2024-04-11,157,4,0
P019,2024-04-12,154,3,0
P019,2024-04-13,151,3,0
P019,2024-04-14,149,2,0
P019,2024-04-15,147,2,0
P019,2024-04-16,144,3,0
P019,2024-04-17,143,1,0
P019,2024-04-18,139,4,0
P019,2024-04-19,137,2,0
P019,2024-04-20,132,5,0
P019,2024-04-21,128,4,0
P019,2024-04-22,126,2,0
P019,2024-04-23,123,3,0
P019,2024-04-24,121,2,0
P019,2024-04-25,118,3,0
P019,2024-04-26,115,3,0
P019,2024-04-27,110,5,0
P019,2024-04-28,107,3,0
P019,2024-04-29,104,3,0
P019,2024-04-30,102,2,0
P019,2024-05-01,199,3,0
P019,2024-05-02,197,2,0
P019,2024-05-03,193,4,0
P019,2024-05-04,189,4,0
P019,2024-05-05,186,3,0
P019,2024-05-06,185,1,0
P019,2024-05-07,183,2,0
P019,2024-05-08,180,3,0
P019,2024-05-09,178,2,0
P019,2024-05-10,175,3,0
P019,2024-05-11,172,3,0
P019,2024-05-12,166,6,0
P019,2024-05-13,163,3,0
P019,2024-05-14,161,2,0
P019,2024-05-15,159,2,0
P019,2024-05-16,157,2,0
P019,2024-05-17,155,2,0
P019,2024-05-18,152,3,0
P019,2024-05-19,146,6,0
P019,2024-05-20,143,3,0
P019,2024-05-21,141,2,0
P019,2024-05-22,138,3,0
P019,2024-05-23,135,3,0
P019,2024-05-24,132,3,0
P019,2024-05-25,126,6,0
P019,2024-05-26,123,3,0
P019,2024-05-27,121,2,0
P019,2024-05-28,119,2,0
P019,2024-05-29,117,2,0
P019,2024-05-30,114,3,0
P019,2024-05-31,111,3,0
P019,2024-06-01,207,4,0
P019,2024-06-02,204,3,0
P019,2024-06-03,202,2,0
P019,2024-06-04,200,2,0
P019,2024-06-05,198,2,0
P019,2024-06-06,196,2,0
P019,2024-06-07,192,4,0
P019,2024-06-08,187,5,0
P019,2024-06-09,182,5,0
P019,2024-06-10,178,4,0
P019,2024-06-11,176,2,0
P019,2024-06-12,174,2,0
P019,2024-06-13,171,3,0
P019,2024-06-14,169,2,0
P019,2024-06-15,166,3,0
P019,2024-06-16,160,6,0
P019,2024-06-17,156,4,0
P019,2024-06-18,154,2,0
P019,2024-06-19,151,3,0
P019,2024-06-20,148,3,0
P019,2024-06-21,145,3,0
P019,2024-06-22,140,5,0
P019,2024-06-23,136,4,0
P019,2024-06-24,133,3,0
P019,2024-06-25,130,3,0
P019,2024-06-26,128,2,0
P019,2024-06-27,126,2,0
P019,2024-06-28,123,3,0
P019,2024-06-29,117,6,0
P019,2024-06-30,112,5,0
P019,2024-07-01,209,3,0
P019,2024-07-02,206,3,0
P019,2024-07-03,202,4,0
P019,2024-07-04,199,3,0
P019,2024-07-05,195,4,0
P019,2024-07-06,192,3,0
P019,2024-07-07,187,5,0
P019,2024-07-08,185,2,0
P019,2024-07-09,181,4,0
P019,2024-07-10,179,2,0
P019,2024-07-11,176,3,0
P019,2024-07-12,172,4,0
P019,2024-07-13,169,3,0
P019,2024-07-14,163,6,0
P019,2024-07-15,161,2,0
P019,2024-07-16,159,2,0
P019,2024-07-17,157,2,0
P019,2024-07-18,155,2,0
P019,2024-07-19,151,4,0
P019,2024-07-20,146,5,0
P019,2024-07-21,140,6,0
P019,2024-07-22,137,3,0
P019,2024-07-23,135,2,0
P019,2024-07-24,131,4,0
P019,2024-07-25,129,2,0
P019,2024-07-26,126,3,0
P019,2024-07-27,122,4,0
P019,2024-07-28,116,6,0
P019,2024-07-29,114,2,0
P019,2024-07-30,110,4,0
P019,2024-07-31,108,2,0
P019,2024-08-01,205,3,0
P019,2024-08-02,202,3,0
P019,2024-08-03,196,6,0
P019,2024-08-04,191,5,0
P019,2024-08-05,187,4,0
P019,2024-08-06,184,3,0
P019,2024-08-07,182,2,0
P019,2024-08-08,179,3,0
P019,2024-08-09,176,3,0
P019,2024-08-10,173,3,0
P019,2024-08-11,167,6,0
P019,2024-08-12,163,4,0
P019,2024-08-13,161,2,0
P019,2024-08-14,158,3,0
P019,2024-08-15,154,4,0
P019,2024-08-16,152,2,0
P019,2024-08-17,148,4,0
P019,2024-08-18,142,6,0
P019,2024-08-19,139,3,0
P019,2024-08-20,135,4,0
P019,2024-08-21,131,4,0
P019,2024-08-22,129,2,0
P019,2024-08-23,127,2,0
P019,2024-08-24,121,6,0
P019,2024-08-25,118,3,0
P019,2024-08-26,114,4,0
P019,2024-08-27,111,3,0
P019,2024-08-28,109,2,0
P019,2024-08-29,107,2,0
P019,2024-08-30,103,4,0
P019,2024-08-31,97,6,0
P019,2024-09-01,193,4,0
P019,2024-09-02,191,2,0
P019,2024-09-03,186,5,0
P019,2024-09-04,183,3,0
P019,2024-09-05,181,2,0
P019,2024-09-06,178,3,0
P019,2024-09-07,173,5,0
P019,2024-09-08,168,5,0
P019,2024-09-09,165,3,0
P019,2024-09-10,163,2,0
P019,2024-09-11,159,4,0
P019,2024-09-12,155,4,0
P019,2024-09-13,152,3,0
P019,2024-09-14,146,6,0
P019,2024-09-15,140,6,0
P019,2024-09-16,136,4,0
P019,2024-09-17,132,4,0
P019,2024-09-18,129,3,0
P019,2024-09-19,126,3,0
P019,2024-09-20,123,3,0
P019,2024-09-21,117,6,0
P019,2024-09-22,111,6,0
P019,2024-09-23,108,3,0
P019,2024-09-24,104,4,0
P019,2024-09-25,102,2,0
P019,2024-09-26,98,4,0
P019,2024-09-27,95,3,0
P019,2024-09-28,88,7,0
P019,2024-09-29,82,6,0
P019,2024-09-30,79,3,0
P019,2024-10-01,131,3,0
P019,2024-10-02,129,2,0
P019,2024-10-03,124,5,0
P019,2024-10-04,119,5,0
P019,2024-10-05,114,5,0
P019,2024-10-06,110,4,0
P019,2024-10-07,106,4,0
P019,2024-10-08,103,3,0
P019,2024-10-09,100,3,0
P019,2024-10-10,95,5,0
P019,2024-10-11,91,4,0
P019,2024-10-12,88,3,0
P019,2024-10-13,81,7,0
P019,2024-10-14,79,2,0
P019,2024-10-15,77,2,0
P019,2024-10-16,74,3,0
P019,2024-10-17,71,3,0
P019,2024-10-18,68,3,0
P019,2024-10-19,63,5,0
P019,2024-10-20,58,5,0
P019,2024-10-21,53,5,0
P019,2024-10-22,50,3,0
P019,2024-10-23,47,3,0
P019,2024-10-24,44,3,0
P019,2024-10-25,39,5,0
P019,2024-10-26,34,5,0
P019,2024-10-27,26,8,0
P019,2024-10-28,22,4,0
P019,2024-10-29,18,4,0
P019,2024-10-30,13,5,0
P019,2024-10-31,10,3,0
P019,2024-11-01,61,4,0
P019,2024-11-02,55,6,0
P019,2024-11-03,48,7,0
P019,2024-11-04,42,6,0
P019,2024-11-05,35,7,0
P019,2024-11-06,31,4,0
P019,2024-11-07,24,7,0
P019,2024-11-08,20,4,0
P019,2024-11-09,12,8,0
P019,2024-11-10,0,12,1
P019,2024-11-11,0,0,1
P019,2024-11-12,0,0,1
P019,2024-11-13,0,0,1
P019,2024-11-14,0,0,1
P019,2024-11-15,0,0,1
P019,2024-11-16,0,0,1
P019,2024-11-17,0,0,1
P019,2024-11-18,0,0,1
P019,2024-11-19,0,0,1
P019,2024-11-20,0,0,1
P019,2024-11-21,0,0,1
P019,2024-11-22,0,0,1
P019,2024-11-23,0,0,1
P019,2024-11-24,0,0,1
P019,2024-11-25,0,0,1
P019,2024-11-26,0,0,1
P019,2024-11-27,0,0,1
P019,2024-11-28,0,0,1
P019,2024-11-29,0,0,1
P019,2024-11-30,0,0,1
P019,2024-12-01,45,10,0
P019,2024-12-02,39,6,0
P019,2024-12-03,35,4,0
P019,2024-12-04,29,6,0
P019,2024-12-05,26,3,0
P019,2024-12-06,20,6,0
P019,2024-12-07,13,7,0
P019,2024-12-08,8,5,0
P019,2024-12-09,3,5,0
P019,2024-12-10,0,3,1
P019,2024-12-11,0,0,1
P019,2024-12-12,0,0,1
P019,2024-12-13,0,0,1
P019,2024-12-14,0,0,1
P019,2024-12-15,0,0,1
P019,2024-12-16,0,0,1
P019,2024-12-17,0,0,1
P019,2024-12-18,0,0,1
P019,2024-12-19,0,0,1
P019,2024-12-20,0,0,1
P019,2024-12-21,0,0,1
P019,2024-12-22,0,0,1
P019,2024-12-23,0,0,1
P019,2024-12-24,0,0,1
P019,2024-12-25,0,0,1
P019,2024-12-26,0,0,1
P019,2024-12-27,0,0,1
P019,2024-12-28,0,0,1
P019,2024-12-29,0,0,1
P019,2024-12-30,0,0,1
P019,2024-12-31,0,0,1
P020,2022-01-01,196,4,0
P020,2022-01-02,193,3,0
P020,2022-01-03,191,2,0
P020,2022-01-04,190,1,0
P020,2022-01-05,189,1,0
P020,2022-01-06,188,1,0
P020,2022-01-07,186,2,0
P020,2022-01-08,183,3,0
P020,2022-01-09,181,2,0
P020,2022-01-10,180,1,0
P020,2022-01-11,179,1,0
P020,2022-01-12,177,2,0
P020,2022-01-13,175,2,0
P020,2022-01-14,173,2,0
P020,2022-01-15,171,2,0
P020,2022-01-16,168,3,0
P020,2022-01-17,167,1,0
P020,2022-01-18,166,1,0
P020,2022-01-19,164,2,0
P020,2022-01-20,162,2,0
P020,2022-01-21,160,2,0
P020,2022-01-22,158,2,0
P020,2022-01-23,156,2,0
P020,2022-01-24,154,2,0
P020,2022-01-25,153,1,0
P020,2022-01-26,152,1,0
P020,2022-01-27,151,1,0
P020,2022-01-28,150,1,0
P020,2022-01-29,149,1,0
P020,2022-01-30,147,2,0
P020,2022-01-31,146,1,0
P020,2022-02-01,245,1,0
P020,2022-02-02,243,2,0
P020,2022-02-03,241,2,0
P020,2022-02-04,239,2,0
P020,2022-02-05,236,3,0
P020,2022-02-06,233,3,0
P020,2022-02-07,231,2,0
P020,2022-02-08,229,2,0
P020,2022-02-09,226,3,0
P020,2022-02-10,224,2,0
P020,2022-02-11,223,1,0
P020,2022-02-12,220,3,0
P020,2022-02-13,218,2,0
P020,2022-02-14,217,1,0
P020,2022-02-15,215,2,0
P020,2022-02-16,213,2,0
P020,2022-02-17,212,1,0
P020,2022-02-18,210,2,0
P020,2022-02-19,206,4,0
P020,2022-02-20,204,2,0
P020,2022-02-21,202,2,0
P020,2022-02-22,199,3,0
P020,2022-02-23,198,1,0
P020,2022-02-24,196,2,0
P020,2022-02-25,194,2,0
P020,2022-02-26,192,2,0
P020,2022-02-27,190,2,0
P020,2022-02-28,189,1,0
P020,2022-03-01,287,2,0
P020,2022-03-02,284,3,0
P020,2022-03-03,282,2,0
P020,2022-03-04,279,3,0
P020,2022-03-05,275,4,0
P020,2022-03-06,271,4,0
P020,2022-03-07,268,3,0
P020,2022-03-08,266,2,0
P020,2022-03-09,263,3,0
P020,2022-03-10,262,1,0
P020,2022-03-11,259,3,0
P020,2022-03-12,255,4,0
P020,2022-03-13,252,3,0
P020,2022-03-14,251,1,0
P020,2022-03-15,250,1,0
P020,2022-03-16,248,2,0
P020,2022-03-17,245,3,0
P020,2022-03-18,244,1,0
P020,2022-03-19,242,2,0
P020,2022-03-20,238,4,0
P020,2022-03-21,236,2,0
P020,2022-03-22,234,2,0
P020,2022-03-23,232,2,0
P020,2022-03-24,229,3,0
P020,2022-03-25,227,2,0
P020,2022-03-26,222,5,0
P020,2022-03-27,218,4,0
P020,2022-03-28,215,3,0
P020,2022-03-29,212,3,0
P020,2022-03-30,210,2,0
P020,2022-03-31,207,3,0
P020,2022-04-01,305,2,0
P020,2022-04-02,302,3,0
P020,2022-04-03,299,3,0
P020,2022-04-04,298,1,0
P020,2022-04-05,295,3,0
P020,2022-04-06,294,1,0
P020,2022-04-07,291,3,0
P020,2022-04-08,288,3,0
P020,2022-04-09,285,3,0
P020,2022-04-10,282,3,0
P020,2022-04-11,280,2,0
P020,2022-04-12,276,4,0
P020,2022-04-13,273,3,0
P020,2022-04-14,270,3,0
P020,2022-04-15,268,2,0
P020,2022-04-16,264,4,0
P020,2022-04-17,261,3,0
P020,2022-04-18,258,3,0
P020,2022-04-19,256,2,0
P020,2022-04-20,254,2,0
P020,2022-04-21,251,3,0
P020,2022-04-22,248,3,0
P020,2022-04-23,243,5,0
P020,2022-04-24,238,5,0
P020,2022-04-25,235,3,0
P020,2022-04-26,232,3,0
P020,2022-04-27,230,2,0
P020,2022-04-28,227,3,0
P020,2022-04-29,224,3,0
P020,2022-04-30,219,5,0
P020,2022-05-01,314,5,0
P020,2022-05-02,311,3,0
P020,2022-05-03,307,4,0
P020,2022-05-04,305,2,0
P020,2022-05-05,303,2,0
P020,2022-05-06,300,3,0
P020,2022-05-07,298,2,0
P020,2022-05-08,292,6,0
P020,2022-05-09,289,3,0
P020,2022-05-10,287,2,0
P020,2022-05-11,285,2,0
P020,2022-05-12,282,3,0
P020,2022-05-13,279,3,0
P020,2022-05-14,274,5,0
P020,2022-05-15,270,4,0
P020,2022-05-16,267,3,0
P020,2022-05-17,263,4,0
P020,2022-05-18,260,3,0
P020,2022-05-19,259,1,0
P020,2022-05-20,257,2,0
P020,2022-05-21,254,3,0
P020,2022-05-22,251,3,0
P020,2022-05-23,249,2,0
P020,2022-05-24,246,3,0
P020,2022-05-25,242,4,0
P020,2022-05-26,240,2,0
P020,2022-05-27,238,2,0
P020,2022-05-28,234,4,0
P020,2022-05-29,230,4,0
P020,2022-05-30,228,2,0
P020,2022-05-31,225,3,0
P020,2022-06-01,322,3,0
P020,2022-06-02,318,4,0
P020,2022-06-03,315,3,0
P020,2022-06-04,310,5,0
P020,2022-06-05,307,3,0
P020,2022-06-06,305,2,0
P020,2022-06-07,302,3,0
P020,2022-06-08,299,3,0
P020,2022-06-09,297,2,0
P020,2022-06-10,295,2,0
P020,2022-06-11,289,6,0
P020,2022-06-12,285,4,0
P020,2022-06-13,281,4,0
P020,2022-06-14,278,3,0
P020,2022-06-15,276,2,0
P020,2022-06-16,273,3,0
P020,2022-06-17,271,2,0
P020,2022-06-18,268,3,0
P020,2022-06-19,262,6,0
P020,2022-06-20,259,3,0
P020,2022-06-21,256,3,0
P020,2022-06-22,253,3,0
P020,2022-06-23,250,3,0
P020,2022-06-24,247,3,0
P020,2022-06-25,244,3,0
P020,2022-06-26,239,5,0
P020,2022-06-27,235,4,0
P020,2022-06-28,232,3,0
P020,2022-06-29,230,2,0
P020,2022-06-30,227,3,0
P020,2022-07-01,323,4,0
P020,2022-07-02,317,6,0
P020,2022-07-03,311,6,0
P020,2022-07-04,307,4,0
P020,2022-07-05,305,2,0
P020,2022-07-06,303,2,0
P020,2022-07-07,299,4,0
P020,2022-07-08,297,2,0
P020,2022-07-09,291,6,0
P020,2022-07-10,284,7,0
P020,2022-07-11,281,3,0
P020,2022-07-12,277,4,0
P020,2022-07-13,274,3,0
P020,2022-07-14,272,2,0
P020,2022-07-15,269,3,0
P020,2022-07-16,265,4,0
P020,2022-07-17,262,3,0
P020,2022-07-18,259,3,0
P020,2022-07-19,256,3,0
P020,2022-07-20,252,4,0
P020,2022-07-21,248,4,0
P020,2022-07-22,245,3,0
P020,2022-07-23,240,5,0
P020,2022-07-24,236,4,0
P020,2022-07-25,234,2,0
P020,2022-07-26,231,3,0
P020,2022-07-27,227,4,0
P020,2022-07-28,223,4,0
P020,2022-07-29,220,3,0
P020,2022-07-30,214,6,0
P020,2022-07-31,209,5,0
P020,2022-08-01,306,3,0
P020,2022-08-02,302,4,0
P020,2022-08-03,298,4,0
P020,2022-08-04,294,4,0
P020,2022-08-05,290,4,0
P020,2022-08-06,285,5,0
P020,2022-08-07,281,4,0
P020,2022-08-08,277,4,0
P020,2022-08-09,274,3,0
P020,2022-08-10,271,3,0
P020,2022-08-11,268,3,0
P020,2022-08-12,265,3,0
P020,2022-08-13,259,6,0
P020,2022-08-14,253,6,0
P020,2022-08-15,250,3,0
P020,2022-08-16,246,4,0
P020,2022-08-17,244,2,0
P020,2022-08-18,242,2,0
P020,2022-08-19,240,2,0
P020,2022-08-20,237,3,0
P020,2022-08-21,231,6,0
P020,2022-08-22,227,4,0
P020,2022-08-23,223,4,0
P020,2022-08-24,220,3,0
P020,2022-08-25,218,2,0
P020,2022-08-26,214,4,0
P020,2022-08-27,210,4,0
P020,2022-08-28,205,5,0
P020,2022-08-29,203,2,0
P020,2022-08-30,201,2,0
P020,2022-08-31,197,4,0
P020,2022-09-01,293,4,0
P020,2022-09-02,289,4,0
P020,2022-09-03,286,3,0
P020,2022-09-04,283,3,0
P020,2022-09-05,280,3,0
P020,2022-09-06,278,2,0
P020,2022-09-07,276,2,0
P020,2022-09-08,273,3,0
P020,2022-09-09,270,3,0
P020,2022-09-10,264,6,0
P020,2022-09-11,260,4,0
P020,2022-09-12,255,5,0
P020,2022-09-13,251,4,0
P020,2022-09-14,246,5,0
P020,2022-09-15,242,4,0
P020,2022-09-16,238,4,0
P020,2022-09-17,232,6,0
P020,2022-09-18,228,4,0
P020,2022-09-19,224,4,0
P020,2022-09-20,222,2,0
P020,2022-09-21,218,4,0
P020,2022-09-22,214,4,0
P020,2022-09-23,211,3,0
P020,2022-09-24,205,6,0
P020,2022-09-25,202,3,0
P020,2022-09-26,200,2,0
P020,2022-09-27,196,4,0
P020,2022-09-28,194,2,0
P020,2022-09-29,190,4,0
P020,2022-09-30,188,2,0
P020,2022-10-01,237,6,0
P020,2022-10-02,232,5,0
P020,2022-10-03,230,2,0
P020,2022-10-04,225,5,0
P020,2022-10-05,223,2,0
P020,2022-10-06,220,3,0
P020,2022-10-07,217,3,0
P020,2022-10-08,212,5,0
P020,2022-10-09,205,7,0
P020,2022-10-10,203,2,0
P020,2022-10-11,198,5,0
P020,2022-10-12,194,4,0
P020,2022-10-13,191,3,0
P020,2022-10-14,188,3,0
P020,2022-10-15,184,4,0
P020,2022-10-16,178,6,0
P020,2022-10-17,176,2,0
P020,2022-10-18,173,3,0
P020,2022-10-19,170,3,0
P020,2022-10-20,168,2,0
P020,2022-10-21,163,5,0
P020,2022-10-22,159,4,0
P020,2022-10-23,152,7,0
P020,2022-10-24,150,2,0
P020,2022-10-25,146,4,0
P020,2022-10-26,142,4,0
P020,2022-10-27,139,3,0
P020,2022-10-28,137,2,0
P020,2022-10-29,130,7,0
P020,2022-10-30,123,7,0
P020,2022-10-31,121,2,0
P020,2022-11-01,172,4,0
P020,2022-11-02,166,6,0
P020,2022-11-03,160,6,0
P020,2022-11-04,154,6,0
P020,2022-11-05,145,9,0
P020,2022-11-06,136,9,0
P020,2022-11-07,129,7,0
P020,2022-11-08,125,4,0
P020,2022-11-09,120,5,0
P020,2022-11-10,116,4,0
P020,2022-11-11,111,5,0
P020,2022-11-12,105,6,0
P020,2022-11-13,100,5,0
P020,2022-11-14,93,7,0
P020,2022-11-15,85,8,0
P020,2022-11-16,77,8,0
P020,2022-11-17,71,6,0
P020,2022-11-18,67,4,0
P020,2022-11-19,58,9,0
P020,2022-11-20,51,7,0
P020,2022-11-21,44,7,0
P020,2022-11-22,38,6,0
P020,2022-11-23,30,8,0
P020,2022-11-24,24,6,0
P020,2022-11-25,17,7,0
P020,2022-11-26,5,12,0
P020,2022-11-27,0,5,1
P020,2022-11-28,0,0,1
P020,2022-11-29,0,0,1
P020,2022-11-30,0,0,1
P020,2022-12-01,50,5,0
P020,2022-12-02,47,3,0
P020,2022-12-03,39,8,0
P020,2022-12-04,33,6,0
P020,2022-12-05,26,7,0
P020,2022-12-06,19,7,0
P020,2022-12-07,14,5,0
P020,2022-12-08,10,4,0
P020,2022-12-09,7,3,0
P020,2022-12-10,2,5,0
P020,2022-12-11,0,2,1
P020,2022-12-12,0,0,1
P020,2022-12-13,0,0,1
P020,2022-12-14,0,0,1
P020,2022-12-15,0,0,1
P020,2022-12-16,0,0,1
P020,2022-12-17,0,0,1
P020,2022-12-18,0,0,1
P020,2022-12-19,0,0,1
P020,2022-12-20,0,0,1
P020,2022-12-21,0,0,1
P020,2022-12-22,0,0,1
P020,2022-12-23,0,0,1
P020,2022-12-24,0,0,1
P020,2022-12-25,0,0,1
P020,2022-12-26,0,0,1
P020,2022-12-27,0,0,1
P020,2022-12-28,0,0,1
P020,2022-12-29,0,0,1
P020,2022-12-30,0,0,1
P020,2022-12-31,0,0,1
P020,2023-01-01,97,3,0
P020,2023-01-02,95,2,0
P020,2023-01-03,94,1,0
P020,2023-01-04,92,2,0
P020,2023-01-05,90,2,0
P020,2023-01-06,88,2,0
P020,2023-01-07,85,3,0
P020,2023-01-08,81,4,0
P020,2023-01-09,79,2,0
P020,2023-01-10,77,2,0
P020,2023-01-11,75,2,0
P020,2023-01-12,73,2,0
P020,2023-01-13,72,1,0
P020,2023-01-14,70,2,0
P020,2023-01-15,66,4,0
P020,2023-01-16,64,2,0
P020,2023-01-17,62,2,0
P020,2023-01-18,61,1,0
P020,2023-01-19,60,1,0
P020,2023-01-20,59,1,0
P020,2023-01-21,55,4,0
P020,2023-01-22,51,4,0
P020,2023-01-23,49,2,0
P020,2023-01-24,47,2,0
P020,2023-01-25,46,1,0
P020,2023-01-26,44,2,0
P020,2023-01-27,43,1,0
P020,2023-01-28,41,2,0
P020,2023-01-29,39,2,0
P020,2023-01-30,37,2,0
P020,2023-01-31,36,1,0
P020,2023-02-01,134,2,0
P020,2023-02-02,132,2,0
P020,2023-02-03,130,2,0
P020,2023-02-04,127,3,0
P020,2023-02-05,123,4,0
P020,2023-02-06,122,1,0
P020,2023-02-07,121,1,0
P020,2023-02-08,119,2,0
P020,2023-02-09,117,2,0
P020,2023-02-10,116,1,0
P020,2023-02-11,112,4,0
P020,2023-02-12,110,2,0
P020,2023-02-13,109,1,0
P020,2023-02-14,108,1,0
P020,2023-02-15,106,2,0
P020,2023-02-16,104,2,0
P020,2023-02-17,102,2,0
P020,2023-02-18,100,2,0
P020,2023-02-19,98,2,0
P020,2023-02-20,96,2,0
P020,2023-02-21,94,2,0
P020,2023-02-22,92,2,0
P020,2023-02-23,91,1,0
P020,2023-02-24,89,2,0
P020,2023-02-25,86,3,0
P020,2023-02-26,82,4,0
P020,2023-02-27,79,3,0
P020,2023-02-28,77,2,0
P020,2023-03-01,176,1,0
P020,2023-03-02,173,3,0
P020,2023-03-03,170,3,0
P020,2023-03-04,165,5,0
P020,2023-03-05,162,3,0
P020,2023-03-06,160,2,0
P020,2023-03-07,158,2,0
P020,2023-03-08,156,2,0
P020,2023-03-09,154,2,0
P020,2023-03-10,151,3,0
P020,2023-03-11,147,4,0
P020,2023-03-12,144,3,0
P020,2023-03-13,142,2,0
P020,2023-03-14,140,2,0
P020,2023-03-15,139,1,0
P020,2023-03-16,138,1,0
P020,2023-03-17,136,2,0
P020,2023-03-18,131,5,0
P020,2023-03-19,128,3,0
P020,2023-03-20,126,2,0
P020,2023-03-21,123,3,0
P020,2023-03-22,120,3,0
P020,2023-03-23,118,2,0
P020,2023-03-24,116,2,0
P020,2023-03-25,111,5,0
P020,2023-03-26,106,5,0
P020,2023-03-27,104,2,0
P020,2023-03-28,102,2,0
P020,2023-03-29,99,3,0
P020,2023-03-30,97,2,0
P020,2023-03-31,95,2,0
P020,2023-04-01,191,4,0
P020,2023-04-02,189,2,0
P020,2023-04-03,186,3,0
P020,2023-04-04,183,3,0
P020,2023-04-05,180,3,0
P020,2023-04-06,177,3,0
P020,2023-04-07,174,3,0
P020,2023-04-08,169,5,0
P020,2023-04-09,166,3,0
P020,2023-04-10,164,2,0
P020,2023-04-11,161,3,0
P020,2023-04-12,157,4,0
P020,2023-04-13,155,2,0
P020,2023-04-14,152,3,0
P020,2023-04-15,148,4,0
P020,2023-04-16,144,4,0
P020,2023-04-17,141,3,0
P020,2023-04-18,138,3,0
P020,2023-04-19,136,2,0
P020,2023-04-20,133,3,0
P020,2023-04-21,130,3,0
P020,2023-04-22,127,3,0
P020,2023-04-23,122,5,0
P020,2023-04-24,120,2,0
P020,2023-04-25,118,2,0
P020,2023-04-26,116,2,0
P020,2023-04-27,113,3,0
P020,2023-04-28,111,2,0
P020,2023-04-29,106,5,0
P020,2023-04-30,101,5,0
P020,2023-05-01,198,3,0
P020,2023-05-02,195,3,0
P020,2023-05-03,192,3,0
P020,2023-05-04,190,2,0
P020,2023-05-05,187,3,0
P020,2023-05-06,182,5,0
P020,2023-05-07,176,6,0
P020,2023-05-08,172,4,0
P020,2023-05-09,170,2,0
P020,2023-05-10,168,2,0
P020,2023-05-11,167,1,0
P020,2023-05-12,163,4,0
P020,2023-05-13,159,4,0
P020,2023-05-14,154,5,0
P020,2023-05-15,152,2,0
P020,2023-05-16,149,3,0
P020,2023-05-17,147,2,0
P020,2023-05-18,143,4,0
P020,2023-05-19,141,2,0
P020,2023-05-20,137,4,0
P020,2023-05-21,132,5,0
P020,2023-05-22,128,4,0
P020,2023-05-23,125,3,0
P020,2023-05-24,121,4,0
P020,2023-05-25,117,4,0
P020,2023-05-26,114,3,0
P020,2023-05-27,108,6,0
P020,2023-05-28,105,3,0
P020,2023-05-29,101,4,0
P020,2023-05-30,99,2,0
P020,2023-05-31,96,3,0
P020,2023-06-01,194,2,0
P020,2023-06-02,190,4,0
P020,2023-06-03,186,4,0
P020,2023-06-04,181,5,0
P020,2023-06-05,178,3,0
P020,2023-06-06,176,2,0
P020,2023-06-07,174,2,0
P020,2023-06-08,172,2,0
P020,2023-06-09,168,4,0
P020,2023-06-10,162,6,0
P020,2023-06-11,158,4,0
P020,2023-06-12,154,4,0
P020,2023-06-13,151,3,0
P020,2023-06-14,148,3,0
P020,2023-06-15,145,3,0
P020,2023-06-16,143,2,0
P020,2023-06-17,137,6,0
P020,2023-06-18,131,6,0
P020,2023-06-19,127,4,0
P020,2023-06-20,125,2,0
P020,2023-06-21,123,2,0
P020,2023-06-22,120,3,0
P020,2023-06-23,118,2,0
P020,2023-06-24,112,6,0
P020,2023-06-25,108,4,0
P020,2023-06-26,106,2,0
P020,2023-06-27,103,3,0
P020,2023-06-28,101,2,0
P020,2023-06-29,97,4,0
P020,2023-06-30,94,3,0
P020,2023-07-01,191,3,0
P020,2023-07-02,188,3,0
P020,2023-07-03,184,4,0
P020,2023-07-04,180,4,0
P020,2023-07-05,176,4,0
P020,2023-07-06,172,4,0
P020,2023-07-07,169,3,0
P020,2023-07-08,162,7,0
P020,2023-07-09,158,4,0
P020,2023-07-10,156,2,0
P020,2023-07-11,152,4,0
P020,2023-07-12,150,2,0
P020,2023-07-13,148,2,0
P020,2023-07-14,145,3,0
P020,2023-07-15,140,5,0
P020,2023-07-16,135,5,0
P020,2023-07-17,132,3,0
P020,2023-07-18,130,2,0
P020,2023-07-19,127,3,0
P020,2023-07-20,123,4,0
P020,2023-07-21,119,4,0
P020,2023-07-22,115,4,0
P020,2023-07-23,108,7,0
P020,2023-07-24,105,3,0
P020,2023-07-25,103,2,0
P020,2023-07-26,99,4,0
P020,2023-07-27,95,4,0
P020,2023-07-28,93,2,0
P020,2023-07-29,90,3,0
P020,2023-07-30,84,6,0
P020,2023-07-31,80,4,0
P020,2023-08-01,177,3,0
P020,2023-08-02,174,3,0
P020,2023-08-03,170,4,0
P020,2023-08-04,168,2,0
P020,2023-08-05,165,3,0
P020,2023-08-06,159,6,0
P020,2023-08-07,155,4,0
P020,2023-08-08,152,3,0
P020,2023-08-09,150,2,0
P020,2023-08-10,146,4,0
P020,2023-08-11,144,2,0
P020,2023-08-12,139,5,0
P020,2023-08-13,132,7,0
P020,2023-08-14,128,4,0
P020,2023-08-15,126,2,0
P020,2023-08-16,123,3,0
P020,2023-08-17,119,4,0
P020,2023-08-18,116,3,0
P020,2023-08-19,112,4,0
P020,2023-08-20,106,6,0
P020,2023-08-21,102,4,0
P020,2023-08-22,100,2,0
P020,2023-08-23,96,4,0
P020,2023-08-24,94,2,0
P020,2023-08-25,91,3,0
P020,2023-08-26,85,6,0
P020,2023-08-27,80,5,0
P020,2023-08-28,78,2,0
P020,2023-08-29,75,3,0
P020,2023-08-30,72,3,0
P020,2023-08-31,70,2,0
P020,2023-09-01,166,4,0
P020,2023-09-02,161,5,0
P020,2023-09-03,158,3,0
P020,2023-09-04,154,4,0
P020,2023-09-05,150,4,0
P020,2023-09-06,148,2,0
P020,2023-09-07,145,3,0
P020,2023-09-08,141,4,0
P020,2023-09-09,134,7,0
P020,2023-09-10,127,7,0
P020,2023-09-11,123,4,0
P020,2023-09-12,119,4,0
P020,2023-09-13,115,4,0
P020,2023-09-14,113,2,0
P020,2023-09-15,110,3,0
P020,2023-09-16,104,6,0
P020,2023-09-17,98,6,0
P020,2023-09-18,95,3,0
P020,2023-09-19,92,3,0
P020,2023-09-20,90,2,0
P020,2023-09-21,87,3,0
P020,2023-09-22,83,4,0
P020,2023-09-23,76,7,0
P020,2023-09-24,69,7,0
P020,2023-09-25,66,3,0
P020,2023-09-26,62,4,0
P020,2023-09-27,59,3,0
P020,2023-09-28,55,4,0
P020,2023-09-29,52,3,0
P020,2023-09-30,46,6,0
P020,2023-10-01,95,6,0
P020,2023-10-02,92,3,0
P020,2023-10-03,88,4,0
P020,2023-10-04,85,3,0
P020,2023-10-05,83,2,0
P020,2023-10-06,81,2,0
P020,2023-10-07,74,7,0
P020,2023-10-08,67,7,0
P020,2023-10-09,64,3,0
P020,2023-10-10,60,4,0
P020,2023-10-11,56,4,0
P020,2023-10-12,52,4,0
P020,2023-10-13,50,2,0
P020,2023-10-14,45,5,0
P020,2023-10-15,38,7,0
P020,2023-10-16,33,5,0
P020,2023-10-17,31,2,0
P020,2023-10-18,27,4,0
P020,2023-10-19,23,4,0
P020,2023-10-20,20,3,0
P020,2023-10-21,16,4,0
P020,2023-10-22,8,8,0
P020,2023-10-23,5,3,0
P020,2023-10-24,2,3,0
P020,2023-10-25,0,2,1
P020,2023-10-26,0,0,1
P020,2023-10-27,0,0,1
P020,2023-10-28,0,0,1
P020,2023-10-29,0,0,1
P020,2023-10-30,0,0,1
P020,2023-10-31,0,0,1
P020,2023-11-01,50,5,0
P020,2023-11-02,47,3,0
P020,2023-11-03,44,3,0
P020,2023-11-04,32,12,0
P020,2023-11-05,27,5,0
P020,2023-11-06,22,5,0
P020,2023-11-07,16,6,0
P020,2023-11-08,12,4,0
P020,2023-11-09,7,5,0
P020,2023-11-10,1,6,0
P020,2023-11-11,0,1,1
P020,2023-11-12,0,0,1
P020,2023-11-13,0,0,1
P020,2023-11-14,0,0,1
P020,2023-11-15,0,0,1
P020,2023-11-16,0,0,1
P020,2023-11-17,0,0,1
P020,2023-11-18,0,0,1
P020,2023-11-19,0,0,1
P020,2023-11-20,0,0,1
P020,2023-11-21,0,0,1
P020,2023-11-22,0,0,1
P020,2023-11-23,0,0,1
P020,2023-11-24,0,0,1
P020,2023-11-25,0,0,1
P020,2023-11-26,0,0,1
P020,2023-11-27,0,0,1
P020,2023-11-28,0,0,1
P020,2023-11-29,0,0,1
P020,2023-11-30,0,0,1
P020,2023-12-01,51,4,0
P020,2023-12-02,40,11,0
P020,2023-12-03,35,5,0
P020,2023-12-04,28,7,0
P020,2023-12-05,23,5,0
P020,2023-12-06,16,7,0
P020,2023-12-07,10,6,0
P020,2023-12-08,7,3,0
P020,2023-12-09,2,5,0
P020,2023-12-10,0,2,1
P020,2023-12-11,0,0,1
P020,2023-12-12,0,0,1
P020,2023-12-13,0,0,1
P020,2023-12-14,0,0,1
P020,2023-12-15,0,0,1
P020,2023-12-16,0,0,1
P020,2023-12-17,0,0,1
P020,2023-12-18,0,0,1
P020,2023-12-19,0,0,1
P020,2023-12-20,0,0,1
P020,2023-12-21,0,0,1
P020,2023-12-22,0,0,1
P020,2023-12-23,0,0,1
P020,2023-12-24,0,0,1
P020,2023-12-25,0,0,1
P020,2023-12-26,0,0,1
P020,2023-12-27,0,0,1
P020,2023-12-28,0,0,1
P020,2023-12-29,0,0,1
P020,2023-12-30,0,0,1
P020,2023-12-31,0,0,1
P020,2024-01-01,99,1,0
P020,2024-01-02,97,2,0
P020,2024-01-03,96,1,0
P020,2024-01-04,94,2,0
P020,2024-01-05,93,1,0
P020,2024-01-06,89,4,0
P020,2024-01-07,87,2,0
P020,2024-01-08,86,1,0
P020,2024-01-09,84,2,0
P020,2024-01-10,83,1,0
P020,2024-01-11,81,2,0
P020,2024-01-12,79,2,0
P020,2024-01-13,76,3,0
P020,2024-01-14,73,3,0
P020,2024-01-15,71,2,0
P020,2024-01-16,70,1,0
P020,2024-01-17,68,2,0
P020,2024-01-18,66,2,0
P020,2024-01-19,64,2,0
P020,2024-01-20,62,2,0
P020,2024-01-21,59,3,0
P020,2024-01-22,57,2,0
P020,2024-01-23,55,2,0
P020,2024-01-24,53,2,0
P020,2024-01-25,51,2,0
P020,2024-01-26,49,2,0
P020,2024-01-27,46,3,0
P020,2024-01-28,44,2,0
P020,2024-01-29,42,2,0
P020,2024-01-30,41,1,0
P020,2024-01-31,40,1,0
P020,2024-02-01,138,2,0
P020,2024-02-02,136,2,0
P020,2024-02-03,133,3,0
P020,2024-02-04,130,3,0
P020,2024-02-05,129,1,0
P020,2024-02-06,127,2,0
P020,2024-02-07,126,1,0
P020,2024-02-08,124,2,0
P020,2024-02-09,123,1,0
P020,2024-02-10,119,4,0
P020,2024-02-11,116,3,0
P020,2024-02-12,115,1,0
P020,2024-02-13,112,3,0
P020,2024-02-14,109,3,0
P020,2024-02-15,107,2,0
P020,2024-02-16,105,2,0
P020,2024-02-17,102,3,0
P020,2024-02-18,98,4,0
P020,2024-02-19,96,2,0
P020,2024-02-20,95,1,0
P020,2024-02-21,94,1,0
P020,2024-02-22,91,3,0
P020,2024-02-23,90,1,0
P020,2024-02-24,88,2,0
P020,2024-02-25,84,4,0
P020,2024-02-26,82,2,0
P020,2024-02-27,80,2,0
P020,2024-02-28,77,3,0
P020,2024-02-29,76,1,0
P020,2024-03-01,175,1,0
P020,2024-03-02,171,4,0
P020,2024-03-03,167,4,0
P020,2024-03-04,164,3,0
P020,2024-03-05,161,3,0
P020,2024-03-06,158,3,0
P020,2024-03-07,156,2,0
P020,2024-03-08,153,3,0
P020,2024-03-09,150,3,0
P020,2024-03-10,147,3,0
P020,2024-03-11,145,2,0
P020,2024-03-12,142,3,0
P020,2024-03-13,140,2,0
P020,2024-03-14,137,3,0
P020,2024-03-15,135,2,0
P020,2024-03-16,133,2,0
P020,2024-03-17,131,2,0
P020,2024-03-18,128,3,0
P020,2024-03-19,127,1,0
P020,2024-03-20,125,2,0
P020,2024-03-21,123,2,0
P020,2024-03-22,121,2,0
P020,2024-03-23,116,5,0
P020,2024-03-24,113,3,0
P020,2024-03-25,111,2,0
P020,2024-03-26,109,2,0
P020,2024-03-27,108,1,0
P020,2024-03-28,106,2,0
P020,2024-03-29,103,3,0
P020,2024-03-30,98,5,0
P020,2024-03-31,94,4,0
P020,2024-04-01,191,3,0
P020,2024-04-02,188,3,0
P020,2024-04-03,185,3,0
P020,2024-04-04,183,2,0
P020,2024-04-05,181,2,0
P020,2024-04-06,176,5,0
P020,2024-04-07,171,5,0
P020,2024-04-08,168,3,0
P020,2024-04-09,167,1,0
P020,2024-04-10,165,2,0
P020,2024-04-11,164,1,0
P020,2024-04-12,162,2,0
P020,2024-04-13,157,5,0
P020,2024-04-14,152,5,0
P020,2024-04-15,150,2,0
P020,2024-04-16,148,2,0
P020,2024-04-17,145,3,0
P020,2024-04-18,142,3,0
P020,2024-04-19,138,4,0
P020,2024-04-20,133,5,0
P020,2024-04-21,129,4,0
P020,2024-04-22,125,4,0
P020,2024-04-23,122,3,0
P020,2024-04-24,119,3,0
P020,2024-04-25,116,3,0
P020,2024-04-26,113,3,0
P020,2024-04-27,108,5,0
P020,2024-04-28,104,4,0
P020,2024-04-29,101,3,0
P020,2024-04-30,97,4,0
P020,2024-05-01,195,2,0
P020,2024-05-02,192,3,0
P020,2024-05-03,189,3,0
P020,2024-05-04,184,5,0
P020,2024-05-05,179,5,0
P020,2024-05-06,177,2,0
P020,2024-05-07,175,2,0
P020,2024-05-08,173,2,0
P020,2024-05-09,170,3,0
P020,2024-05-10,167,3,0
P020,2024-05-11,164,3,0
P020,2024-05-12,161,3,0
P020,2024-05-13,159,2,0
P020,2024-05-14,156,3,0
P020,2024-05-15,153,3,0
P020,2024-05-16,149,4,0
P020,2024-05-17,146,3,0
P020,2024-05-18,140,6,0
P020,2024-05-19,137,3,0
P020,2024-05-20,135,2,0
P020,2024-05-21,131,4,0
P020,2024-05-22,127,4,0
P020,2024-05-23,123,4,0
P020,2024-05-24,121,2,0
P020,2024-05-25,118,3,0
P020,2024-05-26,114,4,0
P020,2024-05-27,111,3,0
P020,2024-05-28,108,3,0
P020,2024-05-29,106,2,0
P020,2024-05-30,102,4,0
P020,2024-05-31,99,3,0
P020,2024-06-01,196,3,0
P020,2024-06-02,191,5,0
P020,2024-06-03,188,3,0
P020,2024-06-04,184,4,0
P020,2024-06-05,182,2,0
P020,2024-06-06,179,3,0
P020,2024-06-07,176,3,0
P020,2024-06-08,170,6,0
P020,2024-06-09,164,6,0
P020,2024-06-10,160,4,0
P020,2024-06-11,156,4,0
P020,2024-06-12,152,4,0
P020,2024-06-13,150,2,0
P020,2024-06-14,147,3,0
P020,2024-06-15,143,4,0
P020,2024-06-16,138,5,0
P020,2024-06-17,135,3,0
P020,2024-06-18,133,2,0
P020,2024-06-19,131,2,0
P020,2024-06-20,129,2,0
P020,2024-06-21,127,2,0
P020,2024-06-22,123,4,0
P020,2024-06-23,119,4,0
P020,2024-06-24,115,4,0
P020,2024-06-25,113,2,0
P020,2024-06-26,110,3,0
P020,2024-06-27,108,2,0
P020,2024-06-28,105,3,0
P020,2024-06-29,100,5,0
P020,2024-06-30,97,3,0
P020,2024-07-01,194,3,0
P020,2024-07-02,190,4,0
P020,2024-07-03,188,2,0
P020,2024-07-04,186,2,0
P020,2024-07-05,183,3,0
P020,2024-07-06,178,5,0
P020,2024-07-07,173,5,0
P020,2024-07-08,171,2,0
P020,2024-07-09,167,4,0
P020,2024-07-10,164,3,0
P020,2024-07-11,161,3,0
P020,2024-07-12,159,2,0
P020,2024-07-13,154,5,0
P020,2024-07-14,148,6,0
P020,2024-07-15,145,3,0
P020,2024-07-16,142,3,0
P020,2024-07-17,140,2,0
P020,2024-07-18,136,4,0
P020,2024-07-19,132,4,0
P020,2024-07-20,127,5,0
P020,2024-07-21,122,5,0
P020,2024-07-22,119,3,0
P020,2024-07-23,117,2,0
P020,2024-07-24,115,2,0
P020,2024-07-25,113,2,0
P020,2024-07-26,111,2,0
P020,2024-07-27,104,7,0
P020,2024-07-28,98,6,0
P020,2024-07-29,96,2,0
P020,2024-07-30,92,4,0
P020,2024-07-31,88,4,0
P020,2024-08-01,184,4,0
P020,2024-08-02,180,4,0
P020,2024-08-03,177,3,0
P020,2024-08-04,171,6,0
P020,2024-08-05,168,3,0
P020,2024-08-06,166,2,0
P020,2024-08-07,162,4,0
P020,2024-08-08,158,4,0
P020,2024-08-09,154,4,0
P020,2024-08-10,148,6,0
P020,2024-08-11,145,3,0
P020,2024-08-12,142,3,0
P020,2024-08-13,139,3,0
P020,2024-08-14,137,2,0
P020,2024-08-15,134,3,0
P020,2024-08-16,132,2,0
P020,2024-08-17,126,6,0
P020,2024-08-18,123,3,0
P020,2024-08-19,121,2,0
P020,2024-08-20,117,4,0
P020,2024-08-21,115,2,0
P020,2024-08-22,113,2,0
P020,2024-08-23,111,2,0
P020,2024-08-24,105,6,0
P020,2024-08-25,102,3,0
P020,2024-08-26,98,4,0
P020,2024-08-27,96,2,0
P020,2024-08-28,92,4,0
P020,2024-08-29,88,4,0
P020,2024-08-30,85,3,0
P020,2024-08-31,79,6,0
P020,2024-09-01,172,7,0
P020,2024-09-02,170,2,0
P020,2024-09-03,168,2,0
P020,2024-09-04,164,4,0
P020,2024-09-05,161,3,0
P020,2024-09-06,158,3,0
P020,2024-09-07,153,5,0
P020,2024-09-08,149,4,0
P020,2024-09-09,146,3,0
P020,2024-09-10,144,2,0
P020,2024-09-11,142,2,0
P020,2024-09-12,140,2,0
P020,2024-09-13,137,3,0
P020,2024-09-14,131,6,0
P020,2024-09-15,126,5,0
P020,2024-09-16,122,4,0
P020,2024-09-17,119,3,0
P020,2024-09-18,116,3,0
P020,2024-09-19,114,2,0
P020,2024-09-20,110,4,0
P020,2024-09-21,103,7,0
P020,2024-09-22,99,4,0
P020,2024-09-23,95,4,0
P020,2024-09-24,93,2,0
P020,2024-09-25,90,3,0
P020,2024-09-26,86,4,0
P020,2024-09-27,84,2,0
P020,2024-09-28,78,6,0
P020,2024-09-29,74,4,0
P020,2024-09-30,71,3,0
P020,2024-10-01,122,4,0
P020,2024-10-02,118,4,0
P020,2024-10-03,115,3,0
P020,2024-10-04,112,3,0
P020,2024-10-05,106,6,0
P020,2024-10-06,98,8,0
P020,2024-10-07,95,3,0
P020,2024-10-08,90,5,0
P020,2024-10-09,88,2,0
P020,2024-10-10,85,3,0
P020,2024-10-11,80,5,0
P020,2024-10-12,73,7,0
P020,2024-10-13,69,4,0
P020,2024-10-14,64,5,0
P020,2024-10-15,60,4,0
P020,2024-10-16,55,5,0
P020,2024-10-17,53,2,0
P020,2024-10-18,48,5,0
P020,2024-10-19,44,4,0
P020,2024-10-20,40,4,0
P020,2024-10-21,38,2,0
P020,2024-10-22,35,3,0
P020,2024-10-23,32,3,0
P020,2024-10-24,29,3,0
P020,2024-10-25,26,3,0
P020,2024-10-26,18,8,0
P020,2024-10-27,11,7,0
P020,2024-10-28,8,3,0
P020,2024-10-29,6,2,0
P020,2024-10-30,3,3,0
P020,2024-10-31,0,3,1
P020,2024-11-01,49,6,0
P020,2024-11-02,37,12,0
P020,2024-11-03,31,6,0
P020,2024-11-04,27,4,0
P020,2024-11-05,21,6,0
P020,2024-11-06,15,6,0
P020,2024-11-07,12,3,0
P020,2024-11-08,8,4,0
P020,2024-11-09,0,8,1
P020,2024-11-10,0,0,1
P020,2024-11-11,0,0,1
P020,2024-11-12,0,0,1
P020,2024-11-13,0,0,1
P020,2024-11-14,0,0,1
P020,2024-11-15,0,0,1
P020,2024-11-16,0,0,1
P020,2024-11-17,0,0,1
P020,2024-11-18,0,0,1
P020,2024-11-19,0,0,1
P020,2024-11-20,0,0,1
P020,2024-11-21,0,0,1
P020,2024-11-22,0,0,1
P020,2024-11-23,0,0,1
P020,2024-11-24,0,0,1
P020,2024-11-25,0,0,1
P020,2024-11-26,0,0,1
P020,2024-11-27,0,0,1
P020,2024-11-28,0,0,1
P020,2024-11-29,0,0,1
P020,2024-11-30,0,0,1
P020,2024-12-01,47,8,0
P020,2024-12-02,43,4,0
P020,2024-12-03,39,4,0
P020,2024-12-04,33,6,0
P020,2024-12-05,27,6,0
P020,2024-12-06,23,4,0
P020,2024-12-07,18,5,0
P020,2024-12-08,7,11,0
P020,2024-12-09,1,6,0
P020,2024-12-10,0,1,1
P020,2024-12-11,0,0,1
P020,2024-12-12,0,0,1
P020,2024-12-13,0,0,1
P020,2024-12-14,0,0,1
P020,2024-12-15,0,0,1
P020,2024-12-16,0,0,1
P020,2024-12-17,0,0,1
P020,2024-12-18,0,0,1
P020,2024-12-19,0,0,1
P020,2024-12-20,0,0,1
P020,2024-12-21,0,0,1
P020,2024-12-22,0,0,1
P020,2024-12-23,0,0,1
P020,2024-12-24,0,0,1
P020,2024-12-25,0,0,1
P020,2024-12-26,0,0,1
P020,2024-12-27,0,0,1
P020,2024-12-28,0,0,1
P020,2024-12-29,0,0,1
P020,2024-12-30,0,0,1
P020,2024-12-31,0,0,1
P021,2022-01-01,109,1,0
P021,2022-01-02,108,1,0
P021,2022-01-03,108,0,0
P021,2022-01-04,107,1,0
P021,2022-01-05,106,1,0
P021,2022-01-06,105,1,0
P021,2022-01-07,105,0,0
P021,2022-01-08,103,2,0
P021,2022-01-09,102,1,0
P021,2022-01-10,102,0,0
P021,2022-01-11,101,1,0
P021,2022-01-12,101,0,0
P021,2022-01-13,100,1,0
P021,2022-01-14,99,1,0
P021,2022-01-15,97,2,0
P021,2022-01-16,96,1,0
P021,2022-01-17,96,0,0
P021,2022-01-18,96,0,0
P021,2022-01-19,96,0,0
P021,2022-01-20,95,1,0
P021,2022-01-21,94,1,0
P021,2022-01-22,93,1,0
P021,2022-01-23,92,1,0
P021,2022-01-24,91,1,0
P021,2022-01-25,90,1,0
P021,2022-01-26,89,1,0
P021,2022-01-27,89,0,0
P021,2022-01-28,88,1,0
P021,2022-01-29,86,2,0
P021,2022-01-30,85,1,0
P021,2022-01-31,84,1,0
P021,2022-02-01,139,0,0
P021,2022-02-02,138,1,0
P021,2022-02-03,137,1,0
P021,2022-02-04,136,1,0
P021,2022-02-05,134,2,0
P021,2022-02-06,132,2,0
P021,2022-02-07,131,1,0
P021,2022-02-08,130,1,0
P021,2022-02-09,130,0,0
P021,2022-02-10,130,0,0
P021,2022-02-11,129,1,0
P021,2022-02-12,128,1,0
P021,2022-02-13,126,2,0
P021,2022-02-14,126,0,0
P021,2022-02-15,126,0,0
P021,2022-02-16,125,1,0
P021,2022-02-17,125,0,0
P021,2022-02-18,124,1,0
P021,2022-02-19,123,1,0
P021,2022-02-20,122,1,0
P021,2022-02-21,121,1,0
P021,2022-02-22,120,1,0
P021,2022-02-23,119,1,0
P021,2022-02-24,118,1,0
P021,2022-02-25,117,1,0
P021,2022-02-26,115,2,0
P021,2022-02-27,113,2,0
P021,2022-02-28,113,0,0
P021,2022-03-01,166,2,0
P021,2022-03-02,166,0,0
P021,2022-03-03,165,1,0
P021,2022-03-04,164,1,0
P021,2022-03-05,162,2,0
P021,2022-03-06,160,2,0
P021,2022-03-07,159,1,0
P021,2022-03-08,158,1,0
P021,2022-03-09,157,1,0
P021,2022-03-10,156,1,0
P021,2022-03-11,155,1,0
P021,2022-03-12,153,2,0
P021,2022-03-13,151,2,0
P021,2022-03-14,151,0,0
P021,2022-03-15,150,1,0
P021,2022-03-16,149,1,0
P021,2022-03-17,149,0,0
P021,2022-03-18,149,0,0
P021,2022-03-19,148,1,0
P021,2022-03-20,145,3,0
P021,2022-03-21,144,1,0
P021,2022-03-22,143,1,0
P021,2022-03-23,142,1,0
P021,2022-03-24,140,2,0
P021,2022-03-25,139,1,0
P021,2022-03-26,137,2,0
P021,2022-03-27,134,3,0
P021,2022-03-28,133,1,0
P021,2022-03-29,132,1,0
P021,2022-03-30,131,1,0
P021,2022-03-31,130,1,0
P021,2022-04-01,183,2,0
P021,2022-04-02,180,3,0
P021,2022-04-03,177,3,0
P021,2022-04-04,176,1,0
P021,2022-04-05,175,1,0
P021,2022-04-06,174,1,0
P021,2022-04-07,173,1,0
P021,2022-04-08,171,2,0
P021,2022-04-09,170,1,0
P021,2022-04-10,169,1,0
P021,2022-04-11,168,1,0
P021,2022-04-12,167,1,0
P021,2022-04-13,165,2,0
P021,2022-04-14,164,1,0
P021,2022-04-15,163,1,0
P021,2022-04-16,162,1,0
P021,2022-04-17,160,2,0
P021,2022-04-18,159,1,0
P021,2022-04-19,158,1,0
P021,2022-04-20,157,1,0
P021,2022-04-21,156,1,0
P021,2022-04-22,154,2,0
P021,2022-04-23,152,2,0
P021,2022-04-24,149,3,0
P021,2022-04-25,148,1,0
P021,2022-04-26,147,1,0
P021,2022-04-27,146,1,0
P021,2022-04-28,145,1,0
P021,2022-04-29,144,1,0
P021,2022-04-30,141,3,0
P021,2022-05-01,193,3,0
P021,2022-05-02,191,2,0
P021,2022-05-03,189,2,0
P021,2022-05-04,188,1,0
P021,2022-05-05,187,1,0
P021,2022-05-06,185,2,0
P021,2022-05-07,182,3,0
P021,2022-05-08,179,3,0
P021,2022-05-09,178,1,0
P021,2022-05-10,177,1,0
P021,2022-05-11,176,1,0
P021,2022-05-12,175,1,0
P021,2022-05-13,174,1,0
P021,2022-05-14,172,2,0
P021,2022-05-15,169,3,0
P021,2022-05-16,168,1,0
P021,2022-05-17,167,1,0
P021,2022-05-18,165,2,0
P021,2022-05-19,164,1,0
P021,2022-05-20,163,1,0
P021,2022-05-21,162,1,0
P021,2022-05-22,160,2,0
P021,2022-05-23,159,1,0
P021,2022-05-24,158,1,0
P021,2022-05-25,156,2,0
P021,2022-05-26,154,2,0
P021,2022-05-27,153,1,0
P021,2022-05-28,151,2,0
P021,2022-05-29,148,3,0
P021,2022-05-30,147,1,0
P021,2022-05-31,146,1,0
P021,2022-06-01,200,1,0
P021,2022-06-02,199,1,0
P021,2022-06-03,198,1,0
P021,2022-06-04,195,3,0
P021,2022-06-05,192,3,0
P021,2022-06-06,190,2,0
P021,2022-06-07,188,2,0
P021,2022-06-08,187,1,0
P021,2022-06-09,185,2,0
P021,2022-06-10,184,1,0
P021,2022-06-11,183,1,0
P021,2022-06-12,181,2,0
P021,2022-06-13,179,2,0
P021,2022-06-14,178,1,0
P021,2022-06-15,177,1,0
P021,2022-06-16,176,1,0
P021,2022-06-17,175,1,0
P021,2022-06-18,173,2,0
P021,2022-06-19,170,3,0
P021,2022-06-20,169,1,0
P021,2022-06-21,168,1,0
P021,2022-06-22,167,1,0
P021,2022-06-23,166,1,0
P021,2022-06-24,165,1,0
P021,2022-06-25,163,2,0
P021,2022-06-26,161,2,0
P021,2022-06-27,159,2,0
P021,2022-06-28,158,1,0
P021,2022-06-29,157,1,0
P021,2022-06-30,156,1,0
P021,2022-07-01,210,1,0
P021,2022-07-02,208,2,0
P021,2022-07-03,205,3,0
P021,2022-07-04,203,2,0
P021,2022-07-05,202,1,0
P021,2022-07-06,200,2,0
P021,2022-07-07,199,1,0
P021,2022-07-08,198,1,0
P021,2022-07-09,196,2,0
P021,2022-07-10,195,1,0
P021,2022-07-11,194,1,0
P021,2022-07-12,193,1,0
P021,2022-07-13,191,2,0
P021,2022-07-14,190,1,0
P021,2022-07-15,189,1,0
P021,2022-07-16,187,2,0
P021,2022-07-17,184,3,0
P021,2022-07-18,182,2,0
P021,2022-07-19,181,1,0
P021,2022-07-20,179,2,0
P021,2022-07-21,177,2,0
P021,2022-07-22,176,1,0
P021,2022-07-23,173,3,0
P021,2022-07-24,172,1,0
P021,2022-07-25,171,1,0
P021,2022-07-26,170,1,0
P021,2022-07-27,168,2,0
P021,2022-07-28,167,1,0
P021,2022-07-29,165,2,0
P021,2022-07-30,163,2,0
P021,2022-07-31,161,2,0
P021,2022-08-01,215,1,0
P021,2022-08-02,214,1,0
P021,2022-08-03,212,2,0
P021,2022-08-04,210,2,0
P021,2022-08-05,208,2,0
P021,2022-08-06,205,3,0
P021,2022-08-07,202,3,0
P021,2022-08-08,201,1,0
P021,2022-08-09,200,1,0
P021,2022-08-10,198,2,0
P021,2022-08-11,197,1,0
P021,2022-08-12,196,1,0
P021,2022-08-13,193,3,0
P021,2022-08-14,191,2,0
P021,2022-08-15,190,1,0
P021,2022-08-16,189,1,0
P021,2022-08-17,188,1,0
P021,2022-08-18,186,2,0
P021,2022-08-19,185,1,0
P021,2022-08-20,183,2,0
P021,2022-08-21,181,2,0
P021,2022-08-22,179,2,0
P021,2022-08-23,178,1,0
P021,2022-08-24,176,2,0
P021,2022-08-25,175,1,0
P021,2022-08-26,173,2,0
P021,2022-08-27,170,3,0
P021,2022-08-28,168,2,0
P021,2022-08-29,166,2,0
P021,2022-08-30,165,1,0
P021,2022-08-31,163,2,0
P021,2022-09-01,216,2,0
P021,2022-09-02,214,2,0
P021,2022-09-03,211,3,0
P021,2022-09-04,207,4,0
P021,2022-09-05,206,1,0
P021,2022-09-06,204,2,0
P021,2022-09-07,202,2,0
P021,2022-09-08,201,1,0
P021,2022-09-09,199,2,0
P021,2022-09-10,197,2,0
P021,2022-09-11,194,3,0
P021,2022-09-12,193,1,0
P021,2022-09-13,192,1,0
P021,2022-09-14,190,2,0
P021,2022-09-15,188,2,0
P021,2022-09-16,187,1,0
P021,2022-09-17,185,2,0
P021,2022-09-18,182,3,0
P021,2022-09-19,180,2,0
P021,2022-09-20,178,2,0
P021,2022-09-21,176,2,0
P021,2022-09-22,175,1,0
P021,2022-09-23,174,1,0
P021,2022-09-24,172,2,0
P021,2022-09-25,169,3,0
P021,2022-09-26,167,2,0
P021,2022-09-27,166,1,0
P021,2022-09-28,164,2,0
P021,2022-09-29,162,2,0
P021,2022-09-30,161,1,0
P021,2022-10-01,187,4,0
P021,2022-10-02,184,3,0
P021,2022-10-03,182,2,0
P021,2022-10-04,180,2,0
P021,2022-10-05,178,2,0
P021,2022-10-06,176,2,0
P021,2022-10-07,174,2,0
P021,2022-10-08,170,4,0
P021,2022-10-09,168,2,0
P021,2022-10-10,166,2,0
P021,2022-10-11,164,2,0
P021,2022-10-12,162,2,0
P021,2022-10-13,160,2,0
P021,2022-10-14,159,1,0
P021,2022-10-15,155,4,0
P021,2022-10-16,152,3,0
P021,2022-10-17,150,2,0
P021,2022-10-18,149,1,0
P021,2022-10-19,147,2,0
P021,2022-10-20,145,2,0
P021,2022-10-21,143,2,0
P021,2022-10-22,140,3,0
P021,2022-10-23,138,2,0
P021,2022-10-24,137,1,0
P021,2022-10-25,136,1,0
P021,2022-10-26,134,2,0
P021,2022-10-27,133,1,0
P021,2022-10-28,131,2,0
P021,2022-10-29,127,4,0
P021,2022-10-30,124,3,0
P021,2022-10-31,122,2,0
P021,2022-11-01,150,2,0
P021,2022-11-02,148,2,0
P021,2022-11-03,144,4,0
P021,2022-11-04,142,2,0
P021,2022-11-05,138,4,0
P021,2022-11-06,132,6,0
P021,2022-11-07,128,4,0
P021,2022-11-08,124,4,0
P021,2022-11-09,122,2,0
P021,2022-11-10,120,2,0
P021,2022-11-11,116,4,0
P021,2022-11-12,110,6,0
P021,2022-11-13,105,5,0
P021,2022-11-14,101,4,0
P021,2022-11-15,97,4,0
P021,2022-11-16,93,4,0
P021,2022-11-17,91,2,0
P021,2022-11-18,87,4,0
P021,2022-11-19,80,7,0
P021,2022-11-20,74,6,0
P021,2022-11-21,71,3,0
P021,2022-11-22,68,3,0
P021,2022-11-23,66,2,0
P021,2022-11-24,63,3,0
P021,2022-11-25,60,3,0
P021,2022-11-26,56,4,0
P021,2022-11-27,50,6,0
P021,2022-11-28,47,3,0
P021,2022-11-29,45,2,0
P021,2022-11-30,43,2,0
P021,2022-12-01,72,1,0
P021,2022-12-02,69,3,0
P021,2022-12-03,66,3,0
P021,2022-12-04,62,4,0
P021,2022-12-05,60,2,0
P021,2022-12-06,57,3,0
P021,2022-12-07,55,2,0
P021,2022-12-08,52,3,0
P021,2022-12-09,50,2,0
P021,2022-12-10,47,3,0
P021,2022-12-11,44,3,0
P021,2022-12-12,41,3,0
P021,2022-12-13,39,2,0
P021,2022-12-14,38,1,0
P021,2022-12-15,36,2,0
P021,2022-12-16,34,2,0
P021,2022-12-17,31,3,0
P021,2022-12-18,25,6,0
P021,2022-12-19,21,4,0
P021,2022-12-20,19,2,0
P021,2022-12-21,16,3,0
P021,2022-12-22,13,3,0
P021,2022-12-23,11,2,0
P021,2022-12-24,8,3,0
P021,2022-12-25,2,6,0
P021,2022-12-26,0,2,1
P021,2022-12-27,0,0,1
P021,2022-12-28,0,0,1
P021,2022-12-29,0,0,1
P021,2022-12-30,0,0,1
P021,2022-12-31,0,0,1
P021,2023-01-01,53,2,0
P021,2023-01-02,52,1,0
P021,2023-01-03,52,0,0
P021,2023-01-04,52,0,0
P021,2023-01-05,51,1,0
P021,2023-01-06,51,0,0
P021,2023-01-07,50,1,0
P021,2023-01-08,49,1,0
P021,2023-01-09,48,1,0
P021,2023-01-10,47,1,0
P021,2023-01-11,46,1,0
P021,2023-01-12,46,0,0
P021,2023-01-13,45,1,0
P021,2023-01-14,44,1,0
P021,2023-01-15,43,1,0
P021,2023-01-16,42,1,0
P021,2023-01-17,41,1,0
P021,2023-01-18,40,1,0
P021,2023-01-19,40,0,0
P021,2023-01-20,39,1,0
P021,2023-01-21,38,1,0
P021,2023-01-22,37,1,0
P021,2023-01-23,37,0,0
P021,2023-01-24,36,1,0
P021,2023-01-25,35,1,0
P021,2023-01-26,34,1,0
P021,2023-01-27,33,1,0
P021,2023-01-28,31,2,0
P021,2023-01-29,29,2,0
P021,2023-01-30,28,1,0
P021,2023-01-31,28,0,0
P021,2023-02-01,82,1,0
P021,2023-02-02,81,1,0
P021,2023-02-03,81,0,0
P021,2023-02-04,80,1,0
P021,2023-02-05,79,1,0
P021,2023-02-06,78,1,0
P021,2023-02-07,77,1,0
P021,2023-02-08,76,1,0
P021,2023-02-09,75,1,0
P021,2023-02-10,74,1,0
P021,2023-02-11,73,1,0
P021,2023-02-12,72,1,0
P021,2023-02-13,71,1,0
P021,2023-02-14,70,1,0
P021,2023-02-15,69,1,0
P021,2023-02-16,69,0,0
P021,2023-02-17,69,0,0
P021,2023-02-18,67,2,0
P021,2023-02-19,66,1,0
P021,2023-02-20,65,1,0
P021,2023-02-21,64,1,0
P021,2023-02-22,64,0,0
P021,2023-02-23,63,1,0
P021,2023-02-24,62,1,0
P021,2023-02-25,61,1,0
P021,2023-02-26,59,2,0
P021,2023-02-27,59,0,0
P021,2023-02-28,58,1,0
P021,2023-03-01,111,2,0
P021,2023-03-02,110,1,0
P021,2023-03-03,109,1,0
P021,2023-03-04,107,2,0
P021,2023-03-05,104,3,0
P021,2023-03-06,103,1,0
P021,2023-03-07,102,1,0
P021,2023-03-08,101,1,0
P021,2023-03-09,100,1,0
P021,2023-03-10,99,1,0
P021,2023-03-11,97,2,0
P021,2023-03-12,95,2,0
P021,2023-03-13,94,1,0
P021,2023-03-14,93,1,0
P021,2023-03-15,92,1,0
P021,2023-03-16,91,1,0
P021,2023-03-17,90,1,0
P021,2023-03-18,88,2,0
P021,2023-03-19,86,2,0
P021,2023-03-20,84,2,0
P021,2023-03-21,83,1,0
P021,2023-03-22,83,0,0
P021,2023-03-23,82,1,0
P021,2023-03-24,81,1,0
P021,2023-03-25,79,2,0
P021,2023-03-26,77,2,0
P021,2023-03-27,75,2,0
P021,2023-03-28,74,1,0
P021,2023-03-29,73,1,0
P021,2023-03-30,72,1,0
P021,2023-03-31,71,1,0
P021,2023-04-01,125,1,0
P021,2023-04-02,124,1,0
P021,2023-04-03,122,2,0
P021,2023-04-04,120,2,0
P021,2023-04-05,118,2,0
P021,2023-04-06,117,1,0
P021,2023-04-07,116,1,0
P021,2023-04-08,114,2,0
P021,2023-04-09,111,3,0
P021,2023-04-10,109,2,0
P021,2023-04-11,109,0,0
P021,2023-04-12,108,1,0
P021,2023-04-13,106,2,0
P021,2023-04-14,104,2,0
P021,2023-04-15,102,2,0
P021,2023-04-16,100,2,0
P021,2023-04-17,99,1,0
P021,2023-04-18,98,1,0
P021,2023-04-19,97,1,0
P021,2023-04-20,95,2,0
P021,2023-04-21,94,1,0
P021,2023-04-22,93,1,0
P021,2023-04-23,90,3,0
P021,2023-04-24,89,1,0
P021,2023-04-25,88,1,0
P021,2023-04-26,86,2,0
P021,2023-04-27,85,1,0
P021,2023-04-28,84,1,0
P021,2023-04-29,81,3,0
P021,2023-04-30,79,2,0
P021,2023-05-01,133,1,0
P021,2023-05-02,132,1,0
P021,2023-05-03,131,1,0
P021,2023-05-04,130,1,0
P021,2023-05-05,129,1,0
P021,2023-05-06,127,2,0
P021,2023-05-07,125,2,0
P021,2023-05-08,124,1,0
P021,2023-05-09,122,2,0
P021,2023-05-10,121,1,0
P021,2023-05-11,120,1,0
P021,2023-05-12,119,1,0
P021,2023-05-13,117,2,0
P021,2023-05-14,115,2,0
P021,2023-05-15,113,2,0
P021,2023-05-16,111,2,0
P021,2023-05-17,110,1,0
P021,2023-05-18,108,2,0
P021,2023-05-19,107,1,0
P021,2023-05-20,105,2,0
P021,2023-05-21,102,3,0
P021,2023-05-22,101,1,0
P021,2023-05-23,100,1,0
P021,2023-05-24,99,1,0
P021,2023-05-25,98,1,0
P021,2023-05-26,96,2,0
P021,2023-05-27,94,2,0
P021,2023-05-28,91,3,0
P021,2023-05-29,89,2,0
P021,2023-05-30,87,2,0
P021,2023-05-31,86,1,0
P021,2023-06-01,139,2,0
P021,2023-06-02,137,2,0
P021,2023-06-03,135,2,0
P021,2023-06-04,132,3,0
P021,2023-06-05,130,2,0
P021,2023-06-06,129,1,0
P021,2023-06-07,128,1,0
P021,2023-06-08,126,2,0
P021,2023-06-09,125,1,0
P021,2023-06-10,122,3,0
P021,2023-06-11,120,2,0
P021,2023-06-12,118,2,0
P021,2023-06-13,117,1,0
P021,2023-06-14,115,2,0
P021,2023-06-15,113,2,0
P021,2023-06-16,112,1,0
P021,2023-06-17,111,1,0
P021,2023-06-18,108,3,0
P021,2023-06-19,107,1,0
P021,2023-06-20,105,2,0
P021,2023-06-21,104,1,0
P021,2023-06-22,103,1,0
P021,2023-06-23,101,2,0
P021,2023-06-24,98,3,0
P021,2023-06-25,95,3,0
P021,2023-06-26,94,1,0
P021,2023-06-27,93,1,0
P021,2023-06-28,91,2,0
P021,2023-06-29,90,1,0
P021,2023-06-30,88,2,0
P021,2023-07-01,140,3,0
P021,2023-07-02,137,3,0
P021,2023-07-03,136,1,0
P021,2023-07-04,135,1,0
P021,2023-07-05,133,2,0
P021,2023-07-06,131,2,0
P021,2023-07-07,130,1,0
P021,2023-07-08,128,2,0
P021,2023-07-09,126,2,0
P021,2023-07-10,124,2,0
P021,2023-07-11,123,1,0
P021,2023-07-12,122,1,0
P021,2023-07-13,120,2,0
P021,2023-07-14,118,2,0
P021,2023-07-15,115,3,0
P021,2023-07-16,113,2,0
P021,2023-07-17,112,1,0
P021,2023-07-18,111,1,0
P021,2023-07-19,110,1,0
P021,2023-07-20,108,2,0
P021,2023-07-21,106,2,0
P021,2023-07-22,104,2,0
P021,2023-07-23,101,3,0
P021,2023-07-24,100,1,0
P021,2023-07-25,99,1,0
P021,2023-07-26,98,1,0
P021,2023-07-27,97,1,0
P021,2023-07-28,95,2,0
P021,2023-07-29,92,3,0
P021,2023-07-30,89,3,0
P021,2023-07-31,88,1,0
P021,2023-08-01,142,1,0
P021,2023-08-02,140,2,0
P021,2023-08-03,138,2,0
P021,2023-08-04,137,1,0
P021,2023-08-05,135,2,0
P021,2023-08-06,133,2,0
P021,2023-08-07,131,2,0
P021,2023-08-08,130,1,0
P021,2023-08-09,129,1,0
P021,2023-08-10,127,2,0
P021,2023-08-11,125,2,0
P021,2023-08-12,122,3,0
P021,2023-08-13,119,3,0
P021,2023-08-14,118,1,0
P021,2023-08-15,116,2,0
P021,2023-08-16,115,1,0
P021,2023-08-17,113,2,0
P021,2023-08-18,112,1,0
P021,2023-08-19,110,2,0
P021,2023-08-20,107,3,0
P021,2023-08-21,105,2,0
P021,2023-08-22,103,2,0
P021,2023-08-23,102,1,0
P021,2023-08-24,101,1,0
P021,2023-08-25,100,1,0
P021,2023-08-26,98,2,0
P021,2023-08-27,95,3,0
P021,2023-08-28,94,1,0
P021,2023-08-29,92,2,0
P021,2023-08-30,91,1,0
P021,2023-08-31,90,1,0
P021,2023-09-01,144,1,0
P021,2023-09-02,143,1,0
P021,2023-09-03,141,2,0
P021,2023-09-04,139,2,0
P021,2023-09-05,137,2,0
P021,2023-09-06,136,1,0
P021,2023-09-07,134,2,0
P021,2023-09-08,133,1,0
P021,2023-09-09,130,3,0
P021,2023-09-10,128,2,0
P021,2023-09-11,127,1,0
P021,2023-09-12,126,1,0
P021,2023-09-13,124,2,0
P021,2023-09-14,123,1,0
P021,2023-09-15,121,2,0
P021,2023-09-16,118,3,0
P021,2023-09-17,115,3,0
P021,2023-09-18,114,1,0
P021,2023-09-19,112,2,0
P021,2023-09-20,110,2,0
P021,2023-09-21,109,1,0
P021,2023-09-22,108,1,0
P021,2023-09-23,107,1,0
P021,2023-09-24,105,2,0
P021,2023-09-25,104,1,0
P021,2023-09-26,102,2,0
P021,2023-09-27,101,1,0
P021,2023-09-28,99,2,0
P021,2023-09-29,97,2,0
P021,2023-09-30,96,1,0
P021,2023-10-01,122,4,0
P021,2023-10-02,121,1,0
P021,2023-10-03,118,3,0
P021,2023-10-04,116,2,0
P021,2023-10-05,114,2,0
P021,2023-10-06,113,1,0
P021,2023-10-07,111,2,0
P021,2023-10-08,107,4,0
P021,2023-10-09,106,1,0
P021,2023-10-10,104,2,0
P021,2023-10-11,102,2,0
P021,2023-10-12,101,1,0
P021,2023-10-13,99,2,0
P021,2023-10-14,96,3,0
P021,2023-10-15,93,3,0
P021,2023-10-16,90,3,0
P021,2023-10-17,88,2,0
P021,2023-10-18,86,2,0
P021,2023-10-19,84,2,0
P021,2023-10-20,83,1,0
P021,2023-10-21,80,3,0
P021,2023-10-22,76,4,0
P021,2023-10-23,74,2,0
P021,2023-10-24,72,2,0
P021,2023-10-25,70,2,0
P021,2023-10-26,69,1,0
P021,2023-10-27,67,2,0
P021,2023-10-28,65,2,0
P021,2023-10-29,62,3,0
P021,2023-10-30,60,2,0
P021,2023-10-31,59,1,0
P021,2023-11-01,85,4,0
P021,2023-11-02,83,2,0
P021,2023-11-03,79,4,0
P021,2023-11-04,75,4,0
P021,2023-11-05,71,4,0
P021,2023-11-06,67,4,0
P021,2023-11-07,64,3,0
P021,2023-11-08,60,4,0
P021,2023-11-09,57,3,0
P021,2023-11-10,55,2,0
P021,2023-11-11,48,7,0
P021,2023-11-12,42,6,0
P021,2023-11-13,40,2,0
P021,2023-11-14,36,4,0
P021,2023-11-15,32,4,0
P021,2023-11-16,29,3,0
P021,2023-11-17,27,2,0
P021,2023-11-18,22,5,0
P021,2023-11-19,17,5,0
P021,2023-11-20,13,4,0
P021,2023-11-21,10,3,0
P021,2023-11-22,8,2,0
P021,2023-11-23,5,3,0
P021,2023-11-24,1,4,0
P021,2023-11-25,0,1,1
P021,2023-11-26,0,0,1
P021,2023-11-27,0,0,1
P021,2023-11-28,0,0,1
P021,2023-11-29,0,0,1
P021,2023-11-30,0,0,1
P021,2023-12-01,28,2,0
P021,2023-12-02,24,4,0
P021,2023-12-03,18,6,0
P021,2023-12-04,15,3,0
P021,2023-12-05,12,3,0
P021,2023-12-06,8,4,0
P021,2023-12-07,5,3,0
P021,2023-12-08,3,2,0
P021,2023-12-09,0,3,1
P021,2023-12-10,0,0,1
P021,2023-12-11,0,0,1
P021,2023-12-12,0,0,1
P021,2023-12-13,0,0,1
P021,2023-12-14,0,0,1
P021,2023-12-15,0,0,1
P021,2023-12-16,0,0,1
P021,2023-12-17,0,0,1
P021,2023-12-18,0,0,1
P021,2023-12-19,0,0,1
P021,2023-12-20,0,0,1
P021,2023-12-21,0,0,1
P021,2023-12-22,0,0,1
P021,2023-12-23,0,0,1
P021,2023-12-24,0,0,1
P021,2023-12-25,0,0,1
P021,2023-12-26,0,0,1
P021,2023-12-27,0,0,1
P021,2023-12-28,0,0,1
P021,2023-12-29,0,0,1
P021,2023-12-30,0,0,1
P021,2023-12-31,0,0,1
P021,2024-01-01,54,1,0
P021,2024-01-02,54,0,0
P021,2024-01-03,53,1,0
P021,2024-01-04,53,0,0
P021,2024-01-05,53,0,0
P021,2024-01-06,51,2,0
P021,2024-01-07,50,1,0
P021,2024-01-08,50,0,0
P021,2024-01-09,49,1,0
P021,2024-01-10,48,1,0
P021,2024-01-11,47,1,0
P021,2024-01-12,47,0,0
P021,2024-01-13,46,1,0
P021,2024-01-14,45,1,0
P021,2024-01-15,45,0,0
P021,2024-01-16,45,0,0
P021,2024-01-17,45,0,0
P021,2024-01-18,45,0,0
P021,2024-01-19,44,1,0
P021,2024-01-20,42,2,0
P021,2024-01-21,41,1,0
P021,2024-01-22,40,1,0
P021,2024-01-23,39,1,0
P021,2024-01-24,39,0,0
P021,2024-01-25,38,1,0
P021,2024-01-26,37,1,0
P021,2024-01-27,36,1,0
P021,2024-01-28,34,2,0
P021,2024-01-29,33,1,0
P021,2024-01-30,33,0,0
P021,2024-01-31,32,1,0
P021,2024-02-01,87,0,0
P021,2024-02-02,86,1,0
P021,2024-02-03,84,2,0
P021,2024-02-04,83,1,0
P021,2024-02-05,82,1,0
P021,2024-02-06,81,1,0
P021,2024-02-07,80,1,0
P021,2024-02-08,79,1,0
P021,2024-02-09,78,1,0
P021,2024-02-10,76,2,0
P021,2024-02-11,74,2,0
P021,2024-02-12,73,1,0
P021,2024-02-13,72,1,0
P021,2024-02-14,71,1,0
P021,2024-02-15,70,1,0
P021,2024-02-16,70,0,0
P021,2024-02-17,69,1,0
P021,2024-02-18,68,1,0
P021,2024-02-19,68,0,0
P021,2024-02-20,67,1,0
P021,2024-02-21,66,1,0
P021,2024-02-22,65,1,0
P021,2024-02-23,65,0,0
P021,2024-02-24,63,2,0
P021,2024-02-25,61,2,0
P021,2024-02-26,60,1,0
P021,2024-02-27,59,1,0
P021,2024-02-28,58,1,0
P021,2024-02-29,57,1,0
P021,2024-03-01,111,1,0
P021,2024-03-02,109,2,0
P021,2024-03-03,107,2,0
P021,2024-03-04,106,1,0
P021,2024-03-05,105,1,0
P021,2024-03-06,104,1,0
P021,2024-03-07,102,2,0
P021,2024-03-08,101,1,0
P021,2024-03-09,99,2,0
P021,2024-03-10,98,1,0
P021,2024-03-11,97,1,0
P021,2024-03-12,96,1,0
P021,2024-03-13,95,1,0
P021,2024-03-14,94,1,0
P021,2024-03-15,93,1,0
P021,2024-03-16,91,2,0
P021,2024-03-17,89,2,0
P021,2024-03-18,88,1,0
P021,2024-03-19,88,0,0
P021,2024-03-20,87,1,0
P021,2024-03-21,86,1,0
P021,2024-03-22,84,2,0
P021,2024-03-23,83,1,0
P021,2024-03-24,81,2,0
P021,2024-03-25,79,2,0
P021,2024-03-26,78,1,0
P021,2024-03-27,77,1,0
P021,2024-03-28,76,1,0
P021,2024-03-29,75,1,0
P021,2024-03-30,73,2,0
P021,2024-03-31,71,2,0
P021,2024-04-01,125,1,0
P021,2024-04-02,124,1,0
P021,2024-04-03,123,1,0
P021,2024-04-04,122,1,0
P021,2024-04-05,120,2,0
P021,2024-04-06,118,2,0
P021,2024-04-07,116,2,0
P021,2024-04-08,114,2,0
P021,2024-04-09,113,1,0
P021,2024-04-10,111,2,0
P021,2024-04-11,110,1,0
P021,2024-04-12,109,1,0
P021,2024-04-13,106,3,0
P021,2024-04-14,105,1,0
P021,2024-04-15,104,1,0
P021,2024-04-16,103,1,0
P021,2024-04-17,102,1,0
P021,2024-04-18,101,1,0
P021,2024-04-19,100,1,0
P021,2024-04-20,98,2,0
P021,2024-04-21,97,1,0
P021,2024-04-22,96,1,0
P021,2024-04-23,95,1,0
P021,2024-04-24,94,1,0
P021,2024-04-25,92,2,0
P021,2024-04-26,91,1,0
P021,2024-04-27,88,3,0
P021,2024-04-28,86,2,0
P021,2024-04-29,85,1,0
P021,2024-04-30,84,1,0
P021,2024-05-01,138,1,0
P021,2024-05-02,137,1,0
P021,2024-05-03,136,1,0
P021,2024-05-04,134,2,0
P021,2024-05-05,131,3,0
P021,2024-05-06,130,1,0
P021,2024-05-07,128,2,0
P021,2024-05-08,127,1,0
P021,2024-05-09,126,1,0
P021,2024-05-10,125,1,0
P021,2024-05-11,123,2,0
P021,2024-05-12,120,3,0
P021,2024-05-13,118,2,0
P021,2024-05-14,116,2,0
P021,2024-05-15,115,1,0
P021,2024-05-16,113,2,0
P021,2024-05-17,111,2,0
P021,2024-05-18,109,2,0
P021,2024-05-19,106,3,0
P021,2024-05-20,105,1,0
P021,2024-05-21,103,2,0
P021,2024-05-22,102,1,0
P021,2024-05-23,101,1,0
P021,2024-05-24,100,1,0
P021,2024-05-25,99,1,0
P021,2024-05-26,96,3,0
P021,2024-05-27,95,1,0
P021,2024-05-28,94,1,0
P021,2024-05-29,92,2,0
P021,2024-05-30,91,1,0
P021,2024-05-31,89,2,0
P021,2024-06-01,142,2,0
P021,2024-06-02,140,2,0
P021,2024-06-03,139,1,0
P021,2024-06-04,138,1,0
P021,2024-06-05,136,2,0
P021,2024-06-06,135,1,0
P021,2024-06-07,134,1,0
P021,2024-06-08,131,3,0
P021,2024-06-09,129,2,0
P021,2024-06-10,127,2,0
P021,2024-06-11,126,1,0
P021,2024-06-12,124,2,0
P021,2024-06-13,123,1,0
P021,2024-06-14,122,1,0
P021,2024-06-15,119,3,0
P021,2024-06-16,116,3,0
P021,2024-06-17,115,1,0
P021,2024-06-18,114,1,0
P021,2024-06-19,113,1,0
P021,2024-06-20,112,1,0
P021,2024-06-21,111,1,0
P021,2024-06-22,109,2,0
P021,2024-06-23,107,2,0
P021,2024-06-24,106,1,0
P021,2024-06-25,105,1,0
P021,2024-06-26,104,1,0
P021,2024-06-27,103,1,0
P021,2024-06-28,101,2,0
P021,2024-06-29,99,2,0
P021,2024-06-30,96,3,0
P021,2024-07-01,149,2,0
P021,2024-07-02,148,1,0
P021,2024-07-03,146,2,0
P021,2024-07-04,145,1,0
P021,2024-07-05,143,2,0
P021,2024-07-06,139,4,0
P021,2024-07-07,137,2,0
P021,2024-07-08,135,2,0
P021,2024-07-09,134,1,0
P021,2024-07-10,132,2,0
P021,2024-07-11,131,1,0
P021,2024-07-12,130,1,0
P021,2024-07-13,129,1,0
P021,2024-07-14,126,3,0
P021,2024-07-15,124,2,0
P021,2024-07-16,123,1,0
P021,2024-07-17,121,2,0
P021,2024-07-18,120,1,0
P021,2024-07-19,119,1,0
P021,2024-07-20,115,4,0
P021,2024-07-21,113,2,0
P021,2024-07-22,112,1,0
P021,2024-07-23,111,1,0
P021,2024-07-24,110,1,0
P021,2024-07-25,109,1,0
P021,2024-07-26,107,2,0
P021,2024-07-27,104,3,0
P021,2024-07-28,101,3,0
P021,2024-07-29,99,2,0
P021,2024-07-30,98,1,0
P021,2024-07-31,97,1,0
P021,2024-08-01,150,2,0
P021,2024-08-02,148,2,0
P021,2024-08-03,146,2,0
P021,2024-08-04,145,1,0
P021,2024-08-05,144,1,0
P021,2024-08-06,143,1,0
P021,2024-08-07,141,2,0
P021,2024-08-08,140,1,0
P021,2024-08-09,138,2,0
P021,2024-08-10,136,2,0
P021,2024-08-11,134,2,0
P021,2024-08-12,132,2,0
P021,2024-08-13,131,1,0
P021,2024-08-14,129,2,0
P021,2024-08-15,127,2,0
P021,2024-08-16,126,1,0
P021,2024-08-17,123,3,0
P021,2024-08-18,122,1,0
P021,2024-08-19,120,2,0
P021,2024-08-20,118,2,0
P021,2024-08-21,117,1,0
P021,2024-08-22,116,1,0
P021,2024-08-23,115,1,0
P021,2024-08-24,112,3,0
P021,2024-08-25,110,2,0
P021,2024-08-26,109,1,0
P021,2024-08-27,108,1,0
P021,2024-08-28,107,1,0
P021,2024-08-29,106,1,0
P021,2024-08-30,104,2,0
P021,2024-08-31,101,3,0
P021,2024-09-01,152,4,0
P021,2024-09-02,150,2,0
P021,2024-09-03,149,1,0
P021,2024-09-04,147,2,0
P021,2024-09-05,145,2,0
P021,2024-09-06,144,1,0
P021,2024-09-07,141,3,0
P021,2024-09-08,139,2,0
P021,2024-09-09,137,2,0
P021,2024-09-10,136,1,0
P021,2024-09-11,134,2,0
P021,2024-09-12,132,2,0
P021,2024-09-13,131,1,0
P021,2024-09-14,129,2,0
P021,2024-09-15,125,4,0
P021,2024-09-16,124,1,0
P021,2024-09-17,123,1,0
P021,2024-09-18,122,1,0
P021,2024-09-19,120,2,0
P021,2024-09-20,119,1,0
P021,2024-09-21,116,3,0
P021,2024-09-22,113,3,0
P021,2024-09-23,112,1,0
P021,2024-09-24,110,2,0
P021,2024-09-25,108,2,0
P021,2024-09-26,106,2,0
P021,2024-09-27,104,2,0
P021,2024-09-28,102,2,0
P021,2024-09-29,100,2,0
P021,2024-09-30,98,2,0
P021,2024-10-01,126,2,0
P021,2024-10-02,125,1,0
P021,2024-10-03,124,1,0
P021,2024-10-04,123,1,0
P021,2024-10-05,120,3,0
P021,2024-10-06,117,3,0
P021,2024-10-07,115,2,0
P021,2024-10-08,114,1,0
P021,2024-10-09,112,2,0
P021,2024-10-10,110,2,0
P021,2024-10-11,109,1,0
P021,2024-10-12,105,4,0
P021,2024-10-13,102,3,0
P021,2024-10-14,100,2,0
P021,2024-10-15,99,1,0
P021,2024-10-16,98,1,0
P021,2024-10-17,95,3,0
P021,2024-10-18,93,2,0
P021,2024-10-19,91,2,0
P021,2024-10-20,88,3,0
P021,2024-10-21,87,1,0
P021,2024-10-22,85,2,0
P021,2024-10-23,83,2,0
P021,2024-10-24,82,1,0
P021,2024-10-25,81,1,0
P021,2024-10-26,78,3,0
P021,2024-10-27,74,4,0
P021,2024-10-28,72,2,0
P021,2024-10-29,70,2,0
P021,2024-10-30,68,2,0
P021,2024-10-31,67,1,0
P021,2024-11-01,93,4,0
P021,2024-11-02,87,6,0
P021,2024-11-03,84,3,0
P021,2024-11-04,82,2,0
P021,2024-11-05,78,4,0
P021,2024-11-06,75,3,0
P021,2024-11-07,71,4,0
P021,2024-11-08,68,3,0
P021,2024-11-09,63,5,0
P021,2024-11-10,58,5,0
P021,2024-11-11,55,3,0
P021,2024-11-12,53,2,0
P021,2024-11-13,51,2,0
P021,2024-11-14,49,2,0
P021,2024-11-15,45,4,0
P021,2024-11-16,39,6,0
P021,2024-11-17,34,5,0
P021,2024-11-18,32,2,0
P021,2024-11-19,28,4,0
P021,2024-11-20,26,2,0
P021,2024-11-21,22,4,0
P021,2024-11-22,20,2,0
P021,2024-11-23,17,3,0
P021,2024-11-24,11,6,0
P021,2024-11-25,7,4,0
P021,2024-11-26,3,4,0
P021,2024-11-27,1,2,0
P021,2024-11-28,0,1,1
P021,2024-11-29,0,0,1
P021,2024-11-30,0,0,1
P021,2024-12-01,25,5,0
P021,2024-12-02,22,3,0
P021,2024-12-03,19,3,0
P021,2024-12-04,17,2,0
P021,2024-12-05,14,3,0
P021,2024-12-06,11,3,0
P021,2024-12-07,7,4,0
P021,2024-12-08,2,5,0
P021,2024-12-09,1,1,0
P021,2024-12-10,0,1,1
P021,2024-12-11,0,0,1
P021,2024-12-12,0,0,1
P021,2024-12-13,0,0,1
P021,2024-12-14,0,0,1
P021,2024-12-15,0,0,1
P021,2024-12-16,0,0,1
P021,2024-12-17,0,0,1
P021,2024-12-18,0,0,1
P021,2024-12-19,0,0,1
P021,2024-12-20,0,0,1
P021,2024-12-21,0,0,1
P021,2024-12-22,0,0,1
P021,2024-12-23,0,0,1
P021,2024-12-24,0,0,1
P021,2024-12-25,0,0,1
P021,2024-12-26,0,0,1
P021,2024-12-27,0,0,1
P021,2024-12-28,0,0,1
P021,2024-12-29,0,0,1
P021,2024-12-30,0,0,1
P021,2024-12-31,0,0,1
P022,2022-01-01,197,3,0
P022,2022-01-02,195,2,0
P022,2022-01-03,194,1,0
P022,2022-01-04,192,2,0
P022,2022-01-05,190,2,0
P022,2022-01-06,189,1,0
P022,2022-01-07,188,1,0
P022,2022-01-08,185,3,0
P022,2022-01-09,183,2,0
P022,2022-01-10,181,2,0
P022,2022-01-11,179,2,0
P022,2022-01-12,178,1,0
P022,2022-01-13,176,2,0
P022,2022-01-14,175,1,0
P022,2022-01-15,172,3,0
P022,2022-01-16,170,2,0
P022,2022-01-17,169,1,0
P022,2022-01-18,168,1,0
P022,2022-01-19,167,1,0
P022,2022-01-20,166,1,0
P022,2022-01-21,165,1,0
P022,2022-01-22,163,2,0
P022,2022-01-23,159,4,0
P022,2022-01-24,157,2,0
P022,2022-01-25,155,2,0
P022,2022-01-26,154,1,0
P022,2022-01-27,152,2,0
P022,2022-01-28,150,2,0
P022,2022-01-29,147,3,0
P022,2022-01-30,143,4,0
P022,2022-01-31,142,1,0
P022,2022-02-01,240,2,0
P022,2022-02-02,238,2,0
P022,2022-02-03,236,2,0
P022,2022-02-04,234,2,0
P022,2022-02-05,232,2,0
P022,2022-02-06,230,2,0
P022,2022-02-07,228,2,0
P022,2022-02-08,226,2,0
P022,2022-02-09,223,3,0
P022,2022-02-10,221,2,0
P022,2022-02-11,220,1,0
P022,2022-02-12,216,4,0
P022,2022-02-13,213,3,0
P022,2022-02-14,212,1,0
P022,2022-02-15,211,1,0
P022,2022-02-16,209,2,0
P022,2022-02-17,208,1,0
P022,2022-02-18,206,2,0
P022,2022-02-19,202,4,0
P022,2022-02-20,198,4,0
P022,2022-02-21,197,1,0
P022,2022-02-22,196,1,0
P022,2022-02-23,195,1,0
P022,2022-02-24,193,2,0
P022,2022-02-25,192,1,0
P022,2022-02-26,189,3,0
P022,2022-02-27,185,4,0
P022,2022-02-28,182,3,0
P022,2022-03-01,280,2,0
P022,2022-03-02,277,3,0
P022,2022-03-03,275,2,0
P022,2022-03-04,273,2,0
P022,2022-03-05,268,5,0
P022,2022-03-06,263,5,0
P022,2022-03-07,262,1,0
P022,2022-03-08,261,1,0
P022,2022-03-09,260,1,0
P022,2022-03-10,257,3,0
P022,2022-03-11,254,3,0
P022,2022-03-12,252,2,0
P022,2022-03-13,248,4,0
P022,2022-03-14,246,2,0
P022,2022-03-15,243,3,0
P022,2022-03-16,241,2,0
P022,2022-03-17,239,2,0
P022,2022-03-18,236,3,0
P022,2022-03-19,232,4,0
P022,2022-03-20,228,4,0
P022,2022-03-21,225,3,0
P022,2022-03-22,223,2,0
P022,2022-03-23,220,3,0
P022,2022-03-24,219,1,0
P022,2022-03-25,217,2,0
P022,2022-03-26,213,4,0
P022,2022-03-27,210,3,0
P022,2022-03-28,209,1,0
P022,2022-03-29,207,2,0
P022,2022-03-30,205,2,0
P022,2022-03-31,203,2,0
P022,2022-04-01,299,4,0
P022,2022-04-02,295,4,0
P022,2022-04-03,292,3,0
P022,2022-04-04,290,2,0
P022,2022-04-05,287,3,0
P022,2022-04-06,285,2,0
P022,2022-04-07,282,3,0
P022,2022-04-08,279,3,0
P022,2022-04-09,276,3,0
P022,2022-04-10,271,5,0
P022,2022-04-11,269,2,0
P022,2022-04-12,266,3,0
P022,2022-04-13,264,2,0
P022,2022-04-14,262,2,0
P022,2022-04-15,261,1,0
P022,2022-04-16,255,6,0
P022,2022-04-17,250,5,0
P022,2022-04-18,247,3,0
P022,2022-04-19,245,2,0
P022,2022-04-20,244,1,0
P022,2022-04-21,241,3,0
P022,2022-04-22,239,2,0
P022,2022-04-23,234,5,0
P022,2022-04-24,230,4,0
P022,2022-04-25,229,1,0
P022,2022-04-26,227,2,0
P022,2022-04-27,224,3,0
P022,2022-04-28,223,1,0
P022,2022-04-29,220,3,0
P022,2022-04-30,214,6,0
P022,2022-05-01,309,5,0
P022,2022-05-02,305,4,0
P022,2022-05-03,301,4,0
P022,2022-05-04,299,2,0
P022,2022-05-05,296,3,0
P022,2022-05-06,294,2,0
P022,2022-05-07,289,5,0
P022,2022-05-08,285,4,0
P022,2022-05-09,282,3,0
P022,2022-05-10,281,1,0
P022,2022-05-11,278,3,0
P022,2022-05-12,276,2,0
P022,2022-05-13,274,2,0
P022,2022-05-14,268,6,0
P022,2022-05-15,264,4,0
P022,2022-05-16,261,3,0
P022,2022-05-17,259,2,0
P022,2022-05-18,258,1,0
P022,2022-05-19,256,2,0
P022,2022-05-20,254,2,0
P022,2022-05-21,251,3,0
P022,2022-05-22,246,5,0
P022,2022-05-23,243,3,0
P022,2022-05-24,241,2,0
P022,2022-05-25,238,3,0
P022,2022-05-26,235,3,0
P022,2022-05-27,233,2,0
P022,2022-05-28,227,6,0
P022,2022-05-29,225,2,0
P022,2022-05-30,222,3,0
P022,2022-05-31,220,2,0
P022,2022-06-01,317,3,0
P022,2022-06-02,315,2,0
P022,2022-06-03,311,4,0
P022,2022-06-04,306,5,0
P022,2022-06-05,300,6,0
P022,2022-06-06,297,3,0
P022,2022-06-07,294,3,0
P022,2022-06-08,291,3,0
P022,2022-06-09,287,4,0
P022,2022-06-10,285,2,0
P022,2022-06-11,280,5,0
P022,2022-06-12,277,3,0
P022,2022-06-13,275,2,0
P022,2022-06-14,272,3,0
P022,2022-06-15,270,2,0
P022,2022-06-16,267,3,0
P022,2022-06-17,263,4,0
P022,2022-06-18,256,7,0
P022,2022-06-19,250,6,0
P022,2022-06-20,248,2,0
P022,2022-06-21,244,4,0
P022,2022-06-22,241,3,0
P022,2022-06-23,239,2,0
P022,2022-06-24,236,3,0
P022,2022-06-25,230,6,0
P022,2022-06-26,225,5,0
P022,2022-06-27,223,2,0
P022,2022-06-28,220,3,0
P022,2022-06-29,218,2,0
P022,2022-06-30,216,2,0
P022,2022-07-01,312,4,0
P022,2022-07-02,309,3,0
P022,2022-07-03,302,7,0
P022,2022-07-04,300,2,0
P022,2022-07-05,296,4,0
P022,2022-07-06,293,3,0
P022,2022-07-07,291,2,0
P022,2022-07-08,289,2,0
P022,2022-07-09,286,3,0
P022,2022-07-10,283,3,0
P022,2022-07-11,281,2,0
P022,2022-07-12,279,2,0
P022,2022-07-13,275,4,0
P022,2022-07-14,272,3,0
P022,2022-07-15,269,3,0
P022,2022-07-16,265,4,0
P022,2022-07-17,262,3,0
P022,2022-07-18,259,3,0
P022,2022-07-19,256,3,0
P022,2022-07-20,253,3,0
P022,2022-07-21,249,4,0
P022,2022-07-22,245,4,0
P022,2022-07-23,241,4,0
P022,2022-07-24,237,4,0
P022,2022-07-25,234,3,0
P022,2022-07-26,232,2,0
P022,2022-07-27,229,3,0
P022,2022-07-28,226,3,0
P022,2022-07-29,223,3,0
P022,2022-07-30,218,5,0
P022,2022-07-31,214,4,0
P022,2022-08-01,312,2,0
P022,2022-08-02,308,4,0
P022,2022-08-03,306,2,0
P022,2022-08-04,304,2,0
P022,2022-08-05,302,2,0
P022,2022-08-06,299,3,0
P022,2022-08-07,296,3,0
P022,2022-08-08,293,3,0
P022,2022-08-09,291,2,0
P022,2022-08-10,289,2,0
P022,2022-08-11,286,3,0
P022,2022-08-12,282,4,0
P022,2022-08-13,279,3,0
P022,2022-08-14,274,5,0
P022,2022-08-15,271,3,0
P022,2022-08-16,268,3,0
P022,2022-08-17,265,3,0
P022,2022-08-18,262,3,0
P022,2022-08-19,259,3,0
P022,2022-08-20,256,3,0
P022,2022-08-21,251,5,0
P022,2022-08-22,248,3,0
P022,2022-08-23,245,3,0
P022,2022-08-24,243,2,0
P022,2022-08-25,240,3,0
P022,2022-08-26,236,4,0
P022,2022-08-27,230,6,0
P022,2022-08-28,225,5,0
P022,2022-08-29,223,2,0
P022,2022-08-30,219,4,0
P022,2022-08-31,215,4,0
P022,2022-09-01,311,4,0
P022,2022-09-02,307,4,0
P022,2022-09-03,302,5,0
P022,2022-09-04,295,7,0
P022,2022-09-05,293,2,0
P022,2022-09-06,290,3,0
P022,2022-09-07,286,4,0
P022,2022-09-08,281,5,0
P022,2022-09-09,277,4,0
P022,2022-09-10,274,3,0
P022,2022-09-11,268,6,0
P022,2022-09-12,266,2,0
P022,2022-09-13,264,2,0
P022,2022-09-14,261,3,0
P022,2022-09-15,259,2,0
P022,2022-09-16,255,4,0
P022,2022-09-17,251,4,0
P022,2022-09-18,244,7,0
P022,2022-09-19,240,4,0
P022,2022-09-20,237,3,0
P022,2022-09-21,235,2,0
P022,2022-09-22,231,4,0
P022,2022-09-23,228,3,0
P022,2022-09-24,223,5,0
P022,2022-09-25,217,6,0
P022,2022-09-26,215,2,0
P022,2022-09-27,213,2,0
P022,2022-09-28,211,2,0
P022,2022-09-29,208,3,0
P022,2022-09-30,206,2,0
P022,2022-10-01,256,5,0
P022,2022-10-02,252,4,0
P022,2022-10-03,250,2,0
P022,2022-10-04,245,5,0
P022,2022-10-05,242,3,0
P022,2022-10-06,239,3,0
P022,2022-10-07,234,5,0
P022,2022-10-08,229,5,0
P022,2022-10-09,224,5,0
P022,2022-10-10,221,3,0
P022,2022-10-11,217,4,0
P022,2022-10-12,212,5,0
P022,2022-10-13,208,4,0
P022,2022-10-14,206,2,0
P022,2022-10-15,198,8,0
P022,2022-10-16,192,6,0
P022,2022-10-17,189,3,0
P022,2022-10-18,186,3,0
P022,2022-10-19,183,3,0
P022,2022-10-20,181,2,0
P022,2022-10-21,178,3,0
P022,2022-10-22,173,5,0
P022,2022-10-23,165,8,0
P022,2022-10-24,162,3,0
P022,2022-10-25,159,3,0
P022,2022-10-26,157,2,0
P022,2022-10-27,154,3,0
P022,2022-10-28,151,3,0
P022,2022-10-29,145,6,0
P022,2022-10-30,138,7,0
P022,2022-10-31,133,5,0
P022,2022-11-01,183,5,0
P022,2022-11-02,176,7,0
P022,2022-11-03,169,7,0
P022,2022-11-04,165,4,0
P022,2022-11-05,153,12,0
P022,2022-11-06,141,12,0
P022,2022-11-07,135,6,0
P022,2022-11-08,131,4,0
P022,2022-11-09,124,7,0
P022,2022-11-10,118,6,0
P022,2022-11-11,114,4,0
P022,2022-11-12,107,7,0
P022,2022-11-13,96,11,0
P022,2022-11-14,91,5,0
P022,2022-11-15,87,4,0
P022,2022-11-16,83,4,0
P022,2022-11-17,75,8,0
P022,2022-11-18,70,5,0
P022,2022-11-19,62,8,0
P022,2022-11-20,57,5,0
P022,2022-11-21,53,4,0
P022,2022-11-22,45,8,0
P022,2022-11-23,41,4,0
P022,2022-11-24,37,4,0
P022,2022-11-25,33,4,0
P022,2022-11-26,27,6,0
P022,2022-11-27,15,12,0
P022,2022-11-28,10,5,0
P022,2022-11-29,3,7,0
P022,2022-11-30,0,3,1
P022,2022-12-01,50,5,0
P022,2022-12-02,44,6,0
P022,2022-12-03,39,5,0
P022,2022-12-04,34,5,0
P022,2022-12-05,30,4,0
P022,2022-12-06,26,4,0
P022,2022-12-07,22,4,0
P022,2022-12-08,18,4,0
P022,2022-12-09,15,3,0
P022,2022-12-10,10,5,0
P022,2022-12-11,4,6,0
P022,2022-12-12,0,4,1
P022,2022-12-13,0,0,1
P022,2022-12-14,0,0,1
P022,2022-12-15,0,0,1
P022,2022-12-16,0,0,1
P022,2022-12-17,0,0,1
P022,2022-12-18,0,0,1
P022,2022-12-19,0,0,1
P022,2022-12-20,0,0,1
P022,2022-12-21,0,0,1
P022,2022-12-22,0,0,1
P022,2022-12-23,0,0,1
P022,2022-12-24,0,0,1
P022,2022-12-25,0,0,1
P022,2022-12-26,0,0,1
P022,2022-12-27,0,0,1
P022,2022-12-28,0,0,1
P022,2022-12-29,0,0,1
P022,2022-12-30,0,0,1
P022,2022-12-31,0,0,1
P022,2023-01-01,96,4,0
P022,2023-01-02,95,1,0
P022,2023-01-03,93,2,0
P022,2023-01-04,91,2,0
P022,2023-01-05,89,2,0
P022,2023-01-06,88,1,0
P022,2023-01-07,84,4,0
P022,2023-01-08,81,3,0
P022,2023-01-09,79,2,0
P022,2023-01-10,77,2,0
P022,2023-01-11,76,1,0
P022,2023-01-12,75,1,0
P022,2023-01-13,73,2,0
P022,2023-01-14,70,3,0
P022,2023-01-15,68,2,0
P022,2023-01-16,67,1,0
P022,2023-01-17,65,2,0
P022,2023-01-18,64,1,0
P022,2023-01-19,62,2,0
P022,2023-01-20,61,1,0
P022,2023-01-21,59,2,0
P022,2023-01-22,58,1,0
P022,2023-01-23,56,2,0
P022,2023-01-24,55,1,0
P022,2023-01-25,53,2,0
P022,2023-01-26,51,2,0
P022,2023-01-27,50,1,0
P022,2023-01-28,48,2,0
P022,2023-01-29,45,3,0
P022,2023-01-30,43,2,0
P022,2023-01-31,41,2,0
P022,2023-02-01,139,2,0
P022,2023-02-02,137,2,0
P022,2023-02-03,134,3,0
P022,2023-02-04,130,4,0
P022,2023-02-05,127,3,0
P022,2023-02-06,125,2,0
P022,2023-02-07,123,2,0
P022,2023-02-08,122,1,0
P022,2023-02-09,121,1,0
P022,2023-02-10,119,2,0
P022,2023-02-11,115,4,0
P022,2023-02-12,113,2,0
P022,2023-02-13,112,1,0
P022,2023-02-14,110,2,0
P022,2023-02-15,109,1,0
P022,2023-02-16,107,2,0
P022,2023-02-17,105,2,0
P022,2023-02-18,102,3,0
P022,2023-02-19,98,4,0
P022,2023-02-20,96,2,0
P022,2023-02-21,93,3,0
P022,2023-02-22,91,2,0
P022,2023-02-23,89,2,0
P022,2023-02-24,87,2,0
P022,2023-02-25,84,3,0
P022,2023-02-26,82,2,0
P022,2023-02-27,80,2,0
P022,2023-02-28,78,2,0
P022,2023-03-01,176,2,0
P022,2023-03-02,175,1,0
P022,2023-03-03,173,2,0
P022,2023-03-04,169,4,0
P022,2023-03-05,164,5,0
P022,2023-03-06,163,1,0
P022,2023-03-07,161,2,0
P022,2023-03-08,158,3,0
P022,2023-03-09,155,3,0
P022,2023-03-10,152,3,0
P022,2023-03-11,150,2,0
P022,2023-03-12,146,4,0
P022,2023-03-13,145,1,0
P022,2023-03-14,142,3,0
P022,2023-03-15,139,3,0
P022,2023-03-16,137,2,0
P022,2023-03-17,134,3,0
P022,2023-03-18,131,3,0
P022,2023-03-19,128,3,0
P022,2023-03-20,125,3,0
P022,2023-03-21,122,3,0
P022,2023-03-22,120,2,0
P022,2023-03-23,117,3,0
P022,2023-03-24,114,3,0
P022,2023-03-25,112,2,0
P022,2023-03-26,107,5,0
P022,2023-03-27,105,2,0
P022,2023-03-28,104,1,0
P022,2023-03-29,101,3,0
P022,2023-03-30,99,2,0
P022,2023-03-31,96,3,0
P022,2023-04-01,193,3,0
P022,2023-04-02,188,5,0
P022,2023-04-03,185,3,0
P022,2023-04-04,182,3,0
P022,2023-04-05,179,3,0
P022,2023-04-06,176,3,0
P022,2023-04-07,173,3,0
P022,2023-04-08,167,6,0
P022,2023-04-09,162,5,0
P022,2023-04-10,158,4,0
P022,2023-04-11,156,2,0
P022,2023-04-12,154,2,0
P022,2023-04-13,152,2,0
P022,2023-04-14,149,3,0
P022,2023-04-15,146,3,0
P022,2023-04-16,141,5,0
P022,2023-04-17,138,3,0
P022,2023-04-18,136,2,0
P022,2023-04-19,133,3,0
P022,2023-04-20,130,3,0
P022,2023-04-21,128,2,0
P022,2023-04-22,124,4,0
P022,2023-04-23,120,4,0
P022,2023-04-24,117,3,0
P022,2023-04-25,115,2,0
P022,2023-04-26,113,2,0
P022,2023-04-27,111,2,0
P022,2023-04-28,107,4,0
P022,2023-04-29,102,5,0
P022,2023-04-30,98,4,0
P022,2023-05-01,196,2,0
P022,2023-05-02,192,4,0
P022,2023-05-03,190,2,0
P022,2023-05-04,187,3,0
P022,2023-05-05,185,2,0
P022,2023-05-06,180,5,0
P022,2023-05-07,177,3,0
P022,2023-05-08,175,2,0
P022,2023-05-09,172,3,0
P022,2023-05-10,170,2,0
P022,2023-05-11,168,2,0
P022,2023-05-12,166,2,0
P022,2023-05-13,163,3,0
P022,2023-05-14,157,6,0
P022,2023-05-15,156,1,0
P022,2023-05-16,153,3,0
P022,2023-05-17,152,1,0
P022,2023-05-18,150,2,0
P022,2023-05-19,147,3,0
P022,2023-05-20,142,5,0
P022,2023-05-21,139,3,0
P022,2023-05-22,137,2,0
P022,2023-05-23,135,2,0
P022,2023-05-24,132,3,0
P022,2023-05-25,128,4,0
P022,2023-05-26,125,3,0
P022,2023-05-27,121,4,0
P022,2023-05-28,117,4,0
P022,2023-05-29,115,2,0
P022,2023-05-30,112,3,0
P022,2023-05-31,110,2,0
P022,2023-06-01,208,2,0
P022,2023-06-02,204,4,0
P022,2023-06-03,199,5,0
P022,2023-06-04,193,6,0
P022,2023-06-05,189,4,0
P022,2023-06-06,186,3,0
P022,2023-06-07,184,2,0
P022,2023-06-08,181,3,0
P022,2023-06-09,179,2,0
P022,2023-06-10,175,4,0
P022,2023-06-11,170,5,0
P022,2023-06-12,166,4,0
P022,2023-06-13,163,3,0
P022,2023-06-14,161,2,0
P022,2023-06-15,157,4,0
P022,2023-06-16,154,3,0
P022,2023-06-17,149,5,0
P022,2023-06-18,146,3,0
P022,2023-06-19,143,3,0
P022,2023-06-20,141,2,0
P022,2023-06-21,137,4,0
P022,2023-06-22,134,3,0
P022,2023-06-23,130,4,0
P022,2023-06-24,127,3,0
P022,2023-06-25,123,4,0
P022,2023-06-26,120,3,0
P022,2023-06-27,117,3,0
P022,2023-06-28,114,3,0
P022,2023-06-29,112,2,0
P022,2023-06-30,108,4,0
P022,2023-07-01,202,6,0
P022,2023-07-02,196,6,0
P022,2023-07-03,192,4,0
P022,2023-07-04,188,4,0
P022,2023-07-05,184,4,0
P022,2023-07-06,181,3,0
P022,2023-07-07,179,2,0
P022,2023-07-08,175,4,0
P022,2023-07-09,171,4,0
P022,2023-07-10,168,3,0
P022,2023-07-11,165,3,0
P022,2023-07-12,162,3,0
P022,2023-07-13,159,3,0
P022,2023-07-14,156,3,0
P022,2023-07-15,150,6,0
P022,2023-07-16,147,3,0
P022,2023-07-17,145,2,0
P022,2023-07-18,141,4,0
P022,2023-07-19,138,3,0
P022,2023-07-20,134,4,0
P022,2023-07-21,130,4,0
P022,2023-07-22,126,4,0
P022,2023-07-23,123,3,0
P022,2023-07-24,121,2,0
P022,2023-07-25,118,3,0
P022,2023-07-26,116,2,0
P022,2023-07-27,113,3,0
P022,2023-07-28,110,3,0
P022,2023-07-29,103,7,0
P022,2023-07-30,98,5,0
P022,2023-07-31,95,3,0
P022,2023-08-01,191,4,0
P022,2023-08-02,189,2,0
P022,2023-08-03,185,4,0
P022,2023-08-04,182,3,0
P022,2023-08-05,177,5,0
P022,2023-08-06,171,6,0
P022,2023-08-07,169,2,0
P022,2023-08-08,167,2,0
P022,2023-08-09,165,2,0
P022,2023-08-10,163,2,0
P022,2023-08-11,161,2,0
P022,2023-08-12,158,3,0
P022,2023-08-13,154,4,0
P022,2023-08-14,152,2,0
P022,2023-08-15,150,2,0
P022,2023-08-16,146,4,0
P022,2023-08-17,143,3,0
P022,2023-08-18,140,3,0
P022,2023-08-19,134,6,0
P022,2023-08-20,130,4,0
P022,2023-08-21,128,2,0
P022,2023-08-22,126,2,0
P022,2023-08-23,122,4,0
P022,2023-08-24,119,3,0
P022,2023-08-25,115,4,0
P022,2023-08-26,112,3,0
P022,2023-08-27,107,5,0
P022,2023-08-28,103,4,0
P022,2023-08-29,99,4,0
P022,2023-08-30,95,4,0
P022,2023-08-31,93,2,0
P022,2023-09-01,190,3,0
P022,2023-09-02,185,5,0
P022,2023-09-03,179,6,0
P022,2023-09-04,177,2,0
P022,2023-09-05,174,3,0
P022,2023-09-06,170,4,0
P022,2023-09-07,166,4,0
P022,2023-09-08,164,2,0
P022,2023-09-09,157,7,0
P022,2023-09-10,152,5,0
P022,2023-09-11,150,2,0
P022,2023-09-12,148,2,0
P022,2023-09-13,144,4,0
P022,2023-09-14,141,3,0
P022,2023-09-15,139,2,0
P022,2023-09-16,132,7,0
P022,2023-09-17,129,3,0
P022,2023-09-18,125,4,0
P022,2023-09-19,123,2,0
P022,2023-09-20,120,3,0
P022,2023-09-21,117,3,0
P022,2023-09-22,115,2,0
P022,2023-09-23,108,7,0
P022,2023-09-24,105,3,0
P022,2023-09-25,101,4,0
P022,2023-09-26,97,4,0
P022,2023-09-27,93,4,0
P022,2023-09-28,89,4,0
P022,2023-09-29,85,4,0
P022,2023-09-30,80,5,0
P022,2023-10-01,128,7,0
P022,2023-10-02,125,3,0
P022,2023-10-03,120,5,0
P022,2023-10-04,116,4,0
P022,2023-10-05,111,5,0
P022,2023-10-06,107,4,0
P022,2023-10-07,99,8,0
P022,2023-10-08,92,7,0
P022,2023-10-09,90,2,0
P022,2023-10-10,88,2,0
P022,2023-10-11,84,4,0
P022,2023-10-12,80,4,0
P022,2023-10-13,77,3,0
P022,2023-10-14,69,8,0
P022,2023-10-15,66,3,0
P022,2023-10-16,63,3,0
P022,2023-10-17,58,5,0
P022,2023-10-18,56,2,0
P022,2023-10-19,51,5,0
P022,2023-10-20,46,5,0
P022,2023-10-21,38,8,0
P022,2023-10-22,32,6,0
P022,2023-10-23,30,2,0
P022,2023-10-24,28,2,0
P022,2023-10-25,23,5,0
P022,2023-10-26,21,2,0
P022,2023-10-27,17,4,0
P022,2023-10-28,9,8,0
P022,2023-10-29,4,5,0
P022,2023-10-30,0,4,1
P022,2023-10-31,0,0,1
P022,2023-11-01,47,8,0
P022,2023-11-02,42,5,0
P022,2023-11-03,34,8,0
P022,2023-11-04,23,11,0
P022,2023-11-05,11,12,0
P022,2023-11-06,5,6,0
P022,2023-11-07,0,5,1
P022,2023-11-08,0,0,1
P022,2023-11-09,0,0,1
P022,2023-11-10,0,0,1
P022,2023-11-11,0,0,1
P022,2023-11-12,0,0,1
P022,2023-11-13,0,0,1
P022,2023-11-14,0,0,1
P022,2023-11-15,0,0,1
P022,2023-11-16,0,0,1
P022,2023-11-17,0,0,1
P022,2023-11-18,0,0,1
P022,2023-11-19,0,0,1
P022,2023-11-20,0,0,1
P022,2023-11-21,0,0,1
P022,2023-11-22,0,0,1
P022,2023-11-23,0,0,1
P022,2023-11-24,0,0,1
P022,2023-11-25,0,0,1
P022,2023-11-26,0,0,1
P022,2023-11-27,0,0,1
P022,2023-11-28,0,0,1
P022,2023-11-29,0,0,1
P022,2023-11-30,0,0,1
P022,2023-12-01,49,6,0
P022,2023-12-02,40,9,0
P022,2023-12-03,29,11,0
P022,2023-12-04,26,3,0
P022,2023-12-05,22,4,0
P022,2023-12-06,16,6,0
P022,2023-12-07,13,3,0
P022,2023-12-08,10,3,0
P022,2023-12-09,4,6,0
P022,2023-12-10,0,4,1
P022,2023-12-11,0,0,1
P022,2023-12-12,0,0,1
P022,2023-12-13,0,0,1
P022,2023-12-14,0,0,1
P022,2023-12-15,0,0,1
P022,2023-12-16,0,0,1
P022,2023-12-17,0,0,1
P022,2023-12-18,0,0,1
P022,2023-12-19,0,0,1
P022,2023-12-20,0,0,1
P022,2023-12-21,0,0,1
P022,2023-12-22,0,0,1
P022,2023-12-23,0,0,1
P022,2023-12-24,0,0,1
P022,2023-12-25,0,0,1
P022,2023-12-26,0,0,1
P022,2023-12-27,0,0,1
P022,2023-12-28,0,0,1
P022,2023-12-29,0,0,1
P022,2023-12-30,0,0,1
P022,2023-12-31,0,0,1
P022,2024-01-01,99,1,0
P022,2024-01-02,97,2,0
P022,2024-01-03,95,2,0
P022,2024-01-04,94,1,0
P022,2024-01-05,93,1,0
P022,2024-01-06,91,2,0
P022,2024-01-07,88,3,0
P022,2024-01-08,86,2,0
P022,2024-01-09,84,2,0
P022,2024-01-10,83,1,0
P022,2024-01-11,81,2,0
P022,2024-01-12,79,2,0
P022,2024-01-13,77,2,0
P022,2024-01-14,74,3,0
P022,2024-01-15,72,2,0
P022,2024-01-16,71,1,0
P022,2024-01-17,69,2,0
P022,2024-01-18,68,1,0
P022,2024-01-19,66,2,0
P022,2024-01-20,63,3,0
P022,2024-01-21,59,4,0
P022,2024-01-22,58,1,0
P022,2024-01-23,56,2,0
P022,2024-01-24,54,2,0
P022,2024-01-25,53,1,0
P022,2024-01-26,52,1,0
P022,2024-01-27,49,3,0
P022,2024-01-28,48,1,0
P022,2024-01-29,46,2,0
P022,2024-01-30,45,1,0
P022,2024-01-31,44,1,0
P022,2024-02-01,141,3,0
P022,2024-02-02,139,2,0
P022,2024-02-03,135,4,0
P022,2024-02-04,133,2,0
P022,2024-02-05,132,1,0
P022,2024-02-06,130,2,0
P022,2024-02-07,128,2,0
P022,2024-02-08,127,1,0
P022,2024-02-09,124,3,0
P022,2024-02-10,120,4,0
P022,2024-02-11,116,4,0
P022,2024-02-12,114,2,0
P022,2024-02-13,113,1,0
P022,2024-02-14,111,2,0
P022,2024-02-15,109,2,0
P022,2024-02-16,106,3,0
P022,2024-02-17,103,3,0
P022,2024-02-18,100,3,0
P022,2024-02-19,99,1,0
P022,2024-02-20,97,2,0
P022,2024-02-21,94,3,0
P022,2024-02-22,93,1,0
P022,2024-02-23,92,1,0
P022,2024-02-24,88,4,0
P022,2024-02-25,84,4,0
P022,2024-02-26,82,2,0
P022,2024-02-27,81,1,0
P022,2024-02-28,80,1,0
P022,2024-02-29,79,1,0
P022,2024-03-01,176,3,0
P022,2024-03-02,174,2,0
P022,2024-03-03,169,5,0
P022,2024-03-04,166,3,0
P022,2024-03-05,163,3,0
P022,2024-03-06,160,3,0
P022,2024-03-07,159,1,0
P022,2024-03-08,158,1,0
P022,2024-03-09,155,3,0
P022,2024-03-10,152,3,0
P022,2024-03-11,150,2,0
P022,2024-03-12,147,3,0
P022,2024-03-13,145,2,0
P022,2024-03-14,142,3,0
P022,2024-03-15,140,2,0
P022,2024-03-16,137,3,0
P022,2024-03-17,135,2,0
P022,2024-03-18,134,1,0
P022,2024-03-19,133,1,0
P022,2024-03-20,131,2,0
P022,2024-03-21,128,3,0
P022,2024-03-22,125,3,0
P022,2024-03-23,120,5,0
P022,2024-03-24,116,4,0
P022,2024-03-25,113,3,0
P022,2024-03-26,110,3,0
P022,2024-03-27,108,2,0
P022,2024-03-28,105,3,0
P022,2024-03-29,103,2,0
P022,2024-03-30,100,3,0
P022,2024-03-31,98,2,0
P022,2024-04-01,196,2,0
P022,2024-04-02,194,2,0
P022,2024-04-03,190,4,0
P022,2024-04-04,187,3,0
P022,2024-04-05,183,4,0
P022,2024-04-06,180,3,0
P022,2024-04-07,175,5,0
P022,2024-04-08,173,2,0
P022,2024-04-09,172,1,0
P022,2024-04-10,169,3,0
P022,2024-04-11,167,2,0
P022,2024-04-12,164,3,0
P022,2024-04-13,158,6,0
P022,2024-04-14,152,6,0
P022,2024-04-15,150,2,0
P022,2024-04-16,146,4,0
P022,2024-04-17,144,2,0
P022,2024-04-18,141,3,0
P022,2024-04-19,139,2,0
P022,2024-04-20,137,2,0
P022,2024-04-21,132,5,0
P022,2024-04-22,128,4,0
P022,2024-04-23,125,3,0
P022,2024-04-24,123,2,0
P022,2024-04-25,119,4,0
P022,2024-04-26,116,3,0
P022,2024-04-27,110,6,0
P022,2024-04-28,107,3,0
P022,2024-04-29,104,3,0
P022,2024-04-30,102,2,0
P022,2024-05-01,199,3,0
P022,2024-05-02,195,4,0
P022,2024-05-03,192,3,0
P022,2024-05-04,188,4,0
P022,2024-05-05,183,5,0
P022,2024-05-06,181,2,0
P022,2024-05-07,178,3,0
P022,2024-05-08,176,2,0
P022,2024-05-09,173,3,0
P022,2024-05-10,171,2,0
P022,2024-05-11,166,5,0
P022,2024-05-12,160,6,0
P022,2024-05-13,158,2,0
P022,2024-05-14,155,3,0
P022,2024-05-15,151,4,0
P022,2024-05-16,148,3,0
P022,2024-05-17,145,3,0
P022,2024-05-18,142,3,0
P022,2024-05-19,137,5,0
P022,2024-05-20,134,3,0
P022,2024-05-21,131,3,0
P022,2024-05-22,129,2,0
P022,2024-05-23,126,3,0
P022,2024-05-24,124,2,0
P022,2024-05-25,120,4,0
P022,2024-05-26,117,3,0
P022,2024-05-27,114,3,0
P022,2024-05-28,113,1,0
P022,2024-05-29,109,4,0
P022,2024-05-30,106,3,0
P022,2024-05-31,104,2,0
P022,2024-06-01,201,3,0
P022,2024-06-02,195,6,0
P022,2024-06-03,193,2,0
P022,2024-06-04,190,3,0
P022,2024-06-05,186,4,0
P022,2024-06-06,184,2,0
P022,2024-06-07,180,4,0
P022,2024-06-08,174,6,0
P022,2024-06-09,171,3,0
P022,2024-06-10,168,3,0
P022,2024-06-11,164,4,0
P022,2024-06-12,161,3,0
P022,2024-06-13,159,2,0
P022,2024-06-14,156,3,0
P022,2024-06-15,152,4,0
P022,2024-06-16,149,3,0
P022,2024-06-17,147,2,0
P022,2024-06-18,144,3,0
P022,2024-06-19,142,2,0
P022,2024-06-20,138,4,0
P022,2024-06-21,135,3,0
P022,2024-06-22,131,4,0
P022,2024-06-23,125,6,0
P022,2024-06-24,122,3,0
P022,2024-06-25,120,2,0
P022,2024-06-26,117,3,0
P022,2024-06-27,115,2,0
P022,2024-06-28,112,3,0
P022,2024-06-29,105,7,0
P022,2024-06-30,101,4,0
P022,2024-07-01,199,2,0
P022,2024-07-02,195,4,0
P022,2024-07-03,192,3,0
P022,2024-07-04,190,2,0
P022,2024-07-05,187,3,0
P022,2024-07-06,182,5,0
P022,2024-07-07,178,4,0
P022,2024-07-08,176,2,0
P022,2024-07-09,172,4,0
P022,2024-07-10,169,3,0
P022,2024-07-11,166,3,0
P022,2024-07-12,163,3,0
P022,2024-07-13,157,6,0
P022,2024-07-14,151,6,0
P022,2024-07-15,148,3,0
P022,2024-07-16,146,2,0
P022,2024-07-17,144,2,0
P022,2024-07-18,141,3,0
P022,2024-07-19,137,4,0
P022,2024-07-20,133,4,0
P022,2024-07-21,127,6,0
P022,2024-07-22,124,3,0
P022,2024-07-23,120,4,0
P022,2024-07-24,116,4,0
P022,2024-07-25,113,3,0
P022,2024-07-26,109,4,0
P022,2024-07-27,104,5,0
P022,2024-07-28,99,5,0
P022,2024-07-29,97,2,0
P022,2024-07-30,95,2,0
P022,2024-07-31,91,4,0
P022,2024-08-01,188,3,0
P022,2024-08-02,184,4,0
P022,2024-08-03,179,5,0
P022,2024-08-04,175,4,0
P022,2024-08-05,172,3,0
P022,2024-08-06,169,3,0
P022,2024-08-07,167,2,0
P022,2024-08-08,165,2,0
P022,2024-08-09,163,2,0
P022,2024-08-10,157,6,0
P022,2024-08-11,151,6,0
P022,2024-08-12,147,4,0
P022,2024-08-13,145,2,0
P022,2024-08-14,143,2,0
P022,2024-08-15,140,3,0
P022,2024-08-16,136,4,0
P022,2024-08-17,131,5,0
P022,2024-08-18,126,5,0
P022,2024-08-19,123,3,0
P022,2024-08-20,120,3,0
P022,2024-08-21,117,3,0
P022,2024-08-22,114,3,0
P022,2024-08-23,111,3,0
P022,2024-08-24,105,6,0
P022,2024-08-25,100,5,0
P022,2024-08-26,98,2,0
P022,2024-08-27,95,3,0
P022,2024-08-28,91,4,0
P022,2024-08-29,87,4,0
P022,2024-08-30,84,3,0
P022,2024-08-31,78,6,0
P022,2024-09-01,175,3,0
P022,2024-09-02,172,3,0
P022,2024-09-03,168,4,0
P022,2024-09-04,164,4,0
P022,2024-09-05,162,2,0
P022,2024-09-06,159,3,0
P022,2024-09-07,153,6,0
P022,2024-09-08,147,6,0
P022,2024-09-09,144,3,0
P022,2024-09-10,141,3,0
P022,2024-09-11,138,3,0
P022,2024-09-12,136,2,0
P022,2024-09-13,131,5,0
P022,2024-09-14,127,4,0
P022,2024-09-15,123,4,0
P022,2024-09-16,121,2,0
P022,2024-09-17,119,2,0
P022,2024-09-18,115,4,0
P022,2024-09-19,111,4,0
P022,2024-09-20,107,4,0
P022,2024-09-21,101,6,0
P022,2024-09-22,95,6,0
P022,2024-09-23,93,2,0
P022,2024-09-24,88,5,0
P022,2024-09-25,86,2,0
P022,2024-09-26,83,3,0
P022,2024-09-27,81,2,0
P022,2024-09-28,77,4,0
P022,2024-09-29,72,5,0
P022,2024-09-30,70,2,0
P022,2024-10-01,121,4,0
P022,2024-10-02,119,2,0
P022,2024-10-03,115,4,0
P022,2024-10-04,112,3,0
P022,2024-10-05,108,4,0
P022,2024-10-06,101,7,0
P022,2024-10-07,98,3,0
P022,2024-10-08,95,3,0
P022,2024-10-09,91,4,0
P022,2024-10-10,87,4,0
P022,2024-10-11,84,3,0
P022,2024-10-12,77,7,0
P022,2024-10-13,69,8,0
P022,2024-10-14,65,4,0
P022,2024-10-15,62,3,0
P022,2024-10-16,57,5,0
P022,2024-10-17,53,4,0
P022,2024-10-18,48,5,0
P022,2024-10-19,43,5,0
P022,2024-10-20,36,7,0
P022,2024-10-21,32,4,0
P022,2024-10-22,30,2,0
P022,2024-10-23,27,3,0
P022,2024-10-24,25,2,0
P022,2024-10-25,20,5,0
P022,2024-10-26,14,6,0
P022,2024-10-27,9,5,0
P022,2024-10-28,7,2,0
P022,2024-10-29,4,3,0
P022,2024-10-30,1,3,0
P022,2024-10-31,0,1,1
P022,2024-11-01,50,5,0
P022,2024-11-02,44,6,0
P022,2024-11-03,34,10,0
P022,2024-11-04,30,4,0
P022,2024-11-05,24,6,0
P022,2024-11-06,19,5,0
P022,2024-11-07,14,5,0
P022,2024-11-08,7,7,0
P022,2024-11-09,1,6,0
P022,2024-11-10,0,1,1
P022,2024-11-11,0,0,1
P022,2024-11-12,0,0,1
P022,2024-11-13,0,0,1
P022,2024-11-14,0,0,1
P022,2024-11-15,0,0,1
P022,2024-11-16,0,0,1
P022,2024-11-17,0,0,1
P022,2024-11-18,0,0,1
P022,2024-11-19,0,0,1
P022,2024-11-20,0,0,1
P022,2024-11-21,0,0,1
P022,2024-11-22,0,0,1
P022,2024-11-23,0,0,1
P022,2024-11-24,0,0,1
P022,2024-11-25,0,0,1
P022,2024-11-26,0,0,1
P022,2024-11-27,0,0,1
P022,2024-11-28,0,0,1
P022,2024-11-29,0,0,1
P022,2024-11-30,0,0,1
P022,2024-12-01,46,9,0
P022,2024-12-02,40,6,0
P022,2024-12-03,37,3,0
P022,2024-12-04,34,3,0
P022,2024-12-05,29,5,0
P022,2024-12-06,26,3,0
P022,2024-12-07,17,9,0
P022,2024-12-08,6,11,0
P022,2024-12-09,3,3,0
P022,2024-12-10,0,3,1
P022,2024-12-11,0,0,1
P022,2024-12-12,0,0,1
P022,2024-12-13,0,0,1
P022,2024-12-14,0,0,1
P022,2024-12-15,0,0,1
P022,2024-12-16,0,0,1
P022,2024-12-17,0,0,1
P022,2024-12-18,0,0,1
P022,2024-12-19,0,0,1
P022,2024-12-20,0,0,1
P022,2024-12-21,0,0,1
P022,2024-12-22,0,0,1
P022,2024-12-23,0,0,1
P022,2024-12-24,0,0,1
P022,2024-12-25,0,0,1
P022,2024-12-26,0,0,1
P022,2024-12-27,0,0,1
P022,2024-12-28,0,0,1
P022,2024-12-29,0,0,1
P022,2024-12-30,0,0,1
P022,2024-12-31,0,0,1
P023,2022-01-01,197,3,0
P023,2022-01-02,195,2,0
P023,2022-01-03,194,1,0
P023,2022-01-04,193,1,0
P023,2022-01-05,191,2,0
P023,2022-01-06,189,2,0
P023,2022-01-07,187,2,0
P023,2022-01-08,184,3,0
P023,2022-01-09,181,3,0
P023,2022-01-10,179,2,0
P023,2022-01-11,177,2,0
P023,2022-01-12,175,2,0
P023,2022-01-13,174,1,0
P023,2022-01-14,172,2,0
P023,2022-01-15,170,2,0
P023,2022-01-16,167,3,0
P023,2022-01-17,166,1,0
P023,2022-01-18,165,1,0
P023,2022-01-19,164,1,0
P023,2022-01-20,162,2,0
P023,2022-01-21,161,1,0
P023,2022-01-22,158,3,0
P023,2022-01-23,157,1,0
P023,2022-01-24,155,2,0
P023,2022-01-25,153,2,0
P023,2022-01-26,151,2,0
P023,2022-01-27,150,1,0
P023,2022-01-28,149,1,0
P023,2022-01-29,147,2,0
P023,2022-01-30,144,3,0
P023,2022-01-31,143,1,0
P023,2022-02-01,242,1,0
P023,2022-02-02,240,2,0
P023,2022-02-03,238,2,0
P023,2022-02-04,237,1,0
P023,2022-02-05,233,4,0
P023,2022-02-06,229,4,0
P023,2022-02-07,228,1,0
P023,2022-02-08,226,2,0
P023,2022-02-09,224,2,0
P023,2022-02-10,222,2,0
P023,2022-02-11,221,1,0
P023,2022-02-12,217,4,0
P023,2022-02-13,215,2,0
P023,2022-02-14,212,3,0
P023,2022-02-15,210,2,0
P023,2022-02-16,209,1,0
P023,2022-02-17,206,3,0
P023,2022-02-18,205,1,0
P023,2022-02-19,202,3,0
P023,2022-02-20,200,2,0
P023,2022-02-21,198,2,0
P023,2022-02-22,197,1,0
P023,2022-02-23,195,2,0
P023,2022-02-24,193,2,0
P023,2022-02-25,192,1,0
P023,2022-02-26,188,4,0
P023,2022-02-27,185,3,0
P023,2022-02-28,183,2,0
P023,2022-03-01,280,3,0
P023,2022-03-02,278,2,0
P023,2022-03-03,276,2,0
P023,2022-03-04,273,3,0
P023,2022-03-05,270,3,0
P023,2022-03-06,266,4,0
P023,2022-03-07,264,2,0
P023,2022-03-08,261,3,0
P023,2022-03-09,258,3,0
P023,2022-03-10,255,3,0
P023,2022-03-11,253,2,0
P023,2022-03-12,250,3,0
P023,2022-03-13,247,3,0
P023,2022-03-14,244,3,0
P023,2022-03-15,241,3,0
P023,2022-03-16,238,3,0
P023,2022-03-17,236,2,0
P023,2022-03-18,233,3,0
P023,2022-03-19,229,4,0
P023,2022-03-20,224,5,0
P023,2022-03-21,223,1,0
P023,2022-03-22,221,2,0
P023,2022-03-23,219,2,0
P023,2022-03-24,216,3,0
P023,2022-03-25,213,3,0
P023,2022-03-26,210,3,0
P023,2022-03-27,207,3,0
P023,2022-03-28,206,1,0
P023,2022-03-29,203,3,0
P023,2022-03-30,201,2,0
P023,2022-03-31,199,2,0
P023,2022-04-01,296,3,0
P023,2022-04-02,292,4,0
P023,2022-04-03,288,4,0
P023,2022-04-04,286,2,0
P023,2022-04-05,284,2,0
P023,2022-04-06,282,2,0
P023,2022-04-07,279,3,0
P023,2022-04-08,276,3,0
P023,2022-04-09,272,4,0
P023,2022-04-10,267,5,0
P023,2022-04-11,263,4,0
P023,2022-04-12,259,4,0
P023,2022-04-13,256,3,0
P023,2022-04-14,254,2,0
P023,2022-04-15,253,1,0
P023,2022-04-16,247,6,0
P023,2022-04-17,243,4,0
P023,2022-04-18,241,2,0
P023,2022-04-19,240,1,0
P023,2022-04-20,237,3,0
P023,2022-04-21,235,2,0
P023,2022-04-22,232,3,0
P023,2022-04-23,226,6,0
P023,2022-04-24,220,6,0
P023,2022-04-25,217,3,0
P023,2022-04-26,215,2,0
P023,2022-04-27,213,2,0
P023,2022-04-28,210,3,0
P023,2022-04-29,208,2,0
P023,2022-04-30,202,6,0
P023,2022-05-01,296,6,0
P023,2022-05-02,294,2,0
P023,2022-05-03,292,2,0
P023,2022-05-04,288,4,0
P023,2022-05-05,285,3,0
P023,2022-05-06,283,2,0
P023,2022-05-07,278,5,0
P023,2022-05-08,272,6,0
P023,2022-05-09,270,2,0
P023,2022-05-10,269,1,0
P023,2022-05-11,266,3,0
P023,2022-05-12,263,3,0
P023,2022-05-13,260,3,0
P023,2022-05-14,255,5,0
P023,2022-05-15,249,6,0
P023,2022-05-16,247,2,0
P023,2022-05-17,244,3,0
P023,2022-05-18,241,3,0
P023,2022-05-19,240,1,0
P023,2022-05-20,237,3,0
P023,2022-05-21,232,5,0
P023,2022-05-22,227,5,0
P023,2022-05-23,224,3,0
P023,2022-05-24,222,2,0
P023,2022-05-25,220,2,0
P023,2022-05-26,218,2,0
P023,2022-05-27,214,4,0
P023,2022-05-28,211,3,0
P023,2022-05-29,208,3,0
P023,2022-05-30,206,2,0
P023,2022-05-31,204,2,0
P023,2022-06-01,300,4,0
P023,2022-06-02,298,2,0
P023,2022-06-03,296,2,0
P023,2022-06-04,293,3,0
P023,2022-06-05,288,5,0
P023,2022-06-06,286,2,0
P023,2022-06-07,283,3,0
P023,2022-06-08,281,2,0
P023,2022-06-09,278,3,0
P023,2022-06-10,275,3,0
P023,2022-06-11,271,4,0
P023,2022-06-12,266,5,0
P023,2022-06-13,264,2,0
P023,2022-06-14,262,2,0
P023,2022-06-15,259,3,0
P023,2022-06-16,255,4,0
P023,2022-06-17,253,2,0
P023,2022-06-18,249,4,0
P023,2022-06-19,245,4,0
P023,2022-06-20,242,3,0
P023,2022-06-21,239,3,0
P023,2022-06-22,237,2,0
P023,2022-06-23,234,3,0
P023,2022-06-24,232,2,0
P023,2022-06-25,226,6,0
P023,2022-06-26,222,4,0
P023,2022-06-27,218,4,0
P023,2022-06-28,216,2,0
P023,2022-06-29,214,2,0
P023,2022-06-30,212,2,0
P023,2022-07-01,309,3,0
P023,2022-07-02,305,4,0
P023,2022-07-03,302,3,0
P023,2022-07-04,300,2,0
P023,2022-07-05,298,2,0
P023,2022-07-06,296,2,0
P023,2022-07-07,293,3,0
P023,2022-07-08,291,2,0
P023,2022-07-09,285,6,0
P023,2022-07-10,281,4,0
P023,2022-07-11,278,3,0
P023,2022-07-12,276,2,0
P023,2022-07-13,273,3,0
P023,2022-07-14,269,4,0
P023,2022-07-15,266,3,0
P023,2022-07-16,261,5,0
P023,2022-07-17,257,4,0
P023,2022-07-18,255,2,0
P023,2022-07-19,251,4,0
P023,2022-07-20,247,4,0
P023,2022-07-21,243,4,0
P023,2022-07-22,240,3,0
P023,2022-07-23,236,4,0
P023,2022-07-24,233,3,0
P023,2022-07-25,230,3,0
P023,2022-07-26,228,2,0
P023,2022-07-27,225,3,0
P023,2022-07-28,221,4,0
P023,2022-07-29,219,2,0
P023,2022-07-30,215,4,0
P023,2022-07-31,208,7,0
P023,2022-08-01,306,2,0
P023,2022-08-02,304,2,0
P023,2022-08-03,302,2,0
P023,2022-08-04,298,4,0
P023,2022-08-05,295,3,0
P023,2022-08-06,292,3,0
P023,2022-08-07,286,6,0
P023,2022-08-08,283,3,0
P023,2022-08-09,279,4,0
P023,2022-08-10,276,3,0
P023,2022-08-11,273,3,0
P023,2022-08-12,271,2,0
P023,2022-08-13,266,5,0
P023,2022-08-14,260,6,0
P023,2022-08-15,256,4,0
P023,2022-08-16,254,2,0
P023,2022-08-17,252,2,0
P023,2022-08-18,250,2,0
P023,2022-08-19,248,2,0
P023,2022-08-20,243,5,0
P023,2022-08-21,237,6,0
P023,2022-08-22,234,3,0
P023,2022-08-23,231,3,0
P023,2022-08-24,228,3,0
P023,2022-08-25,224,4,0
P023,2022-08-26,222,2,0
P023,2022-08-27,219,3,0
P023,2022-08-28,214,5,0
P023,2022-08-29,211,3,0
P023,2022-08-30,207,4,0
P023,2022-08-31,204,3,0
P023,2022-09-01,299,5,0
P023,2022-09-02,295,4,0
P023,2022-09-03,288,7,0
P023,2022-09-04,285,3,0
P023,2022-09-05,283,2,0
P023,2022-09-06,279,4,0
P023,2022-09-07,276,3,0
P023,2022-09-08,273,3,0
P023,2022-09-09,271,2,0
P023,2022-09-10,267,4,0
P023,2022-09-11,263,4,0
P023,2022-09-12,260,3,0
P023,2022-09-13,256,4,0
P023,2022-09-14,254,2,0
P023,2022-09-15,250,4,0
P023,2022-09-16,247,3,0
P023,2022-09-17,240,7,0
P023,2022-09-18,237,3,0
P023,2022-09-19,234,3,0
P023,2022-09-20,230,4,0
P023,2022-09-21,225,5,0
P023,2022-09-22,223,2,0
P023,2022-09-23,219,4,0
P023,2022-09-24,215,4,0
P023,2022-09-25,208,7,0
P023,2022-09-26,204,4,0
P023,2022-09-27,201,3,0
P023,2022-09-28,197,4,0
P023,2022-09-29,192,5,0
P023,2022-09-30,188,4,0
P023,2022-10-01,237,6,0
P023,2022-10-02,232,5,0
P023,2022-10-03,227,5,0
P023,2022-10-04,223,4,0
P023,2022-10-05,219,4,0
P023,2022-10-06,217,2,0
P023,2022-10-07,213,4,0
P023,2022-10-08,209,4,0
P023,2022-10-09,205,4,0
P023,2022-10-10,201,4,0
P023,2022-10-11,198,3,0
P023,2022-10-12,195,3,0
P023,2022-10-13,190,5,0
P023,2022-10-14,187,3,0
P023,2022-10-15,181,6,0
P023,2022-10-16,177,4,0
P023,2022-10-17,174,3,0
P023,2022-10-18,172,2,0
P023,2022-10-19,167,5,0
P023,2022-10-20,165,2,0
P023,2022-10-21,162,3,0
P023,2022-10-22,156,6,0
P023,2022-10-23,151,5,0
P023,2022-10-24,148,3,0
P023,2022-10-25,144,4,0
P023,2022-10-26,141,3,0
P023,2022-10-27,136,5,0
P023,2022-10-28,134,2,0
P023,2022-10-29,126,8,0
P023,2022-10-30,122,4,0
P023,2022-10-31,117,5,0
P023,2022-11-01,167,5,0
P023,2022-11-02,160,7,0
P023,2022-11-03,152,8,0
P023,2022-11-04,149,3,0
P023,2022-11-05,143,6,0
P023,2022-11-06,133,10,0
P023,2022-11-07,126,7,0
P023,2022-11-08,120,6,0
P023,2022-11-09,115,5,0
P023,2022-11-10,109,6,0
P023,2022-11-11,102,7,0
P023,2022-11-12,94,8,0
P023,2022-11-13,83,11,0
P023,2022-11-14,79,4,0
P023,2022-11-15,72,7,0
P023,2022-11-16,68,4,0
P023,2022-11-17,62,6,0
P023,2022-11-18,55,7,0
P023,2022-11-19,48,7,0
P023,2022-11-20,38,10,0
P023,2022-11-21,33,5,0
P023,2022-11-22,26,7,0
P023,2022-11-23,22,4,0
P023,2022-11-24,18,4,0
P023,2022-11-25,11,7,0
P023,2022-11-26,0,11,1
P023,2022-11-27,0,0,1
P023,2022-11-28,0,0,1
P023,2022-11-29,0,0,1
P023,2022-11-30,0,0,1
P023,2022-12-01,48,7,0
P023,2022-12-02,43,5,0
P023,2022-12-03,33,10,0
P023,2022-12-04,23,10,0
P023,2022-12-05,17,6,0
P023,2022-12-06,12,5,0
P023,2022-12-07,5,7,0
P023,2022-12-08,0,5,1
P023,2022-12-09,0,0,1
P023,2022-12-10,0,0,1
P023,2022-12-11,0,0,1
P023,2022-12-12,0,0,1
P023,2022-12-13,0,0,1
P023,2022-12-14,0,0,1
P023,2022-12-15,0,0,1
P023,2022-12-16,0,0,1
P023,2022-12-17,0,0,1
P023,2022-12-18,0,0,1
P023,2022-12-19,0,0,1
P023,2022-12-20,0,0,1
P023,2022-12-21,0,0,1
P023,2022-12-22,0,0,1
P023,2022-12-23,0,0,1
P023,2022-12-24,0,0,1
P023,2022-12-25,0,0,1
P023,2022-12-26,0,0,1
P023,2022-12-27,0,0,1
P023,2022-12-28,0,0,1
P023,2022-12-29,0,0,1
P023,2022-12-30,0,0,1
P023,2022-12-31,0,0,1
P023,2023-01-01,97,3,0
P023,2023-01-02,96,1,0
P023,2023-01-03,95,1,0
P023,2023-01-04,93,2,0
P023,2023-01-05,92,1,0
P023,2023-01-06,91,1,0
P023,2023-01-07,89,2,0
P023,2023-01-08,87,2,0
P023,2023-01-09,85,2,0
P023,2023-01-10,83,2,0
P023,2023-01-11,82,1,0
P023,2023-01-12,81,1,0
P023,2023-01-13,80,1,0
P023,2023-01-14,79,1,0
P023,2023-01-15,76,3,0
P023,2023-01-16,74,2,0
P023,2023-01-17,72,2,0
P023,2023-01-18,71,1,0
P023,2023-01-19,69,2,0
P023,2023-01-20,68,1,0
P023,2023-01-21,65,3,0
P023,2023-01-22,63,2,0
P023,2023-01-23,61,2,0
P023,2023-01-24,59,2,0
P023,2023-01-25,57,2,0
P023,2023-01-26,56,1,0
P023,2023-01-27,54,2,0
P023,2023-01-28,51,3,0
P023,2023-01-29,47,4,0
P023,2023-01-30,45,2,0
P023,2023-01-31,44,1,0
P023,2023-02-01,142,2,0
P023,2023-02-02,141,1,0
P023,2023-02-03,140,1,0
P023,2023-02-04,138,2,0
P023,2023-02-05,136,2,0
P023,2023-02-06,134,2,0
P023,2023-02-07,132,2,0
P023,2023-02-08,130,2,0
P023,2023-02-09,129,1,0
P023,2023-02-10,126,3,0
P023,2023-02-11,123,3,0
P023,2023-02-12,121,2,0
P023,2023-02-13,119,2,0
P023,2023-02-14,117,2,0
P023,2023-02-15,115,2,0
P023,2023-02-16,113,2,0
P023,2023-02-17,111,2,0
P023,2023-02-18,107,4,0
P023,2023-02-19,103,4,0
P023,2023-02-20,101,2,0
P023,2023-02-21,100,1,0
P023,2023-02-22,97,3,0
P023,2023-02-23,95,2,0
P023,2023-02-24,92,3,0
P023,2023-02-25,89,3,0
P023,2023-02-26,85,4,0
P023,2023-02-27,84,1,0
P023,2023-02-28,83,1,0
P023,2023-03-01,181,2,0
P023,2023-03-02,179,2,0
P023,2023-03-03,178,1,0
P023,2023-03-04,175,3,0
P023,2023-03-05,171,4,0
P023,2023-03-06,168,3,0
P023,2023-03-07,167,1,0
P023,2023-03-08,165,2,0
P023,2023-03-09,163,2,0
P023,2023-03-10,161,2,0
P023,2023-03-11,157,4,0
P023,2023-03-12,153,4,0
P023,2023-03-13,151,2,0
P023,2023-03-14,149,2,0
P023,2023-03-15,147,2,0
P023,2023-03-16,146,1,0
P023,2023-03-17,144,2,0
P023,2023-03-18,139,5,0
P023,2023-03-19,137,2,0
P023,2023-03-20,135,2,0
P023,2023-03-21,132,3,0
P023,2023-03-22,130,2,0
P023,2023-03-23,128,2,0
P023,2023-03-24,125,3,0
P023,2023-03-25,120,5,0
P023,2023-03-26,117,3,0
P023,2023-03-27,115,2,0
P023,2023-03-28,112,3,0
P023,2023-03-29,109,3,0
P023,2023-03-30,107,2,0
P023,2023-03-31,104,3,0
P023,2023-04-01,201,3,0
P023,2023-04-02,197,4,0
P023,2023-04-03,195,2,0
P023,2023-04-04,192,3,0
P023,2023-04-05,190,2,0
P023,2023-04-06,187,3,0
P023,2023-04-07,185,2,0
P023,2023-04-08,180,5,0
P023,2023-04-09,175,5,0
P023,2023-04-10,172,3,0
P023,2023-04-11,169,3,0
P023,2023-04-12,166,3,0
P023,2023-04-13,164,2,0
P023,2023-04-14,161,3,0
P023,2023-04-15,155,6,0
P023,2023-04-16,149,6,0
P023,2023-04-17,147,2,0
P023,2023-04-18,144,3,0
P023,2023-04-19,142,2,0
P023,2023-04-20,139,3,0
P023,2023-04-21,136,3,0
P023,2023-04-22,131,5,0
P023,2023-04-23,129,2,0
P023,2023-04-24,128,1,0
P023,2023-04-25,125,3,0
P023,2023-04-26,123,2,0
P023,2023-04-27,121,2,0
P023,2023-04-28,118,3,0
P023,2023-04-29,113,5,0
P023,2023-04-30,110,3,0
P023,2023-05-01,208,2,0
P023,2023-05-02,205,3,0
P023,2023-05-03,201,4,0
P023,2023-05-04,198,3,0
P023,2023-05-05,196,2,0
P023,2023-05-06,193,3,0
P023,2023-05-07,188,5,0
P023,2023-05-08,186,2,0
P023,2023-05-09,182,4,0
P023,2023-05-10,179,3,0
P023,2023-05-11,177,2,0
P023,2023-05-12,174,3,0
P023,2023-05-13,169,5,0
P023,2023-05-14,163,6,0
P023,2023-05-15,161,2,0
P023,2023-05-16,159,2,0
P023,2023-05-17,158,1,0
P023,2023-05-18,156,2,0
P023,2023-05-19,152,4,0
P023,2023-05-20,147,5,0
P023,2023-05-21,141,6,0
P023,2023-05-22,138,3,0
P023,2023-05-23,136,2,0
P023,2023-05-24,135,1,0
P023,2023-05-25,132,3,0
P023,2023-05-26,131,1,0
P023,2023-05-27,126,5,0
P023,2023-05-28,120,6,0
P023,2023-05-29,117,3,0
P023,2023-05-30,115,2,0
P023,2023-05-31,113,2,0
P023,2023-06-01,209,4,0
P023,2023-06-02,207,2,0
P023,2023-06-03,202,5,0
P023,2023-06-04,199,3,0
P023,2023-06-05,196,3,0
P023,2023-06-06,192,4,0
P023,2023-06-07,189,3,0
P023,2023-06-08,186,3,0
P023,2023-06-09,184,2,0
P023,2023-06-10,181,3,0
P023,2023-06-11,175,6,0
P023,2023-06-12,173,2,0
P023,2023-06-13,169,4,0
P023,2023-06-14,165,4,0
P023,2023-06-15,161,4,0
P023,2023-06-16,157,4,0
P023,2023-06-17,151,6,0
P023,2023-06-18,148,3,0
P023,2023-06-19,146,2,0
P023,2023-06-20,144,2,0
P023,2023-06-21,140,4,0
P023,2023-06-22,136,4,0
P023,2023-06-23,132,4,0
P023,2023-06-24,128,4,0
P023,2023-06-25,123,5,0
P023,2023-06-26,121,2,0
P023,2023-06-27,118,3,0
P023,2023-06-28,115,3,0
P023,2023-06-29,113,2,0
P023,2023-06-30,111,2,0
P023,2023-07-01,206,5,0
P023,2023-07-02,203,3,0
P023,2023-07-03,200,3,0
P023,2023-07-04,197,3,0
P023,2023-07-05,193,4,0
P023,2023-07-06,189,4,0
P023,2023-07-07,187,2,0
P023,2023-07-08,181,6,0
P023,2023-07-09,178,3,0
P023,2023-07-10,175,3,0
P023,2023-07-11,172,3,0
P023,2023-07-12,170,2,0
P023,2023-07-13,168,2,0
P023,2023-07-14,166,2,0
P023,2023-07-15,162,4,0
P023,2023-07-16,156,6,0
P023,2023-07-17,152,4,0
P023,2023-07-18,150,2,0
P023,2023-07-19,147,3,0
P023,2023-07-20,145,2,0
P023,2023-07-21,142,3,0
P023,2023-07-22,137,5,0
P023,2023-07-23,130,7,0
P023,2023-07-24,127,3,0
P023,2023-07-25,125,2,0
P023,2023-07-26,123,2,0
P023,2023-07-27,120,3,0
P023,2023-07-28,117,3,0
P023,2023-07-29,112,5,0
P023,2023-07-30,107,5,0
P023,2023-07-31,104,3,0
P023,2023-08-01,200,4,0
P023,2023-08-02,196,4,0
P023,2023-08-03,192,4,0
P023,2023-08-04,190,2,0
P023,2023-08-05,186,4,0
P023,2023-08-06,182,4,0
P023,2023-08-07,180,2,0
P023,2023-08-08,177,3,0
P023,2023-08-09,175,2,0
P023,2023-08-10,172,3,0
P023,2023-08-11,169,3,0
P023,2023-08-12,163,6,0
P023,2023-08-13,157,6,0
P023,2023-08-14,154,3,0
P023,2023-08-15,151,3,0
P023,2023-08-16,149,2,0
P023,2023-08-17,146,3,0
P023,2023-08-18,143,3,0
P023,2023-08-19,139,4,0
P023,2023-08-20,135,4,0
P023,2023-08-21,131,4,0
P023,2023-08-22,128,3,0
P023,2023-08-23,126,2,0
P023,2023-08-24,123,3,0
P023,2023-08-25,121,2,0
P023,2023-08-26,115,6,0
P023,2023-08-27,112,3,0
P023,2023-08-28,108,4,0
P023,2023-08-29,105,3,0
P023,2023-08-30,101,4,0
P023,2023-08-31,97,4,0
P023,2023-09-01,195,2,0
P023,2023-09-02,191,4,0
P023,2023-09-03,187,4,0
P023,2023-09-04,185,2,0
P023,2023-09-05,181,4,0
P023,2023-09-06,178,3,0
P023,2023-09-07,176,2,0
P023,2023-09-08,172,4,0
P023,2023-09-09,167,5,0
P023,2023-09-10,161,6,0
P023,2023-09-11,156,5,0
P023,2023-09-12,152,4,0
P023,2023-09-13,149,3,0
P023,2023-09-14,145,4,0
P023,2023-09-15,142,3,0
P023,2023-09-16,138,4,0
P023,2023-09-17,131,7,0
P023,2023-09-18,127,4,0
P023,2023-09-19,124,3,0
P023,2023-09-20,122,2,0
P023,2023-09-21,119,3,0
P023,2023-09-22,116,3,0
P023,2023-09-23,111,5,0
P023,2023-09-24,105,6,0
P023,2023-09-25,101,4,0
P023,2023-09-26,98,3,0
P023,2023-09-27,95,3,0
P023,2023-09-28,93,2,0
P023,2023-09-29,89,4,0
P023,2023-09-30,83,6,0
P023,2023-10-01,132,6,0
P023,2023-10-02,129,3,0
P023,2023-10-03,124,5,0
P023,2023-10-04,119,5,0
P023,2023-10-05,116,3,0
P023,2023-10-06,112,4,0
P023,2023-10-07,109,3,0
P023,2023-10-08,106,3,0
P023,2023-10-09,104,2,0
P023,2023-10-10,100,4,0
P023,2023-10-11,97,3,0
P023,2023-10-12,94,3,0
P023,2023-10-13,90,4,0
P023,2023-10-14,86,4,0
P023,2023-10-15,81,5,0
P023,2023-10-16,78,3,0
P023,2023-10-17,74,4,0
P023,2023-10-18,69,5,0
P023,2023-10-19,66,3,0
P023,2023-10-20,62,4,0
P023,2023-10-21,59,3,0
P023,2023-10-22,55,4,0
P023,2023-10-23,51,4,0
P023,2023-10-24,46,5,0
P023,2023-10-25,43,3,0
P023,2023-10-26,40,3,0
P023,2023-10-27,37,3,0
P023,2023-10-28,32,5,0
P023,2023-10-29,26,6,0
P023,2023-10-30,23,3,0
P023,2023-10-31,18,5,0
P023,2023-11-01,68,5,0
P023,2023-11-02,63,5,0
P023,2023-11-03,57,6,0
P023,2023-11-04,46,11,0
P023,2023-11-05,35,11,0
P023,2023-11-06,27,8,0
P023,2023-11-07,20,7,0
P023,2023-11-08,16,4,0
P023,2023-11-09,13,3,0
P023,2023-11-10,9,4,0
P023,2023-11-11,3,6,0
P023,2023-11-12,0,3,1
P023,2023-11-13,0,0,1
P023,2023-11-14,0,0,1
P023,2023-11-15,0,0,1
P023,2023-11-16,0,0,1
P023,2023-11-17,0,0,1
P023,2023-11-18,0,0,1
P023,2023-11-19,0,0,1
P023,2023-11-20,0,0,1
P023,2023-11-21,0,0,1
P023,2023-11-22,0,0,1
P023,2023-11-23,0,0,1
P023,2023-11-24,0,0,1
P023,2023-11-25,0,0,1
P023,2023-11-26,0,0,1
P023,2023-11-27,0,0,1
P023,2023-11-28,0,0,1
P023,2023-11-29,0,0,1
P023,2023-11-30,0,0,1
P023,2023-12-01,49,6,0
P023,2023-12-02,38,11,0
P023,2023-12-03,27,11,0
P023,2023-12-04,22,5,0
P023,2023-12-05,18,4,0
P023,2023-12-06,14,4,0
P023,2023-12-07,8,6,0
P023,2023-12-08,4,4,0
P023,2023-12-09,0,4,1
P023,2023-12-10,0,0,1
P023,2023-12-11,0,0,1
P023,2023-12-12,0,0,1
P023,2023-12-13,0,0,1
P023,2023-12-14,0,0,1
P023,2023-12-15,0,0,1
P023,2023-12-16,0,0,1
P023,2023-12-17,0,0,1
P023,2023-12-18,0,0,1
P023,2023-12-19,0,0,1
P023,2023-12-20,0,0,1
P023,2023-12-21,0,0,1
P023,2023-12-22,0,0,1
P023,2023-12-23,0,0,1
P023,2023-12-24,0,0,1
P023,2023-12-25,0,0,1
P023,2023-12-26,0,0,1
P023,2023-12-27,0,0,1
P023,2023-12-28,0,0,1
P023,2023-12-29,0,0,1
P023,2023-12-30,0,0,1
P023,2023-12-31,0,0,1
P023,2024-01-01,99,1,0
P023,2024-01-02,97,2,0
P023,2024-01-03,95,2,0
P023,2024-01-04,93,2,0
P023,2024-01-05,91,2,0
P023,2024-01-06,88,3,0
P023,2024-01-07,86,2,0
P023,2024-01-08,85,1,0
P023,2024-01-09,83,2,0
P023,2024-01-10,81,2,0
P023,2024-01-11,79,2,0
P023,2024-01-12,77,2,0
P023,2024-01-13,75,2,0
P023,2024-01-14,73,2,0
P023,2024-01-15,71,2,0
P023,2024-01-16,69,2,0
P023,2024-01-17,67,2,0
P023,2024-01-18,65,2,0
P023,2024-01-19,63,2,0
P023,2024-01-20,59,4,0
P023,2024-01-21,57,2,0
P023,2024-01-22,56,1,0
P023,2024-01-23,55,1,0
P023,2024-01-24,53,2,0
P023,2024-01-25,52,1,0
P023,2024-01-26,50,2,0
P023,2024-01-27,46,4,0
P023,2024-01-28,44,2,0
P023,2024-01-29,43,1,0
P023,2024-01-30,41,2,0
P023,2024-01-31,39,2,0
P023,2024-02-01,137,2,0
P023,2024-02-02,135,2,0
P023,2024-02-03,131,4,0
P023,2024-02-04,127,4,0
P023,2024-02-05,126,1,0
P023,2024-02-06,124,2,0
P023,2024-02-07,123,1,0
P023,2024-02-08,122,1,0
P023,2024-02-09,120,2,0
P023,2024-02-10,117,3,0
P023,2024-02-11,115,2,0
P023,2024-02-12,114,1,0
P023,2024-02-13,112,2,0
P023,2024-02-14,110,2,0
P023,2024-02-15,108,2,0
P023,2024-02-16,106,2,0
P023,2024-02-17,103,3,0
P023,2024-02-18,101,2,0
P023,2024-02-19,100,1,0
P023,2024-02-20,99,1,0
P023,2024-02-21,98,1,0
P023,2024-02-22,96,2,0
P023,2024-02-23,95,1,0
P023,2024-02-24,91,4,0
P023,2024-02-25,88,3,0
P023,2024-02-26,87,1,0
P023,2024-02-27,85,2,0
P023,2024-02-28,82,3,0
P023,2024-02-29,80,2,0
P023,2024-03-01,177,3,0
P023,2024-03-02,175,2,0
P023,2024-03-03,173,2,0
P023,2024-03-04,171,2,0
P023,2024-03-05,170,1,0
P023,2024-03-06,168,2,0
P023,2024-03-07,165,3,0
P023,2024-03-08,162,3,0
P023,2024-03-09,159,3,0
P023,2024-03-10,156,3,0
P023,2024-03-11,153,3,0
P023,2024-03-12,151,2,0
P023,2024-03-13,150,1,0
P023,2024-03-14,148,2,0
P023,2024-03-15,146,2,0
P023,2024-03-16,141,5,0
P023,2024-03-17,138,3,0
P023,2024-03-18,137,1,0
P023,2024-03-19,135,2,0
P023,2024-03-20,132,3,0
P023,2024-03-21,131,1,0
P023,2024-03-22,129,2,0
P023,2024-03-23,127,2,0
P023,2024-03-24,123,4,0
P023,2024-03-25,120,3,0
P023,2024-03-26,118,2,0
P023,2024-03-27,116,2,0
P023,2024-03-28,115,1,0
P023,2024-03-29,113,2,0
P023,2024-03-30,110,3,0
P023,2024-03-31,108,2,0
P023,2024-04-01,205,3,0
P023,2024-04-02,201,4,0
P023,2024-04-03,198,3,0
P023,2024-04-04,195,3,0
P023,2024-04-05,192,3,0
P023,2024-04-06,189,3,0
P023,2024-04-07,185,4,0
P023,2024-04-08,183,2,0
P023,2024-04-09,180,3,0
P023,2024-04-10,178,2,0
P023,2024-04-11,176,2,0
P023,2024-04-12,174,2,0
P023,2024-04-13,170,4,0
P023,2024-04-14,167,3,0
P023,2024-04-15,164,3,0
P023,2024-04-16,162,2,0
P023,2024-04-17,161,1,0
P023,2024-04-18,158,3,0
P023,2024-04-19,155,3,0
P023,2024-04-20,149,6,0
P023,2024-04-21,145,4,0
P023,2024-04-22,143,2,0
P023,2024-04-23,140,3,0
P023,2024-04-24,138,2,0
P023,2024-04-25,137,1,0
P023,2024-04-26,135,2,0
P023,2024-04-27,130,5,0
P023,2024-04-28,127,3,0
P023,2024-04-29,125,2,0
P023,2024-04-30,122,3,0
P023,2024-05-01,219,3,0
P023,2024-05-02,217,2,0
P023,2024-05-03,215,2,0
P023,2024-05-04,210,5,0
P023,2024-05-05,207,3,0
P023,2024-05-06,203,4,0
P023,2024-05-07,201,2,0
P023,2024-05-08,197,4,0
P023,2024-05-09,195,2,0
P023,2024-05-10,192,3,0
P023,2024-05-11,188,4,0
P023,2024-05-12,185,3,0
P023,2024-05-13,183,2,0
P023,2024-05-14,181,2,0
P023,2024-05-15,179,2,0
P023,2024-05-16,177,2,0
P023,2024-05-17,173,4,0
P023,2024-05-18,170,3,0
P023,2024-05-19,167,3,0
P023,2024-05-20,165,2,0
P023,2024-05-21,161,4,0
P023,2024-05-22,159,2,0
P023,2024-05-23,156,3,0
P023,2024-05-24,154,2,0
P023,2024-05-25,151,3,0
P023,2024-05-26,147,4,0
P023,2024-05-27,145,2,0
P023,2024-05-28,142,3,0
P023,2024-05-29,138,4,0
P023,2024-05-30,135,3,0
P023,2024-05-31,133,2,0
P023,2024-06-01,230,3,0
P023,2024-06-02,224,6,0
P023,2024-06-03,222,2,0
P023,2024-06-04,220,2,0
P023,2024-06-05,217,3,0
P023,2024-06-06,213,4,0
P023,2024-06-07,209,4,0
P023,2024-06-08,204,5,0
P023,2024-06-09,198,6,0
P023,2024-06-10,195,3,0
P023,2024-06-11,193,2,0
P023,2024-06-12,190,3,0
P023,2024-06-13,186,4,0
P023,2024-06-14,183,3,0
P023,2024-06-15,180,3,0
P023,2024-06-16,176,4,0
P023,2024-06-17,172,4,0
P023,2024-06-18,170,2,0
P023,2024-06-19,166,4,0
P023,2024-06-20,163,3,0
P023,2024-06-21,159,4,0
P023,2024-06-22,154,5,0
P023,2024-06-23,149,5,0
P023,2024-06-24,146,3,0
P023,2024-06-25,143,3,0
P023,2024-06-26,139,4,0
P023,2024-06-27,135,4,0
P023,2024-06-28,132,3,0
P023,2024-06-29,126,6,0
P023,2024-06-30,122,4,0
P023,2024-07-01,218,4,0
P023,2024-07-02,216,2,0
P023,2024-07-03,213,3,0
P023,2024-07-04,211,2,0
P023,2024-07-05,209,2,0
P023,2024-07-06,203,6,0
P023,2024-07-07,200,3,0
P023,2024-07-08,198,2,0
P023,2024-07-09,195,3,0
P023,2024-07-10,193,2,0
P023,2024-07-11,189,4,0
P023,2024-07-12,185,4,0
P023,2024-07-13,178,7,0
P023,2024-07-14,174,4,0
P023,2024-07-15,172,2,0
P023,2024-07-16,168,4,0
P023,2024-07-17,166,2,0
P023,2024-07-18,163,3,0
P023,2024-07-19,161,2,0
P023,2024-07-20,156,5,0
P023,2024-07-21,150,6,0
P023,2024-07-22,148,2,0
P023,2024-07-23,145,3,0
P023,2024-07-24,142,3,0
P023,2024-07-25,139,3,0
P023,2024-07-26,137,2,0
P023,2024-07-27,133,4,0
P023,2024-07-28,130,3,0
P023,2024-07-29,128,2,0
P023,2024-07-30,124,4,0
P023,2024-07-31,121,3,0
P023,2024-08-01,219,2,0
P023,2024-08-02,216,3,0
P023,2024-08-03,211,5,0
P023,2024-08-04,206,5,0
P023,2024-08-05,203,3,0
P023,2024-08-06,200,3,0
P023,2024-08-07,196,4,0
P023,2024-08-08,194,2,0
P023,2024-08-09,192,2,0
P023,2024-08-10,188,4,0
P023,2024-08-11,183,5,0
P023,2024-08-12,181,2,0
P023,2024-08-13,179,2,0
P023,2024-08-14,177,2,0
P023,2024-08-15,173,4,0
P023,2024-08-16,170,3,0
P023,2024-08-17,166,4,0
P023,2024-08-18,161,5,0
P023,2024-08-19,159,2,0
P023,2024-08-20,157,2,0
P023,2024-08-21,155,2,0
P023,2024-08-22,153,2,0
P023,2024-08-23,151,2,0
P023,2024-08-24,145,6,0
P023,2024-08-25,140,5,0
P023,2024-08-26,136,4,0
P023,2024-08-27,134,2,0
P023,2024-08-28,132,2,0
P023,2024-08-29,130,2,0
P023,2024-08-30,126,4,0
P023,2024-08-31,120,6,0
P023,2024-09-01,215,5,0
P023,2024-09-02,212,3,0
P023,2024-09-03,208,4,0
P023,2024-09-04,205,3,0
P023,2024-09-05,202,3,0
P023,2024-09-06,198,4,0
P023,2024-09-07,192,6,0
P023,2024-09-08,186,6,0
P023,2024-09-09,184,2,0
P023,2024-09-10,181,3,0
P023,2024-09-11,178,3,0
P023,2024-09-12,176,2,0
P023,2024-09-13,173,3,0
P023,2024-09-14,169,4,0
P023,2024-09-15,164,5,0
P023,2024-09-16,160,4,0
P023,2024-09-17,156,4,0
P023,2024-09-18,153,3,0
P023,2024-09-19,150,3,0
P023,2024-09-20,148,2,0
P023,2024-09-21,141,7,0
P023,2024-09-22,138,3,0
P023,2024-09-23,135,3,0
P023,2024-09-24,132,3,0
P023,2024-09-25,129,3,0
P023,2024-09-26,125,4,0
P023,2024-09-27,123,2,0
P023,2024-09-28,117,6,0
P023,2024-09-29,111,6,0
P023,2024-09-30,107,4,0
P023,2024-10-01,160,2,0
P023,2024-10-02,157,3,0
P023,2024-10-03,152,5,0
P023,2024-10-04,149,3,0
P023,2024-10-05,145,4,0
P023,2024-10-06,140,5,0
P023,2024-10-07,138,2,0
P023,2024-10-08,133,5,0
P023,2024-10-09,130,3,0
P023,2024-10-10,128,2,0
P023,2024-10-11,123,5,0
P023,2024-10-12,118,5,0
P023,2024-10-13,110,8,0
P023,2024-10-14,108,2,0
P023,2024-10-15,103,5,0
P023,2024-10-16,101,2,0
P023,2024-10-17,98,3,0
P023,2024-10-18,94,4,0
P023,2024-10-19,86,8,0
P023,2024-10-20,81,5,0
P023,2024-10-21,78,3,0
P023,2024-10-22,75,3,0
P023,2024-10-23,72,3,0
P023,2024-10-24,67,5,0
P023,2024-10-25,64,3,0
P023,2024-10-26,60,4,0
P023,2024-10-27,54,6,0
P023,2024-10-28,51,3,0
P023,2024-10-29,48,3,0
P023,2024-10-30,46,2,0
P023,2024-10-31,42,4,0
P023,2024-11-01,91,6,0
P023,2024-11-02,83,8,0
P023,2024-11-03,77,6,0
P023,2024-11-04,71,6,0
P023,2024-11-05,67,4,0
P023,2024-11-06,59,8,0
P023,2024-11-07,54,5,0
P023,2024-11-08,51,3,0
P023,2024-11-09,39,12,0
P023,2024-11-10,28,11,0
P023,2024-11-11,24,4,0
P023,2024-11-12,19,5,0
P023,2024-11-13,12,7,0
P023,2024-11-14,4,8,0
P023,2024-11-15,0,4,1
P023,2024-11-16,0,0,1
P023,2024-11-17,0,0,1
P023,2024-11-18,0,0,1
P023,2024-11-19,0,0,1
P023,2024-11-20,0,0,1
P023,2024-11-21,0,0,1
P023,2024-11-22,0,0,1
P023,2024-11-23,0,0,1
P023,2024-11-24,0,0,1
P023,2024-11-25,0,0,1
P023,2024-11-26,0,0,1
P023,2024-11-27,0,0,1
P023,2024-11-28,0,0,1
P023,2024-11-29,0,0,1
P023,2024-11-30,0,0,1
P023,2024-12-01,49,6,0
P023,2024-12-02,44,5,0
P023,2024-12-03,40,4,0
P023,2024-12-04,33,7,0
P023,2024-12-05,27,6,0
P023,2024-12-06,24,3,0
P023,2024-12-07,18,6,0
P023,2024-12-08,13,5,0
P023,2024-12-09,10,3,0
P023,2024-12-10,6,4,0
P023,2024-12-11,3,3,0
P023,2024-12-12,0,3,1
P023,2024-12-13,0,0,1
P023,2024-12-14,0,0,1
P023,2024-12-15,0,0,1
P023,2024-12-16,0,0,1
P023,2024-12-17,0,0,1
P023,2024-12-18,0,0,1
P023,2024-12-19,0,0,1
P023,2024-12-20,0,0,1
P023,2024-12-21,0,0,1
P023,2024-12-22,0,0,1
P023,2024-12-23,0,0,1
P023,2024-12-24,0,0,1
P023,2024-12-25,0,0,1
P023,2024-12-26,0,0,1
P023,2024-12-27,0,0,1
P023,2024-12-28,0,0,1
P023,2024-12-29,0,0,1
P023,2024-12-30,0,0,1
P023,2024-12-31,0,0,1
P024,2022-01-01,356,4,0
P024,2022-01-02,349,7,0
P024,2022-01-03,345,4,0
P024,2022-01-04,342,3,0
P024,2022-01-05,340,2,0
P024,2022-01-06,338,2,0
P024,2022-01-07,334,4,0
P024,2022-01-08,328,6,0
P024,2022-01-09,321,7,0
P024,2022-01-10,317,4,0
P024,2022-01-11,314,3,0
P024,2022-01-12,310,4,0
P024,2022-01-13,306,4,0
P024,2022-01-14,303,3,0
P024,2022-01-15,297,6,0
P024,2022-01-16,293,4,0
P024,2022-01-17,290,3,0
P024,2022-01-18,287,3,0
P024,2022-01-19,285,2,0
P024,2022-01-20,282,3,0
P024,2022-01-21,278,4,0
P024,2022-01-22,275,3,0
P024,2022-01-23,269,6,0
P024,2022-01-24,267,2,0
P024,2022-01-25,264,3,0
P024,2022-01-26,260,4,0
P024,2022-01-27,257,3,0
P024,2022-01-28,254,3,0
P024,2022-01-29,248,6,0
P024,2022-01-30,244,4,0
P024,2022-01-31,242,2,0
P024,2022-02-01,420,2,0
P024,2022-02-02,417,3,0
P024,2022-02-03,412,5,0
P024,2022-02-04,409,3,0
P024,2022-02-05,403,6,0
P024,2022-02-06,399,4,0
P024,2022-02-07,395,4,0
P024,2022-02-08,393,2,0
P024,2022-02-09,391,2,0
P024,2022-02-10,386,5,0
P024,2022-02-11,384,2,0
P024,2022-02-12,380,4,0
P024,2022-02-13,375,5,0
P024,2022-02-14,370,5,0
P024,2022-02-15,367,3,0
P024,2022-02-16,364,3,0
P024,2022-02-17,359,5,0
P024,2022-02-18,355,4,0
P024,2022-02-19,351,4,0
P024,2022-02-20,343,8,0
P024,2022-02-21,339,4,0
P024,2022-02-22,337,2,0
P024,2022-02-23,332,5,0
P024,2022-02-24,328,4,0
P024,2022-02-25,323,5,0
P024,2022-02-26,317,6,0
P024,2022-02-27,314,3,0
P024,2022-02-28,309,5,0
P024,2022-03-01,485,4,0
P024,2022-03-02,480,5,0
P024,2022-03-03,474,6,0
P024,2022-03-04,471,3,0
P024,2022-03-05,462,9,0
P024,2022-03-06,454,8,0
P024,2022-03-07,450,4,0
P024,2022-03-08,444,6,0
P024,2022-03-09,441,3,0
P024,2022-03-10,438,3,0
P024,2022-03-11,434,4,0
P024,2022-03-12,428,6,0
P024,2022-03-13,420,8,0
P024,2022-03-14,415,5,0
P024,2022-03-15,409,6,0
P024,2022-03-16,404,5,0
P024,2022-03-17,401,3,0
P024,2022-03-18,396,5,0
P024,2022-03-19,388,8,0
P024,2022-03-20,380,8,0
P024,2022-03-21,374,6,0
P024,2022-03-22,371,3,0
P024,2022-03-23,365,6,0
P024,2022-03-24,360,5,0
P024,2022-03-25,355,5,0
P024,2022-03-26,350,5,0
P024,2022-03-27,346,4,0
P024,2022-03-28,343,3,0
P024,2022-03-29,339,4,0
P024,2022-03-30,337,2,0
P024,2022-03-31,331,6,0
P024,2022-04-01,506,5,0
P024,2022-04-02,501,5,0
P024,2022-04-03,496,5,0
P024,2022-04-04,491,5,0
P024,2022-04-05,488,3,0
P024,2022-04-06,483,5,0
P024,2022-04-07,476,7,0
P024,2022-04-08,472,4,0
P024,2022-04-09,464,8,0
P024,2022-04-10,457,7,0
P024,2022-04-11,454,3,0
P024,2022-04-12,448,6,0
P024,2022-04-13,444,4,0
P024,2022-04-14,439,5,0
P024,2022-04-15,433,6,0
P024,2022-04-16,422,11,0
P024,2022-04-17,416,6,0
P024,2022-04-18,409,7,0
P024,2022-04-19,406,3,0
P024,2022-04-20,400,6,0
P024,2022-04-21,394,6,0
P024,2022-04-22,388,6,0
P024,2022-04-23,383,5,0
P024,2022-04-24,374,9,0
P024,2022-04-25,368,6,0
P024,2022-04-26,364,4,0
P024,2022-04-27,359,5,0
P024,2022-04-28,355,4,0
P024,2022-04-29,352,3,0
P024,2022-04-30,344,8,0
P024,2022-05-01,512,12,0
P024,2022-05-02,507,5,0
P024,2022-05-03,504,3,0
P024,2022-05-04,499,5,0
P024,2022-05-05,496,3,0
P024,2022-05-06,493,3,0
P024,2022-05-07,483,10,0
P024,2022-05-08,471,12,0
P024,2022-05-09,464,7,0
P024,2022-05-10,461,3,0
P024,2022-05-11,458,3,0
P024,2022-05-12,451,7,0
P024,2022-05-13,447,4,0
P024,2022-05-14,442,5,0
P024,2022-05-15,435,7,0
P024,2022-05-16,429,6,0
P024,2022-05-17,424,5,0
P024,2022-05-18,417,7,0
P024,2022-05-19,410,7,0
P024,2022-05-20,407,3,0
P024,2022-05-21,402,5,0
P024,2022-05-22,397,5,0
P024,2022-05-23,392,5,0
P024,2022-05-24,385,7,0
P024,2022-05-25,381,4,0
P024,2022-05-26,375,6,0
P024,2022-05-27,368,7,0
P024,2022-05-28,361,7,0
P024,2022-05-29,351,10,0
P024,2022-05-30,347,4,0
P024,2022-05-31,341,6,0
P024,2022-06-01,516,5,0
P024,2022-06-02,509,7,0
P024,2022-06-03,502,7,0
P024,2022-06-04,492,10,0
P024,2022-06-05,480,12,0
P024,2022-06-06,476,4,0
P024,2022-06-07,472,4,0
P024,2022-06-08,465,7,0
P024,2022-06-09,462,3,0
P024,2022-06-10,458,4,0
P024,2022-06-11,447,11,0
P024,2022-06-12,437,10,0
P024,2022-06-13,429,8,0
P024,2022-06-14,422,7,0
P024,2022-06-15,415,7,0
P024,2022-06-16,409,6,0
P024,2022-06-17,403,6,0
P024,2022-06-18,396,7,0
P024,2022-06-19,389,7,0
P024,2022-06-20,386,3,0
P024,2022-06-21,383,3,0
P024,2022-06-22,377,6,0
P024,2022-06-23,374,3,0
P024,2022-06-24,367,7,0
P024,2022-06-25,356,11,0
P024,2022-06-26,349,7,0
P024,2022-06-27,346,3,0
P024,2022-06-28,341,5,0
P024,2022-06-29,335,6,0
P024,2022-06-30,328,7,0
P024,2022-07-01,504,4,0
P024,2022-07-02,495,9,0
P024,2022-07-03,485,10,0
P024,2022-07-04,478,7,0
P024,2022-07-05,470,8,0
P024,2022-07-06,467,3,0
P024,2022-07-07,460,7,0
P024,2022-07-08,454,6,0
P024,2022-07-09,448,6,0
P024,2022-07-10,439,9,0
P024,2022-07-11,435,4,0
P024,2022-07-12,431,4,0
P024,2022-07-13,425,6,0
P024,2022-07-14,420,5,0
P024,2022-07-15,414,6,0
P024,2022-07-16,408,6,0
P024,2022-07-17,397,11,0
P024,2022-07-18,389,8,0
P024,2022-07-19,383,6,0
P024,2022-07-20,376,7,0
P024,2022-07-21,369,7,0
P024,2022-07-22,365,4,0
P024,2022-07-23,359,6,0
P024,2022-07-24,352,7,0
P024,2022-07-25,344,8,0
P024,2022-07-26,337,7,0
P024,2022-07-27,333,4,0
P024,2022-07-28,329,4,0
P024,2022-07-29,321,8,0
P024,2022-07-30,315,6,0
P024,2022-07-31,306,9,0
P024,2022-08-01,479,7,0
P024,2022-08-02,475,4,0
P024,2022-08-03,469,6,0
P024,2022-08-04,464,5,0
P024,2022-08-05,458,6,0
P024,2022-08-06,450,8,0
P024,2022-08-07,441,9,0
P024,2022-08-08,437,4,0
P024,2022-08-09,431,6,0
P024,2022-08-10,424,7,0
P024,2022-08-11,420,4,0
P024,2022-08-12,413,7,0
P024,2022-08-13,401,12,0
P024,2022-08-14,389,12,0
P024,2022-08-15,381,8,0
P024,2022-08-16,375,6,0
P024,2022-08-17,371,4,0
P024,2022-08-18,366,5,0
P024,2022-08-19,361,5,0
P024,2022-08-20,349,12,0
P024,2022-08-21,337,12,0
P024,2022-08-22,332,5,0
P024,2022-08-23,325,7,0
P024,2022-08-24,318,7,0
P024,2022-08-25,311,7,0
P024,2022-08-26,305,6,0
P024,2022-08-27,297,8,0
P024,2022-08-28,290,7,0
P024,2022-08-29,284,6,0
P024,2022-08-30,279,5,0
P024,2022-08-31,273,6,0
P024,2022-09-01,447,6,0
P024,2022-09-02,442,5,0
P024,2022-09-03,433,9,0
P024,2022-09-04,420,13,0
P024,2022-09-05,414,6,0
P024,2022-09-06,406,8,0
P024,2022-09-07,399,7,0
P024,2022-09-08,393,6,0
P024,2022-09-09,389,4,0
P024,2022-09-10,383,6,0
P024,2022-09-11,376,7,0
P024,2022-09-12,368,8,0
P024,2022-09-13,361,7,0
P024,2022-09-14,353,8,0
P024,2022-09-15,348,5,0
P024,2022-09-16,341,7,0
P024,2022-09-17,335,6,0
P024,2022-09-18,324,11,0
P024,2022-09-19,315,9,0
P024,2022-09-20,310,5,0
P024,2022-09-21,304,6,0
P024,2022-09-22,296,8,0
P024,2022-09-23,289,7,0
P024,2022-09-24,276,13,0
P024,2022-09-25,270,6,0
P024,2022-09-26,263,7,0
P024,2022-09-27,257,6,0
P024,2022-09-28,248,9,0
P024,2022-09-29,241,7,0
P024,2022-09-30,236,5,0
P024,2022-10-01,325,10,0
P024,2022-10-02,315,10,0
P024,2022-10-03,310,5,0
P024,2022-10-04,306,4,0
P024,2022-10-05,300,6,0
P024,2022-10-06,291,9,0
P024,2022-10-07,286,5,0
P024,2022-10-08,274,12,0
P024,2022-10-09,261,13,0
P024,2022-10-10,254,7,0
P024,2022-10-11,249,5,0
P024,2022-10-12,240,9,0
P024,2022-10-13,233,7,0
P024,2022-10-14,224,9,0
P024,2022-10-15,213,11,0
P024,2022-10-16,202,11,0
P024,2022-10-17,194,8,0
P024,2022-10-18,187,7,0
P024,2022-10-19,179,8,0
P024,2022-10-20,170,9,0
P024,2022-10-21,164,6,0
P024,2022-10-22,158,6,0
P024,2022-10-23,149,9,0
P024,2022-10-24,140,9,0
P024,2022-10-25,134,6,0
P024,2022-10-26,129,5,0
P024,2022-10-27,121,8,0
P024,2022-10-28,114,7,0
P024,2022-10-29,100,14,0
P024,2022-10-30,93,7,0
P024,2022-10-31,88,5,0
P024,2022-11-01,181,6,0
P024,2022-11-02,172,9,0
P024,2022-11-03,165,7,0
P024,2022-11-04,158,7,0
P024,2022-11-05,147,11,0
P024,2022-11-06,128,19,0
P024,2022-11-07,121,7,0
P024,2022-11-08,108,13,0
P024,2022-11-09,95,13,0
P024,2022-11-10,84,11,0
P024,2022-11-11,76,8,0
P024,2022-11-12,53,23,0
P024,2022-11-13,40,13,0
P024,2022-11-14,33,7,0
P024,2022-11-15,26,7,0
P024,2022-11-16,12,14,0
P024,2022-11-17,0,12,1
P024,2022-11-18,0,0,1
P024,2022-11-19,0,0,1
P024,2022-11-20,0,0,1
P024,2022-11-21,0,0,1
P024,2022-11-22,0,0,1
P024,2022-11-23,0,0,1
P024,2022-11-24,0,0,1
P024,2022-11-25,0,0,1
P024,2022-11-26,0,0,1
P024,2022-11-27,0,0,1
P024,2022-11-28,0,0,1
P024,2022-11-29,0,0,1
P024,2022-11-30,0,0,1
P024,2022-12-01,90,9,0
P024,2022-12-02,77,13,0
P024,2022-12-03,60,17,0
P024,2022-12-04,50,10,0
P024,2022-12-05,39,11,0
P024,2022-12-06,29,10,0
P024,2022-12-07,19,10,0
P024,2022-12-08,8,11,0
P024,2022-12-09,3,5,0
P024,2022-12-10,0,3,1
P024,2022-12-11,0,0,1
P024,2022-12-12,0,0,1
P024,2022-12-13,0,0,1
P024,2022-12-14,0,0,1
P024,2022-12-15,0,0,1
P024,2022-12-16,0,0,1
P024,2022-12-17,0,0,1
P024,2022-12-18,0,0,1
P024,2022-12-19,0,0,1
P024,2022-12-20,0,0,1
P024,2022-12-21,0,0,1
P024,2022-12-22,0,0,1
P024,2022-12-23,0,0,1
P024,2022-12-24,0,0,1
P024,2022-12-25,0,0,1
P024,2022-12-26,0,0,1
P024,2022-12-27,0,0,1
P024,2022-12-28,0,0,1
P024,2022-12-29,0,0,1
P024,2022-12-30,0,0,1
P024,2022-12-31,0,0,1
P024,2023-01-01,175,5,0
P024,2023-01-02,172,3,0
P024,2023-01-03,169,3,0
P024,2023-01-04,165,4,0
P024,2023-01-05,161,4,0
P024,2023-01-06,159,2,0
P024,2023-01-07,153,6,0
P024,2023-01-08,148,5,0
P024,2023-01-09,145,3,0
P024,2023-01-10,141,4,0
P024,2023-01-11,139,2,0
P024,2023-01-12,136,3,0
P024,2023-01-13,133,3,0
P024,2023-01-14,128,5,0
P024,2023-01-15,125,3,0
P024,2023-01-16,122,3,0
P024,2023-01-17,120,2,0
P024,2023-01-18,116,4,0
P024,2023-01-19,112,4,0
P024,2023-01-20,110,2,0
P024,2023-01-21,106,4,0
P024,2023-01-22,103,3,0
P024,2023-01-23,100,3,0
P024,2023-01-24,98,2,0
P024,2023-01-25,95,3,0
P024,2023-01-26,92,3,0
P024,2023-01-27,90,2,0
P024,2023-01-28,84,6,0
P024,2023-01-29,80,4,0
P024,2023-01-30,78,2,0
P024,2023-01-31,75,3,0
P024,2023-02-01,250,5,0
P024,2023-02-02,248,2,0
P024,2023-02-03,245,3,0
P024,2023-02-04,238,7,0
P024,2023-02-05,231,7,0
P024,2023-02-06,228,3,0
P024,2023-02-07,224,4,0
P024,2023-02-08,219,5,0
P024,2023-02-09,216,3,0
P024,2023-02-10,214,2,0
P024,2023-02-11,207,7,0
P024,2023-02-12,202,5,0
P024,2023-02-13,198,4,0
P024,2023-02-14,193,5,0
P024,2023-02-15,190,3,0
P024,2023-02-16,187,3,0
P024,2023-02-17,183,4,0
P024,2023-02-18,177,6,0
P024,2023-02-19,172,5,0
P024,2023-02-20,170,2,0
P024,2023-02-21,167,3,0
P024,2023-02-22,165,2,0
P024,2023-02-23,160,5,0
P024,2023-02-24,156,4,0
P024,2023-02-25,152,4,0
P024,2023-02-26,146,6,0
P024,2023-02-27,141,5,0
P024,2023-02-28,139,2,0
P024,2023-03-01,316,3,0
P024,2023-03-02,312,4,0
P024,2023-03-03,308,4,0
P024,2023-03-04,300,8,0
P024,2023-03-05,294,6,0
P024,2023-03-06,289,5,0
P024,2023-03-07,284,5,0
P024,2023-03-08,278,6,0
P024,2023-03-09,274,4,0
P024,2023-03-10,270,4,0
P024,2023-03-11,265,5,0
P024,2023-03-12,259,6,0
P024,2023-03-13,255,4,0
P024,2023-03-14,251,4,0
P024,2023-03-15,245,6,0
P024,2023-03-16,242,3,0
P024,2023-03-17,237,5,0
P024,2023-03-18,227,10,0
P024,2023-03-19,218,9,0
P024,2023-03-20,215,3,0
P024,2023-03-21,212,3,0
P024,2023-03-22,209,3,0
P024,2023-03-23,205,4,0
P024,2023-03-24,201,4,0
P024,2023-03-25,196,5,0
P024,2023-03-26,186,10,0
P024,2023-03-27,182,4,0
P024,2023-03-28,179,3,0
P024,2023-03-29,175,4,0
P024,2023-03-30,171,4,0
P024,2023-03-31,168,3,0
P024,2023-04-01,341,7,0
P024,2023-04-02,333,8,0
P024,2023-04-03,328,5,0
P024,2023-04-04,322,6,0
P024,2023-04-05,318,4,0
P024,2023-04-06,312,6,0
P024,2023-04-07,308,4,0
P024,2023-04-08,302,6,0
P024,2023-04-09,297,5,0
P024,2023-04-10,290,7,0
P024,2023-04-11,284,6,0
P024,2023-04-12,280,4,0
P024,2023-04-13,277,3,0
P024,2023-04-14,274,3,0
P024,2023-04-15,265,9,0
P024,2023-04-16,254,11,0
P024,2023-04-17,249,5,0
P024,2023-04-18,242,7,0
P024,2023-04-19,238,4,0
P024,2023-04-20,235,3,0
P024,2023-04-21,231,4,0
P024,2023-04-22,222,9,0
P024,2023-04-23,216,6,0
P024,2023-04-24,213,3,0
P024,2023-04-25,208,5,0
P024,2023-04-26,204,4,0
P024,2023-04-27,200,4,0
P024,2023-04-28,193,7,0
P024,2023-04-29,187,6,0
P024,2023-04-30,181,6,0
P024,2023-05-01,356,5,0
P024,2023-05-02,350,6,0
P024,2023-05-03,343,7,0
P024,2023-05-04,336,7,0
P024,2023-05-05,329,7,0
P024,2023-05-06,321,8,0
P024,2023-05-07,315,6,0
P024,2023-05-08,309,6,0
P024,2023-05-09,302,7,0
P024,2023-05-10,298,4,0
P024,2023-05-11,294,4,0
P024,2023-05-12,287,7,0
P024,2023-05-13,277,10,0
P024,2023-05-14,266,11,0
P024,2023-05-15,259,7,0
P024,2023-05-16,255,4,0
P024,2023-05-17,251,4,0
P024,2023-05-18,245,6,0
P024,2023-05-19,241,4,0
P024,2023-05-20,233,8,0
P024,2023-05-21,223,10,0
P024,2023-05-22,217,6,0
P024,2023-05-23,210,7,0
P024,2023-05-24,206,4,0
P024,2023-05-25,199,7,0
P024,2023-05-26,196,3,0
P024,2023-05-27,188,8,0
P024,2023-05-28,181,7,0
P024,2023-05-29,174,7,0
P024,2023-05-30,169,5,0
P024,2023-05-31,163,6,0
P024,2023-06-01,336,7,0
P024,2023-06-02,329,7,0
P024,2023-06-03,322,7,0
P024,2023-06-04,311,11,0
P024,2023-06-05,307,4,0
P024,2023-06-06,303,4,0
P024,2023-06-07,299,4,0
P024,2023-06-08,291,8,0
P024,2023-06-09,286,5,0
P024,2023-06-10,279,7,0
P024,2023-06-11,271,8,0
P024,2023-06-12,264,7,0
P024,2023-06-13,259,5,0
P024,2023-06-14,255,4,0
P024,2023-06-15,251,4,0
P024,2023-06-16,247,4,0
P024,2023-06-17,236,11,0
P024,2023-06-18,226,10,0
P024,2023-06-19,221,5,0
P024,2023-06-20,217,4,0
P024,2023-06-21,212,5,0
P024,2023-06-22,204,8,0
P024,2023-06-23,199,5,0
P024,2023-06-24,192,7,0
P024,2023-06-25,186,6,0
P024,2023-06-26,180,6,0
P024,2023-06-27,174,6,0
P024,2023-06-28,167,7,0
P024,2023-06-29,161,6,0
P024,2023-06-30,155,6,0
P024,2023-07-01,326,9,0
P024,2023-07-02,313,13,0
P024,2023-07-03,306,7,0
P024,2023-07-04,299,7,0
P024,2023-07-05,294,5,0
P024,2023-07-06,291,3,0
P024,2023-07-07,284,7,0
P024,2023-07-08,277,7,0
P024,2023-07-09,264,13,0
P024,2023-07-10,257,7,0
P024,2023-07-11,254,3,0
P024,2023-07-12,247,7,0
P024,2023-07-13,241,6,0
P024,2023-07-14,236,5,0
P024,2023-07-15,226,10,0
P024,2023-07-16,217,9,0
P024,2023-07-17,211,6,0
P024,2023-07-18,203,8,0
P024,2023-07-19,200,3,0
P024,2023-07-20,196,4,0
P024,2023-07-21,189,7,0
P024,2023-07-22,181,8,0
P024,2023-07-23,168,13,0
P024,2023-07-24,164,4,0
P024,2023-07-25,159,5,0
P024,2023-07-26,155,4,0
P024,2023-07-27,152,3,0
P024,2023-07-28,147,5,0
P024,2023-07-29,137,10,0
P024,2023-07-30,127,10,0
P024,2023-07-31,123,4,0
P024,2023-08-01,295,8,0
P024,2023-08-02,292,3,0
P024,2023-08-03,287,5,0
P024,2023-08-04,282,5,0
P024,2023-08-05,274,8,0
P024,2023-08-06,264,10,0
P024,2023-08-07,259,5,0
P024,2023-08-08,254,5,0
P024,2023-08-09,247,7,0
P024,2023-08-10,242,5,0
P024,2023-08-11,238,4,0
P024,2023-08-12,232,6,0
P024,2023-08-13,220,12,0
P024,2023-08-14,215,5,0
P024,2023-08-15,207,8,0
P024,2023-08-16,199,8,0
P024,2023-08-17,192,7,0
P024,2023-08-18,185,7,0
P024,2023-08-19,178,7,0
P024,2023-08-20,167,11,0
P024,2023-08-21,159,8,0
P024,2023-08-22,154,5,0
P024,2023-08-23,148,6,0
P024,2023-08-24,145,3,0
P024,2023-08-25,138,7,0
P024,2023-08-26,127,11,0
P024,2023-08-27,119,8,0
P024,2023-08-28,113,6,0
P024,2023-08-29,105,8,0
P024,2023-08-30,101,4,0
P024,2023-08-31,96,5,0
P024,2023-09-01,269,7,0
P024,2023-09-02,261,8,0
P024,2023-09-03,248,13,0
P024,2023-09-04,242,6,0
P024,2023-09-05,234,8,0
P024,2023-09-06,229,5,0
P024,2023-09-07,222,7,0
P024,2023-09-08,214,8,0
P024,2023-09-09,204,10,0
P024,2023-09-10,198,6,0
P024,2023-09-11,191,7,0
P024,2023-09-12,184,7,0
P024,2023-09-13,178,6,0
P024,2023-09-14,170,8,0
P024,2023-09-15,162,8,0
P024,2023-09-16,150,12,0
P024,2023-09-17,138,12,0
P024,2023-09-18,134,4,0
P024,2023-09-19,130,4,0
P024,2023-09-20,124,6,0
P024,2023-09-21,117,7,0
P024,2023-09-22,109,8,0
P024,2023-09-23,95,14,0
P024,2023-09-24,84,11,0
P024,2023-09-25,76,8,0
P024,2023-09-26,71,5,0
P024,2023-09-27,67,4,0
P024,2023-09-28,60,7,0
P024,2023-09-29,55,5,0
P024,2023-09-30,45,10,0
P024,2023-10-01,131,13,0
P024,2023-10-02,124,7,0
P024,2023-10-03,115,9,0
P024,2023-10-04,109,6,0
P024,2023-10-05,105,4,0
P024,2023-10-06,95,10,0
P024,2023-10-07,80,15,0
P024,2023-10-08,69,11,0
P024,2023-10-09,65,4,0
P024,2023-10-10,60,5,0
P024,2023-10-11,53,7,0
P024,2023-10-12,48,5,0
P024,2023-10-13,41,7,0
P024,2023-10-14,34,7,0
P024,2023-10-15,26,8,0
P024,2023-10-16,22,4,0
P024,2023-10-17,15,7,0
P024,2023-10-18,8,7,0
P024,2023-10-19,3,5,0
P024,2023-10-20,0,3,1
P024,2023-10-21,0,0,1
P024,2023-10-22,0,0,1
P024,2023-10-23,0,0,1
P024,2023-10-24,0,0,1
P024,2023-10-25,0,0,1
P024,2023-10-26,0,0,1
P024,2023-10-27,0,0,1
P024,2023-10-28,0,0,1
P024,2023-10-29,0,0,1
P024,2023-10-30,0,0,1
P024,2023-10-31,0,0,1
P024,2023-11-01,86,13,0
P024,2023-11-02,74,12,0
P024,2023-11-03,67,7,0
P024,2023-11-04,50,17,0
P024,2023-11-05,27,23,0
P024,2023-11-06,19,8,0
P024,2023-11-07,5,14,0
P024,2023-11-08,0,5,1
P024,2023-11-09,0,0,1
P024,2023-11-10,0,0,1
P024,2023-11-11,0,0,1
P024,2023-11-12,0,0,1
P024,2023-11-13,0,0,1
P024,2023-11-14,0,0,1
P024,2023-11-15,0,0,1
P024,2023-11-16,0,0,1
P024,2023-11-17,0,0,1
P024,2023-11-18,0,0,1
P024,2023-11-19,0,0,1
P024,2023-11-20,0,0,1
P024,2023-11-21,0,0,1
P024,2023-11-22,0,0,1
P024,2023-11-23,0,0,1
P024,2023-11-24,0,0,1
P024,2023-11-25,0,0,1
P024,2023-11-26,0,0,1
P024,2023-11-27,0,0,1
P024,2023-11-28,0,0,1
P024,2023-11-29,0,0,1
P024,2023-11-30,0,0,1
P024,2023-12-01,87,12,0
P024,2023-12-02,76,11,0
P024,2023-12-03,64,12,0
P024,2023-12-04,56,8,0
P024,2023-12-05,48,8,0
P024,2023-12-06,35,13,0
P024,2023-12-07,25,10,0
P024,2023-12-08,16,9,0
P024,2023-12-09,5,11,0
P024,2023-12-10,0,5,1
P024,2023-12-11,0,0,1
P024,2023-12-12,0,0,1
P024,2023-12-13,0,0,1
P024,2023-12-14,0,0,1
P024,2023-12-15,0,0,1
P024,2023-12-16,0,0,1
P024,2023-12-17,0,0,1
P024,2023-12-18,0,0,1
P024,2023-12-19,0,0,1
P024,2023-12-20,0,0,1
P024,2023-12-21,0,0,1
P024,2023-12-22,0,0,1
P024,2023-12-23,0,0,1
P024,2023-12-24,0,0,1
P024,2023-12-25,0,0,1
P024,2023-12-26,0,0,1
P024,2023-12-27,0,0,1
P024,2023-12-28,0,0,1
P024,2023-12-29,0,0,1
P024,2023-12-30,0,0,1
P024,2023-12-31,0,0,1
P024,2024-01-01,176,4,0
P024,2024-01-02,172,4,0
P024,2024-01-03,168,4,0
P024,2024-01-04,166,2,0
P024,2024-01-05,162,4,0
P024,2024-01-06,158,4,0
P024,2024-01-07,151,7,0
P024,2024-01-08,147,4,0
P024,2024-01-09,144,3,0
P024,2024-01-10,141,3,0
P024,2024-01-11,138,3,0
P024,2024-01-12,136,2,0
P024,2024-01-13,130,6,0
P024,2024-01-14,124,6,0
P024,2024-01-15,122,2,0
P024,2024-01-16,118,4,0
P024,2024-01-17,115,3,0
P024,2024-01-18,113,2,0
P024,2024-01-19,109,4,0
P024,2024-01-20,106,3,0
P024,2024-01-21,103,3,0
P024,2024-01-22,100,3,0
P024,2024-01-23,97,3,0
P024,2024-01-24,94,3,0
P024,2024-01-25,90,4,0
P024,2024-01-26,88,2,0
P024,2024-01-27,85,3,0
P024,2024-01-28,79,6,0
P024,2024-01-29,75,4,0
P024,2024-01-30,72,3,0
P024,2024-01-31,69,3,0
P024,2024-02-01,246,3,0
P024,2024-02-02,242,4,0
P024,2024-02-03,238,4,0
P024,2024-02-04,234,4,0
P024,2024-02-05,232,2,0
P024,2024-02-06,228,4,0
P024,2024-02-07,225,3,0
P024,2024-02-08,221,4,0
P024,2024-02-09,217,4,0
P024,2024-02-10,210,7,0
P024,2024-02-11,207,3,0
P024,2024-02-12,203,4,0
P024,2024-02-13,200,3,0
P024,2024-02-14,196,4,0
P024,2024-02-15,191,5,0
P024,2024-02-16,189,2,0
P024,2024-02-17,185,4,0
P024,2024-02-18,178,7,0
P024,2024-02-19,175,3,0
P024,2024-02-20,171,4,0
P024,2024-02-21,167,4,0
P024,2024-02-22,164,3,0
P024,2024-02-23,161,3,0
P024,2024-02-24,155,6,0
P024,2024-02-25,151,4,0
P024,2024-02-26,149,2,0
P024,2024-02-27,147,2,0
P024,2024-02-28,142,5,0
P024,2024-02-29,139,3,0
P024,2024-03-01,313,6,0
P024,2024-03-02,305,8,0
P024,2024-03-03,299,6,0
P024,2024-03-04,296,3,0
P024,2024-03-05,290,6,0
P024,2024-03-06,285,5,0
P024,2024-03-07,279,6,0
P024,2024-03-08,273,6,0
P024,2024-03-09,265,8,0
P024,2024-03-10,258,7,0
P024,2024-03-11,254,4,0
P024,2024-03-12,251,3,0
P024,2024-03-13,248,3,0
P024,2024-03-14,243,5,0
P024,2024-03-15,237,6,0
P024,2024-03-16,227,10,0
P024,2024-03-17,220,7,0
P024,2024-03-18,218,2,0
P024,2024-03-19,214,4,0
P024,2024-03-20,210,4,0
P024,2024-03-21,207,3,0
P024,2024-03-22,203,4,0
P024,2024-03-23,198,5,0
P024,2024-03-24,191,7,0
P024,2024-03-25,185,6,0
P024,2024-03-26,181,4,0
P024,2024-03-27,177,4,0
P024,2024-03-28,174,3,0
P024,2024-03-29,171,3,0
P024,2024-03-30,165,6,0
P024,2024-03-31,161,4,0
P024,2024-04-01,335,6,0
P024,2024-04-02,331,4,0
P024,2024-04-03,325,6,0
P024,2024-04-04,319,6,0
P024,2024-04-05,313,6,0
P024,2024-04-06,303,10,0
P024,2024-04-07,295,8,0
P024,2024-04-08,292,3,0
P024,2024-04-09,288,4,0
P024,2024-04-10,284,4,0
P024,2024-04-11,281,3,0
P024,2024-04-12,277,4,0
P024,2024-04-13,271,6,0
P024,2024-04-14,266,5,0
P024,2024-04-15,260,6,0
P024,2024-04-16,255,5,0
P024,2024-04-17,250,5,0
P024,2024-04-18,247,3,0
P024,2024-04-19,243,4,0
P024,2024-04-20,232,11,0
P024,2024-04-21,222,10,0
P024,2024-04-22,219,3,0
P024,2024-04-23,216,3,0
P024,2024-04-24,212,4,0
P024,2024-04-25,206,6,0
P024,2024-04-26,200,6,0
P024,2024-04-27,192,8,0
P024,2024-04-28,184,8,0
P024,2024-04-29,177,7,0
P024,2024-04-30,172,5,0
P024,2024-05-01,348,4,0
P024,2024-05-02,345,3,0
P024,2024-05-03,342,3,0
P024,2024-05-04,332,10,0
P024,2024-05-05,323,9,0
P024,2024-05-06,317,6,0
P024,2024-05-07,312,5,0
P024,2024-05-08,308,4,0
P024,2024-05-09,304,4,0
P024,2024-05-10,297,7,0
P024,2024-05-11,287,10,0
P024,2024-05-12,281,6,0
P024,2024-05-13,275,6,0
P024,2024-05-14,270,5,0
P024,2024-05-15,265,5,0
P024,2024-05-16,259,6,0
P024,2024-05-17,254,5,0
P024,2024-05-18,246,8,0
P024,2024-05-19,240,6,0
P024,2024-05-20,235,5,0
P024,2024-05-21,228,7,0
P024,2024-05-22,224,4,0
P024,2024-05-23,219,5,0
P024,2024-05-24,214,5,0
P024,2024-05-25,208,6,0
P024,2024-05-26,199,9,0
P024,2024-05-27,195,4,0
P024,2024-05-28,189,6,0
P024,2024-05-29,184,5,0
P024,2024-05-30,177,7,0
P024,2024-05-31,173,4,0
P024,2024-06-01,343,10,0
P024,2024-06-02,333,10,0
P024,2024-06-03,328,5,0
P024,2024-06-04,320,8,0
P024,2024-06-05,314,6,0
P024,2024-06-06,307,7,0
P024,2024-06-07,299,8,0
P024,2024-06-08,288,11,0
P024,2024-06-09,282,6,0
P024,2024-06-10,275,7,0
P024,2024-06-11,271,4,0
P024,2024-06-12,267,4,0
P024,2024-06-13,261,6,0
P024,2024-06-14,256,5,0
P024,2024-06-15,249,7,0
P024,2024-06-16,242,7,0
P024,2024-06-17,235,7,0
P024,2024-06-18,229,6,0
P024,2024-06-19,224,5,0
P024,2024-06-20,218,6,0
P024,2024-06-21,213,5,0
P024,2024-06-22,201,12,0
P024,2024-06-23,195,6,0
P024,2024-06-24,189,6,0
P024,2024-06-25,182,7,0
P024,2024-06-26,179,3,0
P024,2024-06-27,174,5,0
P024,2024-06-28,168,6,0
P024,2024-06-29,160,8,0
P024,2024-06-30,152,8,0
P024,2024-07-01,325,7,0
P024,2024-07-02,317,8,0
P024,2024-07-03,311,6,0
P024,2024-07-04,306,5,0
P024,2024-07-05,301,5,0
P024,2024-07-06,292,9,0
P024,2024-07-07,286,6,0
P024,2024-07-08,280,6,0
P024,2024-07-09,274,6,0
P024,2024-07-10,268,6,0
P024,2024-07-11,264,4,0
P024,2024-07-12,260,4,0
P024,2024-07-13,250,10,0
P024,2024-07-14,242,8,0
P024,2024-07-15,234,8,0
P024,2024-07-16,230,4,0
P024,2024-07-17,223,7,0
P024,2024-07-18,219,4,0
P024,2024-07-19,214,5,0
P024,2024-07-20,206,8,0
P024,2024-07-21,197,9,0
P024,2024-07-22,191,6,0
P024,2024-07-23,184,7,0
P024,2024-07-24,179,5,0
P024,2024-07-25,172,7,0
P024,2024-07-26,167,5,0
P024,2024-07-27,154,13,0
P024,2024-07-28,146,8,0
P024,2024-07-29,142,4,0
P024,2024-07-30,134,8,0
P024,2024-07-31,127,7,0
P024,2024-08-01,302,5,0
P024,2024-08-02,298,4,0
P024,2024-08-03,288,10,0
P024,2024-08-04,278,10,0
P024,2024-08-05,275,3,0
P024,2024-08-06,271,4,0
P024,2024-08-07,267,4,0
P024,2024-08-08,263,4,0
P024,2024-08-09,256,7,0
P024,2024-08-10,249,7,0
P024,2024-08-11,241,8,0
P024,2024-08-12,234,7,0
P024,2024-08-13,228,6,0
P024,2024-08-14,223,5,0
P024,2024-08-15,218,5,0
P024,2024-08-16,214,4,0
P024,2024-08-17,208,6,0
P024,2024-08-18,198,10,0
P024,2024-08-19,194,4,0
P024,2024-08-20,190,4,0
P024,2024-08-21,183,7,0
P024,2024-08-22,179,4,0
P024,2024-08-23,172,7,0
P024,2024-08-24,165,7,0
P024,2024-08-25,156,9,0
P024,2024-08-26,151,5,0
P024,2024-08-27,146,5,0
P024,2024-08-28,140,6,0
P024,2024-08-29,135,5,0
P024,2024-08-30,129,6,0
P024,2024-08-31,118,11,0
P024,2024-09-01,291,7,0
P024,2024-09-02,287,4,0
P024,2024-09-03,283,4,0
P024,2024-09-04,279,4,0
P024,2024-09-05,272,7,0
P024,2024-09-06,267,5,0
P024,2024-09-07,261,6,0
P024,2024-09-08,250,11,0
P024,2024-09-09,241,9,0
P024,2024-09-10,234,7,0
P024,2024-09-11,229,5,0
P024,2024-09-12,222,7,0
P024,2024-09-13,216,6,0
P024,2024-09-14,203,13,0
P024,2024-09-15,191,12,0
P024,2024-09-16,187,4,0
P024,2024-09-17,182,5,0
P024,2024-09-18,176,6,0
P024,2024-09-19,171,5,0
P024,2024-09-20,164,7,0
P024,2024-09-21,153,11,0
P024,2024-09-22,144,9,0
P024,2024-09-23,140,4,0
P024,2024-09-24,133,7,0
P024,2024-09-25,128,5,0
P024,2024-09-26,120,8,0
P024,2024-09-27,111,9,0
P024,2024-09-28,97,14,0
P024,2024-09-29,84,13,0
P024,2024-09-30,79,5,0
P024,2024-10-01,171,7,0
P024,2024-10-02,163,8,0
P024,2024-10-03,157,6,0
P024,2024-10-04,151,6,0
P024,2024-10-05,140,11,0
P024,2024-10-06,126,14,0
P024,2024-10-07,119,7,0
P024,2024-10-08,109,10,0
P024,2024-10-09,103,6,0
P024,2024-10-10,98,5,0
P024,2024-10-11,89,9,0
P024,2024-10-12,76,13,0
P024,2024-10-13,65,11,0
P024,2024-10-14,56,9,0
P024,2024-10-15,51,5,0
P024,2024-10-16,45,6,0
P024,2024-10-17,37,8,0
P024,2024-10-18,29,8,0
P024,2024-10-19,22,7,0
P024,2024-10-20,7,15,0
P024,2024-10-21,0,7,1
P024,2024-10-22,0,0,1
P024,2024-10-23,0,0,1
P024,2024-10-24,0,0,1
P024,2024-10-25,0,0,1
P024,2024-10-26,0,0,1
P024,2024-10-27,0,0,1
P024,2024-10-28,0,0,1
P024,2024-10-29,0,0,1
P024,2024-10-30,0,0,1
P024,2024-10-31,0,0,1
P024,2024-11-01,89,10,0
P024,2024-11-02,74,15,0
P024,2024-11-03,54,20,0
P024,2024-11-04,39,15,0
P024,2024-11-05,29,10,0
P024,2024-11-06,19,10,0
P024,2024-11-07,13,6,0
P024,2024-11-08,6,7,0
P024,2024-11-09,0,6,1
P024,2024-11-10,0,0,1
P024,2024-11-11,0,0,1
P024,2024-11-12,0,0,1
P024,2024-11-13,0,0,1
P024,2024-11-14,0,0,1
P024,2024-11-15,0,0,1
P024,2024-11-16,0,0,1
P024,2024-11-17,0,0,1
P024,2024-11-18,0,0,1
P024,2024-11-19,0,0,1
P024,2024-11-20,0,0,1
P024,2024-11-21,0,0,1
P024,2024-11-22,0,0,1
P024,2024-11-23,0,0,1
P024,2024-11-24,0,0,1
P024,2024-11-25,0,0,1
P024,2024-11-26,0,0,1
P024,2024-11-27,0,0,1
P024,2024-11-28,0,0,1
P024,2024-11-29,0,0,1
P024,2024-11-30,0,0,1
P024,2024-12-01,82,17,0
P024,2024-12-02,74,8,0
P024,2024-12-03,65,9,0
P024,2024-12-04,53,12,0
P024,2024-12-05,42,11,0
P024,2024-12-06,33,9,0
P024,2024-12-07,18,15,0
P024,2024-12-08,0,18,1
P024,2024-12-09,0,0,1
P024,2024-12-10,0,0,1
P024,2024-12-11,0,0,1
P024,2024-12-12,0,0,1
P024,2024-12-13,0,0,1
P024,2024-12-14,0,0,1
P024,2024-12-15,0,0,1
P024,2024-12-16,0,0,1
P024,2024-12-17,0,0,1
P024,2024-12-18,0,0,1
P024,2024-12-19,0,0,1
P024,2024-12-20,0,0,1
P024,2024-12-21,0,0,1
P024,2024-12-22,0,0,1
P024,2024-12-23,0,0,1
P024,2024-12-24,0,0,1
P024,2024-12-25,0,0,1
P024,2024-12-26,0,0,1
P024,2024-12-27,0,0,1
P024,2024-12-28,0,0,1
P024,2024-12-29,0,0,1
P024,2024-12-30,0,0,1
P024,2024-12-31,0,0,1
P025,2022-01-01,357,3,0
P025,2022-01-02,352,5,0
P025,2022-01-03,348,4,0
P025,2022-01-04,344,4,0
P025,2022-01-05,341,3,0
P025,2022-01-06,338,3,0
P025,2022-01-07,334,4,0
P025,2022-01-08,330,4,0
P025,2022-01-09,324,6,0
P025,2022-01-10,322,2,0
P025,2022-01-11,319,3,0
P025,2022-01-12,316,3,0
P025,2022-01-13,314,2,0
P025,2022-01-14,312,2,0
P025,2022-01-15,305,7,0
P025,2022-01-16,299,6,0
P025,2022-01-17,297,2,0
P025,2022-01-18,293,4,0
P025,2022-01-19,291,2,0
P025,2022-01-20,289,2,0
P025,2022-01-21,285,4,0
P025,2022-01-22,279,6,0
P025,2022-01-23,272,7,0
P025,2022-01-24,269,3,0
P025,2022-01-25,267,2,0
P025,2022-01-26,263,4,0
P025,2022-01-27,259,4,0
P025,2022-01-28,256,3,0
P025,2022-01-29,251,5,0
P025,2022-01-30,248,3,0
P025,2022-01-31,245,3,0
P025,2022-02-01,422,3,0
P025,2022-02-02,420,2,0
P025,2022-02-03,417,3,0
P025,2022-02-04,415,2,0
P025,2022-02-05,410,5,0
P025,2022-02-06,404,6,0
P025,2022-02-07,401,3,0
P025,2022-02-08,396,5,0
P025,2022-02-09,392,4,0
P025,2022-02-10,388,4,0
P025,2022-02-11,383,5,0
P025,2022-02-12,378,5,0
P025,2022-02-13,372,6,0
P025,2022-02-14,369,3,0
P025,2022-02-15,364,5,0
P025,2022-02-16,362,2,0
P025,2022-02-17,359,3,0
P025,2022-02-18,356,3,0
P025,2022-02-19,350,6,0
P025,2022-02-20,343,7,0
P025,2022-02-21,340,3,0
P025,2022-02-22,335,5,0
P025,2022-02-23,330,5,0
P025,2022-02-24,325,5,0
P025,2022-02-25,322,3,0
P025,2022-02-26,315,7,0
P025,2022-02-27,309,6,0
P025,2022-02-28,304,5,0
P025,2022-03-01,481,3,0
P025,2022-03-02,475,6,0
P025,2022-03-03,469,6,0
P025,2022-03-04,464,5,0
P025,2022-03-05,454,10,0
P025,2022-03-06,447,7,0
P025,2022-03-07,442,5,0
P025,2022-03-08,439,3,0
P025,2022-03-09,436,3,0
P025,2022-03-10,431,5,0
P025,2022-03-11,427,4,0
P025,2022-03-12,419,8,0
P025,2022-03-13,413,6,0
P025,2022-03-14,410,3,0
P025,2022-03-15,404,6,0
P025,2022-03-16,400,4,0
P025,2022-03-17,394,6,0
P025,2022-03-18,390,4,0
P025,2022-03-19,381,9,0
P025,2022-03-20,371,10,0
P025,2022-03-21,366,5,0
P025,2022-03-22,363,3,0
P025,2022-03-23,360,3,0
P025,2022-03-24,354,6,0
P025,2022-03-25,351,3,0
P025,2022-03-26,343,8,0
P025,2022-03-27,338,5,0
P025,2022-03-28,334,4,0
P025,2022-03-29,330,4,0
P025,2022-03-30,327,3,0
P025,2022-03-31,321,6,0
P025,2022-04-01,495,6,0
P025,2022-04-02,486,9,0
P025,2022-04-03,481,5,0
P025,2022-04-04,476,5,0
P025,2022-04-05,470,6,0
P025,2022-04-06,465,5,0
P025,2022-04-07,459,6,0
P025,2022-04-08,452,7,0
P025,2022-04-09,446,6,0
P025,2022-04-10,436,10,0
P025,2022-04-11,433,3,0
P025,2022-04-12,428,5,0
P025,2022-04-13,422,6,0
P025,2022-04-14,417,5,0
P025,2022-04-15,411,6,0
P025,2022-04-16,405,6,0
P025,2022-04-17,395,10,0
P025,2022-04-18,391,4,0
P025,2022-04-19,388,3,0
P025,2022-04-20,384,4,0
P025,2022-04-21,378,6,0
P025,2022-04-22,372,6,0
P025,2022-04-23,362,10,0
P025,2022-04-24,355,7,0
P025,2022-04-25,351,4,0
P025,2022-04-26,346,5,0
P025,2022-04-27,342,4,0
P025,2022-04-28,338,4,0
P025,2022-04-29,333,5,0
P025,2022-04-30,328,5,0
P025,2022-05-01,502,6,0
P025,2022-05-02,499,3,0
P025,2022-05-03,496,3,0
P025,2022-05-04,489,7,0
P025,2022-05-05,483,6,0
P025,2022-05-06,480,3,0
P025,2022-05-07,469,11,0
P025,2022-05-08,462,7,0
P025,2022-05-09,457,5,0
P025,2022-05-10,451,6,0
P025,2022-05-11,447,4,0
P025,2022-05-12,441,6,0
P025,2022-05-13,435,6,0
P025,2022-05-14,428,7,0
P025,2022-05-15,417,11,0
P025,2022-05-16,411,6,0
P025,2022-05-17,406,5,0
P025,2022-05-18,399,7,0
P025,2022-05-19,395,4,0
P025,2022-05-20,391,4,0
P025,2022-05-21,382,9,0
P025,2022-05-22,374,8,0
P025,2022-05-23,371,3,0
P025,2022-05-24,365,6,0
P025,2022-05-25,360,5,0
P025,2022-05-26,353,7,0
P025,2022-05-27,346,7,0
P025,2022-05-28,336,10,0
P025,2022-05-29,326,10,0
P025,2022-05-30,320,6,0
P025,2022-05-31,317,3,0
P025,2022-06-01,492,5,0
P025,2022-06-02,485,7,0
P025,2022-06-03,481,4,0
P025,2022-06-04,473,8,0
P025,2022-06-05,465,8,0
P025,2022-06-06,462,3,0
P025,2022-06-07,456,6,0
P025,2022-06-08,449,7,0
P025,2022-06-09,442,7,0
P025,2022-06-10,435,7,0
P025,2022-06-11,423,12,0
P025,2022-06-12,416,7,0
P025,2022-06-13,413,3,0
P025,2022-06-14,406,7,0
P025,2022-06-15,399,7,0
P025,2022-06-16,391,8,0
P025,2022-06-17,387,4,0
P025,2022-06-18,382,5,0
P025,2022-06-19,376,6,0
P025,2022-06-20,370,6,0
P025,2022-06-21,366,4,0
P025,2022-06-22,358,8,0
P025,2022-06-23,354,4,0
P025,2022-06-24,349,5,0
P025,2022-06-25,343,6,0
P025,2022-06-26,332,11,0
P025,2022-06-27,326,6,0
P025,2022-06-28,322,4,0
P025,2022-06-29,314,8,0
P025,2022-06-30,310,4,0
P025,2022-07-01,486,4,0
P025,2022-07-02,474,12,0
P025,2022-07-03,466,8,0
P025,2022-07-04,458,8,0
P025,2022-07-05,450,8,0
P025,2022-07-06,442,8,0
P025,2022-07-07,439,3,0
P025,2022-07-08,431,8,0
P025,2022-07-09,421,10,0
P025,2022-07-10,414,7,0
P025,2022-07-11,406,8,0
P025,2022-07-12,398,8,0
P025,2022-07-13,392,6,0
P025,2022-07-14,387,5,0
P025,2022-07-15,383,4,0
P025,2022-07-16,375,8,0
P025,2022-07-17,366,9,0
P025,2022-07-18,358,8,0
P025,2022-07-19,353,5,0
P025,2022-07-20,345,8,0
P025,2022-07-21,337,8,0
P025,2022-07-22,332,5,0
P025,2022-07-23,324,8,0
P025,2022-07-24,317,7,0
P025,2022-07-25,313,4,0
P025,2022-07-26,309,4,0
P025,2022-07-27,303,6,0
P025,2022-07-28,299,4,0
P025,2022-07-29,291,8,0
P025,2022-07-30,279,12,0
P025,2022-07-31,266,13,0
P025,2022-08-01,442,4,0
P025,2022-08-02,435,7,0
P025,2022-08-03,428,7,0
P025,2022-08-04,423,5,0
P025,2022-08-05,418,5,0
P025,2022-08-06,411,7,0
P025,2022-08-07,401,10,0
P025,2022-08-08,395,6,0
P025,2022-08-09,389,6,0
P025,2022-08-10,382,7,0
P025,2022-08-11,375,7,0
P025,2022-08-12,367,8,0
P025,2022-08-13,361,6,0
P025,2022-08-14,354,7,0
P025,2022-08-15,349,5,0
P025,2022-08-16,342,7,0
P025,2022-08-17,336,6,0
P025,2022-08-18,329,7,0
P025,2022-08-19,323,6,0
P025,2022-08-20,317,6,0
P025,2022-08-21,305,12,0
P025,2022-08-22,299,6,0
P025,2022-08-23,292,7,0
P025,2022-08-24,284,8,0
P025,2022-08-25,280,4,0
P025,2022-08-26,274,6,0
P025,2022-08-27,263,11,0
P025,2022-08-28,256,7,0
P025,2022-08-29,252,4,0
P025,2022-08-30,246,6,0
P025,2022-08-31,243,3,0
P025,2022-09-01,415,8,0
P025,2022-09-02,407,8,0
P025,2022-09-03,399,8,0
P025,2022-09-04,393,6,0
P025,2022-09-05,387,6,0
P025,2022-09-06,380,7,0
P025,2022-09-07,372,8,0
P025,2022-09-08,368,4,0
P025,2022-09-09,360,8,0
P025,2022-09-10,353,7,0
P025,2022-09-11,344,9,0
P025,2022-09-12,338,6,0
P025,2022-09-13,334,4,0
P025,2022-09-14,325,9,0
P025,2022-09-15,317,8,0
P025,2022-09-16,309,8,0
P025,2022-09-17,303,6,0
P025,2022-09-18,295,8,0
P025,2022-09-19,288,7,0
P025,2022-09-20,279,9,0
P025,2022-09-21,271,8,0
P025,2022-09-22,263,8,0
P025,2022-09-23,256,7,0
P025,2022-09-24,247,9,0
P025,2022-09-25,237,10,0
P025,2022-09-26,233,4,0
P025,2022-09-27,226,7,0
P025,2022-09-28,218,8,0
P025,2022-09-29,211,7,0
P025,2022-09-30,203,8,0
P025,2022-10-01,293,9,0
P025,2022-10-02,279,14,0
P025,2022-10-03,270,9,0
P025,2022-10-04,261,9,0
P025,2022-10-05,255,6,0
P025,2022-10-06,249,6,0
P025,2022-10-07,240,9,0
P025,2022-10-08,228,12,0
P025,2022-10-09,220,8,0
P025,2022-10-10,211,9,0
P025,2022-10-11,203,8,0
P025,2022-10-12,197,6,0
P025,2022-10-13,190,7,0
P025,2022-10-14,183,7,0
P025,2022-10-15,172,11,0
P025,2022-10-16,165,7,0
P025,2022-10-17,160,5,0
P025,2022-10-18,151,9,0
P025,2022-10-19,141,10,0
P025,2022-10-20,136,5,0
P025,2022-10-21,132,4,0
P025,2022-10-22,125,7,0
P025,2022-10-23,113,12,0
P025,2022-10-24,108,5,0
P025,2022-10-25,104,4,0
P025,2022-10-26,99,5,0
P025,2022-10-27,93,6,0
P025,2022-10-28,88,5,0
P025,2022-10-29,75,13,0
P025,2022-10-30,64,11,0
P025,2022-10-31,58,6,0
P025,2022-11-01,146,11,0
P025,2022-11-02,137,9,0
P025,2022-11-03,125,12,0
P025,2022-11-04,118,7,0
P025,2022-11-05,107,11,0
P025,2022-11-06,93,14,0
P025,2022-11-07,80,13,0
P025,2022-11-08,73,7,0
P025,2022-11-09,63,10,0
P025,2022-11-10,48,15,0
P025,2022-11-11,39,9,0
P025,2022-11-12,27,12,0
P025,2022-11-13,11,16,0
P025,2022-11-14,1,10,0
P025,2022-11-15,0,1,1
P025,2022-11-16,0,0,1
P025,2022-11-17,0,0,1
P025,2022-11-18,0,0,1
P025,2022-11-19,0,0,1
P025,2022-11-20,0,0,1
P025,2022-11-21,0,0,1
P025,2022-11-22,0,0,1
P025,2022-11-23,0,0,1
P025,2022-11-24,0,0,1
P025,2022-11-25,0,0,1
P025,2022-11-26,0,0,1
P025,2022-11-27,0,0,1
P025,2022-11-28,0,0,1
P025,2022-11-29,0,0,1
P025,2022-11-30,0,0,1
P025,2022-12-01,93,6,0
P025,2022-12-02,80,13,0
P025,2022-12-03,68,12,0
P025,2022-12-04,56,12,0
P025,2022-12-05,45,11,0
P025,2022-12-06,38,7,0
P025,2022-12-07,29,9,0
P025,2022-12-08,20,9,0
P025,2022-12-09,11,9,0
P025,2022-12-10,0,11,1
P025,2022-12-11,0,0,1
P025,2022-12-12,0,0,1
P025,2022-12-13,0,0,1
P025,2022-12-14,0,0,1
P025,2022-12-15,0,0,1
P025,2022-12-16,0,0,1
P025,2022-12-17,0,0,1
P025,2022-12-18,0,0,1
P025,2022-12-19,0,0,1
P025,2022-12-20,0,0,1
P025,2022-12-21,0,0,1
P025,2022-12-22,0,0,1
P025,2022-12-23,0,0,1
P025,2022-12-24,0,0,1
P025,2022-12-25,0,0,1
P025,2022-12-26,0,0,1
P025,2022-12-27,0,0,1
P025,2022-12-28,0,0,1
P025,2022-12-29,0,0,1
P025,2022-12-30,0,0,1
P025,2022-12-31,0,0,1
P025,2023-01-01,176,4,0
P025,2023-01-02,172,4,0
P025,2023-01-03,169,3,0
P025,2023-01-04,167,2,0
P025,2023-01-05,164,3,0
P025,2023-01-06,160,4,0
P025,2023-01-07,157,3,0
P025,2023-01-08,153,4,0
P025,2023-01-09,150,3,0
P025,2023-01-10,147,3,0
P025,2023-01-11,143,4,0
P025,2023-01-12,139,4,0
P025,2023-01-13,136,3,0
P025,2023-01-14,132,4,0
P025,2023-01-15,129,3,0
P025,2023-01-16,125,4,0
P025,2023-01-17,121,4,0
P025,2023-01-18,118,3,0
P025,2023-01-19,114,4,0
P025,2023-01-20,111,3,0
P025,2023-01-21,105,6,0
P025,2023-01-22,101,4,0
P025,2023-01-23,99,2,0
P025,2023-01-24,96,3,0
P025,2023-01-25,92,4,0
P025,2023-01-26,89,3,0
P025,2023-01-27,86,3,0
P025,2023-01-28,81,5,0
P025,2023-01-29,75,6,0
P025,2023-01-30,71,4,0
P025,2023-01-31,69,2,0
P025,2023-02-01,247,2,0
P025,2023-02-02,245,2,0
P025,2023-02-03,242,3,0
P025,2023-02-04,238,4,0
P025,2023-02-05,233,5,0
P025,2023-02-06,228,5,0
P025,2023-02-07,226,2,0
P025,2023-02-08,223,3,0
P025,2023-02-09,221,2,0
P025,2023-02-10,217,4,0
P025,2023-02-11,212,5,0
P025,2023-02-12,209,3,0
P025,2023-02-13,206,3,0
P025,2023-02-14,203,3,0
P025,2023-02-15,201,2,0
P025,2023-02-16,198,3,0
P025,2023-02-17,195,3,0
P025,2023-02-18,189,6,0
P025,2023-02-19,186,3,0
P025,2023-02-20,181,5,0
P025,2023-02-21,177,4,0
P025,2023-02-22,172,5,0
P025,2023-02-23,169,3,0
P025,2023-02-24,165,4,0
P025,2023-02-25,161,4,0
P025,2023-02-26,156,5,0
P025,2023-02-27,151,5,0
P025,2023-02-28,146,5,0
P025,2023-03-01,322,4,0
P025,2023-03-02,319,3,0
P025,2023-03-03,316,3,0
P025,2023-03-04,311,5,0
P025,2023-03-05,302,9,0
P025,2023-03-06,297,5,0
P025,2023-03-07,292,5,0
P025,2023-03-08,286,6,0
P025,2023-03-09,281,5,0
P025,2023-03-10,276,5,0
P025,2023-03-11,270,6,0
P025,2023-03-12,265,5,0
P025,2023-03-13,261,4,0
P025,2023-03-14,256,5,0
P025,2023-03-15,251,5,0
P025,2023-03-16,248,3,0
P025,2023-03-17,242,6,0
P025,2023-03-18,237,5,0
P025,2023-03-19,228,9,0
P025,2023-03-20,222,6,0
P025,2023-03-21,216,6,0
P025,2023-03-22,210,6,0
P025,2023-03-23,207,3,0
P025,2023-03-24,204,3,0
P025,2023-03-25,199,5,0
P025,2023-03-26,193,6,0
P025,2023-03-27,188,5,0
P025,2023-03-28,185,3,0
P025,2023-03-29,179,6,0
P025,2023-03-30,175,4,0
P025,2023-03-31,170,5,0
P025,2023-04-01,344,6,0
P025,2023-04-02,339,5,0
P025,2023-04-03,334,5,0
P025,2023-04-04,329,5,0
P025,2023-04-05,322,7,0
P025,2023-04-06,315,7,0
P025,2023-04-07,309,6,0
P025,2023-04-08,304,5,0
P025,2023-04-09,294,10,0
P025,2023-04-10,289,5,0
P025,2023-04-11,283,6,0
P025,2023-04-12,280,3,0
P025,2023-04-13,275,5,0
P025,2023-04-14,272,3,0
P025,2023-04-15,265,7,0
P025,2023-04-16,258,7,0
P025,2023-04-17,254,4,0
P025,2023-04-18,250,4,0
P025,2023-04-19,247,3,0
P025,2023-04-20,241,6,0
P025,2023-04-21,236,5,0
P025,2023-04-22,228,8,0
P025,2023-04-23,222,6,0
P025,2023-04-24,217,5,0
P025,2023-04-25,210,7,0
P025,2023-04-26,205,5,0
P025,2023-04-27,200,5,0
P025,2023-04-28,194,6,0
P025,2023-04-29,187,7,0
P025,2023-04-30,176,11,0
P025,2023-05-01,353,3,0
P025,2023-05-02,346,7,0
P025,2023-05-03,339,7,0
P025,2023-05-04,333,6,0
P025,2023-05-05,328,5,0
P025,2023-05-06,316,12,0
P025,2023-05-07,306,10,0
P025,2023-05-08,302,4,0
P025,2023-05-09,297,5,0
P025,2023-05-10,294,3,0
P025,2023-05-11,288,6,0
P025,2023-05-12,281,7,0
P025,2023-05-13,271,10,0
P025,2023-05-14,266,5,0
P025,2023-05-15,259,7,0
P025,2023-05-16,255,4,0
P025,2023-05-17,248,7,0
P025,2023-05-18,243,5,0
P025,2023-05-19,237,6,0
P025,2023-05-20,230,7,0
P025,2023-05-21,220,10,0
P025,2023-05-22,216,4,0
P025,2023-05-23,210,6,0
P025,2023-05-24,206,4,0
P025,2023-05-25,203,3,0
P025,2023-05-26,199,4,0
P025,2023-05-27,188,11,0
P025,2023-05-28,182,6,0
P025,2023-05-29,177,5,0
P025,2023-05-30,173,4,0
P025,2023-05-31,168,5,0
P025,2023-06-01,344,4,0
P025,2023-06-02,340,4,0
P025,2023-06-03,331,9,0
P025,2023-06-04,326,5,0
P025,2023-06-05,321,5,0
P025,2023-06-06,315,6,0
P025,2023-06-07,308,7,0
P025,2023-06-08,305,3,0
P025,2023-06-09,298,7,0
P025,2023-06-10,293,5,0
P025,2023-06-11,285,8,0
P025,2023-06-12,280,5,0
P025,2023-06-13,275,5,0
P025,2023-06-14,270,5,0
P025,2023-06-15,265,5,0
P025,2023-06-16,258,7,0
P025,2023-06-17,248,10,0
P025,2023-06-18,241,7,0
P025,2023-06-19,235,6,0
P025,2023-06-20,231,4,0
P025,2023-06-21,224,7,0
P025,2023-06-22,217,7,0
P025,2023-06-23,211,6,0
P025,2023-06-24,200,11,0
P025,2023-06-25,190,10,0
P025,2023-06-26,187,3,0
P025,2023-06-27,182,5,0
P025,2023-06-28,175,7,0
P025,2023-06-29,168,7,0
P025,2023-06-30,161,7,0
P025,2023-07-01,333,8,0
P025,2023-07-02,321,12,0
P025,2023-07-03,313,8,0
P025,2023-07-04,309,4,0
P025,2023-07-05,306,3,0
P025,2023-07-06,301,5,0
P025,2023-07-07,295,6,0
P025,2023-07-08,286,9,0
P025,2023-07-09,275,11,0
P025,2023-07-10,267,8,0
P025,2023-07-11,262,5,0
P025,2023-07-12,256,6,0
P025,2023-07-13,250,6,0
P025,2023-07-14,244,6,0
P025,2023-07-15,238,6,0
P025,2023-07-16,232,6,0
P025,2023-07-17,227,5,0
P025,2023-07-18,222,5,0
P025,2023-07-19,215,7,0
P025,2023-07-20,208,7,0
P025,2023-07-21,201,7,0
P025,2023-07-22,193,8,0
P025,2023-07-23,187,6,0
P025,2023-07-24,183,4,0
P025,2023-07-25,175,8,0
P025,2023-07-26,169,6,0
P025,2023-07-27,161,8,0
P025,2023-07-28,157,4,0
P025,2023-07-29,145,12,0
P025,2023-07-30,136,9,0
P025,2023-07-31,131,5,0
P025,2023-08-01,306,5,0
P025,2023-08-02,303,3,0
P025,2023-08-03,296,7,0
P025,2023-08-04,293,3,0
P025,2023-08-05,287,6,0
P025,2023-08-06,276,11,0
P025,2023-08-07,272,4,0
P025,2023-08-08,265,7,0
P025,2023-08-09,261,4,0
P025,2023-08-10,255,6,0
P025,2023-08-11,249,6,0
P025,2023-08-12,242,7,0
P025,2023-08-13,232,10,0
P025,2023-08-14,228,4,0
P025,2023-08-15,224,4,0
P025,2023-08-16,220,4,0
P025,2023-08-17,215,5,0
P025,2023-08-18,211,4,0
P025,2023-08-19,199,12,0
P025,2023-08-20,193,6,0
P025,2023-08-21,188,5,0
P025,2023-08-22,183,5,0
P025,2023-08-23,179,4,0
P025,2023-08-24,176,3,0
P025,2023-08-25,171,5,0
P025,2023-08-26,164,7,0
P025,2023-08-27,156,8,0
P025,2023-08-28,148,8,0
P025,2023-08-29,140,8,0
P025,2023-08-30,135,5,0
P025,2023-08-31,127,8,0
P025,2023-09-01,300,7,0
P025,2023-09-02,290,10,0
P025,2023-09-03,279,11,0
P025,2023-09-04,274,5,0
P025,2023-09-05,269,5,0
P025,2023-09-06,260,9,0
P025,2023-09-07,252,8,0
P025,2023-09-08,248,4,0
P025,2023-09-09,235,13,0
P025,2023-09-10,222,13,0
P025,2023-09-11,214,8,0
P025,2023-09-12,206,8,0
P025,2023-09-13,201,5,0
P025,2023-09-14,193,8,0
P025,2023-09-15,189,4,0
P025,2023-09-16,183,6,0
P025,2023-09-17,172,11,0
P025,2023-09-18,167,5,0
P025,2023-09-19,160,7,0
P025,2023-09-20,154,6,0
P025,2023-09-21,146,8,0
P025,2023-09-22,142,4,0
P025,2023-09-23,136,6,0
P025,2023-09-24,128,8,0
P025,2023-09-25,123,5,0
P025,2023-09-26,115,8,0
P025,2023-09-27,111,4,0
P025,2023-09-28,102,9,0
P025,2023-09-29,97,5,0
P025,2023-09-30,86,11,0
P025,2023-10-01,178,7,0
P025,2023-10-02,169,9,0
P025,2023-10-03,161,8,0
P025,2023-10-04,156,5,0
P025,2023-10-05,148,8,0
P025,2023-10-06,140,8,0
P025,2023-10-07,125,15,0
P025,2023-10-08,115,10,0
P025,2023-10-09,110,5,0
P025,2023-10-10,102,8,0
P025,2023-10-11,95,7,0
P025,2023-10-12,89,6,0
P025,2023-10-13,80,9,0
P025,2023-10-14,71,9,0
P025,2023-10-15,60,11,0
P025,2023-10-16,56,4,0
P025,2023-10-17,50,6,0
P025,2023-10-18,45,5,0
P025,2023-10-19,38,7,0
P025,2023-10-20,32,6,0
P025,2023-10-21,19,13,0
P025,2023-10-22,12,7,0
P025,2023-10-23,6,6,0
P025,2023-10-24,2,4,0
P025,2023-10-25,0,2,1
P025,2023-10-26,0,0,1
P025,2023-10-27,0,0,1
P025,2023-10-28,0,0,1
P025,2023-10-29,0,0,1
P025,2023-10-30,0,0,1
P025,2023-10-31,0,0,1
P025,2023-11-01,91,8,0
P025,2023-11-02,78,13,0
P025,2023-11-03,65,13,0
P025,2023-11-04,44,21,0
P025,2023-11-05,27,17,0
P025,2023-11-06,16,11,0
P025,2023-11-07,3,13,0
P025,2023-11-08,0,3,1
P025,2023-11-09,0,0,1
P025,2023-11-10,0,0,1
P025,2023-11-11,0,0,1
P025,2023-11-12,0,0,1
P025,2023-11-13,0,0,1
P025,2023-11-14,0,0,1
P025,2023-11-15,0,0,1
P025,2023-11-16,0,0,1
P025,2023-11-17,0,0,1
P025,2023-11-18,0,0,1
P025,2023-11-19,0,0,1
P025,2023-11-20,0,0,1
P025,2023-11-21,0,0,1
P025,2023-11-22,0,0,1
P025,2023-11-23,0,0,1
P025,2023-11-24,0,0,1
P025,2023-11-25,0,0,1
P025,2023-11-26,0,0,1
P025,2023-11-27,0,0,1
P025,2023-11-28,0,0,1
P025,2023-11-29,0,0,1
P025,2023-11-30,0,0,1
P025,2023-12-01,92,7,0
P025,2023-12-02,77,15,0
P025,2023-12-03,60,17,0
P025,2023-12-04,50,10,0
P025,2023-12-05,44,6,0
P025,2023-12-06,35,9,0
P025,2023-12-07,25,10,0
P025,2023-12-08,19,6,0
P025,2023-12-09,0,19,1
P025,2023-12-10,0,0,1
P025,2023-12-11,0,0,1
P025,2023-12-12,0,0,1
P025,2023-12-13,0,0,1
P025,2023-12-14,0,0,1
P025,2023-12-15,0,0,1
P025,2023-12-16,0,0,1
P025,2023-12-17,0,0,1
P025,2023-12-18,0,0,1
P025,2023-12-19,0,0,1
P025,2023-12-20,0,0,1
P025,2023-12-21,0,0,1
P025,2023-12-22,0,0,1
P025,2023-12-23,0,0,1
P025,2023-12-24,0,0,1
P025,2023-12-25,0,0,1
P025,2023-12-26,0,0,1
P025,2023-12-27,0,0,1
P025,2023-12-28,0,0,1
P025,2023-12-29,0,0,1
P025,2023-12-30,0,0,1
P025,2023-12-31,0,0,1
P025,2024-01-01,176,4,0
P025,2024-01-02,173,3,0
P025,2024-01-03,171,2,0
P025,2024-01-04,169,2,0
P025,2024-01-05,166,3,0
P025,2024-01-06,162,4,0
P025,2024-01-07,159,3,0
P025,2024-01-08,156,3,0
P025,2024-01-09,152,4,0
P025,2024-01-10,149,3,0
P025,2024-01-11,147,2,0
P025,2024-01-12,143,4,0
P025,2024-01-13,136,7,0
P025,2024-01-14,133,3,0
P025,2024-01-15,130,3,0
P025,2024-01-16,126,4,0
P025,2024-01-17,123,3,0
P025,2024-01-18,121,2,0
P025,2024-01-19,118,3,0
P025,2024-01-20,114,4,0
P025,2024-01-21,107,7,0
P025,2024-01-22,104,3,0
P025,2024-01-23,102,2,0
P025,2024-01-24,99,3,0
P025,2024-01-25,95,4,0
P025,2024-01-26,90,5,0
P025,2024-01-27,87,3,0
P025,2024-01-28,83,4,0
P025,2024-01-29,80,3,0
P025,2024-01-30,78,2,0
P025,2024-01-31,75,3,0
P025,2024-02-01,252,3,0
P025,2024-02-02,248,4,0
P025,2024-02-03,240,8,0
P025,2024-02-04,233,7,0
P025,2024-02-05,230,3,0
P025,2024-02-06,227,3,0
P025,2024-02-07,223,4,0
P025,2024-02-08,218,5,0
P025,2024-02-09,213,5,0
P025,2024-02-10,206,7,0
P025,2024-02-11,200,6,0
P025,2024-02-12,195,5,0
P025,2024-02-13,191,4,0
P025,2024-02-14,187,4,0
P025,2024-02-15,182,5,0
P025,2024-02-16,180,2,0
P025,2024-02-17,175,5,0
P025,2024-02-18,171,4,0
P025,2024-02-19,169,2,0
P025,2024-02-20,166,3,0
P025,2024-02-21,163,3,0
P025,2024-02-22,160,3,0
P025,2024-02-23,157,3,0
P025,2024-02-24,151,6,0
P025,2024-02-25,144,7,0
P025,2024-02-26,140,4,0
P025,2024-02-27,135,5,0
P025,2024-02-28,131,4,0
P025,2024-02-29,128,3,0
P025,2024-03-01,302,6,0
P025,2024-03-02,297,5,0
P025,2024-03-03,287,10,0
P025,2024-03-04,283,4,0
P025,2024-03-05,280,3,0
P025,2024-03-06,276,4,0
P025,2024-03-07,272,4,0
P025,2024-03-08,269,3,0
P025,2024-03-09,260,9,0
P025,2024-03-10,253,7,0
P025,2024-03-11,249,4,0
P025,2024-03-12,245,4,0
P025,2024-03-13,240,5,0
P025,2024-03-14,236,4,0
P025,2024-03-15,233,3,0
P025,2024-03-16,225,8,0
P025,2024-03-17,216,9,0
P025,2024-03-18,210,6,0
P025,2024-03-19,207,3,0
P025,2024-03-20,204,3,0
P025,2024-03-21,200,4,0
P025,2024-03-22,195,5,0
P025,2024-03-23,191,4,0
P025,2024-03-24,183,8,0
P025,2024-03-25,180,3,0
P025,2024-03-26,174,6,0
P025,2024-03-27,171,3,0
P025,2024-03-28,167,4,0
P025,2024-03-29,162,5,0
P025,2024-03-30,152,10,0
P025,2024-03-31,148,4,0
P025,2024-04-01,322,6,0
P025,2024-04-02,318,4,0
P025,2024-04-03,315,3,0
P025,2024-04-04,309,6,0
P025,2024-04-05,304,5,0
P025,2024-04-06,293,11,0
P025,2024-04-07,288,5,0
P025,2024-04-08,282,6,0
P025,2024-04-09,277,5,0
P025,2024-04-10,272,5,0
P025,2024-04-11,267,5,0
P025,2024-04-12,262,5,0
P025,2024-04-13,252,10,0
P025,2024-04-14,244,8,0
P025,2024-04-15,240,4,0
P025,2024-04-16,234,6,0
P025,2024-04-17,231,3,0
P025,2024-04-18,225,6,0
P025,2024-04-19,219,6,0
P025,2024-04-20,209,10,0
P025,2024-04-21,204,5,0
P025,2024-04-22,198,6,0
P025,2024-04-23,195,3,0
P025,2024-04-24,189,6,0
P025,2024-04-25,184,5,0
P025,2024-04-26,178,6,0
P025,2024-04-27,172,6,0
P025,2024-04-28,166,6,0
P025,2024-04-29,160,6,0
P025,2024-04-30,156,4,0
P025,2024-05-01,333,3,0
P025,2024-05-02,328,5,0
P025,2024-05-03,324,4,0
P025,2024-05-04,315,9,0
P025,2024-05-05,305,10,0
P025,2024-05-06,300,5,0
P025,2024-05-07,296,4,0
P025,2024-05-08,292,4,0
P025,2024-05-09,289,3,0
P025,2024-05-10,282,7,0
P025,2024-05-11,270,12,0
P025,2024-05-12,264,6,0
P025,2024-05-13,258,6,0
P025,2024-05-14,254,4,0
P025,2024-05-15,248,6,0
P025,2024-05-16,241,7,0
P025,2024-05-17,236,5,0
P025,2024-05-18,228,8,0
P025,2024-05-19,217,11,0
P025,2024-05-20,214,3,0
P025,2024-05-21,211,3,0
P025,2024-05-22,207,4,0
P025,2024-05-23,203,4,0
P025,2024-05-24,196,7,0
P025,2024-05-25,191,5,0
P025,2024-05-26,181,10,0
P025,2024-05-27,175,6,0
P025,2024-05-28,171,4,0
P025,2024-05-29,166,5,0
P025,2024-05-30,159,7,0
P025,2024-05-31,155,4,0
P025,2024-06-01,328,7,0
P025,2024-06-02,321,7,0
P025,2024-06-03,314,7,0
P025,2024-06-04,309,5,0
P025,2024-06-05,302,7,0
P025,2024-06-06,296,6,0
P025,2024-06-07,291,5,0
P025,2024-06-08,283,8,0
P025,2024-06-09,275,8,0
P025,2024-06-10,270,5,0
P025,2024-06-11,266,4,0
P025,2024-06-12,260,6,0
P025,2024-06-13,257,3,0
P025,2024-06-14,251,6,0
P025,2024-06-15,243,8,0
P025,2024-06-16,232,11,0
P025,2024-06-17,226,6,0
P025,2024-06-18,220,6,0
P025,2024-06-19,213,7,0
P025,2024-06-20,209,4,0
P025,2024-06-21,204,5,0
P025,2024-06-22,197,7,0
P025,2024-06-23,186,11,0
P025,2024-06-24,179,7,0
P025,2024-06-25,171,8,0
P025,2024-06-26,164,7,0
P025,2024-06-27,158,6,0
P025,2024-06-28,150,8,0
P025,2024-06-29,139,11,0
P025,2024-06-30,128,11,0
P025,2024-07-01,302,6,0
P025,2024-07-02,295,7,0
P025,2024-07-03,291,4,0
P025,2024-07-04,287,4,0
P025,2024-07-05,284,3,0
P025,2024-07-06,275,9,0
P025,2024-07-07,269,6,0
P025,2024-07-08,262,7,0
P025,2024-07-09,256,6,0
P025,2024-07-10,248,8,0
P025,2024-07-11,242,6,0
P025,2024-07-12,236,6,0
P025,2024-07-13,225,11,0
P025,2024-07-14,219,6,0
P025,2024-07-15,213,6,0
P025,2024-07-16,209,4,0
P025,2024-07-17,201,8,0
P025,2024-07-18,196,5,0
P025,2024-07-19,191,5,0
P025,2024-07-20,183,8,0
P025,2024-07-21,171,12,0
P025,2024-07-22,164,7,0
P025,2024-07-23,158,6,0
P025,2024-07-24,153,5,0
P025,2024-07-25,145,8,0
P025,2024-07-26,141,4,0
P025,2024-07-27,133,8,0
P025,2024-07-28,124,9,0
P025,2024-07-29,119,5,0
P025,2024-07-30,111,8,0
P025,2024-07-31,106,5,0
P025,2024-08-01,282,4,0
P025,2024-08-02,276,6,0
P025,2024-08-03,267,9,0
P025,2024-08-04,259,8,0
P025,2024-08-05,253,6,0
P025,2024-08-06,249,4,0
P025,2024-08-07,246,3,0
P025,2024-08-08,240,6,0
P025,2024-08-09,234,6,0
P025,2024-08-10,227,7,0
P025,2024-08-11,215,12,0
P025,2024-08-12,210,5,0
P025,2024-08-13,203,7,0
P025,2024-08-14,196,7,0
P025,2024-08-15,193,3,0
P025,2024-08-16,186,7,0
P025,2024-08-17,176,10,0
P025,2024-08-18,169,7,0
P025,2024-08-19,161,8,0
P025,2024-08-20,157,4,0
P025,2024-08-21,150,7,0
P025,2024-08-22,147,3,0
P025,2024-08-23,143,4,0
P025,2024-08-24,131,12,0
P025,2024-08-25,120,11,0
P025,2024-08-26,116,4,0
P025,2024-08-27,108,8,0
P025,2024-08-28,102,6,0
P025,2024-08-29,96,6,0
P025,2024-08-30,92,4,0
P025,2024-08-31,82,10,0
P025,2024-09-01,254,8,0
P025,2024-09-02,246,8,0
P025,2024-09-03,238,8,0
P025,2024-09-04,233,5,0
P025,2024-09-05,228,5,0
P025,2024-09-06,223,5,0
P025,2024-09-07,217,6,0
P025,2024-09-08,210,7,0
P025,2024-09-09,205,5,0
P025,2024-09-10,201,4,0
P025,2024-09-11,195,6,0
P025,2024-09-12,188,7,0
P025,2024-09-13,182,6,0
P025,2024-09-14,169,13,0
P025,2024-09-15,161,8,0
P025,2024-09-16,156,5,0
P025,2024-09-17,149,7,0
P025,2024-09-18,141,8,0
P025,2024-09-19,133,8,0
P025,2024-09-20,126,7,0
P025,2024-09-21,115,11,0
P025,2024-09-22,106,9,0
P025,2024-09-23,102,4,0
P025,2024-09-24,94,8,0
P025,2024-09-25,89,5,0
P025,2024-09-26,84,5,0
P025,2024-09-27,80,4,0
P025,2024-09-28,66,14,0
P025,2024-09-29,57,9,0
P025,2024-09-30,52,5,0
P025,2024-10-01,145,6,0
P025,2024-10-02,136,9,0
P025,2024-10-03,131,5,0
P025,2024-10-04,125,6,0
P025,2024-10-05,117,8,0
P025,2024-10-06,103,14,0
P025,2024-10-07,96,7,0
P025,2024-10-08,88,8,0
P025,2024-10-09,81,7,0
P025,2024-10-10,77,4,0
P025,2024-10-11,68,9,0
P025,2024-10-12,55,13,0
P025,2024-10-13,44,11,0
P025,2024-10-14,36,8,0
P025,2024-10-15,31,5,0
P025,2024-10-16,23,8,0
P025,2024-10-17,15,8,0
P025,2024-10-18,9,6,0
P025,2024-10-19,0,9,1
P025,2024-10-20,0,0,1
P025,2024-10-21,0,0,1
P025,2024-10-22,0,0,1
P025,2024-10-23,0,0,1
P025,2024-10-24,0,0,1
P025,2024-10-25,0,0,1
P025,2024-10-26,0,0,1
P025,2024-10-27,0,0,1
P025,2024-10-28,0,0,1
P025,2024-10-29,0,0,1
P025,2024-10-30,0,0,1
P025,2024-10-31,0,0,1
P025,2024-11-01,88,11,0
P025,2024-11-02,68,20,0
P025,2024-11-03,49,19,0
P025,2024-11-04,40,9,0
P025,2024-11-05,29,11,0
P025,2024-11-06,20,9,0
P025,2024-11-07,12,8,0
P025,2024-11-08,0,12,1
P025,2024-11-09,0,0,1
P025,2024-11-10,0,0,1
P025,2024-11-11,0,0,1
P025,2024-11-12,0,0,1
P025,2024-11-13,0,0,1
P025,2024-11-14,0,0,1
P025,2024-11-15,0,0,1
P025,2024-11-16,0,0,1
P025,2024-11-17,0,0,1
P025,2024-11-18,0,0,1
P025,2024-11-19,0,0,1
P025,2024-11-20,0,0,1
P025,2024-11-21,0,0,1
P025,2024-11-22,0,0,1
P025,2024-11-23,0,0,1
P025,2024-11-24,0,0,1
P025,2024-11-25,0,0,1
P025,2024-11-26,0,0,1
P025,2024-11-27,0,0,1
P025,2024-11-28,0,0,1
P025,2024-11-29,0,0,1
P025,2024-11-30,0,0,1
P025,2024-12-01,78,21,0
P025,2024-12-02,70,8,0
P025,2024-12-03,57,13,0
P025,2024-12-04,50,7,0
P025,2024-12-05,41,9,0
P025,2024-12-06,30,11,0
P025,2024-12-07,20,10,0
P025,2024-12-08,3,17,0
P025,2024-12-09,0,3,1
P025,2024-12-10,0,0,1
P025,2024-12-11,0,0,1
P025,2024-12-12,0,0,1
P025,2024-12-13,0,0,1
P025,2024-12-14,0,0,1
P025,2024-12-15,0,0,1
P025,2024-12-16,0,0,1
P025,2024-12-17,0,0,1
P025,2024-12-18,0,0,1
P025,2024-12-19,0,0,1
P025,2024-12-20,0,0,1
P025,2024-12-21,0,0,1
P025,2024-12-22,0,0,1
P025,2024-12-23,0,0,1
P025,2024-12-24,0,0,1
P025,2024-12-25,0,0,1
P025,2024-12-26,0,0,1
P025,2024-12-27,0,0,1
P025,2024-12-28,0,0,1
P025,2024-12-29,0,0,1
P025,2024-12-30,0,0,1
P025,2024-12-31,0,0,1
P026,2022-01-01,355,5,0
P026,2022-01-02,349,6,0
P026,2022-01-03,346,3,0
P026,2022-01-04,342,4,0
P026,2022-01-05,338,4,0
P026,2022-01-06,336,2,0
P026,2022-01-07,332,4,0
P026,2022-01-08,325,7,0
P026,2022-01-09,322,3,0
P026,2022-01-10,318,4,0
P026,2022-01-11,316,2,0
P026,2022-01-12,312,4,0
P026,2022-01-13,309,3,0
P026,2022-01-14,305,4,0
P026,2022-01-15,300,5,0
P026,2022-01-16,297,3,0
P026,2022-01-17,293,4,0
P026,2022-01-18,290,3,0
P026,2022-01-19,287,3,0
P026,2022-01-20,283,4,0
P026,2022-01-21,280,3,0
P026,2022-01-22,277,3,0
P026,2022-01-23,272,5,0
P026,2022-01-24,269,3,0
P026,2022-01-25,266,3,0
P026,2022-01-26,263,3,0
P026,2022-01-27,259,4,0
P026,2022-01-28,256,3,0
P026,2022-01-29,250,6,0
P026,2022-01-30,247,3,0
P026,2022-01-31,243,4,0
P026,2022-02-01,418,5,0
P026,2022-02-02,415,3,0
P026,2022-02-03,412,3,0
P026,2022-02-04,407,5,0
P026,2022-02-05,401,6,0
P026,2022-02-06,393,8,0
P026,2022-02-07,388,5,0
P026,2022-02-08,383,5,0
P026,2022-02-09,378,5,0
P026,2022-02-10,375,3,0
P026,2022-02-11,371,4,0
P026,2022-02-12,367,4,0
P026,2022-02-13,363,4,0
P026,2022-02-14,359,4,0
P026,2022-02-15,357,2,0
P026,2022-02-16,354,3,0
P026,2022-02-17,351,3,0
P026,2022-02-18,347,4,0
P026,2022-02-19,339,8,0
P026,2022-02-20,334,5,0
P026,2022-02-21,331,3,0
P026,2022-02-22,327,4,0
P026,2022-02-23,325,2,0
P026,2022-02-24,320,5,0
P026,2022-02-25,318,2,0
P026,2022-02-26,314,4,0
P026,2022-02-27,309,5,0
P026,2022-02-28,307,2,0
P026,2022-03-01,484,3,0
P026,2022-03-02,478,6,0
P026,2022-03-03,473,5,0
P026,2022-03-04,467,6,0
P026,2022-03-05,458,9,0
P026,2022-03-06,451,7,0
P026,2022-03-07,448,3,0
P026,2022-03-08,444,4,0
P026,2022-03-09,439,5,0
P026,2022-03-10,435,4,0
P026,2022-03-11,430,5,0
P026,2022-03-12,423,7,0
P026,2022-03-13,414,9,0
P026,2022-03-14,411,3,0
P026,2022-03-15,408,3,0
P026,2022-03-16,405,3,0
P026,2022-03-17,401,4,0
P026,2022-03-18,397,4,0
P026,2022-03-19,391,6,0
P026,2022-03-20,387,4,0
P026,2022-03-21,384,3,0
P026,2022-03-22,381,3,0
P026,2022-03-23,378,3,0
P026,2022-03-24,375,3,0
P026,2022-03-25,369,6,0
P026,2022-03-26,363,6,0
P026,2022-03-27,353,10,0
P026,2022-03-28,347,6,0
P026,2022-03-29,341,6,0
P026,2022-03-30,337,4,0
P026,2022-03-31,332,5,0
P026,2022-04-01,509,3,0
P026,2022-04-02,498,11,0
P026,2022-04-03,490,8,0
P026,2022-04-04,486,4,0
P026,2022-04-05,483,3,0
P026,2022-04-06,478,5,0
P026,2022-04-07,474,4,0
P026,2022-04-08,469,5,0
P026,2022-04-09,464,5,0
P026,2022-04-10,455,9,0
P026,2022-04-11,452,3,0
P026,2022-04-12,449,3,0
P026,2022-04-13,444,5,0
P026,2022-04-14,441,3,0
P026,2022-04-15,437,4,0
P026,2022-04-16,432,5,0
P026,2022-04-17,427,5,0
P026,2022-04-18,424,3,0
P026,2022-04-19,421,3,0
P026,2022-04-20,415,6,0
P026,2022-04-21,412,3,0
P026,2022-04-22,406,6,0
P026,2022-04-23,399,7,0
P026,2022-04-24,391,8,0
P026,2022-04-25,386,5,0
P026,2022-04-26,380,6,0
P026,2022-04-27,376,4,0
P026,2022-04-28,370,6,0
P026,2022-04-29,367,3,0
P026,2022-04-30,356,11,0
P026,2022-05-01,528,8,0
P026,2022-05-02,521,7,0
P026,2022-05-03,518,3,0
P026,2022-05-04,514,4,0
P026,2022-05-05,507,7,0
P026,2022-05-06,503,4,0
P026,2022-05-07,495,8,0
P026,2022-05-08,484,11,0
P026,2022-05-09,478,6,0
P026,2022-05-10,472,6,0
P026,2022-05-11,467,5,0
P026,2022-05-12,462,5,0
P026,2022-05-13,456,6,0
P026,2022-05-14,447,9,0
P026,2022-05-15,439,8,0
P026,2022-05-16,435,4,0
P026,2022-05-17,428,7,0
P026,2022-05-18,421,7,0
P026,2022-05-19,415,6,0
P026,2022-05-20,409,6,0
P026,2022-05-21,401,8,0
P026,2022-05-22,392,9,0
P026,2022-05-23,388,4,0
P026,2022-05-24,382,6,0
P026,2022-05-25,375,7,0
P026,2022-05-26,371,4,0
P026,2022-05-27,365,6,0
P026,2022-05-28,354,11,0
P026,2022-05-29,348,6,0
P026,2022-05-30,342,6,0
P026,2022-05-31,336,6,0
P026,2022-06-01,510,6,0
P026,2022-06-02,506,4,0
P026,2022-06-03,500,6,0
P026,2022-06-04,493,7,0
P026,2022-06-05,485,8,0
P026,2022-06-06,478,7,0
P026,2022-06-07,471,7,0
P026,2022-06-08,464,7,0
P026,2022-06-09,459,5,0
P026,2022-06-10,453,6,0
P026,2022-06-11,444,9,0
P026,2022-06-12,432,12,0
P026,2022-06-13,428,4,0
P026,2022-06-14,425,3,0
P026,2022-06-15,418,7,0
P026,2022-06-16,413,5,0
P026,2022-06-17,410,3,0
P026,2022-06-18,401,9,0
P026,2022-06-19,392,9,0
P026,2022-06-20,385,7,0
P026,2022-06-21,380,5,0
P026,2022-06-22,376,4,0
P026,2022-06-23,370,6,0
P026,2022-06-24,365,5,0
P026,2022-06-25,356,9,0
P026,2022-06-26,347,9,0
P026,2022-06-27,341,6,0
P026,2022-06-28,337,4,0
P026,2022-06-29,331,6,0
P026,2022-06-30,325,6,0
P026,2022-07-01,501,4,0
P026,2022-07-02,489,12,0
P026,2022-07-03,476,13,0
P026,2022-07-04,468,8,0
P026,2022-07-05,460,8,0
P026,2022-07-06,455,5,0
P026,2022-07-07,450,5,0
P026,2022-07-08,445,5,0
P026,2022-07-09,435,10,0
P026,2022-07-10,426,9,0
P026,2022-07-11,418,8,0
P026,2022-07-12,412,6,0
P026,2022-07-13,407,5,0
P026,2022-07-14,399,8,0
P026,2022-07-15,392,7,0
P026,2022-07-16,382,10,0
P026,2022-07-17,374,8,0
P026,2022-07-18,369,5,0
P026,2022-07-19,364,5,0
P026,2022-07-20,360,4,0
P026,2022-07-21,354,6,0
P026,2022-07-22,348,6,0
P026,2022-07-23,340,8,0
P026,2022-07-24,333,7,0
P026,2022-07-25,329,4,0
P026,2022-07-26,322,7,0
P026,2022-07-27,317,5,0
P026,2022-07-28,310,7,0
P026,2022-07-29,302,8,0
P026,2022-07-30,289,13,0
P026,2022-07-31,282,7,0
P026,2022-08-01,458,4,0
P026,2022-08-02,454,4,0
P026,2022-08-03,447,7,0
P026,2022-08-04,444,3,0
P026,2022-08-05,439,5,0
P026,2022-08-06,432,7,0
P026,2022-08-07,421,11,0
P026,2022-08-08,415,6,0
P026,2022-08-09,408,7,0
P026,2022-08-10,401,7,0
P026,2022-08-11,395,6,0
P026,2022-08-12,388,7,0
P026,2022-08-13,380,8,0
P026,2022-08-14,372,8,0
P026,2022-08-15,364,8,0
P026,2022-08-16,359,5,0
P026,2022-08-17,353,6,0
P026,2022-08-18,348,5,0
P026,2022-08-19,341,7,0
P026,2022-08-20,333,8,0
P026,2022-08-21,324,9,0
P026,2022-08-22,316,8,0
P026,2022-08-23,309,7,0
P026,2022-08-24,305,4,0
P026,2022-08-25,299,6,0
P026,2022-08-26,293,6,0
P026,2022-08-27,283,10,0
P026,2022-08-28,273,10,0
P026,2022-08-29,267,6,0
P026,2022-08-30,259,8,0
P026,2022-08-31,256,3,0
P026,2022-09-01,431,5,0
P026,2022-09-02,423,8,0
P026,2022-09-03,416,7,0
P026,2022-09-04,409,7,0
P026,2022-09-05,401,8,0
P026,2022-09-06,397,4,0
P026,2022-09-07,389,8,0
P026,2022-09-08,383,6,0
P026,2022-09-09,378,5,0
P026,2022-09-10,370,8,0
P026,2022-09-11,361,9,0
P026,2022-09-12,356,5,0
P026,2022-09-13,348,8,0
P026,2022-09-14,340,8,0
P026,2022-09-15,335,5,0
P026,2022-09-16,331,4,0
P026,2022-09-17,320,11,0
P026,2022-09-18,313,7,0
P026,2022-09-19,308,5,0
P026,2022-09-20,303,5,0
P026,2022-09-21,298,5,0
P026,2022-09-22,290,8,0
P026,2022-09-23,284,6,0
P026,2022-09-24,272,12,0
P026,2022-09-25,262,10,0
P026,2022-09-26,259,3,0
P026,2022-09-27,251,8,0
P026,2022-09-28,244,7,0
P026,2022-09-29,239,5,0
P026,2022-09-30,232,7,0
P026,2022-10-01,322,9,0
P026,2022-10-02,312,10,0
P026,2022-10-03,307,5,0
P026,2022-10-04,301,6,0
P026,2022-10-05,293,8,0
P026,2022-10-06,284,9,0
P026,2022-10-07,279,5,0
P026,2022-10-08,270,9,0
P026,2022-10-09,260,10,0
P026,2022-10-10,253,7,0
P026,2022-10-11,249,4,0
P026,2022-10-12,242,7,0
P026,2022-10-13,237,5,0
P026,2022-10-14,232,5,0
P026,2022-10-15,225,7,0
P026,2022-10-16,217,8,0
P026,2022-10-17,212,5,0
P026,2022-10-18,206,6,0
P026,2022-10-19,199,7,0
P026,2022-10-20,192,7,0
P026,2022-10-21,185,7,0
P026,2022-10-22,175,10,0
P026,2022-10-23,163,12,0
P026,2022-10-24,156,7,0
P026,2022-10-25,148,8,0
P026,2022-10-26,143,5,0
P026,2022-10-27,139,4,0
P026,2022-10-28,133,6,0
P026,2022-10-29,123,10,0
P026,2022-10-30,116,7,0
P026,2022-10-31,107,9,0
P026,2022-11-01,193,13,0
P026,2022-11-02,179,14,0
P026,2022-11-03,173,6,0
P026,2022-11-04,159,14,0
P026,2022-11-05,140,19,0
P026,2022-11-06,124,16,0
P026,2022-11-07,118,6,0
P026,2022-11-08,107,11,0
P026,2022-11-09,98,9,0
P026,2022-11-10,89,9,0
P026,2022-11-11,82,7,0
P026,2022-11-12,68,14,0
P026,2022-11-13,58,10,0
P026,2022-11-14,44,14,0
P026,2022-11-15,32,12,0
P026,2022-11-16,25,7,0
P026,2022-11-17,14,11,0
P026,2022-11-18,7,7,0
P026,2022-11-19,0,7,1
P026,2022-11-20,0,0,1
P026,2022-11-21,0,0,1
P026,2022-11-22,0,0,1
P026,2022-11-23,0,0,1
P026,2022-11-24,0,0,1
P026,2022-11-25,0,0,1
P026,2022-11-26,0,0,1
P026,2022-11-27,0,0,1
P026,2022-11-28,0,0,1
P026,2022-11-29,0,0,1
P026,2022-11-30,0,0,1
P026,2022-12-01,93,6,0
P026,2022-12-02,87,6,0
P026,2022-12-03,76,11,0
P026,2022-12-04,65,11,0
P026,2022-12-05,56,9,0
P026,2022-12-06,48,8,0
P026,2022-12-07,36,12,0
P026,2022-12-08,31,5,0
P026,2022-12-09,21,10,0
P026,2022-12-10,12,9,0
P026,2022-12-11,0,12,1
P026,2022-12-12,0,0,1
P026,2022-12-13,0,0,1
P026,2022-12-14,0,0,1
P026,2022-12-15,0,0,1
P026,2022-12-16,0,0,1
P026,2022-12-17,0,0,1
P026,2022-12-18,0,0,1
P026,2022-12-19,0,0,1
P026,2022-12-20,0,0,1
P026,2022-12-21,0,0,1
P026,2022-12-22,0,0,1
P026,2022-12-23,0,0,1
P026,2022-12-24,0,0,1
P026,2022-12-25,0,0,1
P026,2022-12-26,0,0,1
P026,2022-12-27,0,0,1
P026,2022-12-28,0,0,1
P026,2022-12-29,0,0,1
P026,2022-12-30,0,0,1
P026,2022-12-31,0,0,1
P026,2023-01-01,173,7,0
P026,2023-01-02,170,3,0
P026,2023-01-03,167,3,0
P026,2023-01-04,163,4,0
P026,2023-01-05,159,4,0
P026,2023-01-06,156,3,0
P026,2023-01-07,152,4,0
P026,2023-01-08,148,4,0
P026,2023-01-09,144,4,0
P026,2023-01-10,140,4,0
P026,2023-01-11,136,4,0
P026,2023-01-12,133,3,0
P026,2023-01-13,131,2,0
P026,2023-01-14,128,3,0
P026,2023-01-15,122,6,0
P026,2023-01-16,119,3,0
P026,2023-01-17,116,3,0
P026,2023-01-18,112,4,0
P026,2023-01-19,108,4,0
P026,2023-01-20,103,5,0
P026,2023-01-21,98,5,0
P026,2023-01-22,91,7,0
P026,2023-01-23,89,2,0
P026,2023-01-24,86,3,0
P026,2023-01-25,84,2,0
P026,2023-01-26,80,4,0
P026,2023-01-27,77,3,0
P026,2023-01-28,74,3,0
P026,2023-01-29,70,4,0
P026,2023-01-30,67,3,0
P026,2023-01-31,63,4,0
P026,2023-02-01,241,2,0
P026,2023-02-02,236,5,0
P026,2023-02-03,232,4,0
P026,2023-02-04,227,5,0
P026,2023-02-05,223,4,0
P026,2023-02-06,221,2,0
P026,2023-02-07,218,3,0
P026,2023-02-08,213,5,0
P026,2023-02-09,210,3,0
P026,2023-02-10,208,2,0
P026,2023-02-11,204,4,0
P026,2023-02-12,196,8,0
P026,2023-02-13,191,5,0
P026,2023-02-14,186,5,0
P026,2023-02-15,184,2,0
P026,2023-02-16,180,4,0
P026,2023-02-17,175,5,0
P026,2023-02-18,170,5,0
P026,2023-02-19,162,8,0
P026,2023-02-20,159,3,0
P026,2023-02-21,155,4,0
P026,2023-02-22,153,2,0
P026,2023-02-23,150,3,0
P026,2023-02-24,146,4,0
P026,2023-02-25,138,8,0
P026,2023-02-26,133,5,0
P026,2023-02-27,131,2,0
P026,2023-02-28,126,5,0
P026,2023-03-01,303,3,0
P026,2023-03-02,300,3,0
P026,2023-03-03,296,4,0
P026,2023-03-04,286,10,0
P026,2023-03-05,279,7,0
P026,2023-03-06,276,3,0
P026,2023-03-07,272,4,0
P026,2023-03-08,268,4,0
P026,2023-03-09,264,4,0
P026,2023-03-10,259,5,0
P026,2023-03-11,249,10,0
P026,2023-03-12,241,8,0
P026,2023-03-13,236,5,0
P026,2023-03-14,231,5,0
P026,2023-03-15,225,6,0
P026,2023-03-16,222,3,0
P026,2023-03-17,219,3,0
P026,2023-03-18,211,8,0
P026,2023-03-19,205,6,0
P026,2023-03-20,200,5,0
P026,2023-03-21,195,5,0
P026,2023-03-22,192,3,0
P026,2023-03-23,186,6,0
P026,2023-03-24,181,5,0
P026,2023-03-25,176,5,0
P026,2023-03-26,171,5,0
P026,2023-03-27,166,5,0
P026,2023-03-28,163,3,0
P026,2023-03-29,157,6,0
P026,2023-03-30,154,3,0
P026,2023-03-31,148,6,0
P026,2023-04-01,317,11,0
P026,2023-04-02,310,7,0
P026,2023-04-03,303,7,0
P026,2023-04-04,298,5,0
P026,2023-04-05,294,4,0
P026,2023-04-06,291,3,0
P026,2023-04-07,285,6,0
P026,2023-04-08,276,9,0
P026,2023-04-09,270,6,0
P026,2023-04-10,267,3,0
P026,2023-04-11,262,5,0
P026,2023-04-12,258,4,0
P026,2023-04-13,252,6,0
P026,2023-04-14,248,4,0
P026,2023-04-15,243,5,0
P026,2023-04-16,233,10,0
P026,2023-04-17,230,3,0
P026,2023-04-18,224,6,0
P026,2023-04-19,221,3,0
P026,2023-04-20,218,3,0
P026,2023-04-21,213,5,0
P026,2023-04-22,203,10,0
P026,2023-04-23,198,5,0
P026,2023-04-24,192,6,0
P026,2023-04-25,186,6,0
P026,2023-04-26,183,3,0
P026,2023-04-27,180,3,0
P026,2023-04-28,175,5,0
P026,2023-04-29,164,11,0
P026,2023-04-30,157,7,0
P026,2023-05-01,332,5,0
P026,2023-05-02,329,3,0
P026,2023-05-03,324,5,0
P026,2023-05-04,319,5,0
P026,2023-05-05,312,7,0
P026,2023-05-06,304,8,0
P026,2023-05-07,298,6,0
P026,2023-05-08,294,4,0
P026,2023-05-09,288,6,0
P026,2023-05-10,281,7,0
P026,2023-05-11,275,6,0
P026,2023-05-12,271,4,0
P026,2023-05-13,266,5,0
P026,2023-05-14,256,10,0
P026,2023-05-15,253,3,0
P026,2023-05-16,246,7,0
P026,2023-05-17,239,7,0
P026,2023-05-18,236,3,0
P026,2023-05-19,232,4,0
P026,2023-05-20,227,5,0
P026,2023-05-21,215,12,0
P026,2023-05-22,208,7,0
P026,2023-05-23,204,4,0
P026,2023-05-24,199,5,0
P026,2023-05-25,196,3,0
P026,2023-05-26,191,5,0
P026,2023-05-27,185,6,0
P026,2023-05-28,177,8,0
P026,2023-05-29,174,3,0
P026,2023-05-30,168,6,0
P026,2023-05-31,165,3,0
P026,2023-06-01,341,4,0
P026,2023-06-02,336,5,0
P026,2023-06-03,327,9,0
P026,2023-06-04,321,6,0
P026,2023-06-05,315,6,0
P026,2023-06-06,308,7,0
P026,2023-06-07,305,3,0
P026,2023-06-08,298,7,0
P026,2023-06-09,290,8,0
P026,2023-06-10,278,12,0
P026,2023-06-11,268,10,0
P026,2023-06-12,264,4,0
P026,2023-06-13,257,7,0
P026,2023-06-14,252,5,0
P026,2023-06-15,249,3,0
P026,2023-06-16,241,8,0
P026,2023-06-17,231,10,0
P026,2023-06-18,222,9,0
P026,2023-06-19,214,8,0
P026,2023-06-20,211,3,0
P026,2023-06-21,204,7,0
P026,2023-06-22,200,4,0
P026,2023-06-23,193,7,0
P026,2023-06-24,184,9,0
P026,2023-06-25,173,11,0
P026,2023-06-26,167,6,0
P026,2023-06-27,161,6,0
P026,2023-06-28,156,5,0
P026,2023-06-29,150,6,0
P026,2023-06-30,143,7,0
P026,2023-07-01,311,12,0
P026,2023-07-02,306,5,0
P026,2023-07-03,302,4,0
P026,2023-07-04,296,6,0
P026,2023-07-05,292,4,0
P026,2023-07-06,286,6,0
P026,2023-07-07,282,4,0
P026,2023-07-08,273,9,0
P026,2023-07-09,263,10,0
P026,2023-07-10,257,6,0
P026,2023-07-11,250,7,0
P026,2023-07-12,245,5,0
P026,2023-07-13,237,8,0
P026,2023-07-14,229,8,0
P026,2023-07-15,216,13,0
P026,2023-07-16,207,9,0
P026,2023-07-17,204,3,0
P026,2023-07-18,198,6,0
P026,2023-07-19,194,4,0
P026,2023-07-20,187,7,0
P026,2023-07-21,183,4,0
P026,2023-07-22,172,11,0
P026,2023-07-23,166,6,0
P026,2023-07-24,161,5,0
P026,2023-07-25,156,5,0
P026,2023-07-26,151,5,0
P026,2023-07-27,144,7,0
P026,2023-07-28,137,7,0
P026,2023-07-29,124,13,0
P026,2023-07-30,111,13,0
P026,2023-07-31,106,5,0
P026,2023-08-01,282,4,0
P026,2023-08-02,274,8,0
P026,2023-08-03,268,6,0
P026,2023-08-04,263,5,0
P026,2023-08-05,256,7,0
P026,2023-08-06,247,9,0
P026,2023-08-07,239,8,0
P026,2023-08-08,233,6,0
P026,2023-08-09,228,5,0
P026,2023-08-10,222,6,0
P026,2023-08-11,218,4,0
P026,2023-08-12,213,5,0
P026,2023-08-13,202,11,0
P026,2023-08-14,197,5,0
P026,2023-08-15,190,7,0
P026,2023-08-16,185,5,0
P026,2023-08-17,179,6,0
P026,2023-08-18,174,5,0
P026,2023-08-19,165,9,0
P026,2023-08-20,156,9,0
P026,2023-08-21,150,6,0
P026,2023-08-22,143,7,0
P026,2023-08-23,137,6,0
P026,2023-08-24,133,4,0
P026,2023-08-25,129,4,0
P026,2023-08-26,122,7,0
P026,2023-08-27,110,12,0
P026,2023-08-28,103,7,0
P026,2023-08-29,99,4,0
P026,2023-08-30,95,4,0
P026,2023-08-31,91,4,0
P026,2023-09-01,265,6,0
P026,2023-09-02,257,8,0
P026,2023-09-03,245,12,0
P026,2023-09-04,238,7,0
P026,2023-09-05,234,4,0
P026,2023-09-06,229,5,0
P026,2023-09-07,222,7,0
P026,2023-09-08,216,6,0
P026,2023-09-09,202,14,0
P026,2023-09-10,195,7,0
P026,2023-09-11,189,6,0
P026,2023-09-12,183,6,0
P026,2023-09-13,176,7,0
P026,2023-09-14,170,6,0
P026,2023-09-15,163,7,0
P026,2023-09-16,157,6,0
P026,2023-09-17,144,13,0
P026,2023-09-18,139,5,0
P026,2023-09-19,130,9,0
P026,2023-09-20,123,7,0
P026,2023-09-21,119,4,0
P026,2023-09-22,113,6,0
P026,2023-09-23,107,6,0
P026,2023-09-24,97,10,0
P026,2023-09-25,89,8,0
P026,2023-09-26,85,4,0
P026,2023-09-27,77,8,0
P026,2023-09-28,70,7,0
P026,2023-09-29,65,5,0
P026,2023-09-30,59,6,0
P026,2023-10-01,148,10,0
P026,2023-10-02,139,9,0
P026,2023-10-03,134,5,0
P026,2023-10-04,125,9,0
P026,2023-10-05,120,5,0
P026,2023-10-06,115,5,0
P026,2023-10-07,108,7,0
P026,2023-10-08,97,11,0
P026,2023-10-09,88,9,0
P026,2023-10-10,83,5,0
P026,2023-10-11,76,7,0
P026,2023-10-12,70,6,0
P026,2023-10-13,62,8,0
P026,2023-10-14,53,9,0
P026,2023-10-15,44,9,0
P026,2023-10-16,38,6,0
P026,2023-10-17,32,6,0
P026,2023-10-18,28,4,0
P026,2023-10-19,23,5,0
P026,2023-10-20,17,6,0
P026,2023-10-21,10,7,0
P026,2023-10-22,0,10,1
P026,2023-10-23,0,0,1
P026,2023-10-24,0,0,1
P026,2023-10-25,0,0,1
P026,2023-10-26,0,0,1
P026,2023-10-27,0,0,1
P026,2023-10-28,0,0,1
P026,2023-10-29,0,0,1
P026,2023-10-30,0,0,1
P026,2023-10-31,0,0,1
P026,2023-11-01,84,15,0
P026,2023-11-02,75,9,0
P026,2023-11-03,63,12,0
P026,2023-11-04,47,16,0
P026,2023-11-05,29,18,0
P026,2023-11-06,22,7,0
P026,2023-11-07,15,7,0
P026,2023-11-08,7,8,0
P026,2023-11-09,0,7,1
P026,2023-11-10,0,0,1
P026,2023-11-11,0,0,1
P026,2023-11-12,0,0,1
P026,2023-11-13,0,0,1
P026,2023-11-14,0,0,1
P026,2023-11-15,0,0,1
P026,2023-11-16,0,0,1
P026,2023-11-17,0,0,1
P026,2023-11-18,0,0,1
P026,2023-11-19,0,0,1
P026,2023-11-20,0,0,1
P026,2023-11-21,0,0,1
P026,2023-11-22,0,0,1
P026,2023-11-23,0,0,1
P026,2023-11-24,0,0,1
P026,2023-11-25,0,0,1
P026,2023-11-26,0,0,1
P026,2023-11-27,0,0,1
P026,2023-11-28,0,0,1
P026,2023-11-29,0,0,1
P026,2023-11-30,0,0,1
P026,2023-12-01,93,6,0
P026,2023-12-02,78,15,0
P026,2023-12-03,69,9,0
P026,2023-12-04,62,7,0
P026,2023-12-05,51,11,0
P026,2023-12-06,39,12,0
P026,2023-12-07,26,13,0
P026,2023-12-08,18,8,0
P026,2023-12-09,8,10,0
P026,2023-12-10,0,8,1
P026,2023-12-11,0,0,1
P026,2023-12-12,0,0,1
P026,2023-12-13,0,0,1
P026,2023-12-14,0,0,1
P026,2023-12-15,0,0,1
P026,2023-12-16,0,0,1
P026,2023-12-17,0,0,1
P026,2023-12-18,0,0,1
P026,2023-12-19,0,0,1
P026,2023-12-20,0,0,1
P026,2023-12-21,0,0,1
P026,2023-12-22,0,0,1
P026,2023-12-23,0,0,1
P026,2023-12-24,0,0,1
P026,2023-12-25,0,0,1
P026,2023-12-26,0,0,1
P026,2023-12-27,0,0,1
P026,2023-12-28,0,0,1
P026,2023-12-29,0,0,1
P026,2023-12-30,0,0,1
P026,2023-12-31,0,0,1
P026,2024-01-01,177,3,0
P026,2024-01-02,174,3,0
P026,2024-01-03,170,4,0
P026,2024-01-04,168,2,0
P026,2024-01-05,166,2,0
P026,2024-01-06,161,5,0
P026,2024-01-07,158,3,0
P026,2024-01-08,154,4,0
P026,2024-01-09,150,4,0
P026,2024-01-10,148,2,0
P026,2024-01-11,144,4,0
P026,2024-01-12,141,3,0
P026,2024-01-13,135,6,0
P026,2024-01-14,131,4,0
P026,2024-01-15,128,3,0
P026,2024-01-16,125,3,0
P026,2024-01-17,121,4,0
P026,2024-01-18,117,4,0
P026,2024-01-19,115,2,0
P026,2024-01-20,110,5,0
P026,2024-01-21,106,4,0
P026,2024-01-22,102,4,0
P026,2024-01-23,100,2,0
P026,2024-01-24,97,3,0
P026,2024-01-25,93,4,0
P026,2024-01-26,89,4,0
P026,2024-01-27,83,6,0
P026,2024-01-28,78,5,0
P026,2024-01-29,74,4,0
P026,2024-01-30,71,3,0
P026,2024-01-31,69,2,0
P026,2024-02-01,247,2,0
P026,2024-02-02,245,2,0
P026,2024-02-03,239,6,0
P026,2024-02-04,235,4,0
P026,2024-02-05,230,5,0
P026,2024-02-06,225,5,0
P026,2024-02-07,223,2,0
P026,2024-02-08,219,4,0
P026,2024-02-09,214,5,0
P026,2024-02-10,208,6,0
P026,2024-02-11,200,8,0
P026,2024-02-12,196,4,0
P026,2024-02-13,191,5,0
P026,2024-02-14,187,4,0
P026,2024-02-15,182,5,0
P026,2024-02-16,179,3,0
P026,2024-02-17,172,7,0
P026,2024-02-18,166,6,0
P026,2024-02-19,163,3,0
P026,2024-02-20,159,4,0
P026,2024-02-21,156,3,0
P026,2024-02-22,151,5,0
P026,2024-02-23,147,4,0
P026,2024-02-24,141,6,0
P026,2024-02-25,138,3,0
P026,2024-02-26,135,3,0
P026,2024-02-27,130,5,0
P026,2024-02-28,125,5,0
P026,2024-02-29,120,5,0
P026,2024-03-01,296,4,0
P026,2024-03-02,289,7,0
P026,2024-03-03,281,8,0
P026,2024-03-04,277,4,0
P026,2024-03-05,273,4,0
P026,2024-03-06,268,5,0
P026,2024-03-07,263,5,0
P026,2024-03-08,257,6,0
P026,2024-03-09,252,5,0
P026,2024-03-10,243,9,0
P026,2024-03-11,240,3,0
P026,2024-03-12,236,4,0
P026,2024-03-13,230,6,0
P026,2024-03-14,226,4,0
P026,2024-03-15,222,4,0
P026,2024-03-16,214,8,0
P026,2024-03-17,208,6,0
P026,2024-03-18,202,6,0
P026,2024-03-19,198,4,0
P026,2024-03-20,192,6,0
P026,2024-03-21,187,5,0
P026,2024-03-22,183,4,0
P026,2024-03-23,176,7,0
P026,2024-03-24,172,4,0
P026,2024-03-25,169,3,0
P026,2024-03-26,164,5,0
P026,2024-03-27,159,5,0
P026,2024-03-28,156,3,0
P026,2024-03-29,151,5,0
P026,2024-03-30,141,10,0
P026,2024-03-31,133,8,0
P026,2024-04-01,307,6,0
P026,2024-04-02,302,5,0
P026,2024-04-03,299,3,0
P026,2024-04-04,296,3,0
P026,2024-04-05,292,4,0
P026,2024-04-06,282,10,0
P026,2024-04-07,273,9,0
P026,2024-04-08,269,4,0
P026,2024-04-09,266,3,0
P026,2024-04-10,262,4,0
P026,2024-04-11,255,7,0
P026,2024-04-12,249,6,0
P026,2024-04-13,238,11,0
P026,2024-04-14,227,11,0
P026,2024-04-15,223,4,0
P026,2024-04-16,219,4,0
P026,2024-04-17,215,4,0
P026,2024-04-18,212,3,0
P026,2024-04-19,208,4,0
P026,2024-04-20,198,10,0
P026,2024-04-21,190,8,0
P026,2024-04-22,183,7,0
P026,2024-04-23,179,4,0
P026,2024-04-24,173,6,0
P026,2024-04-25,168,5,0
P026,2024-04-26,162,6,0
P026,2024-04-27,157,5,0
P026,2024-04-28,151,6,0
P026,2024-04-29,145,6,0
P026,2024-04-30,140,5,0
P026,2024-05-01,316,4,0
P026,2024-05-02,312,4,0
P026,2024-05-03,308,4,0
P026,2024-05-04,298,10,0
P026,2024-05-05,288,10,0
P026,2024-05-06,281,7,0
P026,2024-05-07,278,3,0
P026,2024-05-08,273,5,0
P026,2024-05-09,266,7,0
P026,2024-05-10,260,6,0
P026,2024-05-11,250,10,0
P026,2024-05-12,241,9,0
P026,2024-05-13,237,4,0
P026,2024-05-14,232,5,0
P026,2024-05-15,228,4,0
P026,2024-05-16,223,5,0
P026,2024-05-17,216,7,0
P026,2024-05-18,211,5,0
P026,2024-05-19,205,6,0
P026,2024-05-20,202,3,0
P026,2024-05-21,197,5,0
P026,2024-05-22,192,5,0
P026,2024-05-23,185,7,0
P026,2024-05-24,178,7,0
P026,2024-05-25,170,8,0
P026,2024-05-26,165,5,0
P026,2024-05-27,158,7,0
P026,2024-05-28,154,4,0
P026,2024-05-29,151,3,0
P026,2024-05-30,144,7,0
P026,2024-05-31,137,7,0
P026,2024-06-01,312,5,0
P026,2024-06-02,301,11,0
P026,2024-06-03,297,4,0
P026,2024-06-04,291,6,0
P026,2024-06-05,286,5,0
P026,2024-06-06,279,7,0
P026,2024-06-07,273,6,0
P026,2024-06-08,263,10,0
P026,2024-06-09,252,11,0
P026,2024-06-10,248,4,0
P026,2024-06-11,243,5,0
P026,2024-06-12,240,3,0
P026,2024-06-13,236,4,0
P026,2024-06-14,230,6,0
P026,2024-06-15,222,8,0
P026,2024-06-16,210,12,0
P026,2024-06-17,203,7,0
P026,2024-06-18,200,3,0
P026,2024-06-19,196,4,0
P026,2024-06-20,191,5,0
P026,2024-06-21,186,5,0
P026,2024-06-22,175,11,0
P026,2024-06-23,166,9,0
P026,2024-06-24,159,7,0
P026,2024-06-25,155,4,0
P026,2024-06-26,148,7,0
P026,2024-06-27,144,4,0
P026,2024-06-28,140,4,0
P026,2024-06-29,135,5,0
P026,2024-06-30,129,6,0
P026,2024-07-01,301,8,0
P026,2024-07-02,293,8,0
P026,2024-07-03,286,7,0
P026,2024-07-04,279,7,0
P026,2024-07-05,271,8,0
P026,2024-07-06,264,7,0
P026,2024-07-07,256,8,0
P026,2024-07-08,251,5,0
P026,2024-07-09,243,8,0
P026,2024-07-10,239,4,0
P026,2024-07-11,233,6,0
P026,2024-07-12,227,6,0
P026,2024-07-13,215,12,0
P026,2024-07-14,204,11,0
P026,2024-07-15,199,5,0
P026,2024-07-16,194,5,0
P026,2024-07-17,186,8,0
P026,2024-07-18,181,5,0
P026,2024-07-19,174,7,0
P026,2024-07-20,169,5,0
P026,2024-07-21,160,9,0
P026,2024-07-22,153,7,0
P026,2024-07-23,149,4,0
P026,2024-07-24,141,8,0
P026,2024-07-25,138,3,0
P026,2024-07-26,132,6,0
P026,2024-07-27,119,13,0
P026,2024-07-28,106,13,0
P026,2024-07-29,98,8,0
P026,2024-07-30,92,6,0
P026,2024-07-31,86,6,0
P026,2024-08-01,262,4,0
P026,2024-08-02,256,6,0
P026,2024-08-03,250,6,0
P026,2024-08-04,242,8,0
P026,2024-08-05,237,5,0
P026,2024-08-06,232,5,0
P026,2024-08-07,227,5,0
P026,2024-08-08,224,3,0
P026,2024-08-09,220,4,0
P026,2024-08-10,213,7,0
P026,2024-08-11,205,8,0
P026,2024-08-12,200,5,0
P026,2024-08-13,193,7,0
P026,2024-08-14,190,3,0
P026,2024-08-15,182,8,0
P026,2024-08-16,178,4,0
P026,2024-08-17,169,9,0
P026,2024-08-18,159,10,0
P026,2024-08-19,156,3,0
P026,2024-08-20,151,5,0
P026,2024-08-21,145,6,0
P026,2024-08-22,138,7,0
P026,2024-08-23,131,7,0
P026,2024-08-24,121,10,0
P026,2024-08-25,111,10,0
P026,2024-08-26,104,7,0
P026,2024-08-27,99,5,0
P026,2024-08-28,94,5,0
P026,2024-08-29,89,5,0
P026,2024-08-30,82,7,0
P026,2024-08-31,75,7,0
P026,2024-09-01,246,9,0
P026,2024-09-02,242,4,0
P026,2024-09-03,238,4,0
P026,2024-09-04,234,4,0
P026,2024-09-05,228,6,0
P026,2024-09-06,223,5,0
P026,2024-09-07,217,6,0
P026,2024-09-08,205,12,0
P026,2024-09-09,199,6,0
P026,2024-09-10,192,7,0
P026,2024-09-11,186,6,0
P026,2024-09-12,179,7,0
P026,2024-09-13,172,7,0
P026,2024-09-14,158,14,0
P026,2024-09-15,145,13,0
P026,2024-09-16,139,6,0
P026,2024-09-17,135,4,0
P026,2024-09-18,127,8,0
P026,2024-09-19,120,7,0
P026,2024-09-20,116,4,0
P026,2024-09-21,106,10,0
P026,2024-09-22,96,10,0
P026,2024-09-23,91,5,0
P026,2024-09-24,85,6,0
P026,2024-09-25,79,6,0
P026,2024-09-26,74,5,0
P026,2024-09-27,67,7,0
P026,2024-09-28,57,10,0
P026,2024-09-29,48,9,0
P026,2024-09-30,43,5,0
P026,2024-10-01,135,7,0
P026,2024-10-02,127,8,0
P026,2024-10-03,122,5,0
P026,2024-10-04,118,4,0
P026,2024-10-05,104,14,0
P026,2024-10-06,93,11,0
P026,2024-10-07,85,8,0
P026,2024-10-08,80,5,0
P026,2024-10-09,74,6,0
P026,2024-10-10,66,8,0
P026,2024-10-11,57,9,0
P026,2024-10-12,51,6,0
P026,2024-10-13,36,15,0
P026,2024-10-14,27,9,0
P026,2024-10-15,23,4,0
P026,2024-10-16,14,9,0
P026,2024-10-17,7,7,0
P026,2024-10-18,2,5,0
P026,2024-10-19,0,2,1
P026,2024-10-20,0,0,1
P026,2024-10-21,0,0,1
P026,2024-10-22,0,0,1
P026,2024-10-23,0,0,1
P026,2024-10-24,0,0,1
P026,2024-10-25,0,0,1
P026,2024-10-26,0,0,1
P026,2024-10-27,0,0,1
P026,2024-10-28,0,0,1
P026,2024-10-29,0,0,1
P026,2024-10-30,0,0,1
P026,2024-10-31,0,0,1
P026,2024-11-01,88,11,0
P026,2024-11-02,66,22,0
P026,2024-11-03,51,15,0
P026,2024-11-04,37,14,0
P026,2024-11-05,29,8,0
P026,2024-11-06,22,7,0
P026,2024-11-07,10,12,0
P026,2024-11-08,0,10,1
P026,2024-11-09,0,0,1
P026,2024-11-10,0,0,1
P026,2024-11-11,0,0,1
P026,2024-11-12,0,0,1
P026,2024-11-13,0,0,1
P026,2024-11-14,0,0,1
P026,2024-11-15,0,0,1
P026,2024-11-16,0,0,1
P026,2024-11-17,0,0,1
P026,2024-11-18,0,0,1
P026,2024-11-19,0,0,1
P026,2024-11-20,0,0,1
P026,2024-11-21,0,0,1
P026,2024-11-22,0,0,1
P026,2024-11-23,0,0,1
P026,2024-11-24,0,0,1
P026,2024-11-25,0,0,1
P026,2024-11-26,0,0,1
P026,2024-11-27,0,0,1
P026,2024-11-28,0,0,1
P026,2024-11-29,0,0,1
P026,2024-11-30,0,0,1
P026,2024-12-01,85,14,0
P026,2024-12-02,75,10,0
P026,2024-12-03,63,12,0
P026,2024-12-04,52,11,0
P026,2024-12-05,41,11,0
P026,2024-12-06,28,13,0
P026,2024-12-07,18,10,0
P026,2024-12-08,3,15,0
P026,2024-12-09,0,3,1
P026,2024-12-10,0,0,1
P026,2024-12-11,0,0,1
P026,2024-12-12,0,0,1
P026,2024-12-13,0,0,1
P026,2024-12-14,0,0,1
P026,2024-12-15,0,0,1
P026,2024-12-16,0,0,1
P026,2024-12-17,0,0,1
P026,2024-12-18,0,0,1
P026,2024-12-19,0,0,1
P026,2024-12-20,0,0,1
P026,2024-12-21,0,0,1
P026,2024-12-22,0,0,1
P026,2024-12-23,0,0,1
P026,2024-12-24,0,0,1
P026,2024-12-25,0,0,1
P026,2024-12-26,0,0,1
P026,2024-12-27,0,0,1
P026,2024-12-28,0,0,1
P026,2024-12-29,0,0,1
P026,2024-12-30,0,0,1
P026,2024-12-31,0,0,1
P027,2022-01-01,197,3,0
P027,2022-01-02,194,3,0
P027,2022-01-03,193,1,0
P027,2022-01-04,191,2,0
P027,2022-01-05,189,2,0
P027,2022-01-06,188,1,0
P027,2022-01-07,187,1,0
P027,2022-01-08,184,3,0
P027,2022-01-09,182,2,0
P027,2022-01-10,180,2,0
P027,2022-01-11,179,1,0
P027,2022-01-12,178,1,0
P027,2022-01-13,176,2,0
P027,2022-01-14,174,2,0
P027,2022-01-15,171,3,0
P027,2022-01-16,168,3,0
P027,2022-01-17,167,1,0
P027,2022-01-18,165,2,0
P027,2022-01-19,163,2,0
P027,2022-01-20,162,1,0
P027,2022-01-21,160,2,0
P027,2022-01-22,157,3,0
P027,2022-01-23,154,3,0
P027,2022-01-24,153,1,0
P027,2022-01-25,152,1,0
P027,2022-01-26,150,2,0
P027,2022-01-27,149,1,0
P027,2022-01-28,148,1,0
P027,2022-01-29,145,3,0
P027,2022-01-30,143,2,0
P027,2022-01-31,141,2,0
P027,2022-02-01,240,1,0
P027,2022-02-02,238,2,0
P027,2022-02-03,236,2,0
P027,2022-02-04,234,2,0
P027,2022-02-05,231,3,0
P027,2022-02-06,229,2,0
P027,2022-02-07,227,2,0
P027,2022-02-08,225,2,0
P027,2022-02-09,223,2,0
P027,2022-02-10,222,1,0
P027,2022-02-11,221,1,0
P027,2022-02-12,218,3,0
P027,2022-02-13,216,2,0
P027,2022-02-14,215,1,0
P027,2022-02-15,213,2,0
P027,2022-02-16,211,2,0
P027,2022-02-17,209,2,0
P027,2022-02-18,206,3,0
P027,2022-02-19,204,2,0
P027,2022-02-20,200,4,0
P027,2022-02-21,198,2,0
P027,2022-02-22,196,2,0
P027,2022-02-23,194,2,0
P027,2022-02-24,193,1,0
P027,2022-02-25,192,1,0
P027,2022-02-26,188,4,0
P027,2022-02-27,184,4,0
P027,2022-02-28,182,2,0
P027,2022-03-01,280,2,0
P027,2022-03-02,277,3,0
P027,2022-03-03,275,2,0
P027,2022-03-04,273,2,0
P027,2022-03-05,270,3,0
P027,2022-03-06,266,4,0
P027,2022-03-07,263,3,0
P027,2022-03-08,260,3,0
P027,2022-03-09,257,3,0
P027,2022-03-10,254,3,0
P027,2022-03-11,251,3,0
P027,2022-03-12,247,4,0
P027,2022-03-13,242,5,0
P027,2022-03-14,241,1,0
P027,2022-03-15,238,3,0
P027,2022-03-16,235,3,0
P027,2022-03-17,232,3,0
P027,2022-03-18,230,2,0
P027,2022-03-19,225,5,0
P027,2022-03-20,221,4,0
P027,2022-03-21,218,3,0
P027,2022-03-22,216,2,0
P027,2022-03-23,213,3,0
P027,2022-03-24,210,3,0
P027,2022-03-25,207,3,0
P027,2022-03-26,203,4,0
P027,2022-03-27,200,3,0
P027,2022-03-28,198,2,0
P027,2022-03-29,196,2,0
P027,2022-03-30,194,2,0
P027,2022-03-31,191,3,0
P027,2022-04-01,289,2,0
P027,2022-04-02,285,4,0
P027,2022-04-03,282,3,0
P027,2022-04-04,278,4,0
P027,2022-04-05,275,3,0
P027,2022-04-06,272,3,0
P027,2022-04-07,270,2,0
P027,2022-04-08,266,4,0
P027,2022-04-09,261,5,0
P027,2022-04-10,258,3,0
P027,2022-04-11,255,3,0
P027,2022-04-12,253,2,0
P027,2022-04-13,250,3,0
P027,2022-04-14,248,2,0
P027,2022-04-15,245,3,0
P027,2022-04-16,239,6,0
P027,2022-04-17,234,5,0
P027,2022-04-18,231,3,0
P027,2022-04-19,229,2,0
P027,2022-04-20,227,2,0
P027,2022-04-21,225,2,0
P027,2022-04-22,222,3,0
P027,2022-04-23,217,5,0
P027,2022-04-24,214,3,0
P027,2022-04-25,213,1,0
P027,2022-04-26,211,2,0
P027,2022-04-27,208,3,0
P027,2022-04-28,205,3,0
P027,2022-04-29,201,4,0
P027,2022-04-30,198,3,0
P027,2022-05-01,292,6,0
P027,2022-05-02,289,3,0
P027,2022-05-03,286,3,0
P027,2022-05-04,283,3,0
P027,2022-05-05,281,2,0
P027,2022-05-06,279,2,0
P027,2022-05-07,273,6,0
P027,2022-05-08,270,3,0
P027,2022-05-09,268,2,0
P027,2022-05-10,265,3,0
P027,2022-05-11,262,3,0
P027,2022-05-12,258,4,0
P027,2022-05-13,256,2,0
P027,2022-05-14,250,6,0
P027,2022-05-15,244,6,0
P027,2022-05-16,241,3,0
P027,2022-05-17,238,3,0
P027,2022-05-18,235,3,0
P027,2022-05-19,232,3,0
P027,2022-05-20,228,4,0
P027,2022-05-21,224,4,0
P027,2022-05-22,218,6,0
P027,2022-05-23,216,2,0
P027,2022-05-24,213,3,0
P027,2022-05-25,210,3,0
P027,2022-05-26,206,4,0
P027,2022-05-27,204,2,0
P027,2022-05-28,199,5,0
P027,2022-05-29,193,6,0
P027,2022-05-30,191,2,0
P027,2022-05-31,189,2,0
P027,2022-06-01,286,3,0
P027,2022-06-02,283,3,0
P027,2022-06-03,281,2,0
P027,2022-06-04,276,5,0
P027,2022-06-05,273,3,0
P027,2022-06-06,270,3,0
P027,2022-06-07,267,3,0
P027,2022-06-08,265,2,0
P027,2022-06-09,263,2,0
P027,2022-06-10,260,3,0
P027,2022-06-11,254,6,0
P027,2022-06-12,247,7,0
P027,2022-06-13,245,2,0
P027,2022-06-14,242,3,0
P027,2022-06-15,238,4,0
P027,2022-06-16,235,3,0
P027,2022-06-17,231,4,0
P027,2022-06-18,227,4,0
P027,2022-06-19,223,4,0
P027,2022-06-20,219,4,0
P027,2022-06-21,216,3,0
P027,2022-06-22,212,4,0
P027,2022-06-23,210,2,0
P027,2022-06-24,207,3,0
P027,2022-06-25,203,4,0
P027,2022-06-26,200,3,0
P027,2022-06-27,198,2,0
P027,2022-06-28,195,3,0
P027,2022-06-29,193,2,0
P027,2022-06-30,191,2,0
P027,2022-07-01,288,3,0
P027,2022-07-02,285,3,0
P027,2022-07-03,281,4,0
P027,2022-07-04,279,2,0
P027,2022-07-05,276,3,0
P027,2022-07-06,274,2,0
P027,2022-07-07,270,4,0
P027,2022-07-08,266,4,0
P027,2022-07-09,261,5,0
P027,2022-07-10,256,5,0
P027,2022-07-11,253,3,0
P027,2022-07-12,249,4,0
P027,2022-07-13,245,4,0
P027,2022-07-14,243,2,0
P027,2022-07-15,239,4,0
P027,2022-07-16,233,6,0
P027,2022-07-17,227,6,0
P027,2022-07-18,225,2,0
P027,2022-07-19,221,4,0
P027,2022-07-20,217,4,0
P027,2022-07-21,213,4,0
P027,2022-07-22,211,2,0
P027,2022-07-23,204,7,0
P027,2022-07-24,200,4,0
P027,2022-07-25,197,3,0
P027,2022-07-26,195,2,0
P027,2022-07-27,191,4,0
P027,2022-07-28,188,3,0
P027,2022-07-29,185,3,0
P027,2022-07-30,182,3,0
P027,2022-07-31,178,4,0
P027,2022-08-01,276,2,0
P027,2022-08-02,274,2,0
P027,2022-08-03,272,2,0
P027,2022-08-04,269,3,0
P027,2022-08-05,266,3,0
P027,2022-08-06,260,6,0
P027,2022-08-07,254,6,0
P027,2022-08-08,252,2,0
P027,2022-08-09,249,3,0
P027,2022-08-10,246,3,0
P027,2022-08-11,243,3,0
P027,2022-08-12,241,2,0
P027,2022-08-13,237,4,0
P027,2022-08-14,234,3,0
P027,2022-08-15,230,4,0
P027,2022-08-16,226,4,0
P027,2022-08-17,223,3,0
P027,2022-08-18,221,2,0
P027,2022-08-19,218,3,0
P027,2022-08-20,215,3,0
P027,2022-08-21,210,5,0
P027,2022-08-22,208,2,0
P027,2022-08-23,205,3,0
P027,2022-08-24,201,4,0
P027,2022-08-25,199,2,0
P027,2022-08-26,195,4,0
P027,2022-08-27,190,5,0
P027,2022-08-28,184,6,0
P027,2022-08-29,181,3,0
P027,2022-08-30,178,3,0
P027,2022-08-31,174,4,0
P027,2022-09-01,270,4,0
P027,2022-09-02,267,3,0
P027,2022-09-03,261,6,0
P027,2022-09-04,256,5,0
P027,2022-09-05,252,4,0
P027,2022-09-06,248,4,0
P027,2022-09-07,245,3,0
P027,2022-09-08,243,2,0
P027,2022-09-09,241,2,0
P027,2022-09-10,234,7,0
P027,2022-09-11,231,3,0
P027,2022-09-12,227,4,0
P027,2022-09-13,224,3,0
P027,2022-09-14,221,3,0
P027,2022-09-15,217,4,0
P027,2022-09-16,214,3,0
P027,2022-09-17,210,4,0
P027,2022-09-18,207,3,0
P027,2022-09-19,205,2,0
P027,2022-09-20,202,3,0
P027,2022-09-21,198,4,0
P027,2022-09-22,196,2,0
P027,2022-09-23,193,3,0
P027,2022-09-24,187,6,0
P027,2022-09-25,184,3,0
P027,2022-09-26,182,2,0
P027,2022-09-27,178,4,0
P027,2022-09-28,175,3,0
P027,2022-09-29,172,3,0
P027,2022-09-30,167,5,0
P027,2022-10-01,219,3,0
P027,2022-10-02,214,5,0
P027,2022-10-03,210,4,0
P027,2022-10-04,206,4,0
P027,2022-10-05,202,4,0
P027,2022-10-06,199,3,0
P027,2022-10-07,194,5,0
P027,2022-10-08,190,4,0
P027,2022-10-09,186,4,0
P027,2022-10-10,182,4,0
P027,2022-10-11,178,4,0
P027,2022-10-12,176,2,0
P027,2022-10-13,174,2,0
P027,2022-10-14,172,2,0
P027,2022-10-15,168,4,0
P027,2022-10-16,162,6,0
P027,2022-10-17,159,3,0
P027,2022-10-18,156,3,0
P027,2022-10-19,151,5,0
P027,2022-10-20,147,4,0
P027,2022-10-21,143,4,0
P027,2022-10-22,136,7,0
P027,2022-10-23,132,4,0
P027,2022-10-24,129,3,0
P027,2022-10-25,124,5,0
P027,2022-10-26,121,3,0
P027,2022-10-27,117,4,0
P027,2022-10-28,114,3,0
P027,2022-10-29,108,6,0
P027,2022-10-30,101,7,0
P027,2022-10-31,99,2,0
P027,2022-11-01,147,7,0
P027,2022-11-02,144,3,0
P027,2022-11-03,139,5,0
P027,2022-11-04,132,7,0
P027,2022-11-05,122,10,0
P027,2022-11-06,112,10,0
P027,2022-11-07,106,6,0
P027,2022-11-08,99,7,0
P027,2022-11-09,92,7,0
P027,2022-11-10,86,6,0
P027,2022-11-11,82,4,0
P027,2022-11-12,75,7,0
P027,2022-11-13,68,7,0
P027,2022-11-14,64,4,0
P027,2022-11-15,56,8,0
P027,2022-11-16,50,6,0
P027,2022-11-17,45,5,0
P027,2022-11-18,39,6,0
P027,2022-11-19,32,7,0
P027,2022-11-20,20,12,0
P027,2022-11-21,14,6,0
P027,2022-11-22,8,6,0
P027,2022-11-23,4,4,0
P027,2022-11-24,0,4,1
P027,2022-11-25,0,0,1
P027,2022-11-26,0,0,1
P027,2022-11-27,0,0,1
P027,2022-11-28,0,0,1
P027,2022-11-29,0,0,1
P027,2022-11-30,0,0,1
P027,2022-12-01,49,6,0
P027,2022-12-02,45,4,0
P027,2022-12-03,37,8,0
P027,2022-12-04,32,5,0
P027,2022-12-05,29,3,0
P027,2022-12-06,24,5,0
P027,2022-12-07,19,5,0
P027,2022-12-08,16,3,0
P027,2022-12-09,13,3,0
P027,2022-12-10,4,9,0
P027,2022-12-11,0,4,1
P027,2022-12-12,0,0,1
P027,2022-12-13,0,0,1
P027,2022-12-14,0,0,1
P027,2022-12-15,0,0,1
P027,2022-12-16,0,0,1
P027,2022-12-17,0,0,1
P027,2022-12-18,0,0,1
P027,2022-12-19,0,0,1
P027,2022-12-20,0,0,1
P027,2022-12-21,0,0,1
P027,2022-12-22,0,0,1
P027,2022-12-23,0,0,1
P027,2022-12-24,0,0,1
P027,2022-12-25,0,0,1
P027,2022-12-26,0,0,1
P027,2022-12-27,0,0,1
P027,2022-12-28,0,0,1
P027,2022-12-29,0,0,1
P027,2022-12-30,0,0,1
P027,2022-12-31,0,0,1
P027,2023-01-01,98,2,0
P027,2023-01-02,96,2,0
P027,2023-01-03,95,1,0
P027,2023-01-04,94,1,0
P027,2023-01-05,93,1,0
P027,2023-01-06,91,2,0
P027,2023-01-07,89,2,0
P027,2023-01-08,86,3,0
P027,2023-01-09,84,2,0
P027,2023-01-10,83,1,0
P027,2023-01-11,82,1,0
P027,2023-01-12,80,2,0
P027,2023-01-13,79,1,0
P027,2023-01-14,78,1,0
P027,2023-01-15,76,2,0
P027,2023-01-16,75,1,0
P027,2023-01-17,74,1,0
P027,2023-01-18,72,2,0
P027,2023-01-19,71,1,0
P027,2023-01-20,70,1,0
P027,2023-01-21,67,3,0
P027,2023-01-22,64,3,0
P027,2023-01-23,62,2,0
P027,2023-01-24,61,1,0
P027,2023-01-25,59,2,0
P027,2023-01-26,57,2,0
P027,2023-01-27,56,1,0
P027,2023-01-28,54,2,0
P027,2023-01-29,53,1,0
P027,2023-01-30,52,1,0
P027,2023-01-31,51,1,0
P027,2023-02-01,149,2,0
P027,2023-02-02,147,2,0
P027,2023-02-03,145,2,0
P027,2023-02-04,142,3,0
P027,2023-02-05,140,2,0
P027,2023-02-06,138,2,0
P027,2023-02-07,137,1,0
P027,2023-02-08,136,1,0
P027,2023-02-09,135,1,0
P027,2023-02-10,133,2,0
P027,2023-02-11,129,4,0
P027,2023-02-12,125,4,0
P027,2023-02-13,124,1,0
P027,2023-02-14,122,2,0
P027,2023-02-15,121,1,0
P027,2023-02-16,120,1,0
P027,2023-02-17,118,2,0
P027,2023-02-18,115,3,0
P027,2023-02-19,112,3,0
P027,2023-02-20,110,2,0
P027,2023-02-21,108,2,0
P027,2023-02-22,107,1,0
P027,2023-02-23,106,1,0
P027,2023-02-24,104,2,0
P027,2023-02-25,100,4,0
P027,2023-02-26,98,2,0
P027,2023-02-27,97,1,0
P027,2023-02-28,95,2,0
P027,2023-03-01,193,2,0
P027,2023-03-02,190,3,0
P027,2023-03-03,187,3,0
P027,2023-03-04,182,5,0
P027,2023-03-05,178,4,0
P027,2023-03-06,175,3,0
P027,2023-03-07,174,1,0
P027,2023-03-08,171,3,0
P027,2023-03-09,169,2,0
P027,2023-03-10,166,3,0
P027,2023-03-11,163,3,0
P027,2023-03-12,160,3,0
P027,2023-03-13,157,3,0
P027,2023-03-14,155,2,0
P027,2023-03-15,152,3,0
P027,2023-03-16,149,3,0
P027,2023-03-17,147,2,0
P027,2023-03-18,143,4,0
P027,2023-03-19,140,3,0
P027,2023-03-20,139,1,0
P027,2023-03-21,136,3,0
P027,2023-03-22,133,3,0
P027,2023-03-23,131,2,0
P027,2023-03-24,129,2,0
P027,2023-03-25,125,4,0
P027,2023-03-26,122,3,0
P027,2023-03-27,121,1,0
P027,2023-03-28,119,2,0
P027,2023-03-29,117,2,0
P027,2023-03-30,115,2,0
P027,2023-03-31,112,3,0
P027,2023-04-01,207,5,0
P027,2023-04-02,202,5,0
P027,2023-04-03,200,2,0
P027,2023-04-04,199,1,0
P027,2023-04-05,195,4,0
P027,2023-04-06,193,2,0
P027,2023-04-07,190,3,0
P027,2023-04-08,187,3,0
P027,2023-04-09,185,2,0
P027,2023-04-10,183,2,0
P027,2023-04-11,181,2,0
P027,2023-04-12,179,2,0
P027,2023-04-13,177,2,0
P027,2023-04-14,174,3,0
P027,2023-04-15,169,5,0
P027,2023-04-16,164,5,0
P027,2023-04-17,162,2,0
P027,2023-04-18,160,2,0
P027,2023-04-19,158,2,0
P027,2023-04-20,155,3,0
P027,2023-04-21,152,3,0
P027,2023-04-22,147,5,0
P027,2023-04-23,143,4,0
P027,2023-04-24,140,3,0
P027,2023-04-25,138,2,0
P027,2023-04-26,135,3,0
P027,2023-04-27,133,2,0
P027,2023-04-28,129,4,0
P027,2023-04-29,124,5,0
P027,2023-04-30,120,4,0
P027,2023-05-01,217,3,0
P027,2023-05-02,214,3,0
P027,2023-05-03,212,2,0
P027,2023-05-04,210,2,0
P027,2023-05-05,207,3,0
P027,2023-05-06,201,6,0
P027,2023-05-07,196,5,0
P027,2023-05-08,194,2,0
P027,2023-05-09,190,4,0
P027,2023-05-10,188,2,0
P027,2023-05-11,186,2,0
P027,2023-05-12,183,3,0
P027,2023-05-13,178,5,0
P027,2023-05-14,172,6,0
P027,2023-05-15,169,3,0
P027,2023-05-16,166,3,0
P027,2023-05-17,163,3,0
P027,2023-05-18,160,3,0
P027,2023-05-19,157,3,0
P027,2023-05-20,152,5,0
P027,2023-05-21,148,4,0
P027,2023-05-22,146,2,0
P027,2023-05-23,144,2,0
P027,2023-05-24,141,3,0
P027,2023-05-25,138,3,0
P027,2023-05-26,137,1,0
P027,2023-05-27,133,4,0
P027,2023-05-28,129,4,0
P027,2023-05-29,127,2,0
P027,2023-05-30,124,3,0
P027,2023-05-31,120,4,0
P027,2023-06-01,218,2,0
P027,2023-06-02,214,4,0
P027,2023-06-03,208,6,0
P027,2023-06-04,203,5,0
P027,2023-06-05,201,2,0
P027,2023-06-06,199,2,0
P027,2023-06-07,197,2,0
P027,2023-06-08,194,3,0
P027,2023-06-09,192,2,0
P027,2023-06-10,189,3,0
P027,2023-06-11,185,4,0
P027,2023-06-12,182,3,0
P027,2023-06-13,180,2,0
P027,2023-06-14,178,2,0
P027,2023-06-15,174,4,0
P027,2023-06-16,172,2,0
P027,2023-06-17,169,3,0
P027,2023-06-18,166,3,0
P027,2023-06-19,164,2,0
P027,2023-06-20,162,2,0
P027,2023-06-21,160,2,0
P027,2023-06-22,156,4,0
P027,2023-06-23,153,3,0
P027,2023-06-24,149,4,0
P027,2023-06-25,146,3,0
P027,2023-06-26,143,3,0
P027,2023-06-27,139,4,0
P027,2023-06-28,137,2,0
P027,2023-06-29,133,4,0
P027,2023-06-30,129,4,0
P027,2023-07-01,223,6,0
P027,2023-07-02,216,7,0
P027,2023-07-03,214,2,0
P027,2023-07-04,212,2,0
P027,2023-07-05,210,2,0
P027,2023-07-06,207,3,0
P027,2023-07-07,204,3,0
P027,2023-07-08,199,5,0
P027,2023-07-09,193,6,0
P027,2023-07-10,190,3,0
P027,2023-07-11,186,4,0
P027,2023-07-12,183,3,0
P027,2023-07-13,181,2,0
P027,2023-07-14,178,3,0
P027,2023-07-15,172,6,0
P027,2023-07-16,169,3,0
P027,2023-07-17,166,3,0
P027,2023-07-18,163,3,0
P027,2023-07-19,160,3,0
P027,2023-07-20,157,3,0
P027,2023-07-21,155,2,0
P027,2023-07-22,150,5,0
P027,2023-07-23,146,4,0
P027,2023-07-24,144,2,0
P027,2023-07-25,140,4,0
P027,2023-07-26,136,4,0
P027,2023-07-27,133,3,0
P027,2023-07-28,130,3,0
P027,2023-07-29,123,7,0
P027,2023-07-30,120,3,0
P027,2023-07-31,118,2,0
P027,2023-08-01,216,2,0
P027,2023-08-02,214,2,0
P027,2023-08-03,212,2,0
P027,2023-08-04,208,4,0
P027,2023-08-05,202,6,0
P027,2023-08-06,198,4,0
P027,2023-08-07,196,2,0
P027,2023-08-08,194,2,0
P027,2023-08-09,192,2,0
P027,2023-08-10,190,2,0
P027,2023-08-11,186,4,0
P027,2023-08-12,183,3,0
P027,2023-08-13,179,4,0
P027,2023-08-14,176,3,0
P027,2023-08-15,172,4,0
P027,2023-08-16,169,3,0
P027,2023-08-17,166,3,0
P027,2023-08-18,164,2,0
P027,2023-08-19,161,3,0
P027,2023-08-20,156,5,0
P027,2023-08-21,152,4,0
P027,2023-08-22,148,4,0
P027,2023-08-23,146,2,0
P027,2023-08-24,144,2,0
P027,2023-08-25,140,4,0
P027,2023-08-26,135,5,0
P027,2023-08-27,132,3,0
P027,2023-08-28,129,3,0
P027,2023-08-29,125,4,0
P027,2023-08-30,123,2,0
P027,2023-08-31,119,4,0
P027,2023-09-01,215,4,0
P027,2023-09-02,208,7,0
P027,2023-09-03,202,6,0
P027,2023-09-04,200,2,0
P027,2023-09-05,198,2,0
P027,2023-09-06,196,2,0
P027,2023-09-07,193,3,0
P027,2023-09-08,190,3,0
P027,2023-09-09,187,3,0
P027,2023-09-10,184,3,0
P027,2023-09-11,182,2,0
P027,2023-09-12,180,2,0
P027,2023-09-13,176,4,0
P027,2023-09-14,174,2,0
P027,2023-09-15,170,4,0
P027,2023-09-16,164,6,0
P027,2023-09-17,158,6,0
P027,2023-09-18,156,2,0
P027,2023-09-19,152,4,0
P027,2023-09-20,148,4,0
P027,2023-09-21,144,4,0
P027,2023-09-22,140,4,0
P027,2023-09-23,135,5,0
P027,2023-09-24,131,4,0
P027,2023-09-25,128,3,0
P027,2023-09-26,126,2,0
P027,2023-09-27,123,3,0
P027,2023-09-28,121,2,0
P027,2023-09-29,117,4,0
P027,2023-09-30,112,5,0
P027,2023-10-01,159,8,0
P027,2023-10-02,157,2,0
P027,2023-10-03,153,4,0
P027,2023-10-04,149,4,0
P027,2023-10-05,146,3,0
P027,2023-10-06,142,4,0
P027,2023-10-07,137,5,0
P027,2023-10-08,131,6,0
P027,2023-10-09,126,5,0
P027,2023-10-10,121,5,0
P027,2023-10-11,119,2,0
P027,2023-10-12,117,2,0
P027,2023-10-13,113,4,0
P027,2023-10-14,109,4,0
P027,2023-10-15,104,5,0
P027,2023-10-16,99,5,0
P027,2023-10-17,96,3,0
P027,2023-10-18,92,4,0
P027,2023-10-19,89,3,0
P027,2023-10-20,84,5,0
P027,2023-10-21,79,5,0
P027,2023-10-22,75,4,0
P027,2023-10-23,72,3,0
P027,2023-10-24,69,3,0
P027,2023-10-25,64,5,0
P027,2023-10-26,60,4,0
P027,2023-10-27,57,3,0
P027,2023-10-28,52,5,0
P027,2023-10-29,44,8,0
P027,2023-10-30,41,3,0
P027,2023-10-31,39,2,0
P027,2023-11-01,89,5,0
P027,2023-11-02,82,7,0
P027,2023-11-03,77,5,0
P027,2023-11-04,71,6,0
P027,2023-11-05,62,9,0
P027,2023-11-06,54,8,0
P027,2023-11-07,46,8,0
P027,2023-11-08,43,3,0
P027,2023-11-09,37,6,0
P027,2023-11-10,33,4,0
P027,2023-11-11,24,9,0
P027,2023-11-12,12,12,0
P027,2023-11-13,4,8,0
P027,2023-11-14,0,4,1
P027,2023-11-15,0,0,1
P027,2023-11-16,0,0,1
P027,2023-11-17,0,0,1
P027,2023-11-18,0,0,1
P027,2023-11-19,0,0,1
P027,2023-11-20,0,0,1
P027,2023-11-21,0,0,1
P027,2023-11-22,0,0,1
P027,2023-11-23,0,0,1
P027,2023-11-24,0,0,1
P027,2023-11-25,0,0,1
P027,2023-11-26,0,0,1
P027,2023-11-27,0,0,1
P027,2023-11-28,0,0,1
P027,2023-11-29,0,0,1
P027,2023-11-30,0,0,1
P027,2023-12-01,50,5,0
P027,2023-12-02,42,8,0
P027,2023-12-03,36,6,0
P027,2023-12-04,32,4,0
P027,2023-12-05,26,6,0
P027,2023-12-06,22,4,0
P027,2023-12-07,19,3,0
P027,2023-12-08,15,4,0
P027,2023-12-09,4,11,0
P027,2023-12-10,0,4,1
P027,2023-12-11,0,0,1
P027,2023-12-12,0,0,1
P027,2023-12-13,0,0,1
P027,2023-12-14,0,0,1
P027,2023-12-15,0,0,1
P027,2023-12-16,0,0,1
P027,2023-12-17,0,0,1
P027,2023-12-18,0,0,1
P027,2023-12-19,0,0,1
P027,2023-12-20,0,0,1
P027,2023-12-21,0,0,1
P027,2023-12-22,0,0,1
P027,2023-12-23,0,0,1
P027,2023-12-24,0,0,1
P027,2023-12-25,0,0,1
P027,2023-12-26,0,0,1
P027,2023-12-27,0,0,1
P027,2023-12-28,0,0,1
P027,2023-12-29,0,0,1
P027,2023-12-30,0,0,1
P027,2023-12-31,0,0,1
P027,2024-01-01,98,2,0
P027,2024-01-02,96,2,0
P027,2024-01-03,95,1,0
P027,2024-01-04,93,2,0
P027,2024-01-05,91,2,0
P027,2024-01-06,87,4,0
P027,2024-01-07,84,3,0
P027,2024-01-08,83,1,0
P027,2024-01-09,81,2,0
P027,2024-01-10,79,2,0
P027,2024-01-11,77,2,0
P027,2024-01-12,75,2,0
P027,2024-01-13,73,2,0
P027,2024-01-14,71,2,0
P027,2024-01-15,70,1,0
P027,2024-01-16,68,2,0
P027,2024-01-17,66,2,0
P027,2024-01-18,64,2,0
P027,2024-01-19,63,1,0
P027,2024-01-20,59,4,0
P027,2024-01-21,56,3,0
P027,2024-01-22,55,1,0
P027,2024-01-23,54,1,0
P027,2024-01-24,52,2,0
P027,2024-01-25,51,1,0
P027,2024-01-26,50,1,0
P027,2024-01-27,48,2,0
P027,2024-01-28,46,2,0
P027,2024-01-29,44,2,0
P027,2024-01-30,43,1,0
P027,2024-01-31,41,2,0
P027,2024-02-01,140,1,0
P027,2024-02-02,138,2,0
P027,2024-02-03,134,4,0
P027,2024-02-04,130,4,0
P027,2024-02-05,129,1,0
P027,2024-02-06,127,2,0
P027,2024-02-07,125,2,0
P027,2024-02-08,123,2,0
P027,2024-02-09,122,1,0
P027,2024-02-10,120,2,0
P027,2024-02-11,118,2,0
P027,2024-02-12,116,2,0
P027,2024-02-13,114,2,0
P027,2024-02-14,113,1,0
P027,2024-02-15,112,1,0
P027,2024-02-16,110,2,0
P027,2024-02-17,108,2,0
P027,2024-02-18,104,4,0
P027,2024-02-19,103,1,0
P027,2024-02-20,101,2,0
P027,2024-02-21,99,2,0
P027,2024-02-22,97,2,0
P027,2024-02-23,95,2,0
P027,2024-02-24,91,4,0
P027,2024-02-25,88,3,0
P027,2024-02-26,86,2,0
P027,2024-02-27,84,2,0
P027,2024-02-28,82,2,0
P027,2024-02-29,81,1,0
P027,2024-03-01,180,1,0
P027,2024-03-02,177,3,0
P027,2024-03-03,172,5,0
P027,2024-03-04,171,1,0
P027,2024-03-05,169,2,0
P027,2024-03-06,167,2,0
P027,2024-03-07,165,2,0
P027,2024-03-08,163,2,0
P027,2024-03-09,158,5,0
P027,2024-03-10,153,5,0
P027,2024-03-11,150,3,0
P027,2024-03-12,148,2,0
P027,2024-03-13,145,3,0
P027,2024-03-14,143,2,0
P027,2024-03-15,140,3,0
P027,2024-03-16,135,5,0
P027,2024-03-17,133,2,0
P027,2024-03-18,131,2,0
P027,2024-03-19,129,2,0
P027,2024-03-20,128,1,0
P027,2024-03-21,126,2,0
P027,2024-03-22,123,3,0
P027,2024-03-23,121,2,0
P027,2024-03-24,117,4,0
P027,2024-03-25,114,3,0
P027,2024-03-26,111,3,0
P027,2024-03-27,108,3,0
P027,2024-03-28,105,3,0
P027,2024-03-29,102,3,0
P027,2024-03-30,100,2,0
P027,2024-03-31,96,4,0
P027,2024-04-01,194,2,0
P027,2024-04-02,192,2,0
P027,2024-04-03,189,3,0
P027,2024-04-04,187,2,0
P027,2024-04-05,185,2,0
P027,2024-04-06,181,4,0
P027,2024-04-07,176,5,0
P027,2024-04-08,175,1,0
P027,2024-04-09,172,3,0
P027,2024-04-10,169,3,0
P027,2024-04-11,166,3,0
P027,2024-04-12,165,1,0
P027,2024-04-13,161,4,0
P027,2024-04-14,156,5,0
P027,2024-04-15,154,2,0
P027,2024-04-16,151,3,0
P027,2024-04-17,149,2,0
P027,2024-04-18,146,3,0
P027,2024-04-19,143,3,0
P027,2024-04-20,140,3,0
P027,2024-04-21,135,5,0
P027,2024-04-22,133,2,0
P027,2024-04-23,131,2,0
P027,2024-04-24,127,4,0
P027,2024-04-25,124,3,0
P027,2024-04-26,121,3,0
P027,2024-04-27,116,5,0
P027,2024-04-28,113,3,0
P027,2024-04-29,111,2,0
P027,2024-04-30,109,2,0
P027,2024-05-01,206,3,0
P027,2024-05-02,203,3,0
P027,2024-05-03,201,2,0
P027,2024-05-04,197,4,0
P027,2024-05-05,194,3,0
P027,2024-05-06,192,2,0
P027,2024-05-07,189,3,0
P027,2024-05-08,187,2,0
P027,2024-05-09,186,1,0
P027,2024-05-10,184,2,0
P027,2024-05-11,180,4,0
P027,2024-05-12,174,6,0
P027,2024-05-13,172,2,0
P027,2024-05-14,170,2,0
P027,2024-05-15,167,3,0
P027,2024-05-16,165,2,0
P027,2024-05-17,162,3,0
P027,2024-05-18,156,6,0
P027,2024-05-19,151,5,0
P027,2024-05-20,147,4,0
P027,2024-05-21,145,2,0
P027,2024-05-22,141,4,0
P027,2024-05-23,139,2,0
P027,2024-05-24,138,1,0
P027,2024-05-25,133,5,0
P027,2024-05-26,129,4,0
P027,2024-05-27,125,4,0
P027,2024-05-28,123,2,0
P027,2024-05-29,119,4,0
P027,2024-05-30,117,2,0
P027,2024-05-31,116,1,0
P027,2024-06-01,210,6,0
P027,2024-06-02,205,5,0
P027,2024-06-03,203,2,0
P027,2024-06-04,201,2,0
P027,2024-06-05,199,2,0
P027,2024-06-06,195,4,0
P027,2024-06-07,192,3,0
P027,2024-06-08,186,6,0
P027,2024-06-09,182,4,0
P027,2024-06-10,180,2,0
P027,2024-06-11,177,3,0
P027,2024-06-12,175,2,0
P027,2024-06-13,173,2,0
P027,2024-06-14,169,4,0
P027,2024-06-15,166,3,0
P027,2024-06-16,161,5,0
P027,2024-06-17,158,3,0
P027,2024-06-18,156,2,0
P027,2024-06-19,154,2,0
P027,2024-06-20,151,3,0
P027,2024-06-21,149,2,0
P027,2024-06-22,144,5,0
P027,2024-06-23,140,4,0
P027,2024-06-24,138,2,0
P027,2024-06-25,136,2,0
P027,2024-06-26,133,3,0
P027,2024-06-27,129,4,0
P027,2024-06-28,125,4,0
P027,2024-06-29,119,6,0
P027,2024-06-30,113,6,0
P027,2024-07-01,209,4,0
P027,2024-07-02,206,3,0
P027,2024-07-03,203,3,0
P027,2024-07-04,199,4,0
P027,2024-07-05,195,4,0
P027,2024-07-06,190,5,0
P027,2024-07-07,184,6,0
P027,2024-07-08,180,4,0
P027,2024-07-09,178,2,0
P027,2024-07-10,176,2,0
P027,2024-07-11,174,2,0
P027,2024-07-12,172,2,0
P027,2024-07-13,168,4,0
P027,2024-07-14,162,6,0
P027,2024-07-15,159,3,0
P027,2024-07-16,156,3,0
P027,2024-07-17,152,4,0
P027,2024-07-18,150,2,0
P027,2024-07-19,148,2,0
P027,2024-07-20,141,7,0
P027,2024-07-21,137,4,0
P027,2024-07-22,134,3,0
P027,2024-07-23,130,4,0
P027,2024-07-24,126,4,0
P027,2024-07-25,123,3,0
P027,2024-07-26,120,3,0
P027,2024-07-27,117,3,0
P027,2024-07-28,111,6,0
P027,2024-07-29,107,4,0
P027,2024-07-30,104,3,0
P027,2024-07-31,102,2,0
P027,2024-08-01,198,4,0
P027,2024-08-02,195,3,0
P027,2024-08-03,189,6,0
P027,2024-08-04,185,4,0
P027,2024-08-05,183,2,0
P027,2024-08-06,180,3,0
P027,2024-08-07,177,3,0
P027,2024-08-08,173,4,0
P027,2024-08-09,169,4,0
P027,2024-08-10,164,5,0
P027,2024-08-11,161,3,0
P027,2024-08-12,157,4,0
P027,2024-08-13,153,4,0
P027,2024-08-14,150,3,0
P027,2024-08-15,148,2,0
P027,2024-08-16,145,3,0
P027,2024-08-17,139,6,0
P027,2024-08-18,134,5,0
P027,2024-08-19,131,3,0
P027,2024-08-20,129,2,0
P027,2024-08-21,126,3,0
P027,2024-08-22,123,3,0
P027,2024-08-23,120,3,0
P027,2024-08-24,117,3,0
P027,2024-08-25,110,7,0
P027,2024-08-26,108,2,0
P027,2024-08-27,105,3,0
P027,2024-08-28,101,4,0
P027,2024-08-29,98,3,0
P027,2024-08-30,96,2,0
P027,2024-08-31,92,4,0
P027,2024-09-01,189,3,0
P027,2024-09-02,186,3,0
P027,2024-09-03,184,2,0
P027,2024-09-04,181,3,0
P027,2024-09-05,178,3,0
P027,2024-09-06,175,3,0
P027,2024-09-07,170,5,0
P027,2024-09-08,166,4,0
P027,2024-09-09,163,3,0
P027,2024-09-10,161,2,0
P027,2024-09-11,159,2,0
P027,2024-09-12,155,4,0
P027,2024-09-13,153,2,0
P027,2024-09-14,149,4,0
P027,2024-09-15,143,6,0
P027,2024-09-16,141,2,0
P027,2024-09-17,137,4,0
P027,2024-09-18,133,4,0
P027,2024-09-19,131,2,0
P027,2024-09-20,128,3,0
P027,2024-09-21,124,4,0
P027,2024-09-22,118,6,0
P027,2024-09-23,113,5,0
P027,2024-09-24,110,3,0
P027,2024-09-25,106,4,0
P027,2024-09-26,102,4,0
P027,2024-09-27,99,3,0
P027,2024-09-28,96,3,0
P027,2024-09-29,90,6,0
P027,2024-09-30,87,3,0
P027,2024-10-01,140,2,0
P027,2024-10-02,138,2,0
P027,2024-10-03,134,4,0
P027,2024-10-04,131,3,0
P027,2024-10-05,123,8,0
P027,2024-10-06,116,7,0
P027,2024-10-07,114,2,0
P027,2024-10-08,110,4,0
P027,2024-10-09,106,4,0
P027,2024-10-10,104,2,0
P027,2024-10-11,102,2,0
P027,2024-10-12,94,8,0
P027,2024-10-13,87,7,0
P027,2024-10-14,82,5,0
P027,2024-10-15,80,2,0
P027,2024-10-16,76,4,0
P027,2024-10-17,71,5,0
P027,2024-10-18,69,2,0
P027,2024-10-19,61,8,0
P027,2024-10-20,55,6,0
P027,2024-10-21,52,3,0
P027,2024-10-22,48,4,0
P027,2024-10-23,45,3,0
P027,2024-10-24,43,2,0
P027,2024-10-25,40,3,0
P027,2024-10-26,33,7,0
P027,2024-10-27,29,4,0
P027,2024-10-28,26,3,0
P027,2024-10-29,21,5,0
P027,2024-10-30,18,3,0
P027,2024-10-31,14,4,0
P027,2024-11-01,64,5,0
P027,2024-11-02,54,10,0
P027,2024-11-03,42,12,0
P027,2024-11-04,36,6,0
P027,2024-11-05,33,3,0
P027,2024-11-06,25,8,0
P027,2024-11-07,19,6,0
P027,2024-11-08,11,8,0
P027,2024-11-09,2,9,0
P027,2024-11-10,0,2,1
P027,2024-11-11,0,0,1
P027,2024-11-12,0,0,1
P027,2024-11-13,0,0,1
P027,2024-11-14,0,0,1
P027,2024-11-15,0,0,1
P027,2024-11-16,0,0,1
P027,2024-11-17,0,0,1
P027,2024-11-18,0,0,1
P027,2024-11-19,0,0,1
P027,2024-11-20,0,0,1
P027,2024-11-21,0,0,1
P027,2024-11-22,0,0,1
P027,2024-11-23,0,0,1
P027,2024-11-24,0,0,1
P027,2024-11-25,0,0,1
P027,2024-11-26,0,0,1
P027,2024-11-27,0,0,1
P027,2024-11-28,0,0,1
P027,2024-11-29,0,0,1
P027,2024-11-30,0,0,1
P027,2024-12-01,50,5,0
P027,2024-12-02,47,3,0
P027,2024-12-03,43,4,0
P027,2024-12-04,38,5,0
P027,2024-12-05,32,6,0
P027,2024-12-06,28,4,0
P027,2024-12-07,22,6,0
P027,2024-12-08,14,8,0
P027,2024-12-09,8,6,0
P027,2024-12-10,5,3,0
P027,2024-12-11,0,5,1
P027,2024-12-12,0,0,1
P027,2024-12-13,0,0,1
P027,2024-12-14,0,0,1
P027,2024-12-15,0,0,1
P027,2024-12-16,0,0,1
P027,2024-12-17,0,0,1
P027,2024-12-18,0,0,1
P027,2024-12-19,0,0,1
P027,2024-12-20,0,0,1
P027,2024-12-21,0,0,1
P027,2024-12-22,0,0,1
P027,2024-12-23,0,0,1
P027,2024-12-24,0,0,1
P027,2024-12-25,0,0,1
P027,2024-12-26,0,0,1
P027,2024-12-27,0,0,1
P027,2024-12-28,0,0,1
P027,2024-12-29,0,0,1
P027,2024-12-30,0,0,1
P027,2024-12-31,0,0,1
P028,2022-01-01,108,2,0
P028,2022-01-02,107,1,0
P028,2022-01-03,106,1,0
P028,2022-01-04,106,0,0
P028,2022-01-05,105,1,0
P028,2022-01-06,104,1,0
P028,2022-01-07,104,0,0
P028,2022-01-08,103,1,0
P028,2022-01-09,102,1,0
P028,2022-01-10,101,1,0
P028,2022-01-11,101,0,0
P028,2022-01-12,101,0,0
P028,2022-01-13,100,1,0
P028,2022-01-14,100,0,0
P028,2022-01-15,98,2,0
P028,2022-01-16,97,1,0
P028,2022-01-17,97,0,0
P028,2022-01-18,96,1,0
P028,2022-01-19,96,0,0
P028,2022-01-20,95,1,0
P028,2022-01-21,95,0,0
P028,2022-01-22,93,2,0
P028,2022-01-23,92,1,0
P028,2022-01-24,91,1,0
P028,2022-01-25,91,0,0
P028,2022-01-26,91,0,0
P028,2022-01-27,90,1,0
P028,2022-01-28,89,1,0
P028,2022-01-29,88,1,0
P028,2022-01-30,87,1,0
P028,2022-01-31,87,0,0
P028,2022-02-01,141,1,0
P028,2022-02-02,140,1,0
P028,2022-02-03,139,1,0
P028,2022-02-04,139,0,0
P028,2022-02-05,138,1,0
P028,2022-02-06,136,2,0
P028,2022-02-07,135,1,0
P028,2022-02-08,134,1,0
P028,2022-02-09,134,0,0
P028,2022-02-10,133,1,0
P028,2022-02-11,133,0,0
P028,2022-02-12,131,2,0
P028,2022-02-13,130,1,0
P028,2022-02-14,129,1,0
P028,2022-02-15,128,1,0
P028,2022-02-16,127,1,0
P028,2022-02-17,126,1,0
P028,2022-02-18,126,0,0
P028,2022-02-19,125,1,0
P028,2022-02-20,124,1,0
P028,2022-02-21,124,0,0
P028,2022-02-22,124,0,0
P028,2022-02-23,123,1,0
P028,2022-02-24,122,1,0
P028,2022-02-25,121,1,0
P028,2022-02-26,119,2,0
P028,2022-02-27,117,2,0
P028,2022-02-28,116,1,0
P028,2022-03-01,170,1,0
P028,2022-03-02,169,1,0
P028,2022-03-03,168,1,0
P028,2022-03-04,167,1,0
P028,2022-03-05,165,2,0
P028,2022-03-06,162,3,0
P028,2022-03-07,161,1,0
P028,2022-03-08,159,2,0
P028,2022-03-09,158,1,0
P028,2022-03-10,157,1,0
P028,2022-03-11,156,1,0
P028,2022-03-12,154,2,0
P028,2022-03-13,151,3,0
P028,2022-03-14,150,1,0
P028,2022-03-15,149,1,0
P028,2022-03-16,148,1,0
P028,2022-03-17,146,2,0
P028,2022-03-18,145,1,0
P028,2022-03-19,144,1,0
P028,2022-03-20,142,2,0
P028,2022-03-21,141,1,0
P028,2022-03-22,140,1,0
P028,2022-03-23,139,1,0
P028,2022-03-24,138,1,0
P028,2022-03-25,137,1,0
P028,2022-03-26,134,3,0
P028,2022-03-27,132,2,0
P028,2022-03-28,131,1,0
P028,2022-03-29,131,0,0
P028,2022-03-30,130,1,0
P028,2022-03-31,129,1,0
P028,2022-04-01,182,2,0
P028,2022-04-02,181,1,0
P028,2022-04-03,179,2,0
P028,2022-04-04,177,2,0
P028,2022-04-05,176,1,0
P028,2022-04-06,175,1,0
P028,2022-04-07,174,1,0
P028,2022-04-08,172,2,0
P028,2022-04-09,171,1,0
P028,2022-04-10,169,2,0
P028,2022-04-11,167,2,0
P028,2022-04-12,166,1,0
P028,2022-04-13,165,1,0
P028,2022-04-14,164,1,0
P028,2022-04-15,163,1,0
P028,2022-04-16,162,1,0
P028,2022-04-17,159,3,0
P028,2022-04-18,158,1,0
P028,2022-04-19,157,1,0
P028,2022-04-20,156,1,0
P028,2022-04-21,155,1,0
P028,2022-04-22,155,0,0
P028,2022-04-23,152,3,0
P028,2022-04-24,150,2,0
P028,2022-04-25,149,1,0
P028,2022-04-26,148,1,0
P028,2022-04-27,147,1,0
P028,2022-04-28,146,1,0
P028,2022-04-29,144,2,0
P028,2022-04-30,142,2,0
P028,2022-05-01,194,3,0
P028,2022-05-02,193,1,0
P028,2022-05-03,192,1,0
P028,2022-05-04,191,1,0
P028,2022-05-05,190,1,0
P028,2022-05-06,189,1,0
P028,2022-05-07,186,3,0
P028,2022-05-08,184,2,0
P028,2022-05-09,183,1,0
P028,2022-05-10,182,1,0
P028,2022-05-11,180,2,0
P028,2022-05-12,179,1,0
P028,2022-05-13,178,1,0
P028,2022-05-14,175,3,0
P028,2022-05-15,173,2,0
P028,2022-05-16,171,2,0
P028,2022-05-17,170,1,0
P028,2022-05-18,169,1,0
P028,2022-05-19,168,1,0
P028,2022-05-20,167,1,0
P028,2022-05-21,166,1,0
P028,2022-05-22,164,2,0
P028,2022-05-23,163,1,0
P028,2022-05-24,162,1,0
P028,2022-05-25,160,2,0
P028,2022-05-26,158,2,0
P028,2022-05-27,157,1,0
P028,2022-05-28,155,2,0
P028,2022-05-29,153,2,0
P028,2022-05-30,152,1,0
P028,2022-05-31,151,1,0
P028,2022-06-01,204,2,0
P028,2022-06-02,202,2,0
P028,2022-06-03,201,1,0
P028,2022-06-04,199,2,0
P028,2022-06-05,197,2,0
P028,2022-06-06,196,1,0
P028,2022-06-07,195,1,0
P028,2022-06-08,193,2,0
P028,2022-06-09,191,2,0
P028,2022-06-10,189,2,0
P028,2022-06-11,186,3,0
P028,2022-06-12,183,3,0
P028,2022-06-13,182,1,0
P028,2022-06-14,181,1,0
P028,2022-06-15,180,1,0
P028,2022-06-16,179,1,0
P028,2022-06-17,177,2,0
P028,2022-06-18,175,2,0
P028,2022-06-19,174,1,0
P028,2022-06-20,173,1,0
P028,2022-06-21,171,2,0
P028,2022-06-22,170,1,0
P028,2022-06-23,169,1,0
P028,2022-06-24,167,2,0
P028,2022-06-25,166,1,0
P028,2022-06-26,164,2,0
P028,2022-06-27,162,2,0
P028,2022-06-28,160,2,0
P028,2022-06-29,158,2,0
P028,2022-06-30,157,1,0
P028,2022-07-01,210,2,0
P028,2022-07-02,208,2,0
P028,2022-07-03,206,2,0
P028,2022-07-04,204,2,0
P028,2022-07-05,203,1,0
P028,2022-07-06,202,1,0
P028,2022-07-07,201,1,0
P028,2022-07-08,200,1,0
P028,2022-07-09,197,3,0
P028,2022-07-10,194,3,0
P028,2022-07-11,193,1,0
P028,2022-07-12,191,2,0
P028,2022-07-13,190,1,0
P028,2022-07-14,189,1,0
P028,2022-07-15,187,2,0
P028,2022-07-16,185,2,0
P028,2022-07-17,182,3,0
P028,2022-07-18,180,2,0
P028,2022-07-19,178,2,0
P028,2022-07-20,176,2,0
P028,2022-07-21,174,2,0
P028,2022-07-22,172,2,0
P028,2022-07-23,169,3,0
P028,2022-07-24,166,3,0
P028,2022-07-25,165,1,0
P028,2022-07-26,164,1,0
P028,2022-07-27,162,2,0
P028,2022-07-28,160,2,0
P028,2022-07-29,159,1,0
P028,2022-07-30,156,3,0
P028,2022-07-31,153,3,0
P028,2022-08-01,206,2,0
P028,2022-08-02,205,1,0
P028,2022-08-03,204,1,0
P028,2022-08-04,203,1,0
P028,2022-08-05,201,2,0
P028,2022-08-06,199,2,0
P028,2022-08-07,196,3,0
P028,2022-08-08,195,1,0
P028,2022-08-09,193,2,0
P028,2022-08-10,192,1,0
P028,2022-08-11,191,1,0
P028,2022-08-12,190,1,0
P028,2022-08-13,187,3,0
P028,2022-08-14,186,1,0
P028,2022-08-15,184,2,0
P028,2022-08-16,183,1,0
P028,2022-08-17,182,1,0
P028,2022-08-18,180,2,0
P028,2022-08-19,179,1,0
P028,2022-08-20,176,3,0
P028,2022-08-21,175,1,0
P028,2022-08-22,174,1,0
P028,2022-08-23,172,2,0
P028,2022-08-24,171,1,0
P028,2022-08-25,170,1,0
P028,2022-08-26,169,1,0
P028,2022-08-27,167,2,0
P028,2022-08-28,165,2,0
P028,2022-08-29,163,2,0
P028,2022-08-30,161,2,0
P028,2022-08-31,160,1,0
P028,2022-09-01,213,2,0
P028,2022-09-02,211,2,0
P028,2022-09-03,209,2,0
P028,2022-09-04,206,3,0
P028,2022-09-05,205,1,0
P028,2022-09-06,203,2,0
P028,2022-09-07,202,1,0
P028,2022-09-08,200,2,0
P028,2022-09-09,199,1,0
P028,2022-09-10,197,2,0
P028,2022-09-11,194,3,0
P028,2022-09-12,193,1,0
P028,2022-09-13,191,2,0
P028,2022-09-14,189,2,0
P028,2022-09-15,188,1,0
P028,2022-09-16,186,2,0
P028,2022-09-17,185,1,0
P028,2022-09-18,182,3,0
P028,2022-09-19,181,1,0
P028,2022-09-20,180,1,0
P028,2022-09-21,179,1,0
P028,2022-09-22,178,1,0
P028,2022-09-23,177,1,0
P028,2022-09-24,173,4,0
P028,2022-09-25,171,2,0
P028,2022-09-26,169,2,0
P028,2022-09-27,167,2,0
P028,2022-09-28,166,1,0
P028,2022-09-29,165,1,0
P028,2022-09-30,163,2,0
P028,2022-10-01,189,4,0
P028,2022-10-02,187,2,0
P028,2022-10-03,185,2,0
P028,2022-10-04,183,2,0
P028,2022-10-05,182,1,0
P028,2022-10-06,179,3,0
P028,2022-10-07,177,2,0
P028,2022-10-08,175,2,0
P028,2022-10-09,173,2,0
P028,2022-10-10,170,3,0
P028,2022-10-11,168,2,0
P028,2022-10-12,167,1,0
P028,2022-10-13,165,2,0
P028,2022-10-14,163,2,0
P028,2022-10-15,160,3,0
P028,2022-10-16,156,4,0
P028,2022-10-17,154,2,0
P028,2022-10-18,153,1,0
P028,2022-10-19,151,2,0
P028,2022-10-20,150,1,0
P028,2022-10-21,148,2,0
P028,2022-10-22,146,2,0
P028,2022-10-23,143,3,0
P028,2022-10-24,142,1,0
P028,2022-10-25,140,2,0
P028,2022-10-26,138,2,0
P028,2022-10-27,136,2,0
P028,2022-10-28,134,2,0
P028,2022-10-29,132,2,0
P028,2022-10-30,129,3,0
P028,2022-10-31,128,1,0
P028,2022-11-01,156,2,0
P028,2022-11-02,154,2,0
P028,2022-11-03,152,2,0
P028,2022-11-04,149,3,0
P028,2022-11-05,144,5,0
P028,2022-11-06,137,7,0
P028,2022-11-07,134,3,0
P028,2022-11-08,132,2,0
P028,2022-11-09,130,2,0
P028,2022-11-10,126,4,0
P028,2022-11-11,124,2,0
P028,2022-11-12,120,4,0
P028,2022-11-13,115,5,0
P028,2022-11-14,112,3,0
P028,2022-11-15,109,3,0
P028,2022-11-16,106,3,0
P028,2022-11-17,104,2,0
P028,2022-11-18,101,3,0
P028,2022-11-19,98,3,0
P028,2022-11-20,93,5,0
P028,2022-11-21,89,4,0
P028,2022-11-22,85,4,0
P028,2022-11-23,82,3,0
P028,2022-11-24,79,3,0
P028,2022-11-25,76,3,0
P028,2022-11-26,72,4,0
P028,2022-11-27,66,6,0
P028,2022-11-28,63,3,0
P028,2022-11-29,61,2,0
P028,2022-11-30,58,3,0
P028,2022-12-01,86,2,0
P028,2022-12-02,85,1,0
P028,2022-12-03,79,6,0
P028,2022-12-04,76,3,0
P028,2022-12-05,73,3,0
P028,2022-12-06,71,2,0
P028,2022-12-07,68,3,0
P028,2022-12-08,65,3,0
P028,2022-12-09,63,2,0
P028,2022-12-10,58,5,0
P028,2022-12-11,55,3,0
P028,2022-12-12,52,3,0
P028,2022-12-13,50,2,0
P028,2022-12-14,47,3,0
P028,2022-12-15,45,2,0
P028,2022-12-16,42,3,0
P028,2022-12-17,39,3,0
P028,2022-12-18,35,4,0
P028,2022-12-19,32,3,0
P028,2022-12-20,31,1,0
P028,2022-12-21,29,2,0
P028,2022-12-22,25,4,0
P028,2022-12-23,24,1,0
P028,2022-12-24,21,3,0
P028,2022-12-25,16,5,0
P028,2022-12-26,14,2,0
P028,2022-12-27,12,2,0
P028,2022-12-28,9,3,0
P028,2022-12-29,7,2,0
P028,2022-12-30,5,2,0
P028,2022-12-31,0,5,1
P028,2023-01-01,53,2,0
P028,2023-01-02,53,0,0
P028,2023-01-03,52,1,0
P028,2023-01-04,52,0,0
P028,2023-01-05,51,1,0
P028,2023-01-06,50,1,0
P028,2023-01-07,49,1,0
P028,2023-01-08,48,1,0
P028,2023-01-09,48,0,0
P028,2023-01-10,48,0,0
P028,2023-01-11,48,0,0
P028,2023-01-12,47,1,0
P028,2023-01-13,46,1,0
P028,2023-01-14,45,1,0
P028,2023-01-15,44,1,0
P028,2023-01-16,44,0,0
P028,2023-01-17,43,1,0
P028,2023-01-18,42,1,0
P028,2023-01-19,42,0,0
P028,2023-01-20,42,0,0
P028,2023-01-21,41,1,0
P028,2023-01-22,40,1,0
P028,2023-01-23,39,1,0
P028,2023-01-24,38,1,0
P028,2023-01-25,38,0,0
P028,2023-01-26,38,0,0
P028,2023-01-27,38,0,0
P028,2023-01-28,37,1,0
P028,2023-01-29,36,1,0
P028,2023-01-30,35,1,0
P028,2023-01-31,34,1,0
P028,2023-02-01,88,1,0
P028,2023-02-02,88,0,0
P028,2023-02-03,87,1,0
P028,2023-02-04,86,1,0
P028,2023-02-05,85,1,0
P028,2023-02-06,84,1,0
P028,2023-02-07,83,1,0
P028,2023-02-08,83,0,0
P028,2023-02-09,82,1,0
P028,2023-02-10,81,1,0
P028,2023-02-11,80,1,0
P028,2023-02-12,78,2,0
P028,2023-02-13,77,1,0
P028,2023-02-14,76,1,0
P028,2023-02-15,75,1,0
P028,2023-02-16,74,1,0
P028,2023-02-17,74,0,0
P028,2023-02-18,73,1,0
P028,2023-02-19,71,2,0
P028,2023-02-20,70,1,0
P028,2023-02-21,70,0,0
P028,2023-02-22,70,0,0
P028,2023-02-23,69,1,0
P028,2023-02-24,69,0,0
P028,2023-02-25,68,1,0
P028,2023-02-26,66,2,0
P028,2023-02-27,65,1,0
P028,2023-02-28,65,0,0
P028,2023-03-01,119,1,0
P028,2023-03-02,118,1,0
P028,2023-03-03,117,1,0
P028,2023-03-04,115,2,0
P028,2023-03-05,114,1,0
P028,2023-03-06,113,1,0
P028,2023-03-07,112,1,0
P028,2023-03-08,111,1,0
P028,2023-03-09,110,1,0
P028,2023-03-10,109,1,0
P028,2023-03-11,106,3,0
P028,2023-03-12,104,2,0
P028,2023-03-13,102,2,0
P028,2023-03-14,101,1,0
P028,2023-03-15,101,0,0
P028,2023-03-16,100,1,0
P028,2023-03-17,98,2,0
P028,2023-03-18,97,1,0
P028,2023-03-19,95,2,0
P028,2023-03-20,94,1,0
P028,2023-03-21,93,1,0
P028,2023-03-22,92,1,0
P028,2023-03-23,91,1,0
P028,2023-03-24,89,2,0
P028,2023-03-25,88,1,0
P028,2023-03-26,86,2,0
P028,2023-03-27,84,2,0
P028,2023-03-28,83,1,0
P028,2023-03-29,83,0,0
P028,2023-03-30,83,0,0
P028,2023-03-31,82,1,0
P028,2023-04-01,135,2,0
P028,2023-04-02,134,1,0
P028,2023-04-03,132,2,0
P028,2023-04-04,131,1,0
P028,2023-04-05,130,1,0
P028,2023-04-06,129,1,0
P028,2023-04-07,127,2,0
P028,2023-04-08,124,3,0
P028,2023-04-09,123,1,0
P028,2023-04-10,122,1,0
P028,2023-04-11,121,1,0
P028,2023-04-12,120,1,0
P028,2023-04-13,119,1,0
P028,2023-04-14,118,1,0
P028,2023-04-15,116,2,0
P028,2023-04-16,114,2,0
P028,2023-04-17,113,1,0
P028,2023-04-18,111,2,0
P028,2023-04-19,110,1,0
P028,2023-04-20,109,1,0
P028,2023-04-21,108,1,0
P028,2023-04-22,106,2,0
P028,2023-04-23,104,2,0
P028,2023-04-24,103,1,0
P028,2023-04-25,102,1,0
P028,2023-04-26,101,1,0
P028,2023-04-27,99,2,0
P028,2023-04-28,97,2,0
P028,2023-04-29,94,3,0
P028,2023-04-30,92,2,0
P028,2023-05-01,145,2,0
P028,2023-05-02,144,1,0
P028,2023-05-03,142,2,0
P028,2023-05-04,141,1,0
P028,2023-05-05,140,1,0
P028,2023-05-06,137,3,0
P028,2023-05-07,134,3,0
P028,2023-05-08,133,1,0
P028,2023-05-09,131,2,0
P028,2023-05-10,129,2,0
P028,2023-05-11,128,1,0
P028,2023-05-12,127,1,0
P028,2023-05-13,124,3,0
P028,2023-05-14,123,1,0
P028,2023-05-15,121,2,0
P028,2023-05-16,119,2,0
P028,2023-05-17,118,1,0
P028,2023-05-18,117,1,0
P028,2023-05-19,116,1,0
P028,2023-05-20,115,1,0
P028,2023-05-21,113,2,0
P028,2023-05-22,112,1,0
P028,2023-05-23,111,1,0
P028,2023-05-24,110,1,0
P028,2023-05-25,109,1,0
P028,2023-05-26,108,1,0
P028,2023-05-27,107,1,0
P028,2023-05-28,104,3,0
P028,2023-05-29,103,1,0
P028,2023-05-30,101,2,0
P028,2023-05-31,100,1,0
P028,2023-06-01,154,1,0
P028,2023-06-02,153,1,0
P028,2023-06-03,151,2,0
P028,2023-06-04,149,2,0
P028,2023-06-05,147,2,0
P028,2023-06-06,145,2,0
P028,2023-06-07,143,2,0
P028,2023-06-08,141,2,0
P028,2023-06-09,139,2,0
P028,2023-06-10,136,3,0
P028,2023-06-11,134,2,0
P028,2023-06-12,132,2,0
P028,2023-06-13,131,1,0
P028,2023-06-14,129,2,0
P028,2023-06-15,128,1,0
P028,2023-06-16,126,2,0
P028,2023-06-17,123,3,0
P028,2023-06-18,122,1,0
P028,2023-06-19,121,1,0
P028,2023-06-20,120,1,0
P028,2023-06-21,119,1,0
P028,2023-06-22,117,2,0
P028,2023-06-23,115,2,0
P028,2023-06-24,113,2,0
P028,2023-06-25,111,2,0
P028,2023-06-26,110,1,0
P028,2023-06-27,109,1,0
P028,2023-06-28,108,1,0
P028,2023-06-29,106,2,0
P028,2023-06-30,105,1,0
P028,2023-07-01,158,2,0
P028,2023-07-02,156,2,0
P028,2023-07-03,155,1,0
P028,2023-07-04,154,1,0
P028,2023-07-05,153,1,0
P028,2023-07-06,152,1,0
P028,2023-07-07,151,1,0
P028,2023-07-08,148,3,0
P028,2023-07-09,146,2,0
P028,2023-07-10,145,1,0
P028,2023-07-11,144,1,0
P028,2023-07-12,142,2,0
P028,2023-07-13,141,1,0
P028,2023-07-14,139,2,0
P028,2023-07-15,136,3,0
P028,2023-07-16,134,2,0
P028,2023-07-17,132,2,0
P028,2023-07-18,130,2,0
P028,2023-07-19,129,1,0
P028,2023-07-20,128,1,0
P028,2023-07-21,127,1,0
P028,2023-07-22,125,2,0
P028,2023-07-23,123,2,0
P028,2023-07-24,121,2,0
P028,2023-07-25,120,1,0
P028,2023-07-26,119,1,0
P028,2023-07-27,118,1,0
P028,2023-07-28,117,1,0
P028,2023-07-29,114,3,0
P028,2023-07-30,110,4,0
P028,2023-07-31,109,1,0
P028,2023-08-01,163,1,0
P028,2023-08-02,162,1,0
P028,2023-08-03,161,1,0
P028,2023-08-04,160,1,0
P028,2023-08-05,157,3,0
P028,2023-08-06,155,2,0
P028,2023-08-07,153,2,0
P028,2023-08-08,152,1,0
P028,2023-08-09,151,1,0
P028,2023-08-10,150,1,0
P028,2023-08-11,149,1,0
P028,2023-08-12,147,2,0
P028,2023-08-13,145,2,0
P028,2023-08-14,144,1,0
P028,2023-08-15,143,1,0
P028,2023-08-16,142,1,0
P028,2023-08-17,140,2,0
P028,2023-08-18,139,1,0
P028,2023-08-19,137,2,0
P028,2023-08-20,134,3,0
P028,2023-08-21,133,1,0
P028,2023-08-22,132,1,0
P028,2023-08-23,131,1,0
P028,2023-08-24,130,1,0
P028,2023-08-25,128,2,0
P028,2023-08-26,126,2,0
P028,2023-08-27,123,3,0
P028,2023-08-28,122,1,0
P028,2023-08-29,120,2,0
P028,2023-08-30,118,2,0
P028,2023-08-31,117,1,0
P028,2023-09-01,171,1,0
P028,2023-09-02,169,2,0
P028,2023-09-03,165,4,0
P028,2023-09-04,163,2,0
P028,2023-09-05,162,1,0
P028,2023-09-06,161,1,0
P028,2023-09-07,160,1,0
P028,2023-09-08,159,1,0
P028,2023-09-09,156,3,0
P028,2023-09-10,153,3,0
P028,2023-09-11,152,1,0
P028,2023-09-12,150,2,0
P028,2023-09-13,148,2,0
P028,2023-09-14,147,1,0
P028,2023-09-15,145,2,0
P028,2023-09-16,143,2,0
P028,2023-09-17,140,3,0
P028,2023-09-18,138,2,0
P028,2023-09-19,136,2,0
P028,2023-09-20,134,2,0
P028,2023-09-21,133,1,0
P028,2023-09-22,131,2,0
P028,2023-09-23,128,3,0
P028,2023-09-24,126,2,0
P028,2023-09-25,124,2,0
P028,2023-09-26,122,2,0
P028,2023-09-27,121,1,0
P028,2023-09-28,120,1,0
P028,2023-09-29,118,2,0
P028,2023-09-30,116,2,0
P028,2023-10-01,144,2,0
P028,2023-10-02,143,1,0
P028,2023-10-03,141,2,0
P028,2023-10-04,140,1,0
P028,2023-10-05,139,1,0
P028,2023-10-06,137,2,0
P028,2023-10-07,135,2,0
P028,2023-10-08,133,2,0
P028,2023-10-09,132,1,0
P028,2023-10-10,130,2,0
P028,2023-10-11,128,2,0
P028,2023-10-12,127,1,0
P028,2023-10-13,125,2,0
P028,2023-10-14,122,3,0
P028,2023-10-15,120,2,0
P028,2023-10-16,119,1,0
P028,2023-10-17,118,1,0
P028,2023-10-18,117,1,0
P028,2023-10-19,116,1,0
P028,2023-10-20,114,2,0
P028,2023-10-21,110,4,0
P028,2023-10-22,108,2,0
P028,2023-10-23,107,1,0
P028,2023-10-24,105,2,0
P028,2023-10-25,103,2,0
P028,2023-10-26,102,1,0
P028,2023-10-27,101,1,0
P028,2023-10-28,99,2,0
P028,2023-10-29,95,4,0
P028,2023-10-30,94,1,0
P028,2023-10-31,93,1,0
P028,2023-11-01,120,3,0
P028,2023-11-02,118,2,0
P028,2023-11-03,115,3,0
P028,2023-11-04,108,7,0
P028,2023-11-05,101,7,0
P028,2023-11-06,97,4,0
P028,2023-11-07,95,2,0
P028,2023-11-08,91,4,0
P028,2023-11-09,87,4,0
P028,2023-11-10,84,3,0
P028,2023-11-11,80,4,0
P028,2023-11-12,75,5,0
P028,2023-11-13,73,2,0
P028,2023-11-14,70,3,0
P028,2023-11-15,66,4,0
P028,2023-11-16,64,2,0
P028,2023-11-17,62,2,0
P028,2023-11-18,56,6,0
P028,2023-11-19,50,6,0
P028,2023-11-20,46,4,0
P028,2023-11-21,44,2,0
P028,2023-11-22,42,2,0
P028,2023-11-23,39,3,0
P028,2023-11-24,37,2,0
P028,2023-11-25,32,5,0
P028,2023-11-26,29,3,0
P028,2023-11-27,27,2,0
P028,2023-11-28,24,3,0
P028,2023-11-29,20,4,0
P028,2023-11-30,18,2,0
P028,2023-12-01,45,3,0
P028,2023-12-02,41,4,0
P028,2023-12-03,38,3,0
P028,2023-12-04,36,2,0
P028,2023-12-05,34,2,0
P028,2023-12-06,31,3,0
P028,2023-12-07,28,3,0
P028,2023-12-08,25,3,0
P028,2023-12-09,22,3,0
P028,2023-12-10,18,4,0
P028,2023-12-11,17,1,0
P028,2023-12-12,14,3,0
P028,2023-12-13,12,2,0
P028,2023-12-14,9,3,0
P028,2023-12-15,6,3,0
P028,2023-12-16,1,5,0
P028,2023-12-17,0,1,1
P028,2023-12-18,0,0,1
P028,2023-12-19,0,0,1
P028,2023-12-20,0,0,1
P028,2023-12-21,0,0,1
P028,2023-12-22,0,0,1
P028,2023-12-23,0,0,1
P028,2023-12-24,0,0,1
P028,2023-12-25,0,0,1
P028,2023-12-26,0,0,1
P028,2023-12-27,0,0,1
P028,2023-12-28,0,0,1
P028,2023-12-29,0,0,1
P028,2023-12-30,0,0,1
P028,2023-12-31,0,0,1
P028,2024-01-01,54,1,0
P028,2024-01-02,53,1,0
P028,2024-01-03,52,1,0
P028,2024-01-04,51,1,0
P028,2024-01-05,50,1,0
P028,2024-01-06,48,2,0
P028,2024-01-07,47,1,0
P028,2024-01-08,47,0,0
P028,2024-01-09,47,0,0
P028,2024-01-10,46,1,0
P028,2024-01-11,46,0,0
P028,2024-01-12,46,0,0
P028,2024-01-13,44,2,0
P028,2024-01-14,42,2,0
P028,2024-01-15,41,1,0
P028,2024-01-16,40,1,0
P028,2024-01-17,39,1,0
P028,2024-01-18,38,1,0
P028,2024-01-19,37,1,0
P028,2024-01-20,36,1,0
P028,2024-01-21,35,1,0
P028,2024-01-22,34,1,0
P028,2024-01-23,34,0,0
P028,2024-01-24,33,1,0
P028,2024-01-25,32,1,0
P028,2024-01-26,32,0,0
P028,2024-01-27,31,1,0
P028,2024-01-28,30,1,0
P028,2024-01-29,29,1,0
P028,2024-01-30,28,1,0
P028,2024-01-31,28,0,0
P028,2024-02-01,83,0,0
P028,2024-02-02,82,1,0
P028,2024-02-03,81,1,0
P028,2024-02-04,80,1,0
P028,2024-02-05,80,0,0
P028,2024-02-06,80,0,0
P028,2024-02-07,79,1,0
P028,2024-02-08,78,1,0
P028,2024-02-09,78,0,0
P028,2024-02-10,77,1,0
P028,2024-02-11,75,2,0
P028,2024-02-12,74,1,0
P028,2024-02-13,73,1,0
P028,2024-02-14,73,0,0
P028,2024-02-15,72,1,0
P028,2024-02-16,72,0,0
P028,2024-02-17,70,2,0
P028,2024-02-18,69,1,0
P028,2024-02-19,69,0,0
P028,2024-02-20,68,1,0
P028,2024-02-21,67,1,0
P028,2024-02-22,66,1,0
P028,2024-02-23,65,1,0
P028,2024-02-24,64,1,0
P028,2024-02-25,62,2,0
P028,2024-02-26,61,1,0
P028,2024-02-27,60,1,0
P028,2024-02-28,59,1,0
P028,2024-02-29,59,0,0
P028,2024-03-01,113,1,0
P028,2024-03-02,112,1,0
P028,2024-03-03,110,2,0
P028,2024-03-04,109,1,0
P028,2024-03-05,108,1,0
P028,2024-03-06,107,1,0
P028,2024-03-07,106,1,0
P028,2024-03-08,105,1,0
P028,2024-03-09,103,2,0
P028,2024-03-10,102,1,0
P028,2024-03-11,101,1,0
P028,2024-03-12,100,1,0
P028,2024-03-13,98,2,0
P028,2024-03-14,97,1,0
P028,2024-03-15,96,1,0
P028,2024-03-16,94,2,0
P028,2024-03-17,91,3,0
P028,2024-03-18,90,1,0
P028,2024-03-19,89,1,0
P028,2024-03-20,88,1,0
P028,2024-03-21,87,1,0
P028,2024-03-22,86,1,0
P028,2024-03-23,85,1,0
P028,2024-03-24,82,3,0
P028,2024-03-25,82,0,0
P028,2024-03-26,81,1,0
P028,2024-03-27,80,1,0
P028,2024-03-28,78,2,0
P028,2024-03-29,77,1,0
P028,2024-03-30,76,1,0
P028,2024-03-31,73,3,0
P028,2024-04-01,127,1,0
P028,2024-04-02,125,2,0
P028,2024-04-03,124,1,0
P028,2024-04-04,122,2,0
P028,2024-04-05,121,1,0
P028,2024-04-06,119,2,0
P028,2024-04-07,118,1,0
P028,2024-04-08,117,1,0
P028,2024-04-09,116,1,0
P028,2024-04-10,115,1,0
P028,2024-04-11,113,2,0
P028,2024-04-12,112,1,0
P028,2024-04-13,110,2,0
P028,2024-04-14,109,1,0
P028,2024-04-15,108,1,0
P028,2024-04-16,106,2,0
P028,2024-04-17,105,1,0
P028,2024-04-18,104,1,0
P028,2024-04-19,103,1,0
P028,2024-04-20,101,2,0
P028,2024-04-21,99,2,0
P028,2024-04-22,98,1,0
P028,2024-04-23,96,2,0
P028,2024-04-24,94,2,0
P028,2024-04-25,93,1,0
P028,2024-04-26,92,1,0
P028,2024-04-27,91,1,0
P028,2024-04-28,88,3,0
P028,2024-04-29,87,1,0
P028,2024-04-30,86,1,0
P028,2024-05-01,140,1,0
P028,2024-05-02,139,1,0
P028,2024-05-03,138,1,0
P028,2024-05-04,135,3,0
P028,2024-05-05,134,1,0
P028,2024-05-06,133,1,0
P028,2024-05-07,131,2,0
P028,2024-05-08,130,1,0
P028,2024-05-09,128,2,0
P028,2024-05-10,126,2,0
P028,2024-05-11,123,3,0
P028,2024-05-12,120,3,0
P028,2024-05-13,118,2,0
P028,2024-05-14,117,1,0
P028,2024-05-15,116,1,0
P028,2024-05-16,115,1,0
P028,2024-05-17,114,1,0
P028,2024-05-18,112,2,0
P028,2024-05-19,109,3,0
P028,2024-05-20,108,1,0
P028,2024-05-21,107,1,0
P028,2024-05-22,105,2,0
P028,2024-05-23,103,2,0
P028,2024-05-24,101,2,0
P028,2024-05-25,99,2,0
P028,2024-05-26,98,1,0
P028,2024-05-27,96,2,0
P028,2024-05-28,95,1,0
P028,2024-05-29,94,1,0
P028,2024-05-30,93,1,0
P028,2024-05-31,92,1,0
P028,2024-06-01,144,3,0
P028,2024-06-02,142,2,0
P028,2024-06-03,140,2,0
P028,2024-06-04,138,2,0
P028,2024-06-05,136,2,0
P028,2024-06-06,135,1,0
P028,2024-06-07,134,1,0
P028,2024-06-08,132,2,0
P028,2024-06-09,130,2,0
P028,2024-06-10,129,1,0
P028,2024-06-11,128,1,0
P028,2024-06-12,126,2,0
P028,2024-06-13,125,1,0
P028,2024-06-14,124,1,0
P028,2024-06-15,121,3,0
P028,2024-06-16,119,2,0
P028,2024-06-17,117,2,0
P028,2024-06-18,116,1,0
P028,2024-06-19,114,2,0
P028,2024-06-20,112,2,0
P028,2024-06-21,110,2,0
P028,2024-06-22,108,2,0
P028,2024-06-23,106,2,0
P028,2024-06-24,105,1,0
P028,2024-06-25,104,1,0
P028,2024-06-26,103,1,0
P028,2024-06-27,102,1,0
P028,2024-06-28,101,1,0
P028,2024-06-29,98,3,0
P028,2024-06-30,95,3,0
P028,2024-07-01,148,2,0
P028,2024-07-02,146,2,0
P028,2024-07-03,145,1,0
P028,2024-07-04,143,2,0
P028,2024-07-05,141,2,0
P028,2024-07-06,137,4,0
P028,2024-07-07,136,1,0
P028,2024-07-08,134,2,0
P028,2024-07-09,133,1,0
P028,2024-07-10,132,1,0
P028,2024-07-11,131,1,0
P028,2024-07-12,129,2,0
P028,2024-07-13,128,1,0
P028,2024-07-14,124,4,0
P028,2024-07-15,123,1,0
P028,2024-07-16,122,1,0
P028,2024-07-17,120,2,0
P028,2024-07-18,119,1,0
P028,2024-07-19,118,1,0
P028,2024-07-20,116,2,0
P028,2024-07-21,114,2,0
P028,2024-07-22,113,1,0
P028,2024-07-23,112,1,0
P028,2024-07-24,111,1,0
P028,2024-07-25,110,1,0
P028,2024-07-26,108,2,0
P028,2024-07-27,105,3,0
P028,2024-07-28,102,3,0
P028,2024-07-29,101,1,0
P028,2024-07-30,99,2,0
P028,2024-07-31,97,2,0
P028,2024-08-01,150,2,0
P028,2024-08-02,148,2,0
P028,2024-08-03,145,3,0
P028,2024-08-04,143,2,0
P028,2024-08-05,141,2,0
P028,2024-08-06,140,1,0
P028,2024-08-07,138,2,0
P028,2024-08-08,137,1,0
P028,2024-08-09,135,2,0
P028,2024-08-10,132,3,0
P028,2024-08-11,130,2,0
P028,2024-08-12,128,2,0
P028,2024-08-13,127,1,0
P028,2024-08-14,125,2,0
P028,2024-08-15,123,2,0
P028,2024-08-16,121,2,0
P028,2024-08-17,119,2,0
P028,2024-08-18,117,2,0
P028,2024-08-19,115,2,0
P028,2024-08-20,114,1,0
P028,2024-08-21,112,2,0
P028,2024-08-22,111,1,0
P028,2024-08-23,110,1,0
P028,2024-08-24,109,1,0
P028,2024-08-25,106,3,0
P028,2024-08-26,105,1,0
P028,2024-08-27,103,2,0
P028,2024-08-28,101,2,0
P028,2024-08-29,100,1,0
P028,2024-08-30,99,1,0
P028,2024-08-31,96,3,0
P028,2024-09-01,148,3,0
P028,2024-09-02,146,2,0
P028,2024-09-03,145,1,0
P028,2024-09-04,143,2,0
P028,2024-09-05,141,2,0
P028,2024-09-06,140,1,0
P028,2024-09-07,136,4,0
P028,2024-09-08,132,4,0
P028,2024-09-09,131,1,0
P028,2024-09-10,129,2,0
P028,2024-09-11,127,2,0
P028,2024-09-12,126,1,0
P028,2024-09-13,125,1,0
P028,2024-09-14,122,3,0
P028,2024-09-15,118,4,0
P028,2024-09-16,116,2,0
P028,2024-09-17,114,2,0
P028,2024-09-18,113,1,0
P028,2024-09-19,111,2,0
P028,2024-09-20,110,1,0
P028,2024-09-21,108,2,0
P028,2024-09-22,105,3,0
P028,2024-09-23,103,2,0
P028,2024-09-24,102,1,0
P028,2024-09-25,100,2,0
P028,2024-09-26,98,2,0
P028,2024-09-27,97,1,0
P028,2024-09-28,94,3,0
P028,2024-09-29,91,3,0
P028,2024-09-30,89,2,0
P028,2024-10-01,118,1,0
P028,2024-10-02,117,1,0
P028,2024-10-03,116,1,0
P028,2024-10-04,114,2,0
P028,2024-10-05,112,2,0
P028,2024-10-06,108,4,0
P028,2024-10-07,106,2,0
P028,2024-10-08,104,2,0
P028,2024-10-09,103,1,0
P028,2024-10-10,101,2,0
P028,2024-10-11,99,2,0
P028,2024-10-12,95,4,0
P028,2024-10-13,91,4,0
P028,2024-10-14,89,2,0
P028,2024-10-15,88,1,0
P028,2024-10-16,87,1,0
P028,2024-10-17,84,3,0
P028,2024-10-18,82,2,0
P028,2024-10-19,79,3,0
P028,2024-10-20,77,2,0
P028,2024-10-21,75,2,0
P028,2024-10-22,73,2,0
P028,2024-10-23,71,2,0
P028,2024-10-24,69,2,0
P028,2024-10-25,67,2,0
P028,2024-10-26,65,2,0
P028,2024-10-27,61,4,0
P028,2024-10-28,59,2,0
P028,2024-10-29,58,1,0
P028,2024-10-30,56,2,0
P028,2024-10-31,54,2,0
P028,2024-11-01,82,2,0
P028,2024-11-02,78,4,0
P028,2024-11-03,73,5,0
P028,2024-11-04,70,3,0
P028,2024-11-05,66,4,0
P028,2024-11-06,63,3,0
P028,2024-11-07,61,2,0
P028,2024-11-08,59,2,0
P028,2024-11-09,54,5,0
P028,2024-11-10,47,7,0
P028,2024-11-11,44,3,0
P028,2024-11-12,40,4,0
P028,2024-11-13,37,3,0
P028,2024-11-14,34,3,0
P028,2024-11-15,32,2,0
P028,2024-11-16,27,5,0
P028,2024-11-17,21,6,0
P028,2024-11-18,18,3,0
P028,2024-11-19,14,4,0
P028,2024-11-20,11,3,0
P028,2024-11-21,7,4,0
P028,2024-11-22,4,3,0
P028,2024-11-23,0,4,1
P028,2024-11-24,0,0,1
P028,2024-11-25,0,0,1
P028,2024-11-26,0,0,1
P028,2024-11-27,0,0,1
P028,2024-11-28,0,0,1
P028,2024-11-29,0,0,1
P028,2024-11-30,0,0,1
P028,2024-12-01,25,5,0
P028,2024-12-02,22,3,0
P028,2024-12-03,20,2,0
P028,2024-12-04,17,3,0
P028,2024-12-05,14,3,0
P028,2024-12-06,11,3,0
P028,2024-12-07,9,2,0
P028,2024-12-08,3,6,0
P028,2024-12-09,1,2,0
P028,2024-12-10,0,1,1
P028,2024-12-11,0,0,1
P028,2024-12-12,0,0,1
P028,2024-12-13,0,0,1
P028,2024-12-14,0,0,1
P028,2024-12-15,0,0,1
P028,2024-12-16,0,0,1
P028,2024-12-17,0,0,1
P028,2024-12-18,0,0,1
P028,2024-12-19,0,0,1
P028,2024-12-20,0,0,1
P028,2024-12-21,0,0,1
P028,2024-12-22,0,0,1
P028,2024-12-23,0,0,1
P028,2024-12-24,0,0,1
P028,2024-12-25,0,0,1
P028,2024-12-26,0,0,1
P028,2024-12-27,0,0,1
P028,2024-12-28,0,0,1
P028,2024-12-29,0,0,1
P028,2024-12-30,0,0,1
P028,2024-12-31,0,0,1
P029,2022-01-01,109,1,0
P029,2022-01-02,108,1,0
P029,2022-01-03,107,1,0
P029,2022-01-04,106,1,0
P029,2022-01-05,106,0,0
P029,2022-01-06,105,1,0
P029,2022-01-07,104,1,0
P029,2022-01-08,103,1,0
P029,2022-01-09,101,2,0
P029,2022-01-10,101,0,0
P029,2022-01-11,100,1,0
P029,2022-01-12,99,1,0
P029,2022-01-13,99,0,0
P029,2022-01-14,98,1,0
P029,2022-01-15,97,1,0
P029,2022-01-16,96,1,0
P029,2022-01-17,95,1,0
P029,2022-01-18,94,1,0
P029,2022-01-19,94,0,0
P029,2022-01-20,93,1,0
P029,2022-01-21,92,1,0
P029,2022-01-22,91,1,0
P029,2022-01-23,90,1,0
P029,2022-01-24,89,1,0
P029,2022-01-25,89,0,0
P029,2022-01-26,88,1,0
P029,2022-01-27,88,0,0
P029,2022-01-28,88,0,0
P029,2022-01-29,87,1,0
P029,2022-01-30,86,1,0
P029,2022-01-31,86,0,0
P029,2022-02-01,140,1,0
P029,2022-02-02,139,1,0
P029,2022-02-03,138,1,0
P029,2022-02-04,137,1,0
P029,2022-02-05,136,1,0
P029,2022-02-06,135,1,0
P029,2022-02-07,134,1,0
P029,2022-02-08,133,1,0
P029,2022-02-09,132,1,0
P029,2022-02-10,131,1,0
P029,2022-02-11,131,0,0
P029,2022-02-12,130,1,0
P029,2022-02-13,128,2,0
P029,2022-02-14,127,1,0
P029,2022-02-15,126,1,0
P029,2022-02-16,126,0,0
P029,2022-02-17,125,1,0
P029,2022-02-18,125,0,0
P029,2022-02-19,123,2,0
P029,2022-02-20,122,1,0
P029,2022-02-21,122,0,0
P029,2022-02-22,121,1,0
P029,2022-02-23,120,1,0
P029,2022-02-24,120,0,0
P029,2022-02-25,119,1,0
P029,2022-02-26,118,1,0
P029,2022-02-27,116,2,0
P029,2022-02-28,116,0,0
P029,2022-03-01,170,1,0
P029,2022-03-02,169,1,0
P029,2022-03-03,168,1,0
P029,2022-03-04,167,1,0
P029,2022-03-05,166,1,0
P029,2022-03-06,163,3,0
P029,2022-03-07,162,1,0
P029,2022-03-08,160,2,0
P029,2022-03-09,159,1,0
P029,2022-03-10,159,0,0
P029,2022-03-11,158,1,0
P029,2022-03-12,155,3,0
P029,2022-03-13,152,3,0
P029,2022-03-14,152,0,0
P029,2022-03-15,151,1,0
P029,2022-03-16,150,1,0
P029,2022-03-17,149,1,0
P029,2022-03-18,148,1,0
P029,2022-03-19,147,1,0
P029,2022-03-20,145,2,0
P029,2022-03-21,144,1,0
P029,2022-03-22,143,1,0
P029,2022-03-23,142,1,0
P029,2022-03-24,141,1,0
P029,2022-03-25,140,1,0
P029,2022-03-26,138,2,0
P029,2022-03-27,136,2,0
P029,2022-03-28,135,1,0
P029,2022-03-29,134,1,0
P029,2022-03-30,133,1,0
P029,2022-03-31,132,1,0
P029,2022-04-01,185,2,0
P029,2022-04-02,183,2,0
P029,2022-04-03,181,2,0
P029,2022-04-04,180,1,0
P029,2022-04-05,179,1,0
P029,2022-04-06,178,1,0
P029,2022-04-07,177,1,0
P029,2022-04-08,175,2,0
P029,2022-04-09,173,2,0
P029,2022-04-10,172,1,0
P029,2022-04-11,171,1,0
P029,2022-04-12,169,2,0
P029,2022-04-13,168,1,0
P029,2022-04-14,167,1,0
P029,2022-04-15,166,1,0
P029,2022-04-16,163,3,0
P029,2022-04-17,160,3,0
P029,2022-04-18,159,1,0
P029,2022-04-19,158,1,0
P029,2022-04-20,156,2,0
P029,2022-04-21,155,1,0
P029,2022-04-22,154,1,0
P029,2022-04-23,151,3,0
P029,2022-04-24,149,2,0
P029,2022-04-25,148,1,0
P029,2022-04-26,146,2,0
P029,2022-04-27,145,1,0
P029,2022-04-28,144,1,0
P029,2022-04-29,143,1,0
P029,2022-04-30,140,3,0
P029,2022-05-01,194,1,0
P029,2022-05-02,193,1,0
P029,2022-05-03,192,1,0
P029,2022-05-04,190,2,0
P029,2022-05-05,189,1,0
P029,2022-05-06,188,1,0
P029,2022-05-07,185,3,0
P029,2022-05-08,184,1,0
P029,2022-05-09,182,2,0
P029,2022-05-10,181,1,0
P029,2022-05-11,180,1,0
P029,2022-05-12,179,1,0
P029,2022-05-13,177,2,0
P029,2022-05-14,175,2,0
P029,2022-05-15,172,3,0
P029,2022-05-16,171,1,0
P029,2022-05-17,170,1,0
P029,2022-05-18,169,1,0
P029,2022-05-19,168,1,0
P029,2022-05-20,166,2,0
P029,2022-05-21,163,3,0
P029,2022-05-22,162,1,0
P029,2022-05-23,161,1,0
P029,2022-05-24,159,2,0
P029,2022-05-25,157,2,0
P029,2022-05-26,155,2,0
P029,2022-05-27,154,1,0
P029,2022-05-28,152,2,0
P029,2022-05-29,149,3,0
P029,2022-05-30,148,1,0
P029,2022-05-31,147,1,0
P029,2022-06-01,201,1,0
P029,2022-06-02,199,2,0
P029,2022-06-03,198,1,0
P029,2022-06-04,197,1,0
P029,2022-06-05,195,2,0
P029,2022-06-06,194,1,0
P029,2022-06-07,193,1,0
P029,2022-06-08,191,2,0
P029,2022-06-09,189,2,0
P029,2022-06-10,187,2,0
P029,2022-06-11,185,2,0
P029,2022-06-12,184,1,0
P029,2022-06-13,182,2,0
P029,2022-06-14,180,2,0
P029,2022-06-15,178,2,0
P029,2022-06-16,176,2,0
P029,2022-06-17,174,2,0
P029,2022-06-18,173,1,0
P029,2022-06-19,171,2,0
P029,2022-06-20,170,1,0
P029,2022-06-21,169,1,0
P029,2022-06-22,168,1,0
P029,2022-06-23,166,2,0
P029,2022-06-24,165,1,0
P029,2022-06-25,162,3,0
P029,2022-06-26,159,3,0
P029,2022-06-27,157,2,0
P029,2022-06-28,155,2,0
P029,2022-06-29,154,1,0
P029,2022-06-30,153,1,0
P029,2022-07-01,207,1,0
P029,2022-07-02,204,3,0
P029,2022-07-03,203,1,0
P029,2022-07-04,201,2,0
P029,2022-07-05,199,2,0
P029,2022-07-06,197,2,0
P029,2022-07-07,196,1,0
P029,2022-07-08,195,1,0
P029,2022-07-09,193,2,0
P029,2022-07-10,191,2,0
P029,2022-07-11,189,2,0
P029,2022-07-12,188,1,0
P029,2022-07-13,187,1,0
P029,2022-07-14,185,2,0
P029,2022-07-15,184,1,0
P029,2022-07-16,181,3,0
P029,2022-07-17,180,1,0
P029,2022-07-18,178,2,0
P029,2022-07-19,176,2,0
P029,2022-07-20,174,2,0
P029,2022-07-21,172,2,0
P029,2022-07-22,170,2,0
P029,2022-07-23,169,1,0
P029,2022-07-24,167,2,0
P029,2022-07-25,166,1,0
P029,2022-07-26,165,1,0
P029,2022-07-27,163,2,0
P029,2022-07-28,161,2,0
P029,2022-07-29,159,2,0
P029,2022-07-30,157,2,0
P029,2022-07-31,155,2,0
P029,2022-08-01,208,2,0
P029,2022-08-02,207,1,0
P029,2022-08-03,206,1,0
P029,2022-08-04,205,1,0
P029,2022-08-05,204,1,0
P029,2022-08-06,202,2,0
P029,2022-08-07,200,2,0
P029,2022-08-08,199,1,0
P029,2022-08-09,197,2,0
P029,2022-08-10,196,1,0
P029,2022-08-11,194,2,0
P029,2022-08-12,193,1,0
P029,2022-08-13,190,3,0
P029,2022-08-14,187,3,0
P029,2022-08-15,186,1,0
P029,2022-08-16,184,2,0
P029,2022-08-17,183,1,0
P029,2022-08-18,181,2,0
P029,2022-08-19,180,1,0
P029,2022-08-20,178,2,0
P029,2022-08-21,175,3,0
P029,2022-08-22,173,2,0
P029,2022-08-23,172,1,0
P029,2022-08-24,170,2,0
P029,2022-08-25,168,2,0
P029,2022-08-26,166,2,0
P029,2022-08-27,164,2,0
P029,2022-08-28,161,3,0
P029,2022-08-29,160,1,0
P029,2022-08-30,158,2,0
P029,2022-08-31,157,1,0
P029,2022-09-01,210,2,0
P029,2022-09-02,209,1,0
P029,2022-09-03,206,3,0
P029,2022-09-04,202,4,0
P029,2022-09-05,200,2,0
P029,2022-09-06,198,2,0
P029,2022-09-07,197,1,0
P029,2022-09-08,196,1,0
P029,2022-09-09,195,1,0
P029,2022-09-10,191,4,0
P029,2022-09-11,189,2,0
P029,2022-09-12,187,2,0
P029,2022-09-13,185,2,0
P029,2022-09-14,184,1,0
P029,2022-09-15,182,2,0
P029,2022-09-16,181,1,0
P029,2022-09-17,179,2,0
P029,2022-09-18,175,4,0
P029,2022-09-19,173,2,0
P029,2022-09-20,172,1,0
P029,2022-09-21,171,1,0
P029,2022-09-22,170,1,0
P029,2022-09-23,169,1,0
P029,2022-09-24,165,4,0
P029,2022-09-25,162,3,0
P029,2022-09-26,161,1,0
P029,2022-09-27,160,1,0
P029,2022-09-28,159,1,0
P029,2022-09-29,157,2,0
P029,2022-09-30,156,1,0
P029,2022-10-01,182,4,0
P029,2022-10-02,179,3,0
P029,2022-10-03,177,2,0
P029,2022-10-04,175,2,0
P029,2022-10-05,174,1,0
P029,2022-10-06,171,3,0
P029,2022-10-07,170,1,0
P029,2022-10-08,167,3,0
P029,2022-10-09,164,3,0
P029,2022-10-10,162,2,0
P029,2022-10-11,161,1,0
P029,2022-10-12,158,3,0
P029,2022-10-13,157,1,0
P029,2022-10-14,155,2,0
P029,2022-10-15,153,2,0
P029,2022-10-16,150,3,0
P029,2022-10-17,148,2,0
P029,2022-10-18,147,1,0
P029,2022-10-19,146,1,0
P029,2022-10-20,145,1,0
P029,2022-10-21,143,2,0
P029,2022-10-22,140,3,0
P029,2022-10-23,137,3,0
P029,2022-10-24,135,2,0
P029,2022-10-25,133,2,0
P029,2022-10-26,132,1,0
P029,2022-10-27,131,1,0
P029,2022-10-28,129,2,0
P029,2022-10-29,125,4,0
P029,2022-10-30,122,3,0
P029,2022-10-31,121,1,0
P029,2022-11-01,149,2,0
P029,2022-11-02,145,4,0
P029,2022-11-03,143,2,0
P029,2022-11-04,139,4,0
P029,2022-11-05,133,6,0
P029,2022-11-06,127,6,0
P029,2022-11-07,124,3,0
P029,2022-11-08,122,2,0
P029,2022-11-09,119,3,0
P029,2022-11-10,116,3,0
P029,2022-11-11,114,2,0
P029,2022-11-12,110,4,0
P029,2022-11-13,105,5,0
P029,2022-11-14,102,3,0
P029,2022-11-15,98,4,0
P029,2022-11-16,95,3,0
P029,2022-11-17,93,2,0
P029,2022-11-18,89,4,0
P029,2022-11-19,83,6,0
P029,2022-11-20,80,3,0
P029,2022-11-21,77,3,0
P029,2022-11-22,74,3,0
P029,2022-11-23,70,4,0
P029,2022-11-24,66,4,0
P029,2022-11-25,64,2,0
P029,2022-11-26,59,5,0
P029,2022-11-27,53,6,0
P029,2022-11-28,49,4,0
P029,2022-11-29,46,3,0
P029,2022-11-30,43,3,0
P029,2022-12-01,71,2,0
P029,2022-12-02,70,1,0
P029,2022-12-03,64,6,0
P029,2022-12-04,59,5,0
P029,2022-12-05,57,2,0
P029,2022-12-06,55,2,0
P029,2022-12-07,52,3,0
P029,2022-12-08,50,2,0
P029,2022-12-09,48,2,0
P029,2022-12-10,43,5,0
P029,2022-12-11,39,4,0
P029,2022-12-12,36,3,0
P029,2022-12-13,33,3,0
P029,2022-12-14,32,1,0
P029,2022-12-15,28,4,0
P029,2022-12-16,26,2,0
P029,2022-12-17,24,2,0
P029,2022-12-18,22,2,0
P029,2022-12-19,21,1,0
P029,2022-12-20,18,3,0
P029,2022-12-21,16,2,0
P029,2022-12-22,13,3,0
P029,2022-12-23,10,3,0
P029,2022-12-24,7,3,0
P029,2022-12-25,4,3,0
P029,2022-12-26,2,2,0
P029,2022-12-27,1,1,0
P029,2022-12-28,0,1,1
P029,2022-12-29,0,0,1
P029,2022-12-30,0,0,1
P029,2022-12-31,0,0,1
P029,2023-01-01,53,2,0
P029,2023-01-02,53,0,0
P029,2023-01-03,53,0,0
P029,2023-01-04,52,1,0
P029,2023-01-05,52,0,0
P029,2023-01-06,52,0,0
P029,2023-01-07,51,1,0
P029,2023-01-08,50,1,0
P029,2023-01-09,50,0,0
P029,2023-01-10,49,1,0
P029,2023-01-11,48,1,0
P029,2023-01-12,48,0,0
P029,2023-01-13,47,1,0
P029,2023-01-14,45,2,0
P029,2023-01-15,44,1,0
P029,2023-01-16,43,1,0
P029,2023-01-17,42,1,0
P029,2023-01-18,42,0,0
P029,2023-01-19,41,1,0
P029,2023-01-20,40,1,0
P029,2023-01-21,38,2,0
P029,2023-01-22,37,1,0
P029,2023-01-23,36,1,0
P029,2023-01-24,35,1,0
P029,2023-01-25,35,0,0
P029,2023-01-26,34,1,0
P029,2023-01-27,33,1,0
P029,2023-01-28,32,1,0
P029,2023-01-29,30,2,0
P029,2023-01-30,29,1,0
P029,2023-01-31,29,0,0
P029,2023-02-01,83,1,0
P029,2023-02-02,82,1,0
P029,2023-02-03,81,1,0
P029,2023-02-04,79,2,0
P029,2023-02-05,78,1,0
P029,2023-02-06,77,1,0
P029,2023-02-07,76,1,0
P029,2023-02-08,75,1,0
P029,2023-02-09,75,0,0
P029,2023-02-10,74,1,0
P029,2023-02-11,73,1,0
P029,2023-02-12,72,1,0
P029,2023-02-13,72,0,0
P029,2023-02-14,72,0,0
P029,2023-02-15,72,0,0
P029,2023-02-16,71,1,0
P029,2023-02-17,71,0,0
P029,2023-02-18,70,1,0
P029,2023-02-19,68,2,0
P029,2023-02-20,67,1,0
P029,2023-02-21,66,1,0
P029,2023-02-22,65,1,0
P029,2023-02-23,65,0,0
P029,2023-02-24,64,1,0
P029,2023-02-25,63,1,0
P029,2023-02-26,62,1,0
P029,2023-02-27,61,1,0
P029,2023-02-28,60,1,0
P029,2023-03-01,114,1,0
P029,2023-03-02,113,1,0
P029,2023-03-03,112,1,0
P029,2023-03-04,111,1,0
P029,2023-03-05,109,2,0
P029,2023-03-06,108,1,0
P029,2023-03-07,106,2,0
P029,2023-03-08,104,2,0
P029,2023-03-09,103,1,0
P029,2023-03-10,103,0,0
P029,2023-03-11,101,2,0
P029,2023-03-12,99,2,0
P029,2023-03-13,98,1,0
P029,2023-03-14,97,1,0
P029,2023-03-15,96,1,0
P029,2023-03-16,95,1,0
P029,2023-03-17,94,1,0
P029,2023-03-18,93,1,0
P029,2023-03-19,92,1,0
P029,2023-03-20,90,2,0
P029,2023-03-21,89,1,0
P029,2023-03-22,88,1,0
P029,2023-03-23,87,1,0
P029,2023-03-24,86,1,0
P029,2023-03-25,83,3,0
P029,2023-03-26,81,2,0
P029,2023-03-27,80,1,0
P029,2023-03-28,79,1,0
P029,2023-03-29,78,1,0
P029,2023-03-30,77,1,0
P029,2023-03-31,76,1,0
P029,2023-04-01,129,2,0
P029,2023-04-02,127,2,0
P029,2023-04-03,125,2,0
P029,2023-04-04,124,1,0
P029,2023-04-05,123,1,0
P029,2023-04-06,121,2,0
P029,2023-04-07,120,1,0
P029,2023-04-08,117,3,0
P029,2023-04-09,115,2,0
P029,2023-04-10,114,1,0
P029,2023-04-11,113,1,0
P029,2023-04-12,112,1,0
P029,2023-04-13,111,1,0
P029,2023-04-14,109,2,0
P029,2023-04-15,107,2,0
P029,2023-04-16,106,1,0
P029,2023-04-17,105,1,0
P029,2023-04-18,104,1,0
P029,2023-04-19,103,1,0
P029,2023-04-20,101,2,0
P029,2023-04-21,100,1,0
P029,2023-04-22,99,1,0
P029,2023-04-23,97,2,0
P029,2023-04-24,96,1,0
P029,2023-04-25,94,2,0
P029,2023-04-26,93,1,0
P029,2023-04-27,92,1,0
P029,2023-04-28,91,1,0
P029,2023-04-29,89,2,0
P029,2023-04-30,88,1,0
P029,2023-05-01,142,1,0
P029,2023-05-02,141,1,0
P029,2023-05-03,140,1,0
P029,2023-05-04,139,1,0
P029,2023-05-05,137,2,0
P029,2023-05-06,134,3,0
P029,2023-05-07,132,2,0
P029,2023-05-08,131,1,0
P029,2023-05-09,129,2,0
P029,2023-05-10,127,2,0
P029,2023-05-11,125,2,0
P029,2023-05-12,124,1,0
P029,2023-05-13,123,1,0
P029,2023-05-14,121,2,0
P029,2023-05-15,119,2,0
P029,2023-05-16,118,1,0
P029,2023-05-17,117,1,0
P029,2023-05-18,116,1,0
P029,2023-05-19,115,1,0
P029,2023-05-20,114,1,0
P029,2023-05-21,111,3,0
P029,2023-05-22,109,2,0
P029,2023-05-23,108,1,0
P029,2023-05-24,107,1,0
P029,2023-05-25,105,2,0
P029,2023-05-26,104,1,0
P029,2023-05-27,101,3,0
P029,2023-05-28,99,2,0
P029,2023-05-29,98,1,0
P029,2023-05-30,97,1,0
P029,2023-05-31,96,1,0
P029,2023-06-01,149,2,0
P029,2023-06-02,147,2,0
P029,2023-06-03,144,3,0
P029,2023-06-04,142,2,0
P029,2023-06-05,141,1,0
P029,2023-06-06,140,1,0
P029,2023-06-07,138,2,0
P029,2023-06-08,136,2,0
P029,2023-06-09,135,1,0
P029,2023-06-10,132,3,0
P029,2023-06-11,129,3,0
P029,2023-06-12,128,1,0
P029,2023-06-13,127,1,0
P029,2023-06-14,126,1,0
P029,2023-06-15,125,1,0
P029,2023-06-16,123,2,0
P029,2023-06-17,120,3,0
P029,2023-06-18,117,3,0
P029,2023-06-19,116,1,0
P029,2023-06-20,114,2,0
P029,2023-06-21,113,1,0
P029,2023-06-22,112,1,0
P029,2023-06-23,111,1,0
P029,2023-06-24,108,3,0
P029,2023-06-25,106,2,0
P029,2023-06-26,105,1,0
P029,2023-06-27,104,1,0
P029,2023-06-28,103,1,0
P029,2023-06-29,102,1,0
P029,2023-06-30,100,2,0
P029,2023-07-01,153,2,0
P029,2023-07-02,150,3,0
P029,2023-07-03,149,1,0
P029,2023-07-04,147,2,0
P029,2023-07-05,145,2,0
P029,2023-07-06,143,2,0
P029,2023-07-07,142,1,0
P029,2023-07-08,138,4,0
P029,2023-07-09,135,3,0
P029,2023-07-10,133,2,0
P029,2023-07-11,131,2,0
P029,2023-07-12,129,2,0
P029,2023-07-13,127,2,0
P029,2023-07-14,126,1,0
P029,2023-07-15,124,2,0
P029,2023-07-16,121,3,0
P029,2023-07-17,119,2,0
P029,2023-07-18,118,1,0
P029,2023-07-19,116,2,0
P029,2023-07-20,115,1,0
P029,2023-07-21,113,2,0
P029,2023-07-22,112,1,0
P029,2023-07-23,109,3,0
P029,2023-07-24,107,2,0
P029,2023-07-25,106,1,0
P029,2023-07-26,105,1,0
P029,2023-07-27,103,2,0
P029,2023-07-28,102,1,0
P029,2023-07-29,101,1,0
P029,2023-07-30,98,3,0
P029,2023-07-31,96,2,0
P029,2023-08-01,149,2,0
P029,2023-08-02,148,1,0
P029,2023-08-03,146,2,0
P029,2023-08-04,145,1,0
P029,2023-08-05,143,2,0
P029,2023-08-06,140,3,0
P029,2023-08-07,139,1,0
P029,2023-08-08,137,2,0
P029,2023-08-09,136,1,0
P029,2023-08-10,134,2,0
P029,2023-08-11,132,2,0
P029,2023-08-12,131,1,0
P029,2023-08-13,128,3,0
P029,2023-08-14,126,2,0
P029,2023-08-15,125,1,0
P029,2023-08-16,124,1,0
P029,2023-08-17,123,1,0
P029,2023-08-18,121,2,0
P029,2023-08-19,119,2,0
P029,2023-08-20,116,3,0
P029,2023-08-21,115,1,0
P029,2023-08-22,113,2,0
P029,2023-08-23,112,1,0
P029,2023-08-24,111,1,0
P029,2023-08-25,110,1,0
P029,2023-08-26,107,3,0
P029,2023-08-27,104,3,0
P029,2023-08-28,102,2,0
P029,2023-08-29,100,2,0
P029,2023-08-30,99,1,0
P029,2023-08-31,98,1,0
P029,2023-09-01,152,1,0
P029,2023-09-02,149,3,0
P029,2023-09-03,145,4,0
P029,2023-09-04,143,2,0
P029,2023-09-05,141,2,0
P029,2023-09-06,139,2,0
P029,2023-09-07,138,1,0
P029,2023-09-08,137,1,0
P029,2023-09-09,135,2,0
P029,2023-09-10,133,2,0
P029,2023-09-11,132,1,0
P029,2023-09-12,130,2,0
P029,2023-09-13,129,1,0
P029,2023-09-14,127,2,0
P029,2023-09-15,126,1,0
P029,2023-09-16,124,2,0
P029,2023-09-17,122,2,0
P029,2023-09-18,120,2,0
P029,2023-09-19,119,1,0
P029,2023-09-20,117,2,0
P029,2023-09-21,116,1,0
P029,2023-09-22,115,1,0
P029,2023-09-23,111,4,0
P029,2023-09-24,109,2,0
P029,2023-09-25,107,2,0
P029,2023-09-26,105,2,0
P029,2023-09-27,103,2,0
P029,2023-09-28,101,2,0
P029,2023-09-29,100,1,0
P029,2023-09-30,98,2,0
P029,2023-10-01,126,2,0
P029,2023-10-02,125,1,0
P029,2023-10-03,124,1,0
P029,2023-10-04,123,1,0
P029,2023-10-05,121,2,0
P029,2023-10-06,120,1,0
P029,2023-10-07,117,3,0
P029,2023-10-08,115,2,0
P029,2023-10-09,114,1,0
P029,2023-10-10,112,2,0
P029,2023-10-11,111,1,0
P029,2023-10-12,109,2,0
P029,2023-10-13,107,2,0
P029,2023-10-14,105,2,0
P029,2023-10-15,102,3,0
P029,2023-10-16,100,2,0
P029,2023-10-17,98,2,0
P029,2023-10-18,96,2,0
P029,2023-10-19,95,1,0
P029,2023-10-20,93,2,0
P029,2023-10-21,91,2,0
P029,2023-10-22,88,3,0
P029,2023-10-23,87,1,0
P029,2023-10-24,85,2,0
P029,2023-10-25,84,1,0
P029,2023-10-26,82,2,0
P029,2023-10-27,81,1,0
P029,2023-10-28,78,3,0
P029,2023-10-29,75,3,0
P029,2023-10-30,74,1,0
P029,2023-10-31,72,2,0
P029,2023-11-01,98,4,0
P029,2023-11-02,95,3,0
P029,2023-11-03,91,4,0
P029,2023-11-04,88,3,0
P029,2023-11-05,85,3,0
P029,2023-11-06,82,3,0
P029,2023-11-07,78,4,0
P029,2023-11-08,76,2,0
P029,2023-11-09,74,2,0
P029,2023-11-10,70,4,0
P029,2023-11-11,65,5,0
P029,2023-11-12,62,3,0
P029,2023-11-13,60,2,0
P029,2023-11-14,56,4,0
P029,2023-11-15,52,4,0
P029,2023-11-16,48,4,0
P029,2023-11-17,46,2,0
P029,2023-11-18,41,5,0
P029,2023-11-19,35,6,0
P029,2023-11-20,33,2,0
P029,2023-11-21,30,3,0
P029,2023-11-22,27,3,0
P029,2023-11-23,25,2,0
P029,2023-11-24,21,4,0
P029,2023-11-25,16,5,0
P029,2023-11-26,9,7,0
P029,2023-11-27,6,3,0
P029,2023-11-28,3,3,0
P029,2023-11-29,0,3,1
P029,2023-11-30,0,0,1
P029,2023-12-01,28,2,0
P029,2023-12-02,23,5,0
P029,2023-12-03,20,3,0
P029,2023-12-04,17,3,0
P029,2023-12-05,15,2,0
P029,2023-12-06,13,2,0
P029,2023-12-07,11,2,0
P029,2023-12-08,9,2,0
P029,2023-12-09,4,5,0
P029,2023-12-10,1,3,0
P029,2023-12-11,0,1,1
P029,2023-12-12,0,0,1
P029,2023-12-13,0,0,1
P029,2023-12-14,0,0,1
P029,2023-12-15,0,0,1
P029,2023-12-16,0,0,1
P029,2023-12-17,0,0,1
P029,2023-12-18,0,0,1
P029,2023-12-19,0,0,1
P029,2023-12-20,0,0,1
P029,2023-12-21,0,0,1
P029,2023-12-22,0,0,1
P029,2023-12-23,0,0,1
P029,2023-12-24,0,0,1
P029,2023-12-25,0,0,1
P029,2023-12-26,0,0,1
P029,2023-12-27,0,0,1
P029,2023-12-28,0,0,1
P029,2023-12-29,0,0,1
P029,2023-12-30,0,0,1
P029,2023-12-31,0,0,1
P029,2024-01-01,54,1,0
P029,2024-01-02,53,1,0
P029,2024-01-03,53,0,0
P029,2024-01-04,53,0,0
P029,2024-01-05,52,1,0
P029,2024-01-06,51,1,0
P029,2024-01-07,50,1,0
P029,2024-01-08,49,1,0
P029,2024-01-09,48,1,0
P029,2024-01-10,47,1,0
P029,2024-01-11,47,0,0
P029,2024-01-12,46,1,0
P029,2024-01-13,44,2,0
P029,2024-01-14,43,1,0
P029,2024-01-15,42,1,0
P029,2024-01-16,42,0,0
P029,2024-01-17,41,1,0
P029,2024-01-18,40,1,0
P029,2024-01-19,40,0,0
P029,2024-01-20,39,1,0
P029,2024-01-21,38,1,0
P029,2024-01-22,37,1,0
P029,2024-01-23,37,0,0
P029,2024-01-24,36,1,0
P029,2024-01-25,35,1,0
P029,2024-01-26,34,1,0
P029,2024-01-27,33,1,0
P029,2024-01-28,32,1,0
P029,2024-01-29,32,0,0
P029,2024-01-30,32,0,0
P029,2024-01-31,32,0,0
P029,2024-02-01,86,1,0
P029,2024-02-02,85,1,0
P029,2024-02-03,84,1,0
P029,2024-02-04,82,2,0
P029,2024-02-05,82,0,0
P029,2024-02-06,81,1,0
P029,2024-02-07,80,1,0
P029,2024-02-08,80,0,0
P029,2024-02-09,79,1,0
P029,2024-02-10,78,1,0
P029,2024-02-11,76,2,0
P029,2024-02-12,76,0,0
P029,2024-02-13,76,0,0
P029,2024-02-14,75,1,0
P029,2024-02-15,74,1,0
P029,2024-02-16,73,1,0
P029,2024-02-17,71,2,0
P029,2024-02-18,70,1,0
P029,2024-02-19,69,1,0
P029,2024-02-20,68,1,0
P029,2024-02-21,68,0,0
P029,2024-02-22,67,1,0
P029,2024-02-23,66,1,0
P029,2024-02-24,64,2,0
P029,2024-02-25,62,2,0
P029,2024-02-26,62,0,0
P029,2024-02-27,61,1,0
P029,2024-02-28,60,1,0
P029,2024-02-29,60,0,0
P029,2024-03-01,113,2,0
P029,2024-03-02,111,2,0
P029,2024-03-03,110,1,0
P029,2024-03-04,108,2,0
P029,2024-03-05,108,0,0
P029,2024-03-06,108,0,0
P029,2024-03-07,107,1,0
P029,2024-03-08,106,1,0
P029,2024-03-09,104,2,0
P029,2024-03-10,102,2,0
P029,2024-03-11,101,1,0
P029,2024-03-12,100,1,0
P029,2024-03-13,99,1,0
P029,2024-03-14,98,1,0
P029,2024-03-15,97,1,0
P029,2024-03-16,94,3,0
P029,2024-03-17,92,2,0
P029,2024-03-18,91,1,0
P029,2024-03-19,91,0,0
P029,2024-03-20,90,1,0
P029,2024-03-21,89,1,0
P029,2024-03-22,88,1,0
P029,2024-03-23,86,2,0
P029,2024-03-24,85,1,0
P029,2024-03-25,84,1,0
P029,2024-03-26,82,2,0
P029,2024-03-27,82,0,0
P029,2024-03-28,80,2,0
P029,2024-03-29,79,1,0
P029,2024-03-30,78,1,0
P029,2024-03-31,75,3,0
P029,2024-04-01,129,1,0
P029,2024-04-02,127,2,0
P029,2024-04-03,126,1,0
P029,2024-04-04,125,1,0
P029,2024-04-05,124,1,0
P029,2024-04-06,122,2,0
P029,2024-04-07,120,2,0
P029,2024-04-08,119,1,0
P029,2024-04-09,118,1,0
P029,2024-04-10,117,1,0
P029,2024-04-11,116,1,0
P029,2024-04-12,115,1,0
P029,2024-04-13,113,2,0
P029,2024-04-14,111,2,0
P029,2024-04-15,110,1,0
P029,2024-04-16,109,1,0
P029,2024-04-17,108,1,0
P029,2024-04-18,107,1,0
P029,2024-04-19,106,1,0
P029,2024-04-20,103,3,0
P029,2024-04-21,101,2,0
P029,2024-04-22,100,1,0
P029,2024-04-23,99,1,0
P029,2024-04-24,98,1,0
P029,2024-04-25,97,1,0
P029,2024-04-26,96,1,0
P029,2024-04-27,93,3,0
P029,2024-04-28,90,3,0
P029,2024-04-29,89,1,0
P029,2024-04-30,87,2,0
P029,2024-05-01,141,1,0
P029,2024-05-02,140,1,0
P029,2024-05-03,139,1,0
P029,2024-05-04,136,3,0
P029,2024-05-05,134,2,0
P029,2024-05-06,132,2,0
P029,2024-05-07,131,1,0
P029,2024-05-08,130,1,0
P029,2024-05-09,129,1,0
P029,2024-05-10,127,2,0
P029,2024-05-11,125,2,0
P029,2024-05-12,124,1,0
P029,2024-05-13,123,1,0
P029,2024-05-14,122,1,0
P029,2024-05-15,121,1,0
P029,2024-05-16,120,1,0
P029,2024-05-17,119,1,0
P029,2024-05-18,117,2,0
P029,2024-05-19,115,2,0
P029,2024-05-20,114,1,0
P029,2024-05-21,113,1,0
P029,2024-05-22,112,1,0
P029,2024-05-23,110,2,0
P029,2024-05-24,109,1,0
P029,2024-05-25,108,1,0
P029,2024-05-26,106,2,0
P029,2024-05-27,104,2,0
P029,2024-05-28,103,1,0
P029,2024-05-29,102,1,0
P029,2024-05-30,101,1,0
P029,2024-05-31,100,1,0
P029,2024-06-01,152,3,0
P029,2024-06-02,150,2,0
P029,2024-06-03,148,2,0
P029,2024-06-04,147,1,0
P029,2024-06-05,146,1,0
P029,2024-06-06,145,1,0
P029,2024-06-07,144,1,0
P029,2024-06-08,142,2,0
P029,2024-06-09,139,3,0
P029,2024-06-10,137,2,0
P029,2024-06-11,135,2,0
P029,2024-06-12,133,2,0
P029,2024-06-13,132,1,0
P029,2024-06-14,131,1,0
P029,2024-06-15,129,2,0
P029,2024-06-16,126,3,0
P029,2024-06-17,125,1,0
P029,2024-06-18,124,1,0
P029,2024-06-19,122,2,0
P029,2024-06-20,121,1,0
P029,2024-06-21,120,1,0
P029,2024-06-22,119,1,0
P029,2024-06-23,116,3,0
P029,2024-06-24,114,2,0
P029,2024-06-25,113,1,0
P029,2024-06-26,112,1,0
P029,2024-06-27,110,2,0
P029,2024-06-28,109,1,0
P029,2024-06-29,107,2,0
P029,2024-06-30,104,3,0
P029,2024-07-01,158,1,0
P029,2024-07-02,156,2,0
P029,2024-07-03,154,2,0
P029,2024-07-04,152,2,0
P029,2024-07-05,151,1,0
P029,2024-07-06,150,1,0
P029,2024-07-07,148,2,0
P029,2024-07-08,146,2,0
P029,2024-07-09,144,2,0
P029,2024-07-10,142,2,0
P029,2024-07-11,141,1,0
P029,2024-07-12,139,2,0
P029,2024-07-13,137,2,0
P029,2024-07-14,136,1,0
P029,2024-07-15,135,1,0
P029,2024-07-16,134,1,0
P029,2024-07-17,133,1,0
P029,2024-07-18,132,1,0
P029,2024-07-19,130,2,0
P029,2024-07-20,127,3,0
P029,2024-07-21,124,3,0
P029,2024-07-22,122,2,0
P029,2024-07-23,121,1,0
P029,2024-07-24,120,1,0
P029,2024-07-25,119,1,0
P029,2024-07-26,117,2,0
P029,2024-07-27,114,3,0
P029,2024-07-28,112,2,0
P029,2024-07-29,110,2,0
P029,2024-07-30,109,1,0
P029,2024-07-31,108,1,0
P029,2024-08-01,162,1,0
P029,2024-08-02,161,1,0
P029,2024-08-03,159,2,0
P029,2024-08-04,156,3,0
P029,2024-08-05,154,2,0
P029,2024-08-06,153,1,0
P029,2024-08-07,152,1,0
P029,2024-08-08,151,1,0
P029,2024-08-09,149,2,0
P029,2024-08-10,146,3,0
P029,2024-08-11,144,2,0
P029,2024-08-12,142,2,0
P029,2024-08-13,140,2,0
P029,2024-08-14,139,1,0
P029,2024-08-15,138,1,0
P029,2024-08-16,136,2,0
P029,2024-08-17,134,2,0
P029,2024-08-18,131,3,0
P029,2024-08-19,130,1,0
P029,2024-08-20,129,1,0
P029,2024-08-21,127,2,0
P029,2024-08-22,126,1,0
P029,2024-08-23,125,1,0
P029,2024-08-24,122,3,0
P029,2024-08-25,120,2,0
P029,2024-08-26,118,2,0
P029,2024-08-27,117,1,0
P029,2024-08-28,116,1,0
P029,2024-08-29,115,1,0
P029,2024-08-30,113,2,0
P029,2024-08-31,110,3,0
P029,2024-09-01,163,2,0
P029,2024-09-02,161,2,0
P029,2024-09-03,160,1,0
P029,2024-09-04,159,1,0
P029,2024-09-05,157,2,0
P029,2024-09-06,156,1,0
P029,2024-09-07,154,2,0
P029,2024-09-08,152,2,0
P029,2024-09-09,150,2,0
P029,2024-09-10,149,1,0
P029,2024-09-11,147,2,0
P029,2024-09-12,146,1,0
P029,2024-09-13,144,2,0
P029,2024-09-14,142,2,0
P029,2024-09-15,141,1,0
P029,2024-09-16,139,2,0
P029,2024-09-17,137,2,0
P029,2024-09-18,135,2,0
P029,2024-09-19,134,1,0
P029,2024-09-20,132,2,0
P029,2024-09-21,129,3,0
P029,2024-09-22,126,3,0
P029,2024-09-23,124,2,0
P029,2024-09-24,122,2,0
P029,2024-09-25,120,2,0
P029,2024-09-26,118,2,0
P029,2024-09-27,116,2,0
P029,2024-09-28,114,2,0
P029,2024-09-29,112,2,0
P029,2024-09-30,110,2,0
P029,2024-10-01,139,1,0
P029,2024-10-02,137,2,0
P029,2024-10-03,135,2,0
P029,2024-10-04,133,2,0
P029,2024-10-05,129,4,0
P029,2024-10-06,125,4,0
P029,2024-10-07,124,1,0
P029,2024-10-08,122,2,0
P029,2024-10-09,121,1,0
P029,2024-10-10,120,1,0
P029,2024-10-11,118,2,0
P029,2024-10-12,115,3,0
P029,2024-10-13,113,2,0
P029,2024-10-14,111,2,0
P029,2024-10-15,109,2,0
P029,2024-10-16,108,1,0
P029,2024-10-17,107,1,0
P029,2024-10-18,104,3,0
P029,2024-10-19,101,3,0
P029,2024-10-20,98,3,0
P029,2024-10-21,96,2,0
P029,2024-10-22,94,2,0
P029,2024-10-23,92,2,0
P029,2024-10-24,90,2,0
P029,2024-10-25,89,1,0
P029,2024-10-26,86,3,0
P029,2024-10-27,84,2,0
P029,2024-10-28,83,1,0
P029,2024-10-29,81,2,0
P029,2024-10-30,80,1,0
P029,2024-10-31,78,2,0
P029,2024-11-01,105,3,0
P029,2024-11-02,102,3,0
P029,2024-11-03,99,3,0
P029,2024-11-04,96,3,0
P029,2024-11-05,92,4,0
P029,2024-11-06,88,4,0
P029,2024-11-07,86,2,0
P029,2024-11-08,83,3,0
P029,2024-11-09,76,7,0
P029,2024-11-10,70,6,0
P029,2024-11-11,66,4,0
P029,2024-11-12,64,2,0
P029,2024-11-13,62,2,0
P029,2024-11-14,58,4,0
P029,2024-11-15,54,4,0
P029,2024-11-16,49,5,0
P029,2024-11-17,46,3,0
P029,2024-11-18,44,2,0
P029,2024-11-19,42,2,0
P029,2024-11-20,39,3,0
P029,2024-11-21,36,3,0
P029,2024-11-22,32,4,0
P029,2024-11-23,29,3,0
P029,2024-11-24,22,7,0
P029,2024-11-25,19,3,0
P029,2024-11-26,17,2,0
P029,2024-11-27,14,3,0
P029,2024-11-28,12,2,0
P029,2024-11-29,9,3,0
P029,2024-11-30,5,4,0
P029,2024-12-01,30,5,0
P029,2024-12-02,28,2,0
P029,2024-12-03,26,2,0
P029,2024-12-04,25,1,0
P029,2024-12-05,22,3,0
P029,2024-12-06,19,3,0
P029,2024-12-07,16,3,0
P029,2024-12-08,13,3,0
P029,2024-12-09,9,4,0
P029,2024-12-10,6,3,0
P029,2024-12-11,3,3,0
P029,2024-12-12,2,1,0
P029,2024-12-13,0,2,1
P029,2024-12-14,0,0,1
P029,2024-12-15,0,0,1
P029,2024-12-16,0,0,1
P029,2024-12-17,0,0,1
P029,2024-12-18,0,0,1
P029,2024-12-19,0,0,1
P029,2024-12-20,0,0,1
P029,2024-12-21,0,0,1
P029,2024-12-22,0,0,1
P029,2024-12-23,0,0,1
P029,2024-12-24,0,0,1
P029,2024-12-25,0,0,1
P029,2024-12-26,0,0,1
P029,2024-12-27,0,0,1
P029,2024-12-28,0,0,1
P029,2024-12-29,0,0,1
P029,2024-12-30,0,0,1
P029,2024-12-31,0,0,1
P030,2022-01-01,196,4,0
P030,2022-01-02,193,3,0
P030,2022-01-03,191,2,0
P030,2022-01-04,189,2,0
P030,2022-01-05,188,1,0
P030,2022-01-06,186,2,0
P030,2022-01-07,185,1,0
P030,2022-01-08,181,4,0
P030,2022-01-09,180,1,0
P030,2022-01-10,178,2,0
P030,2022-01-11,177,1,0
P030,2022-01-12,176,1,0
P030,2022-01-13,174,2,0
P030,2022-01-14,173,1,0
P030,2022-01-15,170,3,0
P030,2022-01-16,166,4,0
P030,2022-01-17,164,2,0
P030,2022-01-18,163,1,0
P030,2022-01-19,162,1,0
P030,2022-01-20,161,1,0
P030,2022-01-21,160,1,0
P030,2022-01-22,157,3,0
P030,2022-01-23,155,2,0
P030,2022-01-24,154,1,0
P030,2022-01-25,153,1,0
P030,2022-01-26,151,2,0
P030,2022-01-27,150,1,0
P030,2022-01-28,149,1,0
P030,2022-01-29,146,3,0
P030,2022-01-30,143,3,0
P030,2022-01-31,141,2,0
P030,2022-02-01,239,2,0
P030,2022-02-02,236,3,0
P030,2022-02-03,234,2,0
P030,2022-02-04,231,3,0
P030,2022-02-05,229,2,0
P030,2022-02-06,225,4,0
P030,2022-02-07,223,2,0
P030,2022-02-08,220,3,0
P030,2022-02-09,218,2,0
P030,2022-02-10,217,1,0
P030,2022-02-11,216,1,0
P030,2022-02-12,213,3,0
P030,2022-02-13,210,3,0
P030,2022-02-14,208,2,0
P030,2022-02-15,206,2,0
P030,2022-02-16,205,1,0
P030,2022-02-17,203,2,0
P030,2022-02-18,201,2,0
P030,2022-02-19,198,3,0
P030,2022-02-20,196,2,0
P030,2022-02-21,195,1,0
P030,2022-02-22,193,2,0
P030,2022-02-23,192,1,0
P030,2022-02-24,191,1,0
P030,2022-02-25,188,3,0
P030,2022-02-26,185,3,0
P030,2022-02-27,182,3,0
P030,2022-02-28,179,3,0
P030,2022-03-01,277,2,0
P030,2022-03-02,275,2,0
P030,2022-03-03,273,2,0
P030,2022-03-04,272,1,0
P030,2022-03-05,269,3,0
P030,2022-03-06,264,5,0
P030,2022-03-07,262,2,0
P030,2022-03-08,259,3,0
P030,2022-03-09,258,1,0
P030,2022-03-10,257,1,0
P030,2022-03-11,254,3,0
P030,2022-03-12,249,5,0
P030,2022-03-13,245,4,0
P030,2022-03-14,244,1,0
P030,2022-03-15,243,1,0
P030,2022-03-16,241,2,0
P030,2022-03-17,238,3,0
P030,2022-03-18,236,2,0
P030,2022-03-19,231,5,0
P030,2022-03-20,227,4,0
P030,2022-03-21,225,2,0
P030,2022-03-22,223,2,0
P030,2022-03-23,222,1,0
P030,2022-03-24,220,2,0
P030,2022-03-25,219,1,0
P030,2022-03-26,214,5,0
P030,2022-03-27,210,4,0
P030,2022-03-28,209,1,0
P030,2022-03-29,206,3,0
P030,2022-03-30,203,3,0
P030,2022-03-31,201,2,0
P030,2022-04-01,298,3,0
P030,2022-04-02,294,4,0
P030,2022-04-03,288,6,0
P030,2022-04-04,285,3,0
P030,2022-04-05,283,2,0
P030,2022-04-06,281,2,0
P030,2022-04-07,278,3,0
P030,2022-04-08,276,2,0
P030,2022-04-09,271,5,0
P030,2022-04-10,267,4,0
P030,2022-04-11,265,2,0
P030,2022-04-12,263,2,0
P030,2022-04-13,259,4,0
P030,2022-04-14,256,3,0
P030,2022-04-15,253,3,0
P030,2022-04-16,249,4,0
P030,2022-04-17,244,5,0
P030,2022-04-18,241,3,0
P030,2022-04-19,237,4,0
P030,2022-04-20,235,2,0
P030,2022-04-21,233,2,0
P030,2022-04-22,230,3,0
P030,2022-04-23,227,3,0
P030,2022-04-24,222,5,0
P030,2022-04-25,219,3,0
P030,2022-04-26,216,3,0
P030,2022-04-27,215,1,0
P030,2022-04-28,213,2,0
P030,2022-04-29,210,3,0
P030,2022-04-30,206,4,0
P030,2022-05-01,301,5,0
P030,2022-05-02,298,3,0
P030,2022-05-03,295,3,0
P030,2022-05-04,293,2,0
P030,2022-05-05,289,4,0
P030,2022-05-06,287,2,0
P030,2022-05-07,283,4,0
P030,2022-05-08,277,6,0
P030,2022-05-09,273,4,0
P030,2022-05-10,270,3,0
P030,2022-05-11,269,1,0
P030,2022-05-12,267,2,0
P030,2022-05-13,264,3,0
P030,2022-05-14,261,3,0
P030,2022-05-15,255,6,0
P030,2022-05-16,253,2,0
P030,2022-05-17,249,4,0
P030,2022-05-18,247,2,0
P030,2022-05-19,245,2,0
P030,2022-05-20,242,3,0
P030,2022-05-21,239,3,0
P030,2022-05-22,233,6,0
P030,2022-05-23,231,2,0
P030,2022-05-24,229,2,0
P030,2022-05-25,225,4,0
P030,2022-05-26,223,2,0
P030,2022-05-27,220,3,0
P030,2022-05-28,217,3,0
P030,2022-05-29,212,5,0
P030,2022-05-30,210,2,0
P030,2022-05-31,207,3,0
P030,2022-06-01,304,3,0
P030,2022-06-02,302,2,0
P030,2022-06-03,300,2,0
P030,2022-06-04,293,7,0
P030,2022-06-05,289,4,0
P030,2022-06-06,287,2,0
P030,2022-06-07,284,3,0
P030,2022-06-08,281,3,0
P030,2022-06-09,279,2,0
P030,2022-06-10,277,2,0
P030,2022-06-11,271,6,0
P030,2022-06-12,264,7,0
P030,2022-06-13,261,3,0
P030,2022-06-14,258,3,0
P030,2022-06-15,255,3,0
P030,2022-06-16,251,4,0
P030,2022-06-17,248,3,0
P030,2022-06-18,244,4,0
P030,2022-06-19,239,5,0
P030,2022-06-20,235,4,0
P030,2022-06-21,233,2,0
P030,2022-06-22,231,2,0
P030,2022-06-23,229,2,0
P030,2022-06-24,227,2,0
P030,2022-06-25,223,4,0
P030,2022-06-26,220,3,0
P030,2022-06-27,217,3,0
P030,2022-06-28,215,2,0
P030,2022-06-29,212,3,0
P030,2022-06-30,210,2,0
P030,2022-07-01,308,2,0
P030,2022-07-02,305,3,0
P030,2022-07-03,300,5,0
P030,2022-07-04,296,4,0
P030,2022-07-05,294,2,0
P030,2022-07-06,291,3,0
P030,2022-07-07,288,3,0
P030,2022-07-08,284,4,0
P030,2022-07-09,277,7,0
P030,2022-07-10,273,4,0
P030,2022-07-11,269,4,0
P030,2022-07-12,265,4,0
P030,2022-07-13,261,4,0
P030,2022-07-14,259,2,0
P030,2022-07-15,255,4,0
P030,2022-07-16,251,4,0
P030,2022-07-17,245,6,0
P030,2022-07-18,241,4,0
P030,2022-07-19,238,3,0
P030,2022-07-20,235,3,0
P030,2022-07-21,231,4,0
P030,2022-07-22,228,3,0
P030,2022-07-23,224,4,0
P030,2022-07-24,218,6,0
P030,2022-07-25,216,2,0
P030,2022-07-26,213,3,0
P030,2022-07-27,211,2,0
P030,2022-07-28,207,4,0
P030,2022-07-29,203,4,0
P030,2022-07-30,197,6,0
P030,2022-07-31,192,5,0
P030,2022-08-01,288,4,0
P030,2022-08-02,286,2,0
P030,2022-08-03,282,4,0
P030,2022-08-04,278,4,0
P030,2022-08-05,274,4,0
P030,2022-08-06,269,5,0
P030,2022-08-07,264,5,0
P030,2022-08-08,261,3,0
P030,2022-08-09,257,4,0
P030,2022-08-10,254,3,0
P030,2022-08-11,252,2,0
P030,2022-08-12,249,3,0
P030,2022-08-13,242,7,0
P030,2022-08-14,236,6,0
P030,2022-08-15,234,2,0
P030,2022-08-16,232,2,0
P030,2022-08-17,230,2,0
P030,2022-08-18,227,3,0
P030,2022-08-19,224,3,0
P030,2022-08-20,220,4,0
P030,2022-08-21,216,4,0
P030,2022-08-22,213,3,0
P030,2022-08-23,211,2,0
P030,2022-08-24,209,2,0
P030,2022-08-25,205,4,0
P030,2022-08-26,202,3,0
P030,2022-08-27,196,6,0
P030,2022-08-28,193,3,0
P030,2022-08-29,189,4,0
P030,2022-08-30,186,3,0
P030,2022-08-31,184,2,0
P030,2022-09-01,281,3,0
P030,2022-09-02,278,3,0
P030,2022-09-03,274,4,0
P030,2022-09-04,268,6,0
P030,2022-09-05,265,3,0
P030,2022-09-06,260,5,0
P030,2022-09-07,256,4,0
P030,2022-09-08,254,2,0
P030,2022-09-09,251,3,0
P030,2022-09-10,247,4,0
P030,2022-09-11,240,7,0
P030,2022-09-12,237,3,0
P030,2022-09-13,235,2,0
P030,2022-09-14,232,3,0
P030,2022-09-15,228,4,0
P030,2022-09-16,224,4,0
P030,2022-09-17,221,3,0
P030,2022-09-18,216,5,0
P030,2022-09-19,212,4,0
P030,2022-09-20,208,4,0
P030,2022-09-21,206,2,0
P030,2022-09-22,203,3,0
P030,2022-09-23,201,2,0
P030,2022-09-24,195,6,0
P030,2022-09-25,192,3,0
P030,2022-09-26,188,4,0
P030,2022-09-27,185,3,0
P030,2022-09-28,183,2,0
P030,2022-09-29,179,4,0
P030,2022-09-30,176,3,0
P030,2022-10-01,223,8,0
P030,2022-10-02,219,4,0
P030,2022-10-03,217,2,0
P030,2022-10-04,212,5,0
P030,2022-10-05,209,3,0
P030,2022-10-06,205,4,0
P030,2022-10-07,201,4,0
P030,2022-10-08,194,7,0
P030,2022-10-09,190,4,0
P030,2022-10-10,186,4,0
P030,2022-10-11,184,2,0
P030,2022-10-12,180,4,0
P030,2022-10-13,177,3,0
P030,2022-10-14,174,3,0
P030,2022-10-15,166,8,0
P030,2022-10-16,162,4,0
P030,2022-10-17,159,3,0
P030,2022-10-18,154,5,0
P030,2022-10-19,150,4,0
P030,2022-10-20,148,2,0
P030,2022-10-21,145,3,0
P030,2022-10-22,140,5,0
P030,2022-10-23,133,7,0
P030,2022-10-24,130,3,0
P030,2022-10-25,128,2,0
P030,2022-10-26,125,3,0
P030,2022-10-27,121,4,0
P030,2022-10-28,119,2,0
P030,2022-10-29,115,4,0
P030,2022-10-30,111,4,0
P030,2022-10-31,108,3,0
P030,2022-11-01,157,6,0
P030,2022-11-02,153,4,0
P030,2022-11-03,147,6,0
P030,2022-11-04,143,4,0
P030,2022-11-05,135,8,0
P030,2022-11-06,124,11,0
P030,2022-11-07,118,6,0
P030,2022-11-08,112,6,0
P030,2022-11-09,109,3,0
P030,2022-11-10,103,6,0
P030,2022-11-11,97,6,0
P030,2022-11-12,87,10,0
P030,2022-11-13,80,7,0
P030,2022-11-14,76,4,0
P030,2022-11-15,71,5,0
P030,2022-11-16,63,8,0
P030,2022-11-17,58,5,0
P030,2022-11-18,53,5,0
P030,2022-11-19,43,10,0
P030,2022-11-20,35,8,0
P030,2022-11-21,29,6,0
P030,2022-11-22,22,7,0
P030,2022-11-23,15,7,0
P030,2022-11-24,8,7,0
P030,2022-11-25,3,5,0
P030,2022-11-26,0,3,1
P030,2022-11-27,0,0,1
P030,2022-11-28,0,0,1
P030,2022-11-29,0,0,1
P030,2022-11-30,0,0,1
P030,2022-12-01,48,7,0
P030,2022-12-02,44,4,0
P030,2022-12-03,38,6,0
P030,2022-12-04,33,5,0
P030,2022-12-05,28,5,0
P030,2022-12-06,25,3,0
P030,2022-12-07,18,7,0
P030,2022-12-08,11,7,0
P030,2022-12-09,6,5,0
P030,2022-12-10,0,6,1
P030,2022-12-11,0,0,1
P030,2022-12-12,0,0,1
P030,2022-12-13,0,0,1
P030,2022-12-14,0,0,1
P030,2022-12-15,0,0,1
P030,2022-12-16,0,0,1
P030,2022-12-17,0,0,1
P030,2022-12-18,0,0,1
P030,2022-12-19,0,0,1
P030,2022-12-20,0,0,1
P030,2022-12-21,0,0,1
P030,2022-12-22,0,0,1
P030,2022-12-23,0,0,1
P030,2022-12-24,0,0,1
P030,2022-12-25,0,0,1
P030,2022-12-26,0,0,1
P030,2022-12-27,0,0,1
P030,2022-12-28,0,0,1
P030,2022-12-29,0,0,1
P030,2022-12-30,0,0,1
P030,2022-12-31,0,0,1
P030,2023-01-01,98,2,0
P030,2023-01-02,97,1,0
P030,2023-01-03,95,2,0
P030,2023-01-04,93,2,0
P030,2023-01-05,91,2,0
P030,2023-01-06,89,2,0
P030,2023-01-07,86,3,0
P030,2023-01-08,84,2,0
P030,2023-01-09,82,2,0
P030,2023-01-10,80,2,0
P030,2023-01-11,79,1,0
P030,2023-01-12,77,2,0
P030,2023-01-13,75,2,0
P030,2023-01-14,72,3,0
P030,2023-01-15,69,3,0
P030,2023-01-16,68,1,0
P030,2023-01-17,66,2,0
P030,2023-01-18,64,2,0
P030,2023-01-19,63,1,0
P030,2023-01-20,61,2,0
P030,2023-01-21,58,3,0
P030,2023-01-22,56,2,0
P030,2023-01-23,55,1,0
P030,2023-01-24,54,1,0
P030,2023-01-25,53,1,0
P030,2023-01-26,52,1,0
P030,2023-01-27,51,1,0
P030,2023-01-28,49,2,0
P030,2023-01-29,46,3,0
P030,2023-01-30,44,2,0
P030,2023-01-31,43,1,0
P030,2023-02-01,141,2,0
P030,2023-02-02,140,1,0
P030,2023-02-03,138,2,0
P030,2023-02-04,134,4,0
P030,2023-02-05,131,3,0
P030,2023-02-06,129,2,0
P030,2023-02-07,128,1,0
P030,2023-02-08,126,2,0
P030,2023-02-09,125,1,0
P030,2023-02-10,124,1,0
P030,2023-02-11,122,2,0
P030,2023-02-12,118,4,0
P030,2023-02-13,116,2,0
P030,2023-02-14,114,2,0
P030,2023-02-15,113,1,0
P030,2023-02-16,111,2,0
P030,2023-02-17,109,2,0
P030,2023-02-18,105,4,0
P030,2023-02-19,101,4,0
P030,2023-02-20,99,2,0
P030,2023-02-21,97,2,0
P030,2023-02-22,96,1,0
P030,2023-02-23,94,2,0
P030,2023-02-24,92,2,0
P030,2023-02-25,89,3,0
P030,2023-02-26,86,3,0
P030,2023-02-27,85,1,0
P030,2023-02-28,84,1,0
P030,2023-03-01,183,1,0
P030,2023-03-02,182,1,0
P030,2023-03-03,181,1,0
P030,2023-03-04,177,4,0
P030,2023-03-05,174,3,0
P030,2023-03-06,173,1,0
P030,2023-03-07,170,3,0
P030,2023-03-08,168,2,0
P030,2023-03-09,165,3,0
P030,2023-03-10,164,1,0
P030,2023-03-11,161,3,0
P030,2023-03-12,159,2,0
P030,2023-03-13,158,1,0
P030,2023-03-14,155,3,0
P030,2023-03-15,154,1,0
P030,2023-03-16,151,3,0
P030,2023-03-17,150,1,0
P030,2023-03-18,147,3,0
P030,2023-03-19,144,3,0
P030,2023-03-20,142,2,0
P030,2023-03-21,139,3,0
P030,2023-03-22,136,3,0
P030,2023-03-23,133,3,0
P030,2023-03-24,131,2,0
P030,2023-03-25,127,4,0
P030,2023-03-26,124,3,0
P030,2023-03-27,122,2,0
P030,2023-03-28,120,2,0
P030,2023-03-29,119,1,0
P030,2023-03-30,116,3,0
P030,2023-03-31,113,3,0
P030,2023-04-01,209,4,0
P030,2023-04-02,206,3,0
P030,2023-04-03,204,2,0
P030,2023-04-04,202,2,0
P030,2023-04-05,200,2,0
P030,2023-04-06,197,3,0
P030,2023-04-07,194,3,0
P030,2023-04-08,190,4,0
P030,2023-04-09,187,3,0
P030,2023-04-10,183,4,0
P030,2023-04-11,180,3,0
P030,2023-04-12,177,3,0
P030,2023-04-13,175,2,0
P030,2023-04-14,172,3,0
P030,2023-04-15,167,5,0
P030,2023-04-16,161,6,0
P030,2023-04-17,159,2,0
P030,2023-04-18,157,2,0
P030,2023-04-19,155,2,0
P030,2023-04-20,152,3,0
P030,2023-04-21,149,3,0
P030,2023-04-22,143,6,0
P030,2023-04-23,138,5,0
P030,2023-04-24,136,2,0
P030,2023-04-25,133,3,0
P030,2023-04-26,131,2,0
P030,2023-04-27,129,2,0
P030,2023-04-28,126,3,0
P030,2023-04-29,122,4,0
P030,2023-04-30,118,4,0
P030,2023-05-01,217,1,0
P030,2023-05-02,215,2,0
P030,2023-05-03,211,4,0
P030,2023-05-04,209,2,0
P030,2023-05-05,207,2,0
P030,2023-05-06,202,5,0
P030,2023-05-07,198,4,0
P030,2023-05-08,195,3,0
P030,2023-05-09,191,4,0
P030,2023-05-10,188,3,0
P030,2023-05-11,186,2,0
P030,2023-05-12,184,2,0
P030,2023-05-13,178,6,0
P030,2023-05-14,175,3,0
P030,2023-05-15,173,2,0
P030,2023-05-16,169,4,0
P030,2023-05-17,166,3,0
P030,2023-05-18,163,3,0
P030,2023-05-19,160,3,0
P030,2023-05-20,156,4,0
P030,2023-05-21,152,4,0
P030,2023-05-22,149,3,0
P030,2023-05-23,145,4,0
P030,2023-05-24,142,3,0
P030,2023-05-25,139,3,0
P030,2023-05-26,137,2,0
P030,2023-05-27,134,3,0
P030,2023-05-28,130,4,0
P030,2023-05-29,128,2,0
P030,2023-05-30,125,3,0
P030,2023-05-31,122,3,0
P030,2023-06-01,218,4,0
P030,2023-06-02,216,2,0
P030,2023-06-03,210,6,0
P030,2023-06-04,207,3,0
P030,2023-06-05,204,3,0
P030,2023-06-06,201,3,0
P030,2023-06-07,199,2,0
P030,2023-06-08,195,4,0
P030,2023-06-09,191,4,0
P030,2023-06-10,187,4,0
P030,2023-06-11,180,7,0
P030,2023-06-12,177,3,0
P030,2023-06-13,175,2,0
P030,2023-06-14,173,2,0
P030,2023-06-15,171,2,0
P030,2023-06-16,167,4,0
P030,2023-06-17,161,6,0
P030,2023-06-18,158,3,0
P030,2023-06-19,156,2,0
P030,2023-06-20,153,3,0
P030,2023-06-21,149,4,0
P030,2023-06-22,145,4,0
P030,2023-06-23,143,2,0
P030,2023-06-24,139,4,0
P030,2023-06-25,134,5,0
P030,2023-06-26,130,4,0
P030,2023-06-27,127,3,0
P030,2023-06-28,124,3,0
P030,2023-06-29,120,4,0
P030,2023-06-30,117,3,0
P030,2023-07-01,211,6,0
P030,2023-07-02,205,6,0
P030,2023-07-03,201,4,0
P030,2023-07-04,198,3,0
P030,2023-07-05,194,4,0
P030,2023-07-06,190,4,0
P030,2023-07-07,188,2,0
P030,2023-07-08,184,4,0
P030,2023-07-09,179,5,0
P030,2023-07-10,175,4,0
P030,2023-07-11,173,2,0
P030,2023-07-12,170,3,0
P030,2023-07-13,168,2,0
P030,2023-07-14,164,4,0
P030,2023-07-15,158,6,0
P030,2023-07-16,152,6,0
P030,2023-07-17,148,4,0
P030,2023-07-18,146,2,0
P030,2023-07-19,143,3,0
P030,2023-07-20,140,3,0
P030,2023-07-21,138,2,0
P030,2023-07-22,135,3,0
P030,2023-07-23,132,3,0
P030,2023-07-24,128,4,0
P030,2023-07-25,126,2,0
P030,2023-07-26,122,4,0
P030,2023-07-27,120,2,0
P030,2023-07-28,118,2,0
P030,2023-07-29,114,4,0
P030,2023-07-30,107,7,0
P030,2023-07-31,105,2,0
P030,2023-08-01,203,2,0
P030,2023-08-02,199,4,0
P030,2023-08-03,195,4,0
P030,2023-08-04,192,3,0
P030,2023-08-05,188,4,0
P030,2023-08-06,183,5,0
P030,2023-08-07,179,4,0
P030,2023-08-08,175,4,0
P030,2023-08-09,172,3,0
P030,2023-08-10,168,4,0
P030,2023-08-11,166,2,0
P030,2023-08-12,163,3,0
P030,2023-08-13,160,3,0
P030,2023-08-14,156,4,0
P030,2023-08-15,153,3,0
P030,2023-08-16,150,3,0
P030,2023-08-17,148,2,0
P030,2023-08-18,145,3,0
P030,2023-08-19,139,6,0
P030,2023-08-20,134,5,0
P030,2023-08-21,132,2,0
P030,2023-08-22,130,2,0
P030,2023-08-23,128,2,0
P030,2023-08-24,124,4,0
P030,2023-08-25,121,3,0
P030,2023-08-26,118,3,0
P030,2023-08-27,115,3,0
P030,2023-08-28,112,3,0
P030,2023-08-29,109,3,0
P030,2023-08-30,107,2,0
P030,2023-08-31,104,3,0
P030,2023-09-01,201,3,0
P030,2023-09-02,198,3,0
P030,2023-09-03,193,5,0
P030,2023-09-04,191,2,0
P030,2023-09-05,188,3,0
P030,2023-09-06,185,3,0
P030,2023-09-07,182,3,0
P030,2023-09-08,179,3,0
P030,2023-09-09,172,7,0
P030,2023-09-10,168,4,0
P030,2023-09-11,165,3,0
P030,2023-09-12,161,4,0
P030,2023-09-13,157,4,0
P030,2023-09-14,153,4,0
P030,2023-09-15,150,3,0
P030,2023-09-16,147,3,0
P030,2023-09-17,140,7,0
P030,2023-09-18,136,4,0
P030,2023-09-19,133,3,0
P030,2023-09-20,131,2,0
P030,2023-09-21,128,3,0
P030,2023-09-22,125,3,0
P030,2023-09-23,120,5,0
P030,2023-09-24,116,4,0
P030,2023-09-25,113,3,0
P030,2023-09-26,110,3,0
P030,2023-09-27,107,3,0
P030,2023-09-28,104,3,0
P030,2023-09-29,102,2,0
P030,2023-09-30,97,5,0
P030,2023-10-01,147,5,0
P030,2023-10-02,143,4,0
P030,2023-10-03,141,2,0
P030,2023-10-04,136,5,0
P030,2023-10-05,132,4,0
P030,2023-10-06,130,2,0
P030,2023-10-07,125,5,0
P030,2023-10-08,120,5,0
P030,2023-10-09,116,4,0
P030,2023-10-10,112,4,0
P030,2023-10-11,108,4,0
P030,2023-10-12,104,4,0
P030,2023-10-13,101,3,0
P030,2023-10-14,93,8,0
P030,2023-10-15,87,6,0
P030,2023-10-16,85,2,0
P030,2023-10-17,82,3,0
P030,2023-10-18,78,4,0
P030,2023-10-19,74,4,0
P030,2023-10-20,71,3,0
P030,2023-10-21,65,6,0
P030,2023-10-22,58,7,0
P030,2023-10-23,54,4,0
P030,2023-10-24,50,4,0
P030,2023-10-25,47,3,0
P030,2023-10-26,43,4,0
P030,2023-10-27,39,4,0
P030,2023-10-28,33,6,0
P030,2023-10-29,26,7,0
P030,2023-10-30,22,4,0
P030,2023-10-31,18,4,0
P030,2023-11-01,67,6,0
P030,2023-11-02,60,7,0
P030,2023-11-03,53,7,0
P030,2023-11-04,45,8,0
P030,2023-11-05,35,10,0
P030,2023-11-06,32,3,0
P030,2023-11-07,25,7,0
P030,2023-11-08,19,6,0
P030,2023-11-09,15,4,0
P030,2023-11-10,11,4,0
P030,2023-11-11,2,9,0
P030,2023-11-12,0,2,1
P030,2023-11-13,0,0,1
P030,2023-11-14,0,0,1
P030,2023-11-15,0,0,1
P030,2023-11-16,0,0,1
P030,2023-11-17,0,0,1
P030,2023-11-18,0,0,1
P030,2023-11-19,0,0,1
P030,2023-11-20,0,0,1
P030,2023-11-21,0,0,1
P030,2023-11-22,0,0,1
P030,2023-11-23,0,0,1
P030,2023-11-24,0,0,1
P030,2023-11-25,0,0,1
P030,2023-11-26,0,0,1
P030,2023-11-27,0,0,1
P030,2023-11-28,0,0,1
P030,2023-11-29,0,0,1
P030,2023-11-30,0,0,1
P030,2023-12-01,52,3,0
P030,2023-12-02,45,7,0
P030,2023-12-03,36,9,0
P030,2023-12-04,31,5,0
P030,2023-12-05,28,3,0
P030,2023-12-06,21,7,0
P030,2023-12-07,14,7,0
P030,2023-12-08,9,5,0
P030,2023-12-09,0,9,1
P030,2023-12-10,0,0,1
P030,2023-12-11,0,0,1
P030,2023-12-12,0,0,1
P030,2023-12-13,0,0,1
P030,2023-12-14,0,0,1
P030,2023-12-15,0,0,1
P030,2023-12-16,0,0,1
P030,2023-12-17,0,0,1
P030,2023-12-18,0,0,1
P030,2023-12-19,0,0,1
P030,2023-12-20,0,0,1
P030,2023-12-21,0,0,1
P030,2023-12-22,0,0,1
P030,2023-12-23,0,0,1
P030,2023-12-24,0,0,1
P030,2023-12-25,0,0,1
P030,2023-12-26,0,0,1
P030,2023-12-27,0,0,1
P030,2023-12-28,0,0,1
P030,2023-12-29,0,0,1
P030,2023-12-30,0,0,1
P030,2023-12-31,0,0,1
P030,2024-01-01,99,1,0
P030,2024-01-02,98,1,0
P030,2024-01-03,97,1,0
P030,2024-01-04,95,2,0
P030,2024-01-05,94,1,0
P030,2024-01-06,92,2,0
P030,2024-01-07,90,2,0
P030,2024-01-08,88,2,0
P030,2024-01-09,86,2,0
P030,2024-01-10,84,2,0
P030,2024-01-11,83,1,0
P030,2024-01-12,81,2,0
P030,2024-01-13,80,1,0
P030,2024-01-14,77,3,0
P030,2024-01-15,76,1,0
P030,2024-01-16,74,2,0
P030,2024-01-17,72,2,0
P030,2024-01-18,70,2,0
P030,2024-01-19,69,1,0
P030,2024-01-20,66,3,0
P030,2024-01-21,62,4,0
P030,2024-01-22,61,1,0
P030,2024-01-23,59,2,0
P030,2024-01-24,58,1,0
P030,2024-01-25,57,1,0
P030,2024-01-26,56,1,0
P030,2024-01-27,53,3,0
P030,2024-01-28,51,2,0
P030,2024-01-29,50,1,0
P030,2024-01-30,49,1,0
P030,2024-01-31,47,2,0
P030,2024-02-01,145,2,0
P030,2024-02-02,144,1,0
P030,2024-02-03,140,4,0
P030,2024-02-04,138,2,0
P030,2024-02-05,136,2,0
P030,2024-02-06,134,2,0
P030,2024-02-07,132,2,0
P030,2024-02-08,130,2,0
P030,2024-02-09,127,3,0
P030,2024-02-10,125,2,0
P030,2024-02-11,122,3,0
P030,2024-02-12,120,2,0
P030,2024-02-13,119,1,0
P030,2024-02-14,117,2,0
P030,2024-02-15,115,2,0
P030,2024-02-16,113,2,0
P030,2024-02-17,109,4,0
P030,2024-02-18,105,4,0
P030,2024-02-19,103,2,0
P030,2024-02-20,101,2,0
P030,2024-02-21,100,1,0
P030,2024-02-22,97,3,0
P030,2024-02-23,95,2,0
P030,2024-02-24,92,3,0
P030,2024-02-25,88,4,0
P030,2024-02-26,87,1,0
P030,2024-02-27,85,2,0
P030,2024-02-28,84,1,0
P030,2024-02-29,82,2,0
P030,2024-03-01,179,3,0
P030,2024-03-02,175,4,0
P030,2024-03-03,173,2,0
P030,2024-03-04,171,2,0
P030,2024-03-05,168,3,0
P030,2024-03-06,165,3,0
P030,2024-03-07,163,2,0
P030,2024-03-08,160,3,0
P030,2024-03-09,158,2,0
P030,2024-03-10,153,5,0
P030,2024-03-11,152,1,0
P030,2024-03-12,150,2,0
P030,2024-03-13,148,2,0
P030,2024-03-14,146,2,0
P030,2024-03-15,143,3,0
P030,2024-03-16,140,3,0
P030,2024-03-17,138,2,0
P030,2024-03-18,135,3,0
P030,2024-03-19,133,2,0
P030,2024-03-20,131,2,0
P030,2024-03-21,128,3,0
P030,2024-03-22,126,2,0
P030,2024-03-23,122,4,0
P030,2024-03-24,119,3,0
P030,2024-03-25,118,1,0
P030,2024-03-26,116,2,0
P030,2024-03-27,115,1,0
P030,2024-03-28,114,1,0
P030,2024-03-29,112,2,0
P030,2024-03-30,109,3,0
P030,2024-03-31,104,5,0
P030,2024-04-01,203,1,0
P030,2024-04-02,201,2,0
P030,2024-04-03,199,2,0
P030,2024-04-04,196,3,0
P030,2024-04-05,193,3,0
P030,2024-04-06,187,6,0
P030,2024-04-07,183,4,0
P030,2024-04-08,181,2,0
P030,2024-04-09,179,2,0
P030,2024-04-10,177,2,0
P030,2024-04-11,175,2,0
P030,2024-04-12,173,2,0
P030,2024-04-13,167,6,0
P030,2024-04-14,162,5,0
P030,2024-04-15,159,3,0
P030,2024-04-16,158,1,0
P030,2024-04-17,155,3,0
P030,2024-04-18,153,2,0
P030,2024-04-19,151,2,0
P030,2024-04-20,149,2,0
P030,2024-04-21,146,3,0
P030,2024-04-22,143,3,0
P030,2024-04-23,140,3,0
P030,2024-04-24,138,2,0
P030,2024-04-25,136,2,0
P030,2024-04-26,132,4,0
P030,2024-04-27,129,3,0
P030,2024-04-28,126,3,0
P030,2024-04-29,125,1,0
P030,2024-04-30,123,2,0
P030,2024-05-01,219,4,0
P030,2024-05-02,216,3,0
P030,2024-05-03,213,3,0
P030,2024-05-04,209,4,0
P030,2024-05-05,204,5,0
P030,2024-05-06,201,3,0
P030,2024-05-07,198,3,0
P030,2024-05-08,194,4,0
P030,2024-05-09,190,4,0
P030,2024-05-10,188,2,0
P030,2024-05-11,185,3,0
P030,2024-05-12,182,3,0
P030,2024-05-13,179,3,0
P030,2024-05-14,175,4,0
P030,2024-05-15,173,2,0
P030,2024-05-16,171,2,0
P030,2024-05-17,168,3,0
P030,2024-05-18,163,5,0
P030,2024-05-19,158,5,0
P030,2024-05-20,155,3,0
P030,2024-05-21,152,3,0
P030,2024-05-22,149,3,0
P030,2024-05-23,147,2,0
P030,2024-05-24,143,4,0
P030,2024-05-25,139,4,0
P030,2024-05-26,134,5,0
P030,2024-05-27,132,2,0
P030,2024-05-28,128,4,0
P030,2024-05-29,125,3,0
P030,2024-05-30,121,4,0
P030,2024-05-31,120,1,0
P030,2024-06-01,215,5,0
P030,2024-06-02,208,7,0
P030,2024-06-03,205,3,0
P030,2024-06-04,203,2,0
P030,2024-06-05,201,2,0
P030,2024-06-06,199,2,0
P030,2024-06-07,197,2,0
P030,2024-06-08,192,5,0
P030,2024-06-09,189,3,0
P030,2024-06-10,186,3,0
P030,2024-06-11,184,2,0
P030,2024-06-12,181,3,0
P030,2024-06-13,177,4,0
P030,2024-06-14,175,2,0
P030,2024-06-15,171,4,0
P030,2024-06-16,168,3,0
P030,2024-06-17,166,2,0
P030,2024-06-18,163,3,0
P030,2024-06-19,160,3,0
P030,2024-06-20,157,3,0
P030,2024-06-21,154,3,0
P030,2024-06-22,151,3,0
P030,2024-06-23,146,5,0
P030,2024-06-24,144,2,0
P030,2024-06-25,142,2,0
P030,2024-06-26,139,3,0
P030,2024-06-27,136,3,0
P030,2024-06-28,132,4,0
P030,2024-06-29,129,3,0
P030,2024-06-30,123,6,0
P030,2024-07-01,221,2,0
P030,2024-07-02,218,3,0
P030,2024-07-03,214,4,0
P030,2024-07-04,212,2,0
P030,2024-07-05,210,2,0
P030,2024-07-06,207,3,0
P030,2024-07-07,202,5,0
P030,2024-07-08,198,4,0
P030,2024-07-09,195,3,0
P030,2024-07-10,193,2,0
P030,2024-07-11,190,3,0
P030,2024-07-12,188,2,0
P030,2024-07-13,185,3,0
P030,2024-07-14,182,3,0
P030,2024-07-15,180,2,0
P030,2024-07-16,178,2,0
P030,2024-07-17,175,3,0
P030,2024-07-18,173,2,0
P030,2024-07-19,171,2,0
P030,2024-07-20,164,7,0
P030,2024-07-21,158,6,0
P030,2024-07-22,155,3,0
P030,2024-07-23,151,4,0
P030,2024-07-24,147,4,0
P030,2024-07-25,145,2,0
P030,2024-07-26,141,4,0
P030,2024-07-27,136,5,0
P030,2024-07-28,131,5,0
P030,2024-07-29,127,4,0
P030,2024-07-30,124,3,0
P030,2024-07-31,120,4,0
P030,2024-08-01,216,4,0
P030,2024-08-02,213,3,0
P030,2024-08-03,209,4,0
P030,2024-08-04,204,5,0
P030,2024-08-05,200,4,0
P030,2024-08-06,196,4,0
P030,2024-08-07,193,3,0
P030,2024-08-08,189,4,0
P030,2024-08-09,186,3,0
P030,2024-08-10,182,4,0
P030,2024-08-11,179,3,0
P030,2024-08-12,176,3,0
P030,2024-08-13,173,3,0
P030,2024-08-14,170,3,0
P030,2024-08-15,168,2,0
P030,2024-08-16,164,4,0
P030,2024-08-17,159,5,0
P030,2024-08-18,156,3,0
P030,2024-08-19,153,3,0
P030,2024-08-20,150,3,0
P030,2024-08-21,148,2,0
P030,2024-08-22,144,4,0
P030,2024-08-23,141,3,0
P030,2024-08-24,135,6,0
P030,2024-08-25,129,6,0
P030,2024-08-26,126,3,0
P030,2024-08-27,122,4,0
P030,2024-08-28,120,2,0
P030,2024-08-29,117,3,0
P030,2024-08-30,115,2,0
P030,2024-08-31,109,6,0
P030,2024-09-01,204,5,0
P030,2024-09-02,201,3,0
P030,2024-09-03,199,2,0
P030,2024-09-04,196,3,0
P030,2024-09-05,192,4,0
P030,2024-09-06,190,2,0
P030,2024-09-07,185,5,0
P030,2024-09-08,180,5,0
P030,2024-09-09,177,3,0
P030,2024-09-10,173,4,0
P030,2024-09-11,171,2,0
P030,2024-09-12,166,5,0
P030,2024-09-13,163,3,0
P030,2024-09-14,157,6,0
P030,2024-09-15,153,4,0
P030,2024-09-16,151,2,0
P030,2024-09-17,148,3,0
P030,2024-09-18,144,4,0
P030,2024-09-19,140,4,0
P030,2024-09-20,136,4,0
P030,2024-09-21,129,7,0
P030,2024-09-22,126,3,0
P030,2024-09-23,122,4,0
P030,2024-09-24,120,2,0
P030,2024-09-25,116,4,0
P030,2024-09-26,114,2,0
P030,2024-09-27,110,4,0
P030,2024-09-28,103,7,0
P030,2024-09-29,96,7,0
P030,2024-09-30,92,4,0
P030,2024-10-01,143,4,0
P030,2024-10-02,138,5,0
P030,2024-10-03,133,5,0
P030,2024-10-04,129,4,0
P030,2024-10-05,121,8,0
P030,2024-10-06,114,7,0
P030,2024-10-07,111,3,0
P030,2024-10-08,107,4,0
P030,2024-10-09,104,3,0
P030,2024-10-10,102,2,0
P030,2024-10-11,97,5,0
P030,2024-10-12,92,5,0
P030,2024-10-13,85,7,0
P030,2024-10-14,80,5,0
P030,2024-10-15,78,2,0
P030,2024-10-16,74,4,0
P030,2024-10-17,71,3,0
P030,2024-10-18,68,3,0
P030,2024-10-19,63,5,0
P030,2024-10-20,59,4,0
P030,2024-10-21,55,4,0
P030,2024-10-22,51,4,0
P030,2024-10-23,48,3,0
P030,2024-10-24,44,4,0
P030,2024-10-25,41,3,0
P030,2024-10-26,34,7,0
P030,2024-10-27,26,8,0
P030,2024-10-28,24,2,0
P030,2024-10-29,21,3,0
P030,2024-10-30,19,2,0
P030,2024-10-31,17,2,0
P030,2024-11-01,65,7,0
P030,2024-11-02,55,10,0
P030,2024-11-03,48,7,0
P030,2024-11-04,40,8,0
P030,2024-11-05,34,6,0
P030,2024-11-06,31,3,0
P030,2024-11-07,26,5,0
P030,2024-11-08,22,4,0
P030,2024-11-09,11,11,0
P030,2024-11-10,2,9,0
P030,2024-11-11,0,2,1
P030,2024-11-12,0,0,1
P030,2024-11-13,0,0,1
P030,2024-11-14,0,0,1
P030,2024-11-15,0,0,1
P030,2024-11-16,0,0,1
P030,2024-11-17,0,0,1
P030,2024-11-18,0,0,1
P030,2024-11-19,0,0,1
P030,2024-11-20,0,0,1
P030,2024-11-21,0,0,1
P030,2024-11-22,0,0,1
P030,2024-11-23,0,0,1
P030,2024-11-24,0,0,1
P030,2024-11-25,0,0,1
P030,2024-11-26,0,0,1
P030,2024-11-27,0,0,1
P030,2024-11-28,0,0,1
P030,2024-11-29,0,0,1
P030,2024-11-30,0,0,1
P030,2024-12-01,44,11,0
P030,2024-12-02,37,7,0
P030,2024-12-03,34,3,0
P030,2024-12-04,27,7,0
P030,2024-12-05,20,7,0
P030,2024-12-06,14,6,0
P030,2024-12-07,9,5,0
P030,2024-12-08,0,9,1
P030,2024-12-09,0,0,1
P030,2024-12-10,0,0,1
P030,2024-12-11,0,0,1
P030,2024-12-12,0,0,1
P030,2024-12-13,0,0,1
P030,2024-12-14,0,0,1
P030,2024-12-15,0,0,1
P030,2024-12-16,0,0,1
P030,2024-12-17,0,0,1
P030,2024-12-18,0,0,1
P030,2024-12-19,0,0,1
P030,2024-12-20,0,0,1
P030,2024-12-21,0,0,1
P030,2024-12-22,0,0,1
P030,2024-12-23,0,0,1
P030,2024-12-24,0,0,1
P030,2024-12-25,0,0,1
P030,2024-12-26,0,0,1
P030,2024-12-27,0,0,1
P030,2024-12-28,0,0,1
P030,2024-12-29,0,0,1
P030,2024-12-30,0,0,1
P030,2024-12-31,0,0,1
