return_id,order_id,item_id,product_id,product_name,supplier,category,return_date,return_reason,refund_amount,qty_returned
RET000001,ORD0000013,ITM0000020,P008,Power Bank 20000mAh,Techcore Ltd,Accessories,2024-06-07,Defective/Not Working,9.96,1
RET000002,ORD0000020,ITM0000031,P007,Webcam 1080p HD,TechCore Ltd,Peripherals,2023-08-09,Defective/Not Working,50.29,1
RET000003,ORD0000045,ITM0000068,P019,Ring Light 10in,BrightGadgets,Lighting,2024-03-17,Changed Mind,54.96,1
RET000004,ORD0000045,ITM0000069,P011,Mechanical Keyboard TKL,EliteComponents,Peripherals,2024-03-06,Wrong Item Sent,174.35,2
RET000005,ORD0000057,ITM0000089,P024,Phone Stand Adjustable,Value Source Co,Accessories,2022-12-16,Wrong Item Sent,7.97,1
RET000006,ORD0000057,ITM0000090,P015,Microphone USB Condenser,Elite Components,Audio,2022-12-23,Defective/Not Working,86.55,1
RET000007,ORD0000068,ITM0000109,P006,Laptop Stand Aluminium,TechCore Ltd,Accessories,2023-01-06,Defective/Not Working,1414.36,1
RET000008,ORD0000068,ITM0000110,P006,Laptop Stand Aluminium,TechCore Ltd,Accessories,2022-12-26,Arrived Damaged,39.03,1
RET000009,ORD0000076,ITM0000121,P003,Smart Watch Fitness,Nova Tech Supply,Wearables,2023-06-22,Defective/Not Working,138.5,1
RET000010,ORD0000090,ITM0000142,P011,Mechanical Keyboard TKL,EliteComponents,Peripherals,2023-10-02,Wrong Item Sent,80.99,1
RET000011,ORD0000109,ITM0000175,P009,Desk Pad XL,TechCore Ltd,Accessories,2022-10-28,Poor Quality,24.11,1
RET000012,ORD0000110,ITM0000176,P012,Gaming Mouse RGB,Elite components,Peripherals,2022-12-08,Changed Mind,42.85,1
RET000013,ORD0000128,ITM0000207,P029,Thermal Paste Premium,EliteComponents,PC Parts,2024-11-24,Defective/Not Working,9.61,1
RET000014,ORD0000128,ITM0000208,P016,27in Monitor 4K,BrightGadgets,Displays,2024-12-10,Changed Mind,950.58,3
RET000015,ORD0000128,ITM0000209,P025,Screen Cleaning Kit,ValueSource Co,Accessories,2024-12-12,Defective/Not Working,7.17,1
RET000016,ORD0000128,ITM0000210,P014,Docking Station USB-C,EliteComponents,Accessories,2024-12-01,Not as Described,108.95,1
RET000017,ORD0000139,ITM0000225,P002,Bluetooth Speaker Mini,NovaTech Supply,Audio,2024-09-05,Defective/Not Working,56.03,1
RET000018,ORD0000175,ITM0000292,P016,27in Monitor 4K,BrightGadgets,Displays,2023-06-27,Not as Described,318.63,1
RET000019,ORD0000219,ITM0000363,P001,Wireless Earbuds Pro,Novatech Supply,Audio,2023-09-04,,46.61,1
RET000020,ORD0000263,ITM0000439,P023,Cable Management Kit,ValueSource Co,Accessories,2024-06-29,Not as Described,9.14,1
RET000021,ORD0000284,ITM0000474,P024,Phone Stand Adjustable,Value Source Co,Accessories,2023-09-22,Defective/Not Working,9.52,1
RET000022,ORD0000284,ITM0000475,P019,Ring Light 10in,BrightGadgets,Lighting,2023-09-24,Arrived Damaged,49.37,1
RET000023,ORD0000301,ITM0000496,P001,Wireless Earbuds Pro,Nova Tech Supply,Audio,2024-04-17,Defective/Not Working,46.48,1
RET000024,ORD0000301,ITM0000497,P005,USB-C Hub 7-in-1,TECHCORE LTD,Accessories,2024-04-11,Defective/Not Working,98.79,3
RET000025,ORD0000301,ITM0000498,P012,Gaming Mouse RGB,Elite components,Peripherals,2024-04-22,Defective/Not Working,81.06,2
RET000026,ORD0000301,ITM0000499,P011,Mechanical Keyboard TKL,EliteComponents,Peripherals,2024-04-20,Changed Mind,86.13,1
RET000027,ORD0000305,ITM0000506,P026,HDMI Cable 2m,ValueSource Co,Accessories,2023-12-22,Wrong Item Sent,8.33,1
RET000028,ORD0000306,ITM0000507,P003,Smart Watch Fitness,Nova Tech Supply,Wearables,2022-10-23,Arrived Damaged,128.21,1
RET000029,ORD0000306,ITM0000508,P009,Desk Pad XL,TechCore Ltd,Accessories,2022-10-27,Wrong Item Sent,27.94,1
RET000030,ORD0000306,ITM0000509,P030,Webcam 4K Pro,TechCore Ltd,Peripherals,2022-10-24,Defective/Not Working,141.09,1
RET000031,ORD0000308,ITM0000513,P012,Gaming Mouse RGB,Elite components,Peripherals,2023-02-26,Arrived Damaged,40.93,1
RET000032,ORD0000323,ITM0000532,P016,27in Monitor 4K,BrightGadgets,Displays,2022-09-10,Not as Described,306.6,1
RET000033,ORD0000332,ITM0000547,P007,Webcam 1080p HD,TechCore Ltd,Peripherals,2023-08-26,Changed Mind,102.06,2
RET000034,ORD0000352,ITM0000579,P012,Gaming Mouse RGB,Elite components,Peripherals,2024-08-02,Not as Described,36.43,1
RET000035,ORD0000364,ITM0000598,P014,Docking Station USB-C,EliteComponents,Accessories,2022-07-18,Wrong Item Sent,107.99,1
RET000036,ORD0000364,ITM0000599,P003,Smart Watch Fitness,Nova Tech Supply,Wearables,2022-08-02,Defective/Not Working,406.75,3
RET000037,ORD0000373,ITM0000613,P016,27in Monitor 4K,BrightGadgets,Displays,2022-11-03,Defective/Not Working,248.85,1
RET000038,ORD0000373,ITM0000614,P002,Bluetooth Speaker Mini,NovaTech Supply,Audio,2022-11-04,Not as Described,49.39,1
RET000039,ORD0000373,ITM0000615,P005,USB-C Hub 7-in-1,TechCore Ltd,Accessories,2022-11-15,Poor Quality,27.86,1
RET000040,ORD0000373,ITM0000616,P019,Ring Light 10in,Bright Gadgets,Lighting,2022-11-12,Changed Mind,45.4,1
RET000041,ORD0000389,ITM0000639,P025,Screen Cleaning Kit,ValueSource,Accessories,2022-12-11,Defective/Not Working,7.18,1
RET000042,ORD0000396,ITM0000648,P001,Wireless Earbuds Pro,Novatech Supply,Audio,2024-04-02,Defective/Not Working,44.12,1
RET000043,ORD0000396,ITM0000649,P025,Screen Cleaning Kit,ValueSource Co,Accessories,2024-04-06,Defective/Not Working,7.43,1
RET000044,ORD0000396,ITM0000650,P007,Webcam 1080p HD,Tech Core Ltd,Peripherals,2024-03-30,Defective/Not Working,161.6,3
RET000045,ORD0000410,ITM0000672,P010,Noise Cancel Headphones,TechCore Ltd,Audio,2022-07-22,Defective/Not Working,32.14,1
RET000046,ORD0000410,ITM0000673,P003,Smart Watch Fitness,Nova Tech Supply,Wearables,2022-07-18,Not as Described,232.99,2
RET000047,ORD0000418,ITM0000688,P030,Webcam 4K Pro,TechCore Ltd,Peripherals,2024-08-19,Defective/Not Working,107.06,1
RET000048,ORD0000445,ITM0000729,P028,Gaming Chair Ergonomic,ValueSource Co,Furniture,2022-05-01,Changed Mind,349.05,1
RET000049,ORD0000487,ITM0000797,P020,Laptop Cooling Pad,BrightGadgets,Accessories,2024-08-19,Defective/Not Working,65.24,2
RET000050,ORD0000506,ITM0000828,P001,Wireless Earbuds Pro,Novatech Supply,Audio,2024-03-20,Defective/Not Working,36.25,1
RET000051,ORD0000511,ITM0000835,P018,Action Camera 4K,brightgadgets,Cameras,2023-08-20,Defective/Not Working,154.86,1
RET000052,ORD0000511,ITM0000836,P013,Portable SSD 1TB,EliteComponents,Storage,2023-08-23,Not as Described,240.94,3
RET000053,ORD0000533,ITM0000875,P024,Phone Stand Adjustable,Value Source Co,Accessories,2024-11-24,,8.74,1
RET000054,ORD0000533,ITM0000876,P002,Bluetooth Speaker Mini,NovaTech Supply,Audio,2024-11-09,Defective/Not Working,55.27,1
RET000055,ORD0000550,ITM0000903,P012,Gaming Mouse RGB,Elite components,Peripherals,2023-01-22,Changed Mind,41.29,1
RET000056,ORD0000550,ITM0000904,P013,Portable SSD 1TB,EliteComponents,Storage,2023-01-16,Poor Quality,164.06,2
RET000057,ORD0000551,ITM0000905,P015,Microphone USB Condenser,Elite components,Audio,2023-01-30,Defective/Not Working,67.77,1
RET000058,ORD0000551,ITM0000906,P006,Laptop Stand Aluminium,TechCore Ltd,Accessories,2023-01-30,Changed Mind,28.39,1
RET000059,ORD0000567,ITM0000933,P006,Laptop Stand Aluminium,TechCore Ltd,Accessories,2025-01-03,Not as Described,37.41,1
RET000060,ORD0000568,ITM0000934,P025,Screen Cleaning Kit,ValueSource Co,Accessories,2023-08-02,Defective/Not Working,15.07,2
RET000061,ORD0000568,ITM0000935,P020,Laptop Cooling Pad,BrightGadgets,Accessories,2023-07-26,Arrived Damaged,30.31,1
RET000062,ORD0000568,ITM0000936,P009,Desk Pad XL,TechCore,Accessories,2023-08-11,Defective/Not Working,27.04,1
RET000063,ORD0000568,ITM0000937,P014,Docking Station USB-C,EliteComponents,Accessories,2023-08-11,Not as Described,107.6,1
RET000064,ORD0000573,ITM0000944,P006,Laptop Stand Aluminium,Tech Core Ltd,Accessories,2022-10-23,Defective/Not Working,35.49,1
RET000065,ORD0000593,ITM0000975,P021,VR Headset Standalone,brightgadgets,Gaming,2024-01-07,Changed Mind,228.73,1
RET000066,ORD0000620,ITM0001028,P010,Noise Cancel Headphones,TechCore Ltd,Audio,2024-12-13,Not as Described,61.66,2
RET000067,ORD0000635,ITM0001057,P014,Docking Station USB-C,EliteComponents,Accessories,2022-08-23,Changed Mind,100.22,1
RET000068,ORD0000635,ITM0001058,P029,Thermal Paste Premium,Elite components,PC Parts,2022-08-23,Defective/Not Working,9.31,1
RET000069,ORD0000640,ITM0001064,P028,Gaming Chair Ergonomic,ValueSource Co,Furniture,2024-10-04,Arrived Damaged,310.2,1
RET000070,ORD0000650,ITM0001081,P008,Power Bank 20000mAh,Techcore Ltd,Accessories,2024-05-01,Arrived Damaged,11.59,1
RET000071,ORD0000650,ITM0001082,P015,Microphone USB Condenser,Elite Components,Audio,2024-04-28,Poor Quality,98.74,1
RET000072,ORD0000682,ITM0001138,P006,Laptop Stand Aluminium,TechCore Ltd,Accessories,2024-07-06,Arrived Damaged,31.45,1
RET000073,ORD0000682,ITM0001139,P029,Thermal Paste Premium,ELITECOMPONENTS,PC Parts,2024-07-15,Not as Described,15.87,2
RET000074,ORD0000682,ITM0001140,P005,USB-C Hub 7-in-1,TechCore Ltd,Accessories,2024-07-14,Defective/Not Working,27.64,1
RET000075,ORD0000683,ITM0001141,P006,Laptop Stand Aluminium,TechCore Ltd,Accessories,2024-08-18,Poor Quality,90.96,3
RET000076,ORD0000686,ITM0001147,P007,Webcam 1080p HD,TechCore Ltd,Peripherals,2024-08-06,Not as Described,36.0,1
RET000077,ORD0000746,ITM0001257,P027,Cable Clips Pack 50,ValueSource Co,Accessories,2024-12-24,Changed Mind,5.97,1
RET000078,ORD0000753,ITM0001266,P002,Bluetooth Speaker Mini,NovaTech Supply,Audio,2024-11-09,Arrived Damaged,113.53,2
RET000079,ORD0000761,ITM0001283,P003,Smart Watch Fitness,Nova Tech Supply,Wearables,2024-09-13,Not as Described,130.35,1
RET000080,ORD0000769,ITM0001296,P002,Bluetooth Speaker Mini,NovaTech Supply,Audio,2023-01-04,Defective/Not Working,55.49,1
RET000081,ORD0000797,ITM0001340,P007,Webcam 1080p HD,TechCore Ltd,Peripherals,2023-08-18,Defective/Not Working,99.12,2
RET000082,ORD0000797,ITM0001341,P005,USB-C Hub 7-in-1,TechCore Ltd,Accessories,2023-09-08,Arrived Damaged,32.99,1
RET000083,ORD0000811,ITM0001357,P020,Laptop Cooling Pad,BrightGadgets,Accessories,2023-02-10,Not as Described,27.71,1
RET000084,ORD0000811,ITM0001358,P007,Webcam 1080p HD,TechCore Ltd,Peripherals,2023-02-26,Defective/Not Working,45.7,1
RET000085,ORD0000817,ITM0001369,P005,USB-C Hub 7-in-1,TechCore Ltd,Accessories,2023-02-19,Defective/Not Working,31.5,1
RET000086,ORD0000830,ITM0001388,P024,Phone Stand Adjustable,Value Source Co,Accessories,2023-07-20,Not as Described,9.88,1
RET000087,ORD0000831,ITM0001389,P002,Bluetooth Speaker Mini,NovaTech Supply,Audio,2024-12-31,Not as Described,49.32,1
RET000088,ORD0000928,ITM0001540,P003,Smart Watch Fitness,Nova Tech Supply,Wearables,2024-12-11,Poor Quality,128.86,1
RET000089,ORD0000928,ITM0001541,P006,Laptop Stand Aluminium,TechCore Ltd,Accessories,2024-12-29,Arrived Damaged,35.42,1
RET000090,ORD0000946,ITM0001566,P007,Webcam 1080p HD,Techcore Ltd,Peripherals,2024-11-04,Not as Described,48.98,1
RET000091,ORD0000946,ITM0001567,P008,Power Bank 20000mAh,Techcore Ltd,Accessories,2024-10-27,Defective/Not Working,22.33,2
RET000092,ORD0000946,ITM0001568,P030,Webcam 4K Pro,TechCore Ltd,Peripherals,2024-10-20,Defective/Not Working,143.96,1
RET000093,ORD0000946,ITM0001569,P027,Cable Clips Pack 50,ValueSource Co,Accessories,2024-10-27,Defective/Not Working,5.9,1
RET000094,ORD0000950,ITM0001576,P016,27in Monitor 4K,BRIGHTGADGETS,Displays,2024-12-24,,313.06,1
RET000095,ORD0000960,ITM0001596,P023,Cable Management Kit,ValueSource Co,Accessories,2024-10-12,Defective/Not Working,11.46,1
RET000096,ORD0000960,ITM0001597,P011,Mechanical Keyboard TKL,EliteComponents,Peripherals,2024-10-11,Poor Quality,175.96,2
RET000097,ORD0000996,ITM0001665,P013,Portable SSD 1TB,EliteComponents,Storage,2023-10-19,Changed Mind,66.62,1
RET000098,ORD0001002,ITM0001679,P006,Laptop Stand Aluminium,TechCore Ltd,Accessories,2023-10-07,Changed Mind,32.62,1
RET000099,ORD0001011,ITM0001691,P026,HDMI Cable 2m,ValueSource Co,Accessories,2024-05-11,Not as Described,5.87,1
RET000100,ORD0001015,ITM0001699,P002,Bluetooth Speaker Mini,NovaTech Supply,Audio,2022-09-16,Changed Mind,45.47,1
RET000101,ORD0001015,ITM0001700,P012,Gaming Mouse RGB,Elite components,Peripherals,2022-09-01,Defective/Not Working,34.78,1
RET000102,ORD0001024,ITM0001716,P018,Action Camera 4K,Bright gadgets,Cameras,2023-05-28,Poor Quality,159.14,1
RET000103,ORD0001027,ITM0001721,P007,Webcam 1080p HD,TechCore Ltd,Peripherals,2023-09-25,Poor Quality,54.34,1
RET000104,ORD0001049,ITM0001763,P003,Smart Watch Fitness,Nova Tech Supply,Wearables,2022-04-18,Not as Described,97.62,1
RET000105,ORD0001049,ITM0001764,P027,Cable Clips Pack 50,ValueSource Co,Accessories,2022-04-22,Poor Quality,4.21,1
RET000106,ORD0001052,ITM0001769,P024,Phone Stand Adjustable,Value Source Co,Accessories,2023-04-24,Not as Described,9.63,1
RET000107,ORD0001064,ITM0001799,P012,Gaming Mouse RGB,Elite components,Peripherals,2022-08-01,Defective/Not Working,66.24,2
RET000108,ORD0001076,ITM0001820,P004,Smart Plug 4-Pack,novatech supply,Smart Home,2024-02-06,Defective/Not Working,33.94,1
RET000109,ORD0001086,ITM0001841,P012,Gaming Mouse RGB,Elite components,Peripherals,2023-09-29,Defective/Not Working,42.02,1
RET000110,ORD0001090,ITM0001845,P012,Gaming Mouse RGB,Elite components,Peripherals,2022-12-14,Changed Mind,43.29,1
RET000111,ORD0001090,ITM0001846,P025,Screen Cleaning Kit,ValueSource Co,Accessories,2022-12-17,Not as Described,7.12,1
RET000112,ORD0001107,ITM0001875,P027,Cable Clips Pack 50,ValueSource Co,Accessories,2024-12-01,Defective/Not Working,10.25,2
RET000113,ORD0001107,ITM0001876,P024,Phone Stand Adjustable,Value Source Co,Accessories,2024-11-24,Not as Described,8.76,1
RET000114,ORD0001130,ITM0001917,P001,Wireless Earbuds Pro,Novatech Supply,Audio,2024-07-06,Wrong Item Sent,37.87,1
RET000115,ORD0001130,ITM0001918,P008,Power Bank 20000mAh,Techcore Ltd,Accessories,2024-07-01,Changed Mind,8.92,1
RET000116,ORD0001130,ITM0001919,P022,Laptop Sleeve 15in,ValueSource,Accessories,2024-07-14,Arrived Damaged,14.84,1
RET000117,ORD0001159,ITM0001968,P013,Portable SSD 1TB,EliteComponents,Storage,2024-12-27,Defective/Not Working,72.08,1
RET000118,ORD0001159,ITM9999991,P001,Wireless Earbuds Pro,Novatech Supply,Audio,2024-12-20,Not as Described,43.96,1
RET000119,ORD0001168,ITM0001983,P006,Laptop Stand Aluminium,TechCore Ltd,Accessories,2022-08-24,Not as Described,75.99,2
RET000120,ORD0001168,ITM0001984,P003,Smart Watch Fitness,Nova Tech Supply,Wearables,2022-08-26,Defective/Not Working,135.52,1
RET000121,ORD0001173,ITM0001992,P025,Screen Cleaning Kit,ValueSource Co,Accessories,2024-02-19,Not as Described,7.88,1
RET000122,ORD0001173,ITM0001993,P015,Microphone USB Condenser,Elite Components,Audio,2024-02-17,Changed Mind,191.33,2
RET000123,ORD0001190,ITM0002016,P023,Cable Management Kit,ValueSource Co,Accessories,2024-07-07,Not as Described,10.61,1
RET000124,ORD0001190,ITM0002017,P022,Laptop Sleeve 15in,ValueSource Co,Accessories,2024-06-18,Wrong Item Sent,17.59,1
RET000125,ORD0001200,ITM0002036,P029,Thermal Paste Premium,Elite components,PC Parts,2023-08-18,Poor Quality,7.21,1
RET000126,ORD0001200,ITM0002037,P003,Smart Watch Fitness,Nova Tech Supply,Wearables,2023-08-01,Changed Mind,108.82,1
RET000127,ORD0001209,ITM0002053,P012,Gaming Mouse RGB,Elite components,Peripherals,2024-11-09,Defective/Not Working,34.71,1
RET000128,ORD0001212,ITM0002057,P010,Noise Cancel Headphones,TechCore Ltd,Audio,2025-01-18,Defective/Not Working,89.2,3
RET000129,ORD0001218,ITM0002065,P002,Bluetooth Speaker Mini,NovaTech Supply,Audio,2023-10-06,Arrived Damaged,41.55,1
RET000130,ORD0001218,ITM0002066,P006,Laptop Stand Aluminium,TECHCORE LTD,Accessories,2023-10-02,Defective/Not Working,28.0,1
RET000131,ORD0001254,ITM0002129,P025,Screen Cleaning Kit,ValueSource Co,Accessories,2022-09-07,Not as Described,7.74,1
RET000132,ORD0001254,ITM0002130,P008,Power Bank 20000mAh,TechCore,Accessories,2022-09-14,,11.67,1
RET000133,ORD0001254,ITM0002131,P029,Thermal Paste Premium,EliteComponents,PC Parts,2022-09-17,Wrong Item Sent,9.1,1
RET000134,ORD0001254,ITM0002132,P030,Webcam 4K Pro,TechCore Ltd,Peripherals,2022-09-14,Defective/Not Working,411.95,3
RET000135,ORD0001273,ITM0002169,P030,Webcam 4K Pro,TechCore Ltd,Peripherals,2024-07-09,Wrong Item Sent,127.76,1
RET000136,ORD0001273,ITM0002170,P002,Bluetooth Speaker Mini,NovaTech Supply,Audio,2024-07-15,Arrived Damaged,51.72,1
RET000137,ORD0001275,ITM0002173,P014,Docking Station USB-C,EliteComponents,Accessories,2024-11-16,Defective/Not Working,300.65,3
RET000138,ORD0001278,ITM0002178,P019,Ring Light 10in,BrightGadgets,Lighting,2024-03-30,Defective/Not Working,51.97,1
RET000139,ORD0001278,ITM0002179,P003,Smart Watch Fitness,Nova Tech Supply,Wearables,2024-03-24,Not as Described,137.78,1
RET000140,ORD0001316,ITM0002234,P024,Phone Stand Adjustable,Valuesource Co,Accessories,2023-07-17,Wrong Item Sent,28.02,3
RET000141,ORD0001325,ITM0002246,P001,Wireless Earbuds Pro,Novatech Supply,Audio,2024-10-29,Wrong Item Sent,132.16,3
RET000142,ORD0001325,ITM0002247,P005,USB-C Hub 7-in-1,TechCore Ltd,Accessories,2024-10-14,Defective/Not Working,34.26,1
RET000143,ORD0001325,ITM0002248,P009,Desk Pad XL,TechCore Ltd,Accessories,2024-10-27,Defective/Not Working,27.99,1
RET000144,ORD0001325,ITM0002249,P016,27in Monitor 4K,BrightGadgets,Displays,2024-10-16,Changed Mind,308.99,1
RET000145,ORD0001349,ITM0002285,P003,Smart Watch Fitness,Novatech Supply,Wearables,2022-01-30,Arrived Damaged,271.13,2
RET000146,ORD0001354,ITM0002293,P014,Docking Station USB-C,Elite Components,Accessories,2022-08-17,Arrived Damaged,82.25,1
RET000147,ORD0001354,ITM0002294,P002,Bluetooth Speaker Mini,NovaTech Supply,Audio,2022-08-05,Defective/Not Working,47.7,1
RET000148,ORD0001428,ITM0002426,P012,Gaming Mouse RGB,Elite components,Peripherals,2023-06-09,Not as Described,40.9,1
RET000149,ORD0001428,ITM0002427,P016,27in Monitor 4K,BrightGadgets,Displays,2023-06-22,Not as Described,303.46,1
RET000150,ORD0001428,ITM0002428,P003,Smart Watch Fitness,Nova Tech Supply,Wearables,2023-06-09,Defective/Not Working,139.12,1
RET000151,ORD0001437,ITM0002440,P010,Noise Cancel Headphones,TechCore Ltd,Audio,2024-03-11,Defective/Not Working,26.24,1
RET000152,ORD0001440,ITM0002446,P006,Laptop Stand Aluminium,TechCore Ltd,Accessories,2023-10-08,Changed Mind,37.86,1
RET000153,ORD0001446,ITM0002455,P006,Laptop Stand Aluminium,TechCore Ltd,Accessories,2024-08-29,Defective/Not Working,38.85,1
RET000154,ORD0001450,ITM0002459,P017,Smart LED Desk Lamp,BrightGadgets,Lighting,2024-05-27,Arrived Damaged,38.03,1
RET000155,ORD0001452,ITM0002461,P004,Smart Plug 4-Pack,NOVATECH,Smart Home,2025-01-01,Defective/Not Working,32.77,1
RET000156,ORD0001482,ITM0002513,P005,USB-C Hub 7-in-1,TechCore Ltd,Accessories,2023-02-08,Poor Quality,28.22,1
RET000157,ORD0001560,ITM0002654,P009,Desk Pad XL,TechCore Ltd,Accessories,2024-06-01,Wrong Item Sent,49.2,2
RET000158,ORD0001563,ITM0002657,P014,Docking Station USB-C,ELITECOMPONENTS,Accessories,2024-07-24,Defective/Not Working,108.31,1
RET000159,ORD0001574,ITM0002678,P010,Noise Cancel Headphones,TechCore Ltd,Audio,2024-10-18,Changed Mind,38.77,1
RET000160,ORD0001577,ITM0002682,P002,Bluetooth Speaker Mini,NovaTech Supply,Audio,2024-12-04,Defective/Not Working,51.26,1
RET000161,ORD0001582,ITM0002690,P009,Desk Pad XL,TechCore Ltd,Accessories,2023-10-26,Changed Mind,26.46,1
RET000162,ORD0001585,ITM0002694,P026,HDMI Cable 2m,ValueSource Co,Accessories,2024-07-12,Arrived Damaged,7.97,1
RET000163,ORD0001585,ITM0002695,P013,Portable SSD 1TB,EliteComponents,Storage,2024-06-30,Defective/Not Working,80.71,1
RET000164,ORD0001585,ITM0002696,P005,USB-C Hub 7-in-1,TechCore Ltd,Accessories,2024-07-02,Arrived Damaged,64.76,2
RET000165,ORD0001585,ITM0002697,P001,Wireless Earbuds Pro,Novatech Supply,Audio,2024-06-30,Arrived Damaged,45.46,1
RET000166,ORD0001586,ITM0002698,P006,Laptop Stand Aluminium,TechCore Ltd,Accessories,2024-11-02,Changed Mind,37.03,1
RET000167,ORD0001586,ITM0002699,P025,Screen Cleaning Kit,ValueSource Co,,2024-11-13,Changed Mind,7.69,1
RET000168,ORD0001602,ITM0002729,P030,Webcam 4K Pro,TechCore Ltd,Peripherals,2022-10-05,Arrived Damaged,148.85,1
RET000169,ORD0001629,ITM0002785,P002,Bluetooth Speaker Mini,NovaTech Supply,Audio,2024-10-30,Not as Described,55.11,1
RET000170,ORD0001640,ITM0002800,P005,USB-C Hub 7-in-1,TechCore,Accessories,2025-01-05,Changed Mind,34.73,1
RET000171,ORD0001640,ITM0002801,P011,Mechanical Keyboard TKL,ELITECOMPONENTS,Peripherals,2025-01-03,Arrived Damaged,84.37,1
RET000172,ORD0001648,ITM0002815,P008,Power Bank 20000mAh,Techcore Ltd,Accessories,2022-12-30,Defective/Not Working,10.88,1
RET000173,ORD0001648,ITM0002816,P011,Mechanical Keyboard TKL,EliteComponents,Peripherals,2022-12-28,Wrong Item Sent,82.15,1
RET000174,ORD0001648,ITM0002817,P013,Portable SSD 1TB,EliteComponents,Storage,2022-12-24,Defective/Not Working,86.08,1
RET000175,ORD0001682,ITM0002879,P013,Portable SSD 1TB,ELITECOMPONENTS,Storage,2024-09-08,Defective/Not Working,147.38,2
RET000176,ORD0001682,ITM0002880,P011,Mechanical Keyboard TKL,Elite components,Peripherals,2024-08-20,Changed Mind,78.43,1
RET000177,ORD0001714,ITM0002930,P012,Gaming Mouse RGB,Elite components,Peripherals,2024-07-25,Wrong Item Sent,42.7,1
RET000178,ORD0001714,ITM0002931,P012,Gaming Mouse RGB,Elite components,Peripherals,2024-08-05,Poor Quality,79.76,2
RET000179,ORD0001765,ITM0003020,P001,Wireless Earbuds Pro,Novatech Supply,Audio,2023-09-07,Defective/Not Working,71.5,2
RET000180,ORD0001772,ITM0003031,P010,Noise Cancel Headphones,TechCore Ltd,Audio,2024-12-01,Changed Mind,37.07,1
RET000181,ORD0001781,ITM0003045,P002,Bluetooth Speaker Mini,NovaTech Supply,Audio,2023-02-26,Defective/Not Working,49.8,1
RET000182,ORD0001781,ITM0003046,P001,Wireless Earbuds Pro,Novatech Supply,Audio,2023-02-13,Not as Described,44.14,1
RET000183,ORD0001781,ITM0003047,P003,Smart Watch Fitness,Nova Tech Supply,Wearables,2023-02-15,Not as Described,110.29,1
RET000184,ORD0001781,ITM0003048,P007,Webcam 1080p HD,TechCore Ltd,Peripherals,2023-02-27,Wrong Item Sent,43.15,1
RET000185,ORD0001783,ITM0003051,P022,Laptop Sleeve 15in,ValueSource Co,Accessories,2023-10-16,Defective/Not Working,18.63,1
RET000186,ORD0001783,ITM0003052,P024,Phone Stand Adjustable,ValueSource,Accessories,2023-10-18,Defective/Not Working,9.87,1
RET000187,ORD0001783,ITM0003053,P003,Smart Watch Fitness,Nova Tech Supply,Wearables,2023-10-12,Not as Described,133.58,1
RET000188,ORD0001803,ITM0003092,P002,Bluetooth Speaker Mini,NovaTech Supply,Audio,2023-10-11,Defective/Not Working,44.98,1
RET000189,ORD0001803,ITM0003093,P014,Docking Station USB-C,EliteComponents,Accessories,2023-10-03,Poor Quality,77.76,1
RET000190,ORD0001803,ITM0003094,P005,USB-C Hub 7-in-1,Techcore Ltd,Accessories,2023-10-10,Arrived Damaged,25.07,1
RET000191,ORD0001803,ITM0003095,P011,Mechanical Keyboard TKL,Elite Components,Peripherals,2023-10-01,Defective/Not Working,65.59,1
RET000192,ORD0001811,ITM0003108,P008,Power Bank 20000mAh,Techcore Ltd,Accessories,2024-09-28,Defective/Not Working,22.07,2
RET000193,ORD0001811,ITM0003109,P010,Noise Cancel Headphones,TechCore Ltd,Audio,2024-09-29,Not as Described,35.36,1
RET000194,ORD0001811,ITM0003110,P002,Bluetooth Speaker Mini,NovaTech Supply,Audio,2024-09-29,Defective/Not Working,109.99,2
RET000195,ORD0001828,ITM0003139,P022,Laptop Sleeve 15in,ValueSource Co,Accessories,2024-03-14,Changed Mind,18.7,1
RET000196,ORD0001828,ITM0003140,P013,Portable SSD 1TB,EliteComponents,Storage,2024-03-08,Arrived Damaged,89.2,1
RET000197,ORD0001830,ITM0003142,P004,Smart Plug 4-Pack,novatech supply,Smart Home,2023-10-03,Arrived Damaged,34.68,1
RET000198,ORD0001843,ITM0003160,P010,Noise Cancel Headphones,TechCore Ltd,Audio,2023-01-03,Not as Described,62.84,2
RET000199,ORD0001843,ITM0003161,P008,Power Bank 20000mAh,Techcore Ltd,Accessories,2023-01-25,Defective/Not Working,17.8,2
RET000200,ORD0001849,ITM0003173,P010,Noise Cancel Headphones,TechCore Ltd,Audio,2024-08-12,Defective/Not Working,38.79,1
RET000201,ORD0001849,ITM0003174,P002,Bluetooth Speaker Mini,NovaTech Supply,Audio,2024-08-09,Wrong Item Sent,53.66,1
RET000202,ORD0001854,ITM0003181,P006,Laptop Stand Aluminium,TechCore Ltd,Accessories,2023-02-06,Defective/Not Working,35.17,1
RET000203,ORD0001854,ITM0003182,P003,Smart Watch Fitness,Nova Tech Supply,Wearables,2023-01-28,Arrived Damaged,218.53,2
RET000204,ORD0001854,ITM0003183,P016,27in Monitor 4K,BrightGadgets,Displays,2023-02-16,Defective/Not Working,270.42,1
RET000205,ORD0001884,ITM0003228,P019,Ring Light 10in,BrightGadgets,Lighting,2024-11-19,Defective/Not Working,54.17,1
RET000206,ORD0001887,ITM0003231,P008,Power Bank 20000mAh,Techcore Ltd,Accessories,2024-02-27,Defective/Not Working,9.96,1
RET000207,ORD0001902,ITM0003255,P011,Mechanical Keyboard TKL,EliteComponents,Peripherals,2023-03-06,Not as Described,89.22,1
RET000208,ORD0001902,ITM0003256,P005,USB-C Hub 7-in-1,TechCore Ltd,Accessories,2023-02-25,Defective/Not Working,32.14,1
RET000209,ORD0001905,ITM0003260,P003,Smart Watch Fitness,Nova Tech Supply,Wearables,2024-01-24,Arrived Damaged,248.49,2
RET000210,ORD0001905,ITM0003261,P007,Webcam 1080p HD,TechCore Ltd,Peripherals,2024-01-20,Wrong Item Sent,158.48,3
RET000211,ORD0001905,ITM0003262,P005,USB-C Hub 7-in-1,TechCore Ltd,Accessories,2024-01-18,Defective/Not Working,32.28,1
RET000212,ORD0001905,ITM0003263,P012,Gaming Mouse RGB,Elite components,Peripherals,2024-01-21,Arrived Damaged,41.05,1
RET000213,ORD0001957,ITM0003349,P005,USB-C Hub 7-in-1,TechCore Ltd,Accessories,2023-08-03,Changed Mind,54.15,2
RET000214,ORD0001958,ITM0003350,P010,Noise Cancel Headphones,TechCore Ltd,Audio,2022-10-14,Wrong Item Sent,30.77,1
RET000215,ORD0001958,ITM0003351,P012,Gaming Mouse RGB,Elite components,Peripherals,2022-10-04,Arrived Damaged,34.18,1
RET000216,ORD0001972,ITM0003376,P005,USB-C Hub 7-in-1,TechCore Ltd,Accessories,2024-02-24,Not as Described,31.32,1
RET000217,ORD0001972,ITM0003377,P010,Noise Cancel Headphones,TechCore Ltd,Audio,2024-02-26,Defective/Not Working,75.99,2
RET000218,ORD0001972,ITM0003378,P018,Action Camera 4K,Bright gadgets,Cameras,2024-03-03,Not as Described,162.46,1
RET000219,ORD0001972,ITM0003379,P010,Noise Cancel Headphones,TechCore Ltd,Audio,2024-03-07,Defective/Not Working,34.38,1
RET000220,ORD0001990,ITM0003406,P018,Action Camera 4K,BRIGHTGADGETS,Cameras,2023-01-09,Changed Mind,111.58,1
RET000221,ORD0002008,ITM0003433,P003,Smart Watch Fitness,Nova Tech Supply,Wearables,2023-08-06,,125.76,1
RET000222,ORD0002008,ITM0003434,P027,Cable Clips Pack 50,ValueSource Co,Accessories,2023-08-07,Defective/Not Working,5.42,1
RET000223,ORD0002020,ITM0003451,P004,Smart Plug 4-Pack,novatech supply,Smart Home,2024-02-10,Wrong Item Sent,31.42,1
RET000224,ORD0002020,ITM0003452,P010,Noise Cancel Headphones,TechCore Ltd,Audio,2024-02-14,Wrong Item Sent,35.51,1
RET000225,ORD0002043,ITM0003491,P022,Laptop Sleeve 15in,ValueSource Co,Accessories,2024-09-08,Arrived Damaged,18.07,1
RET000226,ORD0002043,ITM0003492,P011,Mechanical Keyboard TKL,EliteComponents,Peripherals,2024-09-05,Poor Quality,85.04,1
RET000227,ORD0002046,ITM0003495,P007,Webcam 1080p HD,TechCore Ltd,Peripherals,2025-01-07,Arrived Damaged,49.84,1
RET000228,ORD0002049,ITM0003499,P002,Bluetooth Speaker Mini,NovaTech Supply,Audio,2024-10-18,Wrong Item Sent,54.58,1
RET000229,ORD0002049,ITM0003500,P010,Noise Cancel Headphones,TechCore Ltd,Audio,2024-10-30,Wrong Item Sent,35.72,1
RET000230,ORD0002049,ITM0003501,P011,Mechanical Keyboard TKL,EliteComponents,Peripherals,2024-10-12,Defective/Not Working,88.07,1
RET000231,ORD0002049,ITM0003502,P010,Noise Cancel Headphones,TechCore Ltd,Audio,2024-10-29,Defective/Not Working,73.63,2
RET000232,ORD0002083,ITM0003552,P011,Mechanical Keyboard TKL,EliteComponents,Peripherals,2024-03-16,Defective/Not Working,171.06,2
RET000233,ORD0002091,ITM0003562,P006,Laptop Stand Aluminium,TechCore Ltd,Accessories,2023-12-06,Defective/Not Working,38.02,1
RET000234,ORD0002091,ITM0003563,P012,Gaming Mouse RGB,Elite components,Peripherals,2023-12-11,Defective/Not Working,40.74,1
RET000235,ORD0002091,ITM0003564,P025,Screen Cleaning Kit,ValueSource Co,Accessories,2023-12-09,Wrong Item Sent,7.55,1
RET000236,ORD0002097,ITM0003572,P003,Smart Watch Fitness,Nova Tech Supply,Wearables,2024-12-28,Defective/Not Working,130.17,1
RET000237,ORD0002100,ITM0003575,P008,Power Bank 20000mAh,Techcore Ltd,Accessories,2024-05-13,Not as Described,9.29,1
RET000238,ORD0002100,ITM0003576,P004,Smart Plug 4-Pack,NOVATECH,Smart Home,2024-05-18,Defective/Not Working,27.98,1
RET000239,ORD0002127,ITM0003620,P003,Smart Watch Fitness,Nova Tech Supply,Wearables,2024-04-05,Defective/Not Working,125.17,1
RET000240,ORD0002163,ITM0003673,P003,Smart Watch Fitness,Nova Tech Supply,Wearables,2023-03-07,Defective/Not Working,101.77,1
RET000241,ORD0002170,ITM0003686,P018,Action Camera 4K,Bright gadgets,Cameras,2022-11-02,Arrived Damaged,126.2,1
RET000242,ORD0002170,ITM0003687,P020,Laptop Cooling Pad,Bright Gadgets,Accessories,2022-11-03,Not as Described,23.72,1
RET000243,ORD0002188,ITM0003724,P014,Docking Station USB-C,EliteComponents,Accessories,2024-07-18,Defective/Not Working,102.08,1
RET000244,ORD0002188,ITM0003725,P004,Smart Plug 4-Pack,novatech supply,Smart Home,2024-07-31,Defective/Not Working,32.61,1
RET000245,ORD0002195,ITM0003734,P028,Gaming Chair Ergonomic,ValueSource Co,Furniture,2024-02-23,Poor Quality,342.05,1
RET000246,ORD0002195,ITM0003735,P002,Bluetooth Speaker Mini,NovaTech Supply,Audio,2024-02-27,Wrong Item Sent,59.68,1
RET000247,ORD0002195,ITM0003736,P001,Wireless Earbuds Pro,novatech supply,Audio,2024-03-08,Defective/Not Working,47.42,1
RET000248,ORD0002310,ITM0003926,P001,Wireless Earbuds Pro,Novatech Supply,Audio,2023-11-30,Defective/Not Working,44.14,1
RET000249,ORD0002314,ITM0003934,P007,Webcam 1080p HD,Techcore Ltd,Peripherals,2024-11-25,Poor Quality,54.63,1
RET000250,ORD0002314,ITM0003935,P006,Laptop Stand Aluminium,Techcore Ltd,Accessories,2024-11-22,Defective/Not Working,75.13,2
RET000251,ORD0002314,ITM0003936,P022,Laptop Sleeve 15in,ValueSource Co,Accessories,2024-11-05,Arrived Damaged,18.64,1
RET000252,ORD0002321,ITM0003950,P002,Bluetooth Speaker Mini,Novatech Supply,Audio,2023-03-05,Defective/Not Working,116.47,2
RET000253,ORD0002326,ITM0003956,P030,Webcam 4K Pro,TechCore Ltd,Peripherals,2024-10-30,Arrived Damaged,137.66,1
RET000254,ORD0002326,ITM0003957,P001,Wireless Earbuds Pro,Novatech Supply,Audio,2024-11-12,Defective/Not Working,93.47,2
RET000255,ORD0002348,ITM0004002,P007,Webcam 1080p HD,TechCore Ltd,Peripherals,2022-11-18,Wrong Item Sent,42.8,1
RET000256,ORD0002348,ITM0004003,P008,Power Bank 20000mAh,Techcore Ltd,Accessories,2022-11-01,Not as Described,18.36,2
RET000257,ORD0002354,ITM0004013,P002,Bluetooth Speaker Mini,NovaTech Supply,Audio,2023-06-20,Defective/Not Working,112.89,2
RET000258,ORD0002354,ITM0004014,P019,Ring Light 10in,BrightGadgets,Lighting,2023-06-28,Changed Mind,53.16,1
RET000259,ORD0002398,ITM0004082,P006,Laptop Stand Aluminium,TechCore Ltd,Accessories,2024-11-05,Not as Described,84.5,3
RET000260,ORD0002398,ITM0004083,P029,Thermal Paste Premium,EliteComponents,PC Parts,2024-11-16,Not as Described,7.26,1
RET000261,ORD0002430,ITM0004134,P006,Laptop Stand Aluminium,TechCore Ltd,Accessories,2024-12-03,Poor Quality,37.2,1
RET000262,ORD0002430,ITM0004135,P001,Wireless Earbuds Pro,Novatech Supply,Audio,2024-12-01,Defective/Not Working,44.6,1
RET000263,ORD0002448,ITM0004169,P005,USB-C Hub 7-in-1,TechCore Ltd,Accessories,2024-04-22,Changed Mind,26.34,1
RET000264,ORD0002470,ITM0004199,P011,Mechanical Keyboard TKL,EliteComponents,Peripherals,2024-09-21,Defective/Not Working,260.8,3
RET000265,ORD0002470,ITM0004200,P019,Ring Light 10in,BrightGadgets,Lighting,2024-10-10,Defective/Not Working,51.28,1
RET000266,ORD0002499,ITM0004253,P027,Cable Clips Pack 50,ValueSource Co,Accessories,2023-02-07,Not as Described,5.75,1
RET000267,ORD0002527,ITM0004300,P003,Smart Watch Fitness,Nova Tech Supply,Wearables,2023-04-13,Defective/Not Working,223.25,2
RET000268,ORD0002527,ITM0004301,P003,Smart Watch Fitness,Nova Tech Supply,,2023-04-12,Wrong Item Sent,121.05,1
RET000269,ORD0002537,ITM0004317,P011,Mechanical Keyboard TKL,EliteComponents,Peripherals,2024-08-20,,171.36,2
RET000270,ORD0002541,ITM0004321,P020,Laptop Cooling Pad,BrightGadgets,Accessories,2022-12-25,Poor Quality,31.8,1
RET000271,ORD0002546,ITM0004331,P012,Gaming Mouse RGB,Elite components,Peripherals,2024-04-08,Poor Quality,40.76,1
RET000272,ORD0002554,ITM0004347,P014,Docking Station USB-C,EliteComponents,Accessories,2023-07-12,Defective/Not Working,108.77,1
RET000273,ORD0002554,ITM0004348,P015,Microphone USB Condenser,Elite Components,Audio,2023-07-06,Not as Described,183.95,2
RET000274,ORD0002558,ITM0004353,P024,Phone Stand Adjustable,Value Source Co,Accessories,2024-02-28,Not as Described,17.94,2
RET000275,ORD0002602,ITM0004422,P005,USB-C Hub 7-in-1,Techcore Ltd,Accessories,2024-09-11,Poor Quality,28.64,1
RET000276,ORD0002602,ITM0004423,P024,Phone Stand Adjustable,Value Source Co,Accessories,2024-09-14,Defective/Not Working,24.55,3
RET000277,ORD0002602,ITM0004424,P002,Bluetooth Speaker Mini,NovaTech Supply,Audio,2024-09-16,Not as Described,87.08,2
RET000278,ORD0002634,ITM0004476,P003,Smart Watch Fitness,Nova Tech Supply,Wearables,2024-02-16,Changed Mind,138.53,1
RET000279,ORD0002634,ITM0004477,P013,Portable SSD 1TB,ELITECOMPONENTS,Storage,2024-02-23,,89.11,1
RET000280,ORD0002634,ITM0004478,P005,USB-C Hub 7-in-1,TechCore Ltd,Accessories,2024-02-14,Defective/Not Working,63.78,2
RET000281,ORD0002634,ITM0004479,P011,Mechanical Keyboard TKL,EliteComponents,Peripherals,2024-02-05,Changed Mind,81.62,1
RET000282,ORD0002644,ITM0004495,P019,Ring Light 10in,BrightGadgets,Lighting,2024-03-01,Not as Described,105.83,2
RET000283,ORD0002644,ITM9999994,P006,Laptop Stand Aluminium,TechCore Ltd,Accessories,2024-02-16,Defective/Not Working,35.92,1
RET000284,ORD0002662,ITM0004529,P028,Gaming Chair Ergonomic,ValueSource Co,Furniture,2024-09-14,Wrong Item Sent,691.39,2
RET000285,ORD0002665,ITM0004532,P002,Bluetooth Speaker Mini,NovaTech Supply,Audio,2022-12-10,Changed Mind,59.78,1
RET000286,ORD0002666,ITM0004533,P023,Cable Management Kit,ValueSource Co,Accessories,2023-02-13,Defective/Not Working,12.64,1
RET000287,ORD0002666,ITM0004534,P012,Gaming Mouse RGB,Elite components,Peripherals,2023-02-16,Defective/Not Working,82.43,2
RET000288,ORD0002666,ITM0004535,P019,Ring Light 10in,BrightGadgets,Lighting,2023-03-02,Changed Mind,48.9,1
RET000289,ORD0002668,ITM0004539,P015,Microphone USB Condenser,Elite Components,Audio,2024-12-02,Not as Described,282.22,3
RET000290,ORD0002756,ITM0004697,P003,Smart Watch Fitness,novatech supply,Wearables,2024-03-13,Defective/Not Working,126.93,1
RET000291,ORD0002756,ITM0004698,P016,27in Monitor 4K,BrightGadgets,Displays,2024-02-27,Poor Quality,293.81,1
RET000292,ORD0002756,ITM0004699,P006,Laptop Stand Aluminium,TechCore Ltd,Accessories,2024-03-19,Poor Quality,37.8,1
RET000293,ORD0002756,ITM0004700,P002,Bluetooth Speaker Mini,NovaTech Supply,Audio,2024-02-26,Poor Quality,57.93,1
RET000294,ORD0002767,ITM0004717,P010,Noise Cancel Headphones,TechCore Ltd,Audio,2024-03-31,Defective/Not Working,35.55,1
RET000295,ORD0002768,ITM0004718,P003,Smart Watch Fitness,Nova Tech Supply,Wearables,2024-04-22,Arrived Damaged,126.75,1
RET000296,ORD0002768,ITM0004719,P009,Desk Pad XL,Tech Core Ltd,Accessories,2024-04-19,Defective/Not Working,54.12,2
RET000297,ORD0002776,ITM0004730,P001,Wireless Earbuds Pro,Novatech Supply,Audio,2024-08-27,Not as Described,44.38,1
RET000298,ORD0002780,ITM0004736,P005,USB-C Hub 7-in-1,TechCore Ltd,Accessories,2024-03-19,Not as Described,34.97,1
RET000299,ORD0002814,ITM0004795,P027,Cable Clips Pack 50,ValueSource Co,Accessories,2024-06-05,Arrived Damaged,4.58,1
RET000300,ORD0002845,ITM0004851,P028,Gaming Chair Ergonomic,ValueSource Co,Furniture,2022-01-25,,616.39,2
RET000301,ORD0002848,ITM0004855,P004,Smart Plug 4-Pack,novatech supply,Smart Home,2022-12-29,Defective/Not Working,34.92,1
RET000302,ORD0002857,ITM0004878,P013,Portable SSD 1TB,EliteComponents,Storage,2023-07-28,Arrived Damaged,80.51,1
RET000303,ORD0002857,ITM0004879,P012,Gaming Mouse RGB,Elite components,Peripherals,2023-08-11,Changed Mind,41.04,1
RET000304,ORD0002857,ITM0004880,P014,Docking Station USB-C,Elite Components,Accessories,2023-07-30,Not as Described,97.01,1
RET000305,ORD0002890,ITM0004926,P002,Bluetooth Speaker Mini,NovaTech Supply,Audio,2023-12-09,Defective/Not Working,56.8,1
RET000306,ORD0002890,ITM0004927,P015,Microphone USB Condenser,Elite Components,Audio,2023-12-09,Defective/Not Working,176.43,2
RET000307,ORD0002890,ITM0004928,P018,Action Camera 4K,Bright gadgets,Cameras,2023-11-26,Arrived Damaged,320.69,2
RET000308,ORD0002895,ITM0004937,P020,Laptop Cooling Pad,BrightGadgets,Accessories,2022-07-29,Defective/Not Working,61.8,2
RET000309,ORD0002927,ITM0004990,P016,27in Monitor 4K,BrightGadgets,Displays,2024-06-08,Defective/Not Working,452.28,2
RET000310,ORD0002931,ITM0004997,P005,USB-C Hub 7-in-1,TechCore Ltd,Accessories,2024-10-10,Wrong Item Sent,33.61,1
RET000311,ORD0002931,ITM0004998,P005,USB-C Hub 7-in-1,TechCore Ltd,Accessories,2024-10-05,Not as Described,104.53,3
RET000312,ORD0002931,ITM0004999,P004,Smart Plug 4-Pack,novatech supply,,2024-10-10,Arrived Damaged,33.11,1
RET000313,ORD0002933,ITM0005002,P003,Smart Watch Fitness,Nova Tech Supply,Wearables,2024-11-02,Defective/Not Working,94.64,1
RET000314,ORD0002944,ITM0005018,P008,Power Bank 20000mAh,Techcore Ltd,Accessories,2022-05-30,Not as Described,11.04,1
RET000315,ORD0002953,ITM0005036,P029,Thermal Paste Premium,Elite components,PC Parts,2024-02-29,Defective/Not Working,9.04,1
RET000316,ORD0002953,ITM0005037,P020,Laptop Cooling Pad,BrightGadgets,Accessories,2024-02-21,Poor Quality,32.68,1
RET000317,ORD0002953,ITM0005038,P013,Portable SSD 1TB,EliteComponents,Storage,2024-03-04,Defective/Not Working,174.45,2
RET000318,ORD0002953,ITM0005039,P026,HDMI Cable 2m,ValueSource Co,Accessories,2024-02-24,Wrong Item Sent,8.04,1
RET000319,ORD0002974,ITM0005080,P025,Screen Cleaning Kit,ValueSource Co,Accessories,2024-01-11,Defective/Not Working,5.43,1
RET000320,ORD0002974,ITM0005081,P017,Smart LED Desk Lamp,BrightGadgets,Lighting,2024-01-11,Wrong Item Sent,29.55,1
RET000321,ORD0003008,ITM0005145,P027,Cable Clips Pack 50,ValueSource Co,Accessories,2024-11-19,Defective/Not Working,5.41,1
RET000322,ORD0003008,ITM0005146,P007,Webcam 1080p HD,TechCore Ltd,Peripherals,2024-11-27,Wrong Item Sent,53.36,1
RET000323,ORD0003054,ITM0005221,P015,Microphone USB Condenser,Elite Components,Audio,2022-02-17,Defective/Not Working,72.78,1
RET000324,ORD0003054,ITM0005222,P005,USB-C Hub 7-in-1,TechCore Ltd,Accessories,2022-01-27,Arrived Damaged,23.98,1
RET000325,ORD0003054,ITM0005223,P025,Screen Cleaning Kit,ValueSource Co,Accessories,2022-02-16,Defective/Not Working,5.6,1
RET000326,ORD0003084,ITM0005276,P007,Webcam 1080p HD,TechCore Ltd,Peripherals,2024-11-22,Changed Mind,50.35,1
RET000327,ORD0003084,ITM0005277,P011,Mechanical Keyboard TKL,EliteComponents,Peripherals,2024-11-25,Not as Described,248.87,3
RET000328,ORD0003084,ITM0005278,P010,Noise Cancel Headphones,TechCore Ltd,Audio,2024-11-26,Defective/Not Working,34.41,1
RET000329,ORD0003084,ITM0005279,P004,Smart Plug 4-Pack,novatech supply,Smart Home,2024-11-30,,33.38,1
RET000330,ORD0003085,ITM0005280,P017,Smart LED Desk Lamp,BrightGadgets,Lighting,2024-12-27,Poor Quality,40.14,1
RET000331,ORD0003100,ITM0005306,P004,Smart Plug 4-Pack,Nova Tech Supply,Smart Home,2022-10-11,Wrong Item Sent,32.38,1
RET000332,ORD0003108,ITM0005319,P005,USB-C Hub 7-in-1,TechCore Ltd,Accessories,2022-02-01,Not as Described,32.97,1
RET000333,ORD0003108,ITM0005320,P011,Mechanical Keyboard TKL,EliteComponents,Peripherals,2022-01-21,Wrong Item Sent,266.78,3
RET000334,ORD0003108,ITM0005321,P020,Laptop Cooling Pad,BrightGadgets,Accessories,2022-01-25,Wrong Item Sent,32.83,1
RET000335,ORD0003108,ITM0005322,P002,Bluetooth Speaker Mini,Nova Tech Supply,Audio,2022-02-05,Changed Mind,55.37,1
RET000336,ORD0003120,ITM0005336,P003,Smart Watch Fitness,Nova Tech Supply,Wearables,2024-05-18,Defective/Not Working,110.28,1
RET000337,ORD0003120,ITM0005337,P027,Cable Clips Pack 50,ValueSource Co,Accessories,2024-05-18,Wrong Item Sent,14.32,3
RET000338,ORD0003120,ITM0005338,P013,Portable SSD 1TB,EliteComponents,Storage,2024-05-22,Not as Described,70.14,1
RET000339,ORD0003140,ITM0005374,P003,Smart Watch Fitness,Nova Tech Supply,Wearables,2024-05-03,Defective/Not Working,128.69,1
RET000340,ORD0003164,ITM0005416,P023,Cable Management Kit,ValueSource Co,Accessories,2023-08-13,Defective/Not Working,9.93,1
RET000341,ORD0003170,ITM0005426,P030,Webcam 4K Pro,Techcore Ltd,Peripherals,2024-06-26,Wrong Item Sent,130.0,1
RET000342,ORD0003170,ITM0005427,P006,Laptop Stand Aluminium,TechCore Ltd,Accessories,2024-06-18,Defective/Not Working,33.86,1
RET000343,ORD0003183,ITM0005451,P007,Webcam 1080p HD,TechCore Ltd,Peripherals,2022-11-21,Poor Quality,54.41,1
RET000344,ORD0003199,ITM0005475,P030,Webcam 4K Pro,TechCore Ltd,Peripherals,2022-05-25,Defective/Not Working,143.67,1
RET000345,ORD0003222,ITM0005513,P014,Docking Station USB-C,EliteComponents,Accessories,2022-04-23,Defective/Not Working,103.57,1
RET000346,ORD0003222,ITM0005514,P030,Webcam 4K Pro,TechCore Ltd,Peripherals,2022-05-09,Changed Mind,297.99,2
RET000347,ORD0003222,ITM0005515,P007,Webcam 1080p HD,TechCore,Peripherals,2022-04-26,,155.99,3
RET000348,ORD0003245,ITM0005551,P024,Phone Stand Adjustable,Value Source Co,Accessories,2024-05-15,Defective/Not Working,9.65,1
RET000349,ORD0003249,ITM0005559,P008,Power Bank 20000mAh,TechCore,Accessories,2024-12-11,Not as Described,8.02,1
RET000350,ORD0003257,ITM0005569,P012,Gaming Mouse RGB,Elite components,Peripherals,2024-08-26,Not as Described,41.4,1
RET000351,ORD0003273,ITM0005596,P006,Laptop Stand Aluminium,TECHCORE LTD,Accessories,2024-10-16,Arrived Damaged,35.7,1
RET000352,ORD0003274,ITM0005597,P013,Portable SSD 1TB,ELITECOMPONENTS,Storage,2022-12-30,Defective/Not Working,84.96,1
RET000353,ORD0003274,ITM0005598,P011,Mechanical Keyboard TKL,EliteComponents,Peripherals,2022-12-24,Defective/Not Working,88.69,1
RET000354,ORD0003276,ITM0005600,P005,USB-C Hub 7-in-1,TechCore Ltd,Accessories,2024-12-23,Defective/Not Working,32.78,1
RET000355,ORD0003357,ITM0005736,P008,Power Bank 20000mAh,Techcore Ltd,Accessories,2024-07-25,Changed Mind,23.26,2
RET000356,ORD0003357,ITM0005737,P015,Microphone USB Condenser,Elite Components,Audio,2024-07-28,Poor Quality,97.96,1
RET000357,ORD0003357,ITM0005738,P004,Smart Plug 4-Pack,novatech supply,Smart Home,2024-07-13,Defective/Not Working,96.97,3
RET000358,ORD0003375,ITM0005766,P026,HDMI Cable 2m,ValueSource Co,Accessories,2024-07-07,Not as Described,8.73,1
RET000359,ORD0003377,ITM0005770,P003,Smart Watch Fitness,Nova Tech Supply,Wearables,2024-09-02,Changed Mind,132.37,1
RET000360,ORD0003377,ITM0005771,P005,USB-C Hub 7-in-1,Techcore Ltd,Accessories,2024-09-10,,69.17,2
RET000361,ORD0003395,ITM0005799,P017,Smart LED Desk Lamp,BrightGadgets,Lighting,2024-05-05,Wrong Item Sent,39.7,1
RET000362,ORD0003478,ITM0005937,P028,Gaming Chair Ergonomic,Value Source Co,Furniture,2024-11-16,Changed Mind,263.81,1
RET000363,ORD0003479,ITM0005938,P003,Smart Watch Fitness,Nova Tech Supply,Wearables,2022-01-21,Defective/Not Working,125.67,1
RET000364,ORD0003479,ITM0005939,P028,Gaming Chair Ergonomic,Valuesource Co,Furniture,2022-01-16,Defective/Not Working,327.12,1
RET000365,ORD0003487,ITM0005950,P009,Desk Pad XL,TechCore Ltd,Accessories,2024-04-15,Not as Described,29.4,1
RET000366,ORD0003487,ITM0005951,P025,Screen Cleaning Kit,ValueSource Co,Accessories,2024-04-13,Not as Described,7.62,1
RET000367,ORD0003487,ITM0005952,P012,Gaming Mouse RGB,Elite components,Peripherals,2024-04-15,Not as Described,43.81,1
RET000368,ORD0003487,ITM0005953,P010,Noise Cancel Headphones,TechCore Ltd,Audio,2024-04-21,Arrived Damaged,34.61,1
RET000369,ORD0003507,ITM0005989,P028,Gaming Chair Ergonomic,ValueSource Co,Furniture,2022-11-06,Poor Quality,320.77,1
RET000370,ORD0003507,ITM0005990,P028,Gaming Chair Ergonomic,ValueSource Co,Furniture,2022-11-03,,328.27,1
RET000371,ORD0003507,ITM0005991,P011,Mechanical Keyboard TKL,EliteComponents,Peripherals,2022-11-06,Changed Mind,178.77,2
RET000372,ORD0003507,ITM0005992,P026,HDMI Cable 2m,ValueSource Co,Accessories,2022-11-04,Defective/Not Working,8.53,1
RET000373,ORD0003512,ITM0006000,P029,Thermal Paste Premium,Elite Components,PC Parts,2024-07-26,Not as Described,9.37,1
RET000374,ORD0003512,ITM0006001,P023,Cable Management Kit,ValueSource Co,Accessories,2024-08-01,Not as Described,11.92,1
RET000375,ORD0003517,ITM0006013,P017,Smart LED Desk Lamp,BrightGadgets,Lighting,2023-07-06,Changed Mind,40.58,1
RET000376,ORD0003528,ITM0006030,P008,Power Bank 20000mAh,Techcore Ltd,Accessories,2024-08-06,Not as Described,8.89,1
RET000377,ORD0003585,ITM0006145,P004,Smart Plug 4-Pack,Novatech Supply,Smart Home,2024-12-16,Changed Mind,61.75,2
RET000378,ORD0003585,ITM0006146,P028,Gaming Chair Ergonomic,ValueSource Co,Furniture,2024-11-27,Arrived Damaged,639.63,2
RET000379,ORD0003605,ITM0006176,P027,Cable Clips Pack 50,ValueSource Co,Accessories,2022-09-04,Changed Mind,11.89,2
RET000380,ORD0003605,ITM0006177,P004,Smart Plug 4-Pack,novatech supply,Smart Home,2022-08-24,Defective/Not Working,32.94,1
RET000381,ORD0003605,ITM0006178,P002,Bluetooth Speaker Mini,NovaTech Supply,Audio,2022-09-09,Defective/Not Working,161.73,3
RET000382,ORD0003605,ITM0006179,P020,Laptop Cooling Pad,BrightGadgets,Accessories,2022-08-31,Wrong Item Sent,29.61,1
RET000383,ORD0003631,ITM0006227,P013,Portable SSD 1TB,EliteComponents,Storage,2024-01-25,Defective/Not Working,86.06,1
RET000384,ORD0003640,ITM0006245,P015,Microphone USB Condenser,Elite Components,Audio,2023-12-11,Not as Described,93.29,1
RET000385,ORD0003650,ITM0006258,P024,Phone Stand Adjustable,Value Source Co,Accessories,2023-01-09,Defective/Not Working,14.06,2
RET000386,ORD0003650,ITM0006259,P005,USB-C Hub 7-in-1,TechCore Ltd,Accessories,2023-01-10,Not as Described,23.23,1
RET000387,ORD0003650,ITM0006260,P010,Noise Cancel Headphones,TechCore Ltd,Audio,2023-01-07,Poor Quality,29.22,1
RET000388,ORD0003650,ITM0006261,P001,Wireless Earbuds Pro,Novatech Supply,Audio,2023-01-17,Defective/Not Working,36.6,1
RET000389,ORD0003665,ITM0006283,P017,Smart LED Desk Lamp,BrightGadgets,Lighting,2024-06-06,Not as Described,40.42,1
RET000390,ORD0003665,ITM9999992,P001,Wireless Earbuds Pro,Novatech Supply,Audio,2024-06-02,Defective/Not Working,133.57,3
RET000391,ORD0003706,ITM0006351,P008,Power Bank 20000mAh,Techcore Ltd,Accessories,2024-10-08,Not as Described,10.63,1
RET000392,ORD0003738,ITM0006408,P022,Laptop Sleeve 15in,ValueSource,Accessories,2024-07-05,Defective/Not Working,30.75,2
RET000393,ORD0003738,ITM0006409,P002,Bluetooth Speaker Mini,NovaTech Supply,Audio,2024-07-14,Defective/Not Working,45.82,1
RET000394,ORD0003739,ITM0006410,P002,Bluetooth Speaker Mini,NovaTech Supply,Audio,2024-07-17,Defective/Not Working,111.8,2
RET000395,ORD0003760,ITM0006447,P021,VR Headset Standalone,brightgadgets,Gaming,2022-11-30,Wrong Item Sent,297.65,1
RET000396,ORD0003760,ITM0006448,P014,Docking Station USB-C,EliteComponents,Accessories,2022-11-22,Wrong Item Sent,109.28,1
RET000397,ORD0003781,ITM0006482,P027,Cable Clips Pack 50,ValueSource Co,Accessories,2023-11-25,Not as Described,5.21,1
RET000398,ORD0003787,ITM0006492,P026,HDMI Cable 2m,ValueSource Co,Accessories,2024-11-10,Defective/Not Working,24.92,3
RET000399,ORD0003799,ITM0006509,P005,USB-C Hub 7-in-1,TechCore Ltd,Accessories,2023-10-24,Defective/Not Working,31.68,1
RET000400,ORD0003799,ITM0006510,P005,USB-C Hub 7-in-1,TechCore Ltd,,2023-10-30,Defective/Not Working,32.59,1
RET000401,ORD0003839,ITM0006580,P013,Portable SSD 1TB,EliteComponents,Storage,2023-03-30,Defective/Not Working,86.67,1
RET000402,ORD0003890,ITM0006664,P008,Power Bank 20000mAh,Techcore Ltd,Accessories,2024-11-29,Not as Described,23.4,2
RET000403,ORD0003916,ITM0006708,P022,Laptop Sleeve 15in,Valuesource Co,Accessories,2023-12-17,Not as Described,18.78,1
RET000404,ORD0003916,ITM0006709,P011,Mechanical Keyboard TKL,EliteComponents,Peripherals,2023-12-29,Arrived Damaged,89.0,1
RET000405,ORD0003965,ITM0006793,P013,Portable SSD 1TB,Elite components,Storage,2022-12-02,Changed Mind,85.24,1
RET000406,ORD0003965,ITM0006794,P001,Wireless Earbuds Pro,Novatech Supply,Audio,2022-12-14,Defective/Not Working,45.3,1
RET000407,ORD0003975,ITM0006805,P030,Webcam 4K Pro,TechCore Ltd,Peripherals,2024-03-07,Defective/Not Working,145.76,1
RET000408,ORD0004015,ITM0006879,P014,Docking Station USB-C,Elite components,Accessories,2024-01-03,Poor Quality,82.28,1
RET000409,ORD0004079,ITM0007002,P014,Docking Station USB-C,EliteComponents,Accessories,2022-03-03,Wrong Item Sent,103.69,1
RET000410,ORD0004101,ITM0007031,P026,HDMI Cable 2m,VALUE SOURCE,Accessories,2023-03-20,,6.75,1
RET000411,ORD0004103,ITM0007033,P019,Ring Light 10in,BrightGadgets,Lighting,2023-08-15,Defective/Not Working,78.41,2
RET000412,ORD0004103,ITM0007034,P014,Docking Station USB-C,ELITECOMPONENTS,Accessories,2023-08-21,Defective/Not Working,84.0,1
RET000413,ORD0004103,ITM0007035,P011,Mechanical Keyboard TKL,EliteComponents,Peripherals,2023-08-18,Not as Described,64.9,1
RET000414,ORD0004103,ITM0007036,P007,Webcam 1080p HD,Techcore Ltd,Peripherals,2023-08-21,Changed Mind,119.38,3
RET000415,ORD0004108,ITM0007046,P021,VR Headset Standalone,brightgadgets,Gaming,2024-12-27,Defective/Not Working,507.26,2
RET000416,ORD0004108,ITM0007047,P014,Docking Station USB-C,EliteComponents,Accessories,2024-12-27,Defective/Not Working,90.45,1
RET000417,ORD0004124,ITM0007078,P027,Cable Clips Pack 50,ValueSource Co,Accessories,2024-01-16,Changed Mind,11.22,2
RET000418,ORD0004133,ITM0007093,P003,Smart Watch Fitness,Nova Tech Supply,Wearables,2022-10-03,Defective/Not Working,96.36,1
RET000419,ORD0004133,ITM0007094,P012,Gaming Mouse RGB,Elite components,Peripherals,2022-10-18,Wrong Item Sent,32.45,1
RET000420,ORD0004164,ITM0007141,P011,Mechanical Keyboard TKL,EliteComponents,Peripherals,2023-07-10,Poor Quality,171.19,2
RET000421,ORD0004164,ITM0007142,P002,Bluetooth Speaker Mini,NovaTech Supply,Audio,2023-06-26,Defective/Not Working,117.2,2
RET000422,ORD0004189,ITM0007188,P006,Laptop Stand Aluminium,TechCore Ltd,Accessories,2024-05-04,Arrived Damaged,35.3,1
RET000423,ORD0004209,ITM0007219,P016,27in Monitor 4K,BrightGadgets,Displays,2024-03-23,Not as Described,315.84,1
RET000424,ORD0004209,ITM0007220,P003,Smart Watch Fitness,Nova Tech Supply,Wearables,2024-03-17,Wrong Item Sent,124.99,1
RET000425,ORD0004212,ITM0007225,P003,Smart Watch Fitness,Nova Tech Supply,Wearables,2022-10-20,Defective/Not Working,123.87,1
RET000426,ORD0004214,ITM0007228,P015,Microphone USB Condenser,ELITECOMPONENTS,Audio,2025-01-09,Defective/Not Working,74.73,1
RET000427,ORD0004232,ITM0007258,P006,Laptop Stand Aluminium,TechCore Ltd,Accessories,2024-05-25,Defective/Not Working,38.64,1
RET000428,ORD0004241,ITM0007271,P014,Docking Station USB-C,EliteComponents,Accessories,2024-12-07,Not as Described,103.72,1
RET000429,ORD0004241,ITM0007272,P001,Wireless Earbuds Pro,Novatech Supply,Audio,2024-12-13,Defective/Not Working,94.73,2
RET000430,ORD0004242,ITM0007273,P006,Laptop Stand Aluminium,TechCore Ltd,Accessories,2023-11-09,Wrong Item Sent,79.72,2
RET000431,ORD0004242,ITM0007274,P009,Desk Pad XL,TechCore Ltd,Accessories,2023-10-26,Wrong Item Sent,27.58,1
RET000432,ORD0004245,ITM0007278,P022,Laptop Sleeve 15in,ValueSource Co,Accessories,2024-03-12,Changed Mind,19.51,1
RET000433,ORD0004245,ITM0007279,P017,Smart LED Desk Lamp,BrightGadgets,Lighting,2024-02-29,Poor Quality,82.75,2
RET000434,ORD0004256,ITM0007295,P025,Screen Cleaning Kit,ValueSource Co,Accessories,2024-08-17,Poor Quality,5.96,1
RET000435,ORD0004256,ITM0007296,P024,Phone Stand Adjustable,Value Source Co,Accessories,2024-08-02,Poor Quality,7.07,1
RET000436,ORD0004260,ITM0007300,P004,Smart Plug 4-Pack,novatech supply,Smart Home,2023-05-23,Defective/Not Working,64.75,2
RET000437,ORD0004264,ITM0007306,P013,Portable SSD 1TB,EliteComponents,Storage,2023-09-24,Defective/Not Working,87.95,1
RET000438,ORD0004268,ITM0007310,P018,Action Camera 4K,Bright gadgets,Cameras,2024-04-26,Defective/Not Working,337.69,2
RET000439,ORD0004297,ITM0007363,P026,HDMI Cable 2m,ValueSource Co,Accessories,2023-07-28,Defective/Not Working,8.89,1
RET000440,ORD0004329,ITM0007413,P007,Webcam 1080p HD,TechCore Ltd,Peripherals,2024-12-14,Not as Described,48.71,1
RET000441,ORD0004329,ITM0007414,P014,Docking Station USB-C,EliteComponents,Accessories,2024-12-20,Wrong Item Sent,107.89,1
RET000442,ORD0004329,ITM0007415,P025,Screen Cleaning Kit,ValueSource Co,Accessories,2024-12-15,Changed Mind,7.34,1
RET000443,ORD0004352,ITM0007458,P007,Webcam 1080p HD,TechCore Ltd,Peripherals,2024-05-27,Defective/Not Working,51.29,1
RET000444,ORD0004361,ITM0007474,P018,Action Camera 4K,Bright gadgets,Cameras,2023-02-22,Poor Quality,159.14,1
RET000445,ORD0004377,ITM0007498,P018,Action Camera 4K,Bright gadgets,Cameras,2023-02-03,Defective/Not Working,165.23,1
RET000446,ORD0004381,ITM0007502,P009,Desk Pad XL,TechCore Ltd,Accessories,2024-07-26,Defective/Not Working,26.96,1
RET000447,ORD0004381,ITM0007503,P001,Wireless Earbuds Pro,Novatech Supply,Audio,2024-07-30,Defective/Not Working,48.76,1
RET000448,ORD0004381,ITM0007504,P003,Smart Watch Fitness,Novatech Supply,Wearables,2024-07-13,Defective/Not Working,138.25,1
RET000449,ORD0004386,ITM0007511,P009,Desk Pad XL,TechCore Ltd,Accessories,2023-03-06,Not as Described,26.41,1
RET000450,ORD0004413,ITM0007566,P003,Smart Watch Fitness,Nova Tech Supply,Wearables,2024-06-28,Not as Described,129.24,1
RET000451,ORD0004413,ITM0007567,P021,VR Headset Standalone,brightgadgets,Gaming,2024-07-09,Arrived Damaged,276.46,1
RET000452,ORD0004425,ITM0007584,P012,Gaming Mouse RGB,Elite components,Peripherals,2023-11-06,Defective/Not Working,80.59,2
RET000453,ORD0004465,ITM0007656,P002,Bluetooth Speaker Mini,NOVATECH,Audio,2022-05-02,Defective/Not Working,53.88,1
RET000454,ORD0004471,ITM0007663,P010,Noise Cancel Headphones,TechCore Ltd,Audio,2023-06-16,Defective/Not Working,37.79,1
RET000455,ORD0004472,ITM0007664,P010,Noise Cancel Headphones,TechCore Ltd,Audio,2023-06-30,Defective/Not Working,38.25,1
RET000456,ORD0004488,ITM0007691,P017,Smart LED Desk Lamp,BrightGadgets,Lighting,2022-08-15,Defective/Not Working,33.88,1
RET000457,ORD0004488,ITM0007692,P009,Desk Pad XL,TechCore Ltd,Accessories,2022-07-30,Defective/Not Working,46.78,2
RET000458,ORD0004503,ITM0007716,P027,Cable Clips Pack 50,ValueSource Co,Accessories,2024-09-24,Defective/Not Working,5.34,1
RET000459,ORD0004503,ITM0007717,P026,HDMI Cable 2m,Value Source Co,Accessories,2024-09-29,,16.26,2
RET000460,ORD0004525,ITM0007745,P004,Smart Plug 4-Pack,novatech supply,Smart Home,2023-02-02,,27.41,1
RET000461,ORD0004529,ITM0007753,P021,VR Headset Standalone,brightgadgets,Gaming,2022-12-10,,204.18,1
RET000462,ORD0004553,ITM0007795,P026,HDMI Cable 2m,ValueSource Co,Accessories,2022-05-30,Defective/Not Working,6.47,1
RET000463,ORD0004553,ITM0007796,P018,Action Camera 4K,Bright gadgets,Cameras,2022-06-18,Changed Mind,125.34,1
RET000464,ORD0004559,ITM0007807,P030,Webcam 4K Pro,TechCore Ltd,Peripherals,2024-10-26,Changed Mind,132.29,1
RET000465,ORD0004584,ITM0007848,P004,Smart Plug 4-Pack,novatech supply,Smart Home,2024-10-20,Defective/Not Working,32.24,1
RET000466,ORD0004601,ITM0007873,P023,Cable Management Kit,ValueSource Co,Accessories,2022-06-06,Not as Described,37.7,3
RET000467,ORD0004625,ITM0007914,P023,Cable Management Kit,ValueSource Co,Accessories,2024-10-26,Changed Mind,23.31,2
RET000468,ORD0004625,ITM0007915,P020,Laptop Cooling Pad,BrightGadgets,Accessories,2024-11-06,Defective/Not Working,31.85,1
RET000469,ORD0004627,ITM0007918,P013,Portable SSD 1TB,EliteComponents,Storage,2022-03-12,Changed Mind,87.25,1
RET000470,ORD0004629,ITM0007921,P018,Action Camera 4K,Bright gadgets,Cameras,2023-09-08,Defective/Not Working,165.57,1
RET000471,ORD0004629,ITM0007922,P014,Docking Station USB-C,EliteComponents,Accessories,2023-09-18,Not as Described,197.46,2
RET000472,ORD0004629,ITM0007923,P001,Wireless Earbuds Pro,Novatech Supply,Audio,2023-09-27,Changed Mind,45.66,1
RET000473,ORD0004633,ITM0007929,P012,Gaming Mouse RGB,Elite components,Peripherals,2023-11-05,Arrived Damaged,41.16,1
RET000474,ORD0004636,ITM0007935,P008,Power Bank 20000mAh,Techcore Ltd,Accessories,2022-07-24,Poor Quality,11.6,1
RET000475,ORD0004636,ITM0007936,P006,Laptop Stand Aluminium,TechCore Ltd,Accessories,2022-08-10,Poor Quality,36.72,1
RET000476,ORD0004636,ITM0007937,P001,Wireless Earbuds Pro,Novatech Supply,Audio,2022-08-06,Defective/Not Working,46.51,1
RET000477,ORD0004641,ITM0007944,P024,Phone Stand Adjustable,Value Source Co,Accessories,2022-11-18,,9.15,1
RET000478,ORD0004676,ITM0008007,P014,Docking Station USB-C,EliteComponents,Accessories,2024-01-01,Poor Quality,100.07,1
RET000479,ORD0004676,ITM0008008,P017,Smart LED Desk Lamp,Bright gadgets,Lighting,2023-12-29,Defective/Not Working,37.85,1
RET000480,ORD0004680,ITM0008014,P009,Desk Pad XL,TechCore Ltd,Accessories,2022-06-07,Defective/Not Working,22.49,1
RET000481,ORD0004684,ITM0008021,P003,Smart Watch Fitness,Nova Tech Supply,Wearables,2023-12-09,Defective/Not Working,136.42,1
RET000482,ORD0004684,ITM0008022,P012,Gaming Mouse RGB,Elite components,Peripherals,2023-11-24,Wrong Item Sent,41.35,1
RET000483,ORD0004686,ITM0008025,P024,Phone Stand Adjustable,Value Source Co,Accessories,2023-06-22,Defective/Not Working,9.22,1
RET000484,ORD0004686,ITM0008026,P012,Gaming Mouse RGB,Elite components,Peripherals,2023-06-20,Not as Described,42.79,1
RET000485,ORD0004692,ITM0008034,P009,Desk Pad XL,TechCore Ltd,Accessories,2022-11-20,Arrived Damaged,28.95,1
RET000486,ORD0004726,ITM0008099,P024,Phone Stand Adjustable,Value Source Co,Accessories,2024-06-04,Defective/Not Working,9.01,1
RET000487,ORD0004741,ITM0008122,P013,Portable SSD 1TB,Elite Components,Storage,2022-12-11,Defective/Not Working,69.35,1
RET000488,ORD0004753,ITM0008139,P011,Mechanical Keyboard TKL,EliteComponents,Peripherals,2023-04-09,Not as Described,80.06,1
RET000489,ORD0004760,ITM0008150,P015,Microphone USB Condenser,Elite Components,Audio,2024-06-12,Changed Mind,76.96,1
RET000490,ORD0004763,ITM0008155,P013,Portable SSD 1TB,EliteComponents,Storage,2023-06-20,Wrong Item Sent,85.2,1
RET000491,ORD0004763,ITM0008156,P024,Phone Stand Adjustable,Value Source Co,Accessories,2023-06-23,Arrived Damaged,17.85,2
RET000492,ORD0004763,ITM0008157,P027,Cable Clips Pack 50,ValueSource Co,Accessories,2023-07-10,Changed Mind,5.5,1
RET000493,ORD0004763,ITM0008158,P011,Mechanical Keyboard TKL,EliteComponents,Peripherals,2023-06-28,Defective/Not Working,84.62,1
RET000494,ORD0004777,ITM0008177,P008,Power Bank 20000mAh,Tech Core Ltd,Accessories,2025-01-17,Defective/Not Working,16.4,2
RET000495,ORD0004777,ITM0008178,P001,Wireless Earbuds Pro,Novatech Supply,Audio,2025-01-11,Changed Mind,64.57,2
RET000496,ORD0004777,ITM0008179,P012,Gaming Mouse RGB,Elite components,Peripherals,2025-01-17,Changed Mind,29.31,1
RET000497,ORD0004789,ITM0008195,P006,Laptop Stand Aluminium,TechCore Ltd,Accessories,2022-11-13,Defective/Not Working,38.47,1
RET000498,ORD0004811,ITM0008235,P006,Laptop Stand Aluminium,TechCore Ltd,Accessories,2022-08-09,,39.27,1
RET000499,ORD0004811,ITM0008236,P002,Bluetooth Speaker Mini,NovaTech Supply,Audio,2022-08-01,Wrong Item Sent,54.79,1
RET000500,ORD0004813,ITM0008238,P020,Laptop Cooling Pad,BrightGadgets,Accessories,2023-04-21,Defective/Not Working,28.03,1
RET000501,ORD0004813,ITM0008239,P001,Wireless Earbuds Pro,Novatech Supply,Audio,2023-05-02,Defective/Not Working,43.86,1
RET000502,ORD0004838,ITM0008277,P019,Ring Light 10in,BrightGadgets,Lighting,2023-11-30,Not as Described,54.57,1
RET000503,ORD0004854,ITM0008302,P002,Bluetooth Speaker Mini,NovaTech Supply,Audio,2023-08-19,Defective/Not Working,43.67,1
RET000504,ORD0004856,ITM0008304,P013,Portable SSD 1TB,EliteComponents,Storage,2024-02-24,Defective/Not Working,89.5,1
RET000505,ORD0004856,ITM0008305,P012,Gaming Mouse RGB,Elite components,Peripherals,2024-02-22,Not as Described,40.52,1
RET000506,ORD0004856,ITM0008306,P017,Smart LED Desk Lamp,Bright Gadgets,Lighting,2024-03-08,Wrong Item Sent,41.41,1
RET000507,ORD0004856,ITM0008307,P013,Portable SSD 1TB,EliteComponents,Storage,2024-03-04,Wrong Item Sent,85.55,1
RET000508,ORD0004860,ITM0008312,P025,Screen Cleaning Kit,Value Source Co,Accessories,2024-05-20,Changed Mind,7.93,1
RET000509,ORD0004860,ITM0008313,P013,Portable SSD 1TB,EliteComponents,Storage,2024-05-18,Poor Quality,85.86,1
RET000510,ORD0004892,ITM0008382,P011,Mechanical Keyboard TKL,Elite Components,Peripherals,2024-06-25,Poor Quality,89.65,1
RET000511,ORD0004897,ITM0008387,P008,Power Bank 20000mAh,Tech Core Ltd,Accessories,2023-05-08,Not as Described,10.75,1
RET000512,ORD0004897,ITM0008388,P029,Thermal Paste Premium,EliteComponents,PC Parts,2023-05-09,Not as Described,9.47,1
RET000513,ORD0004897,ITM0008389,P012,Gaming Mouse RGB,Elite components,Peripherals,2023-04-30,Defective/Not Working,44.78,1
RET000514,ORD0004897,ITM0008390,P026,HDMI Cable 2m,ValueSource Co,Accessories,2023-04-20,Changed Mind,8.78,1
RET000515,ORD0004907,ITM0008405,P005,USB-C Hub 7-in-1,TechCore Ltd,Accessories,2024-07-21,Defective/Not Working,51.31,2
RET000516,ORD0004907,ITM0008406,P010,Noise Cancel Headphones,TechCore Ltd,Audio,2024-07-09,Wrong Item Sent,53.14,2
RET000517,ORD0004911,ITM0008412,P008,Power Bank 20000mAh,Techcore Ltd,Accessories,2024-10-22,Changed Mind,19.57,2
RET000518,ORD0004911,ITM0008413,P021,VR Headset Standalone,brightgadgets,Gaming,2024-10-22,Changed Mind,245.21,1
RET000519,ORD0004911,ITM0008414,P011,Mechanical Keyboard TKL,EliteComponents,Peripherals,2024-10-11,Defective/Not Working,69.01,1
RET000520,ORD0004922,ITM0008431,P022,Laptop Sleeve 15in,ValueSource Co,Accessories,2024-01-08,Arrived Damaged,18.27,1
RET000521,ORD0004922,ITM0008432,P004,Smart Plug 4-Pack,novatech supply,Smart Home,2024-01-17,Changed Mind,32.68,1
RET000522,ORD0004922,ITM0008433,P030,Webcam 4K Pro,TechCore,Peripherals,2024-01-26,Defective/Not Working,136.23,1
RET000523,ORD0004984,ITM0008534,P011,Mechanical Keyboard TKL,EliteComponents,Peripherals,2024-11-21,Not as Described,84.33,1
RET000524,ORD0004984,ITM0008535,P009,Desk Pad XL,TechCore Ltd,Accessories,2024-12-03,Defective/Not Working,26.65,1
RET000525,ORD0005000,ITM0008561,P024,Phone Stand Adjustable,Value Source Co,Accessories,2022-06-20,Arrived Damaged,9.22,1
RET000526,ORD0005016,ITM0008589,P024,Phone Stand Adjustable,Value Source Co,Accessories,2022-12-19,Defective/Not Working,9.87,1
RET000527,ORD0005016,ITM0008590,P022,Laptop Sleeve 15in,ValueSource Co,Accessories,2022-12-16,Poor Quality,17.85,1
RET000528,ORD0005016,ITM0008591,P008,Power Bank 20000mAh,Techcore Ltd,Accessories,2022-12-27,Defective/Not Working,11.31,1
RET000529,ORD0005069,ITM0008688,P012,Gaming Mouse RGB,Elite components,Peripherals,2022-05-01,Defective/Not Working,41.51,1
RET000530,ORD0005069,ITM0008689,P003,Smart Watch Fitness,Nova Tech Supply,Wearables,2022-05-04,Defective/Not Working,124.44,1
RET000531,ORD0005080,ITM0008706,P008,Power Bank 20000mAh,Techcore Ltd,Accessories,2023-07-29,Wrong Item Sent,19.23,2
RET000532,ORD0005100,ITM0008742,P005,USB-C Hub 7-in-1,TechCore,Accessories,2023-01-04,Defective/Not Working,63.01,2
RET000533,ORD0005147,ITM0008817,P024,Phone Stand Adjustable,Value Source Co,Accessories,2022-08-04,Changed Mind,8.82,1
RET000534,ORD0005162,ITM0008842,P012,Gaming Mouse RGB,Elite components,Peripherals,2022-10-15,Poor Quality,40.18,1
RET000535,ORD0005162,ITM0008843,P004,Smart Plug 4-Pack,novatech supply,Smart Home,2022-10-14,Defective/Not Working,31.61,1
RET000536,ORD0005173,ITM0008860,P012,Gaming Mouse RGB,Elite components,Peripherals,2023-10-13,Defective/Not Working,41.71,1
RET000537,ORD0005180,ITM0008874,P008,Power Bank 20000mAh,Techcore Ltd,Accessories,2023-02-08,Defective/Not Working,22.82,2
RET000538,ORD0005192,ITM0008894,P010,Noise Cancel Headphones,TechCore Ltd,Audio,2024-08-25,Arrived Damaged,35.44,1
RET000539,ORD0005231,ITM0008958,P012,Gaming Mouse RGB,Elite components,Peripherals,2024-04-17,Not as Described,38.14,1
RET000540,ORD0005275,ITM0009036,P005,USB-C Hub 7-in-1,TechCore Ltd,Accessories,2022-11-17,Not as Described,31.28,1
RET000541,ORD0005288,ITM0009056,P027,Cable Clips Pack 50,ValueSource Co,Accessories,2023-01-22,Defective/Not Working,5.19,1
RET000542,ORD0005288,ITM0009057,P011,Mechanical Keyboard TKL,EliteComponents,Peripherals,2023-01-15,Not as Described,73.35,1
RET000543,ORD0005288,ITM0009058,P003,Smart Watch Fitness,Nova Tech Supply,Wearables,2023-01-09,Defective/Not Working,114.04,1
RET000544,ORD0005288,ITM0009059,P002,Bluetooth Speaker Mini,NovaTech Supply,Audio,2023-01-14,Defective/Not Working,49.68,1
RET000545,ORD0005307,ITM0009089,P007,Webcam 1080p HD,TechCore Ltd,Peripherals,2023-12-08,Arrived Damaged,40.46,1
RET000546,ORD0005307,ITM0009090,P003,Smart Watch Fitness,Nova Tech Supply,Wearables,2023-12-17,Defective/Not Working,99.07,1
RET000547,ORD0005336,ITM0009134,P007,Webcam 1080p HD,TechCore Ltd,Peripherals,2024-01-04,Not as Described,52.84,1
RET000548,ORD0005343,ITM0009146,P004,Smart Plug 4-Pack,novatech supply,Smart Home,2022-12-23,Defective/Not Working,65.41,2
RET000549,ORD0005344,ITM0009147,P004,Smart Plug 4-Pack,Novatech Supply,,2022-12-16,Defective/Not Working,67.1,2
RET000550,ORD0005344,ITM0009148,P005,USB-C Hub 7-in-1,TechCore Ltd,Accessories,2022-12-29,Changed Mind,32.35,1
RET000551,ORD0005344,ITM0009149,P023,Cable Management Kit,ValueSource Co,Accessories,2023-01-03,Arrived Damaged,11.94,1
RET000552,ORD0005344,ITM0009150,P023,Cable Management Kit,ValueSource Co,Accessories,2022-12-30,Poor Quality,11.59,1
RET000553,ORD0005444,ITM0009303,P023,Cable Management Kit,ValueSource Co,Accessories,2024-04-17,Not as Described,25.55,2
RET000554,ORD0005444,ITM0009304,P008,Power Bank 20000mAh,Techcore Ltd,Accessories,2024-04-14,Not as Described,32.07,3
RET000555,ORD0005449,ITM0009312,P012,Gaming Mouse RGB,Elite components,Peripherals,2023-04-07,Poor Quality,41.09,1
RET000556,ORD0005461,ITM0009329,P002,Bluetooth Speaker Mini,NovaTech Supply,Audio,2024-05-09,Defective/Not Working,41.67,1
RET000557,ORD0005461,ITM0009330,P005,USB-C Hub 7-in-1,TechCore Ltd,Accessories,2024-05-15,Defective/Not Working,24.98,1
RET000558,ORD0005461,ITM0009331,P007,Webcam 1080p HD,TECHCORE LTD,Peripherals,2024-05-24,Defective/Not Working,37.36,1
RET000559,ORD0005490,ITM0009379,P003,Smart Watch Fitness,Nova Tech Supply,Wearables,2024-01-16,Defective/Not Working,126.68,1
RET000560,ORD0005490,ITM0009380,P002,Bluetooth Speaker Mini,NovaTech Supply,Audio,2024-01-30,Defective/Not Working,55.09,1
RET000561,ORD0005490,ITM0009381,P008,Power Bank 20000mAh,Techcore Ltd,Accessories,2024-01-24,Defective/Not Working,10.81,1
RET000562,ORD0005490,ITM0009382,P028,Gaming Chair Ergonomic,ValueSource Co,Furniture,2024-02-02,Arrived Damaged,329.22,1
RET000563,ORD0005526,ITM0009442,P007,Webcam 1080p HD,TechCore Ltd,Peripherals,2023-08-04,Changed Mind,52.4,1
RET000564,ORD0005547,ITM0009473,P005,USB-C Hub 7-in-1,TechCore Ltd,Accessories,2024-12-30,Defective/Not Working,65.01,2
RET000565,ORD0005547,ITM0009474,P024,Phone Stand Adjustable,Value Source Co,Accessories,2024-12-21,Wrong Item Sent,9.96,1
RET000566,ORD0005554,ITM0009483,P018,Action Camera 4K,Bright gadgets,Cameras,2024-07-31,Defective/Not Working,166.22,1
RET000567,ORD0005554,ITM0009484,P006,Laptop Stand Aluminium,TechCore Ltd,Accessories,2024-07-30,Not as Described,37.27,1
RET000568,ORD0005556,ITM0009486,P017,Smart LED Desk Lamp,BrightGadgets,Lighting,2024-08-06,Defective/Not Working,67.51,2
RET000569,ORD0005565,ITM0009502,P026,HDMI Cable 2m,Value Source Co,Accessories,2023-11-21,Not as Described,12.05,2
RET000570,ORD0005603,ITM0009566,P011,Mechanical Keyboard TKL,ELITECOMPONENTS,Peripherals,2023-05-14,Arrived Damaged,86.85,1
RET000571,ORD0005607,ITM0009572,P006,Laptop Stand Aluminium,TechCore Ltd,Accessories,2023-11-19,Arrived Damaged,32.84,1
RET000572,ORD0005610,ITM0009576,P015,Microphone USB Condenser,Elite components,Audio,2023-12-23,Changed Mind,89.7,1
RET000573,ORD0005610,ITM0009577,P004,Smart Plug 4-Pack,novatech supply,Smart Home,2024-01-06,Defective/Not Working,33.65,1
RET000574,ORD0005621,ITM0009592,P026,HDMI Cable 2m,ValueSource Co,Accessories,2022-07-18,Defective/Not Working,6.36,1
RET000575,ORD0005621,ITM0009593,P003,Smart Watch Fitness,Nova Tech Supply,Wearables,2022-07-12,Defective/Not Working,101.45,1
RET000576,ORD0005621,ITM0009594,P008,Power Bank 20000mAh,Techcore Ltd,Accessories,2022-07-14,Not as Described,16.4,2
RET000577,ORD0005628,ITM0009603,P024,Phone Stand Adjustable,Value Source Co,Accessories,2023-12-24,Arrived Damaged,8.68,1
RET000578,ORD0005628,ITM0009604,P024,Phone Stand Adjustable,VALUE SOURCE,Accessories,2024-01-10,Defective/Not Working,8.29,1
RET000579,ORD0005628,ITM0009605,P012,Gaming Mouse RGB,Elite components,Peripherals,2024-01-04,Defective/Not Working,113.87,3
RET000580,ORD0005641,ITM0009626,P010,Noise Cancel Headphones,TechCore Ltd,Audio,2023-11-11,Not as Described,30.15,1
RET000581,ORD0005641,ITM0009627,P030,Webcam 4K Pro,TechCore Ltd,Peripherals,2023-11-01,Defective/Not Working,120.33,1
RET000582,ORD0005641,ITM0009628,P009,Desk Pad XL,TechCore Ltd,Accessories,2023-11-10,Changed Mind,24.57,1
RET000583,ORD0005641,ITM0009629,P019,Ring Light 10in,BrightGadgets,Lighting,2023-10-30,Defective/Not Working,41.42,1
RET000584,ORD0005668,ITM0009682,P013,Portable SSD 1TB,Elite Components,Storage,2024-08-08,Not as Described,65.62,1
RET000585,ORD0005687,ITM0009707,P027,Cable Clips Pack 50,ValueSource Co,Accessories,2023-05-19,Changed Mind,11.45,2
RET000586,ORD0005718,ITM0009763,P010,Noise Cancel Headphones,TechCore Ltd,,2024-01-05,Changed Mind,30.95,1
RET000587,ORD0005718,ITM0009764,P005,USB-C Hub 7-in-1,TechCore Ltd,Accessories,2024-01-01,Not as Described,29.49,1
RET000588,ORD0005718,ITM0009765,P011,Mechanical Keyboard TKL,EliteComponents,Peripherals,2024-01-16,Poor Quality,140.62,2
RET000589,ORD0005718,ITM0009766,P006,Laptop Stand Aluminium,TechCore Ltd,Accessories,2024-01-05,Wrong Item Sent,33.7,1
RET000590,ORD0005733,ITM0009795,P008,Power Bank 20000mAh,Techcore Ltd,Accessories,2022-10-24,Arrived Damaged,20.7,2
RET000591,ORD0005733,ITM0009796,P012,Gaming Mouse RGB,Elite components,Peripherals,2022-10-27,Arrived Damaged,44.66,1
RET000592,ORD0005733,ITM0009797,P006,Laptop Stand Aluminium,TechCore Ltd,Accessories,2022-10-28,Not as Described,38.22,1
RET000593,ORD0005737,ITM0009805,P007,Webcam 1080p HD,TechCore Ltd,Peripherals,2024-02-16,Arrived Damaged,108.64,2
RET000594,ORD0005762,ITM0009853,P019,Ring Light 10in,BrightGadgets,Lighting,2022-10-26,Poor Quality,104.59,2
RET000595,ORD0005762,ITM0009854,P006,Laptop Stand Aluminium,TechCore Ltd,Accessories,2022-10-30,,71.5,2
RET000596,ORD0005773,ITM0009873,P008,Power Bank 20000mAh,Techcore Ltd,Accessories,2023-11-20,Not as Described,9.1,1
RET000597,ORD0005773,ITM0009874,P015,Microphone USB Condenser,Elite Components,Audio,2023-11-17,Changed Mind,86.84,1
RET000598,ORD0005779,ITM0009883,P003,Smart Watch Fitness,Nova Tech Supply,Wearables,2024-01-14,Arrived Damaged,104.22,1
RET000599,ORD0005780,ITM0009884,P014,Docking Station USB-C,EliteComponents,Accessories,2024-02-03,Defective/Not Working,205.39,2
RET000600,ORD0005780,ITM0009885,P019,Ring Light 10in,BrightGadgets,Lighting,2024-01-25,Wrong Item Sent,53.57,1
RET000601,ORD0005780,ITM0009886,P018,Action Camera 4K,Bright gadgets,Cameras,2024-01-20,Defective/Not Working,155.25,1
RET000602,ORD0005814,ITM0009948,P023,Cable Management Kit,ValueSource Co,Accessories,2023-05-09,Arrived Damaged,9.85,1
RET000603,ORD0005814,ITM0009949,P007,Webcam 1080p HD,Tech Core Ltd,Peripherals,2023-04-28,Not as Described,41.48,1
RET000604,ORD0005815,ITM0009950,P025,Screen Cleaning Kit,ValueSource Co,Accessories,2023-10-21,Defective/Not Working,14.68,2
RET000605,ORD0005815,ITM0009951,P006,Laptop Stand Aluminium,TechCore Ltd,Accessories,2023-10-19,Arrived Damaged,39.44,1
RET000606,ORD0005820,ITM0009958,P011,Mechanical Keyboard TKL,EliteComponents,Peripherals,2022-05-28,Poor Quality,67.7,1
RET000607,ORD0005820,ITM0009959,P012,Gaming Mouse RGB,Elite components,Peripherals,2022-06-13,Not as Described,60.96,2
RET000608,ORD0005820,ITM0009960,P006,Laptop Stand Aluminium,TechCore Ltd,Accessories,2022-06-10,Changed Mind,30.35,1
RET000609,ORD0005837,ITM0009991,P015,Microphone USB Condenser,Elite Components,Audio,2023-12-01,Defective/Not Working,191.36,2
RET000610,ORD0005862,ITM0010030,P018,Action Camera 4K,Bright gadgets,Cameras,2024-03-22,Not as Described,311.5,2
RET000611,ORD0005862,ITM0010031,P002,Bluetooth Speaker Mini,NovaTech Supply,Audio,2024-04-09,Defective/Not Working,53.33,1
RET000612,ORD0005875,ITM0010055,P005,USB-C Hub 7-in-1,TechCore Ltd,Accessories,2024-06-10,Arrived Damaged,69.83,2
RET000613,ORD0005944,ITM0010156,P013,Portable SSD 1TB,EliteComponents,Storage,2024-08-27,Wrong Item Sent,83.36,1
RET000614,ORD0005946,ITM0010158,P024,Phone Stand Adjustable,Value Source Co,Accessories,2022-11-13,Not as Described,18.6,2
RET000615,ORD0005946,ITM0010159,P017,Smart LED Desk Lamp,BrightGadgets,Lighting,2022-11-25,Poor Quality,39.51,1
RET000616,ORD0005946,ITM0010160,P013,Portable SSD 1TB,Elite Components,Storage,2022-11-22,Changed Mind,80.79,1
RET000617,ORD0006034,ITM0010311,P006,Laptop Stand Aluminium,TechCore Ltd,Accessories,2024-03-15,Changed Mind,76.24,2
RET000618,ORD0006080,ITM0010388,P003,Smart Watch Fitness,Nova Tech Supply,Wearables,2022-04-27,Poor Quality,124.79,1
RET000619,ORD0006080,ITM0010389,P006,Laptop Stand Aluminium,TechCore Ltd,Accessories,2022-05-05,Wrong Item Sent,117.4,3
RET000620,ORD0006085,ITM0010395,P007,Webcam 1080p HD,TechCore Ltd,Peripherals,2024-01-09,Not as Described,51.82,1
RET000621,ORD0006088,ITM0010398,P012,Gaming Mouse RGB,Elite components,Peripherals,2024-05-14,Changed Mind,80.69,2
RET000622,ORD0006113,ITM0010434,P010,Noise Cancel Headphones,TechCore Ltd,Audio,2022-08-03,Defective/Not Working,27.9,1
RET000623,ORD0006138,ITM0010484,P002,Bluetooth Speaker Mini,NovaTech Supply,Audio,2023-06-24,Defective/Not Working,58.21,1
RET000624,ORD0006234,ITM0010656,P001,Wireless Earbuds Pro,Novatech Supply,Audio,2023-05-23,Defective/Not Working,48.63,1
RET000625,ORD0006234,ITM0010657,P019,Ring Light 10in,Bright gadgets,Lighting,2023-05-28,Poor Quality,48.81,1
RET000626,ORD0006242,ITM0010669,P012,Gaming Mouse RGB,Elite components,Peripherals,2024-09-08,Poor Quality,35.63,1
RET000627,ORD0006242,ITM0010670,P025,Screen Cleaning Kit,ValueSource Co,Accessories,2024-09-17,Defective/Not Working,6.23,1
RET000628,ORD0006254,ITM0010693,P026,HDMI Cable 2m,ValueSource Co,Accessories,2023-08-04,Changed Mind,24.32,3
RET000629,ORD0006254,ITM0010694,P002,Bluetooth Speaker Mini,NovaTech Supply,Audio,2023-07-24,Wrong Item Sent,111.8,2
RET000630,ORD0006259,ITM0010699,P024,Phone Stand Adjustable,Value Source Co,Accessories,2022-06-19,Defective/Not Working,9.96,1
RET000631,ORD0006259,ITM0010700,P006,Laptop Stand Aluminium,TechCore Ltd,Accessories,2022-07-08,Wrong Item Sent,39.03,1
RET000632,ORD0006269,ITM0010718,P005,USB-C Hub 7-in-1,TechCore Ltd,Accessories,2023-10-02,Defective/Not Working,30.25,1
RET000633,ORD0006274,ITM0010724,P018,Action Camera 4K,Bright gadgets,Cameras,2023-02-05,Changed Mind,131.14,1
RET000634,ORD0006284,ITM0010740,P011,Mechanical Keyboard TKL,EliteComponents,Peripherals,2024-02-13,Changed Mind,65.2,1
RET000635,ORD0006284,ITM0010741,P001,Wireless Earbuds Pro,Novatech Supply,Audio,2024-02-14,Changed Mind,37.04,1
RET000636,ORD0006284,ITM0010742,P017,Smart LED Desk Lamp,Bright Gadgets,Lighting,2024-02-11,Defective/Not Working,31.3,1
RET000637,ORD0006284,ITM0010743,P006,Laptop Stand Aluminium,TechCore Ltd,Accessories,2024-01-31,Not as Described,53.01,2
RET000638,ORD0006285,ITM0010744,P001,Wireless Earbuds Pro,Novatech Supply,Audio,2024-05-06,Defective/Not Working,47.34,1
RET000639,ORD0006285,ITM0010745,P013,Portable SSD 1TB,EliteComponents,Storage,2024-05-03,Not as Described,85.55,1
RET000640,ORD0006287,ITM0010748,P007,Webcam 1080p HD,TechCore Ltd,Peripherals,2024-11-16,Defective/Not Working,49.84,1
RET000641,ORD0006295,ITM0010760,P007,Webcam 1080p HD,TechCore Ltd,Peripherals,2023-11-10,Arrived Damaged,101.25,2
RET000642,ORD0006306,ITM0010782,P005,USB-C Hub 7-in-1,TechCore Ltd,Accessories,2024-06-23,Defective/Not Working,23.6,1
RET000643,ORD0006306,ITM0010783,P025,Screen Cleaning Kit,ValueSource Co,Accessories,2024-06-07,Arrived Damaged,5.29,1
RET000644,ORD0006312,ITM0010789,P007,Webcam 1080p HD,TechCore Ltd,Peripherals,2023-04-25,Defective/Not Working,51.07,1
RET000645,ORD0006321,ITM0010805,P013,Portable SSD 1TB,EliteComponents,Storage,2024-11-17,Arrived Damaged,251.3,3
RET000646,ORD0006321,ITM0010806,P012,Gaming Mouse RGB,Elite components,Peripherals,2024-11-16,Wrong Item Sent,81.27,2
RET000647,ORD0006321,ITM0010807,P023,Cable Management Kit,ValueSource Co,Accessories,2024-11-21,Not as Described,23.75,999
RET000648,ORD0006330,ITM0010819,P025,Screen Cleaning Kit,ValueSource Co,Accessories,2024-02-09,Not as Described,7.48,1
RET000649,ORD0006357,ITM0010868,P024,Phone Stand Adjustable,Value Source Co,Accessories,2024-12-05,Not as Described,7.38,1
RET000650,ORD0006357,ITM0010869,P008,Power Bank 20000mAh,Techcore Ltd,Accessories,2024-12-06,Wrong Item Sent,8.65,1
RET000651,ORD0006357,ITM0010870,P002,Bluetooth Speaker Mini,NovaTech Supply,Audio,2024-12-13,Defective/Not Working,46.68,1
RET000652,ORD0006362,ITM0010877,P010,Noise Cancel Headphones,TechCore Ltd,Audio,2024-03-31,Wrong Item Sent,38.4,1
RET000653,ORD0006376,ITM0010894,P008,Power Bank 20000mAh,Tech Core Ltd,Accessories,2023-04-25,Defective/Not Working,23.05,2
RET000654,ORD0006376,ITM0010895,P011,Mechanical Keyboard TKL,EliteComponents,Peripherals,2023-04-28,Defective/Not Working,82.34,1
RET000655,ORD0006376,ITM0010896,P025,Screen Cleaning Kit,ValueSource Co,Accessories,2023-04-18,Defective/Not Working,23.13,3
RET000656,ORD0006413,ITM0010947,P028,Gaming Chair Ergonomic,ValueSource Co,Furniture,2024-08-18,Poor Quality,331.59,1
RET000657,ORD0006418,ITM0010955,P003,Smart Watch Fitness,Nova Tech Supply,Wearables,2024-02-09,Changed Mind,320.63,3
RET000658,ORD0006431,ITM0010978,P001,Wireless Earbuds Pro,Novatech Supply,Audio,2023-09-30,Defective/Not Working,44.44,1
RET000659,ORD0006431,ITM0010979,P016,27in Monitor 4K,BrightGadgets,Displays,2023-10-14,Defective/Not Working,620.12,2
RET000660,ORD0006431,ITM0010980,P023,Cable Management Kit,ValueSource Co,Accessories,2023-10-12,Defective/Not Working,11.89,1
RET000661,ORD0006441,ITM0010999,P024,Phone Stand Adjustable,Value Source Co,Accessories,2024-01-06,,9.27,1
RET000662,ORD0006441,ITM0011000,P015,Microphone USB Condenser,Elite Components,Audio,2024-01-27,Not as Described,192.96,2
RET000663,ORD0006448,ITM0011008,P010,Noise Cancel Headphones,Techcore Ltd,Audio,2023-08-02,Arrived Damaged,34.89,1
RET000664,ORD0006449,ITM0011009,P015,Microphone USB Condenser,Elite Components,Audio,2023-05-16,Not as Described,77.84,1
RET000665,ORD0006449,ITM0011010,P011,Mechanical Keyboard TKL,ELITECOMPONENTS,Peripherals,2023-05-20,Changed Mind,74.87,1
RET000666,ORD0006459,ITM0011027,P003,Smart Watch Fitness,Nova Tech Supply,Wearables,2023-06-22,Defective/Not Working,137.4,1
RET000667,ORD0006498,ITM0011093,P007,Webcam 1080p HD,TechCore Ltd,Peripherals,2024-07-02,Defective/Not Working,48.65,1
RET000668,ORD0006498,ITM0011094,P030,Webcam 4K Pro,TechCore Ltd,Peripherals,2024-06-17,Changed Mind,140.3,1
RET000669,ORD0006550,ITM0011184,P026,HDMI Cable 2m,ValueSource,Accessories,2022-05-23,Not as Described,8.34,1
RET000670,ORD0006550,ITM0011185,P007,Webcam 1080p HD,TechCore Ltd,Peripherals,2022-05-29,Defective/Not Working,51.71,1
RET000671,ORD0006591,ITM0011263,P006,Laptop Stand Aluminium,TechCore Ltd,Accessories,2024-11-14,Not as Described,30.34,1
RET000672,ORD0006595,ITM0011269,P005,USB-C Hub 7-in-1,TechCore Ltd,Accessories,2024-06-16,Defective/Not Working,31.9,1
RET000673,ORD0006595,ITM0011270,P005,USB-C Hub 7-in-1,TechCore Ltd,Accessories,2024-06-24,Wrong Item Sent,32.21,1
RET000674,ORD0006595,ITM0011271,P020,Laptop Cooling Pad,BrightGadgets,Accessories,2024-06-28,Defective/Not Working,29.68,1
RET000675,ORD0006597,ITM0011273,P030,Webcam 4K Pro,TechCore Ltd,Peripherals,2022-11-07,Defective/Not Working,270.58,2
RET000676,ORD0006612,ITM0011298,P007,Webcam 1080p HD,TECHCORE LTD,Peripherals,2024-01-06,Arrived Damaged,42.34,1
RET000677,ORD0006612,ITM0011299,P005,USB-C Hub 7-in-1,TechCore Ltd,Accessories,2024-01-08,Defective/Not Working,25.35,1
RET000678,ORD0006635,ITM0011348,P011,Mechanical Keyboard TKL,ELITECOMPONENTS,Peripherals,2023-10-26,Defective/Not Working,173.13,2
RET000679,ORD0006661,ITM0011393,P026,HDMI Cable 2m,VALUE SOURCE,Accessories,2024-12-28,Defective/Not Working,8.7,1
RET000680,ORD0006661,ITM0011394,P007,Webcam 1080p HD,TechCore Ltd,Peripherals,2025-01-10,Defective/Not Working,52.1,1
RET000681,ORD0006664,ITM0011398,P002,Bluetooth Speaker Mini,NovaTech Supply,Audio,2025-01-20,Defective/Not Working,45.57,1
RET000682,ORD0006676,ITM0011415,P017,Smart LED Desk Lamp,Bright Gadgets,Lighting,2024-04-28,Defective/Not Working,38.29,1
RET000683,ORD0006676,ITM0011416,P014,Docking Station USB-C,EliteComponents,,2024-04-29,Changed Mind,100.39,1
RET000684,ORD0006676,ITM0011417,P010,Noise Cancel Headphones,TechCore Ltd,Audio,2024-04-21,Arrived Damaged,35.48,1
RET000685,ORD0006676,ITM0011418,P024,Phone Stand Adjustable,Value Source Co,Accessories,2024-04-21,Changed Mind,18.63,2
RET000686,ORD0006718,ITM0011506,P019,Ring Light 10in,BrightGadgets,Lighting,2024-01-12,Defective/Not Working,45.41,1
RET000687,ORD0006762,ITM0011578,P020,Laptop Cooling Pad,BrightGadgets,Accessories,2024-01-01,Defective/Not Working,32.75,1
RET000688,ORD0006762,ITM0011579,P017,Smart LED Desk Lamp,BrightGadgets,Lighting,2023-12-19,Changed Mind,40.27,1
RET000689,ORD0006768,ITM0011588,P007,Webcam 1080p HD,TechCore Ltd,Peripherals,2024-11-04,Defective/Not Working,51.85,1
RET000690,ORD0006775,ITM0011600,P002,Bluetooth Speaker Mini,NovaTech Supply,Audio,2023-01-01,Defective/Not Working,58.99,1
RET000691,ORD0006775,ITM0011601,P008,Power Bank 20000mAh,Techcore Ltd,Accessories,2022-12-24,Poor Quality,11.64,1
RET000692,ORD0006805,ITM0011661,P006,Laptop Stand Aluminium,TechCore Ltd,Accessories,2024-12-21,Defective/Not Working,31.14,1
RET000693,ORD0006805,ITM0011662,P028,Gaming Chair Ergonomic,ValueSource Co,Furniture,2024-12-02,Wrong Item Sent,277.67,1
RET000694,ORD0006835,ITM0011715,P008,Power Bank 20000mAh,TechCore,Accessories,2024-06-28,Defective/Not Working,31.33,3
RET000695,ORD0006835,ITM0011716,P026,HDMI Cable 2m,ValueSource Co,Accessories,2024-06-26,Arrived Damaged,8.7,1
RET000696,ORD0006841,ITM0011722,P016,27in Monitor 4K,BrightGadgets,Displays,2024-05-19,Wrong Item Sent,225.81,1
RET000697,ORD0006841,ITM0011723,P022,Laptop Sleeve 15in,ValueSource Co,Accessories,2024-05-08,Not as Described,15.07,1
RET000698,ORD0006842,ITM0011724,P027,Cable Clips Pack 50,ValueSource Co,Accessories,2024-08-02,Defective/Not Working,3.91,1
RET000699,ORD0006842,ITM0011725,P003,Smart Watch Fitness,Nova Tech Supply,Wearables,2024-08-06,Defective/Not Working,98.5,1
RET000700,ORD0006842,ITM0011726,P012,Gaming Mouse RGB,Elite components,Peripherals,2024-08-05,Wrong Item Sent,32.13,1
RET000701,ORD0006842,ITM0011727,P006,Laptop Stand Aluminium,TechCore Ltd,Accessories,2024-08-02,Defective/Not Working,26.73,1
RET000702,ORD0006854,ITM0011749,P022,Laptop Sleeve 15in,ValueSource Co,Accessories,2023-01-19,Changed Mind,18.3,1
RET000703,ORD0006863,ITM0011760,P009,Desk Pad XL,TechCore Ltd,Accessories,2022-08-04,Not as Described,26.48,1
RET000704,ORD0006895,ITM0011816,P012,Gaming Mouse RGB,Elite components,Peripherals,2024-08-23,Wrong Item Sent,42.52,1
RET000705,ORD0006915,ITM0011861,P010,Noise Cancel Headphones,TechCore Ltd,Audio,2024-06-20,,34.94,1
RET000706,ORD0006915,ITM0011862,P011,Mechanical Keyboard TKL,ELITECOMPONENTS,Peripherals,2024-06-28,Defective/Not Working,260.96,3
RET000707,ORD0006915,ITM0011863,P024,Phone Stand Adjustable,Value Source Co,Accessories,2024-06-25,Changed Mind,9.31,1
RET000708,ORD0006933,ITM0011902,P007,Webcam 1080p HD,TechCore Ltd,Peripherals,2023-09-30,Defective/Not Working,39.56,1
RET000709,ORD0006933,ITM0011903,P020,Laptop Cooling Pad,BrightGadgets,Accessories,2023-10-06,Wrong Item Sent,47.82,2
RET000710,ORD0006933,ITM0011904,P010,Noise Cancel Headphones,TechCore Ltd,Audio,2023-10-06,Arrived Damaged,30.08,1
RET000711,ORD0006933,ITM0011905,P011,Mechanical Keyboard TKL,EliteComponents,Peripherals,2023-10-13,Defective/Not Working,134.86,2
RET000712,ORD0006950,ITM0011933,P011,Mechanical Keyboard TKL,EliteComponents,Peripherals,2023-09-04,Arrived Damaged,63.95,1
RET000713,ORD0006958,ITM0011947,P006,Laptop Stand Aluminium,TechCore Ltd,Accessories,2023-07-31,Not as Described,35.66,1
RET000714,ORD0006958,ITM0011948,P006,Laptop Stand Aluminium,TechCore Ltd,Accessories,2023-07-10,Arrived Damaged,36.36,1
RET000715,ORD0006980,ITM0011981,P011,Mechanical Keyboard TKL,ELITECOMPONENTS,Peripherals,2024-12-28,Defective/Not Working,81.03,1
RET000716,ORD0006980,ITM0011982,P005,USB-C Hub 7-in-1,TechCore Ltd,Accessories,2024-12-28,Changed Mind,34.23,1
RET000717,ORD0007013,ITM0012043,P002,Bluetooth Speaker Mini,NovaTech Supply,Audio,2024-02-01,Defective/Not Working,45.18,1
RET000718,ORD0007053,ITM0012100,P026,HDMI Cable 2m,ValueSource Co,Accessories,2023-09-04,Not as Described,8.22,1
RET000719,ORD0007061,ITM0012112,P016,27in Monitor 4K,BrightGadgets,Displays,2024-02-22,Not as Described,301.65,1
RET000720,ORD0007080,ITM0012146,P021,VR Headset Standalone,brightgadgets,Gaming,2024-12-11,Not as Described,228.31,1
RET000721,ORD0007080,ITM0012147,P026,HDMI Cable 2m,ValueSource Co,Accessories,2024-12-08,Defective/Not Working,7.62,1
RET000722,ORD0007080,ITM0012148,P007,Webcam 1080p HD,TechCore Ltd,Peripherals,2024-12-04,Changed Mind,92.67,2
RET000723,ORD0007107,ITM0012189,P007,Webcam 1080p HD,TechCore Ltd,Peripherals,2024-12-14,Defective/Not Working,53.25,1
RET000724,ORD0007107,ITM0012190,P012,Gaming Mouse RGB,Elite components,Peripherals,2024-12-16,Defective/Not Working,44.01,1
RET000725,ORD0007169,ITM0012289,P027,Cable Clips Pack 50,ValueSource Co,Accessories,2024-09-13,Defective/Not Working,4.44,1
RET000726,ORD0007179,ITM0012301,P025,Screen Cleaning Kit,ValueSource Co,Accessories,2023-11-03,Defective/Not Working,5.61,1
RET000727,ORD0007179,ITM0012302,P001,Wireless Earbuds Pro,Novatech Supply,Audio,2023-11-11,Defective/Not Working,37.98,1
RET000728,ORD0007179,ITM0012303,P009,Desk Pad XL,TechCore Ltd,Accessories,2023-11-03,Wrong Item Sent,23.16,1
RET000729,ORD0007196,ITM0012333,P010,Noise Cancel Headphones,TechCore Ltd,Audio,2024-12-06,Wrong Item Sent,37.93,1
RET000730,ORD0007196,ITM0012334,P021,VR Headset Standalone,brightgadgets,Gaming,2024-12-08,Defective/Not Working,288.01,1
RET000731,ORD0007211,ITM0012356,P022,Laptop Sleeve 15in,ValueSource Co,Accessories,2024-02-05,Arrived Damaged,17.8,1
RET000732,ORD0007218,ITM0012365,P002,Bluetooth Speaker Mini,NovaTech Supply,Audio,2023-08-14,Not as Described,58.52,1
RET000733,ORD0007218,ITM0012366,P028,Gaming Chair Ergonomic,ValueSource Co,Furniture,2023-07-28,Poor Quality,344.89,1
RET000734,ORD0007231,ITM0012385,P002,Bluetooth Speaker Mini,NovaTech Supply,Audio,2024-06-09,Not as Described,52.92,1
RET000735,ORD0007241,ITM0012406,P021,VR Headset Standalone,brightgadgets,Gaming,2024-04-11,Arrived Damaged,267.42,1
RET000736,ORD0007241,ITM0012407,P008,Power Bank 20000mAh,Techcore Ltd,Accessories,2024-03-20,Defective/Not Working,10.53,1
RET000737,ORD0007248,ITM0012418,P016,27in Monitor 4K,BRIGHTGADGETS,Displays,2022-08-18,Defective/Not Working,311.59,1
RET000738,ORD0007248,ITM0012419,P028,Gaming Chair Ergonomic,Valuesource Co,Furniture,2022-08-31,Defective/Not Working,639.83,2
RET000739,ORD0007295,ITM0012497,P009,Desk Pad XL,TECHCORE LTD,Accessories,2023-11-16,,26.71,1
RET000740,ORD0007295,ITM0012498,P005,USB-C Hub 7-in-1,TechCore Ltd,,2023-11-07,Not as Described,31.29,1
RET000741,ORD0007300,ITM0012503,P012,Gaming Mouse RGB,Elite components,Peripherals,2024-08-24,Not as Described,38.05,1
RET000742,ORD0007335,ITM0012566,P020,Laptop Cooling Pad,BrightGadgets,Accessories,2023-11-10,Changed Mind,22.23,1
RET000743,ORD0007341,ITM0012576,P028,Gaming Chair Ergonomic,ValueSource Co,Furniture,2024-11-21,Poor Quality,327.59,1
RET000744,ORD0007347,ITM0012584,P008,Power Bank 20000mAh,Techcore Ltd,,2023-09-15,Not as Described,16.78,2
RET000745,ORD0007347,ITM0012585,P004,Smart Plug 4-Pack,novatech supply,,2023-09-12,Defective/Not Working,23.03,1
RET000746,ORD0007349,ITM0012587,P015,Microphone USB Condenser,Elite Components,Audio,2023-12-25,Defective/Not Working,167.08,2
RET000747,ORD0007372,ITM0012625,P013,Portable SSD 1TB,EliteComponents,Storage,2023-11-13,Poor Quality,61.98,1
RET000748,ORD0007390,ITM0012653,P012,Gaming Mouse RGB,Elite components,Peripherals,2021-01-10,Poor Quality,75.19,2
RET000749,ORD0007390,ITM0012654,P024,Phone Stand Adjustable,Value Source Co,Accessories,2024-09-26,Not as Described,7.97,1
RET000750,ORD0007390,ITM0012655,P007,Webcam 1080p HD,TechCore Ltd,Peripherals,2024-09-25,Wrong Item Sent,47.02,1
RET000751,ORD0007390,ITM0012656,P008,Power Bank 20000mAh,Techcore Ltd,Accessories,2024-10-09,Defective/Not Working,18.98,2
RET000752,ORD0007400,ITM0012670,P024,Phone Stand Adjustable,Value Source Co,Accessories,2024-07-31,Arrived Damaged,8.81,1
RET000753,ORD0007403,ITM0012674,P006,Laptop Stand Aluminium,TechCore Ltd,Accessories,2024-07-30,Changed Mind,38.84,1
RET000754,ORD0007407,ITM0012679,P029,Thermal Paste Premium,EliteComponents,PC Parts,2022-03-11,,9.61,1
RET000755,ORD0007407,ITM0012680,P025,Screen Cleaning Kit,ValueSource Co,Accessories,2022-03-09,Changed Mind,7.54,1
RET000756,ORD0007408,ITM0012681,P006,Laptop Stand Aluminium,Techcore Ltd,Accessories,2024-11-14,Defective/Not Working,39.72,1
RET000757,ORD0007414,ITM0012689,P019,Ring Light 10in,BrightGadgets,Lighting,2023-10-30,Wrong Item Sent,53.7,1
RET000758,ORD0007414,ITM0012690,P030,Webcam 4K Pro,TechCore Ltd,Peripherals,2023-10-13,Defective/Not Working,143.31,1
RET000759,ORD0007440,ITM0012735,P008,Power Bank 20000mAh,Techcore Ltd,Accessories,2023-04-25,Arrived Damaged,11.2,1
RET000760,ORD0007451,ITM0012755,P015,Microphone USB Condenser,Elite Components,Audio,2022-02-26,Arrived Damaged,88.13,1
RET000761,ORD0007451,ITM0012756,P009,Desk Pad XL,TechCore Ltd,Accessories,2022-03-05,Arrived Damaged,29.1,1
RET000762,ORD0007451,ITM0012757,P014,Docking Station USB-C,EliteComponents,Accessories,2022-02-25,Not as Described,104.53,1
RET000763,ORD0007452,ITM0012758,P010,Noise Cancel Headphones,TechCore Ltd,Audio,2023-08-07,Defective/Not Working,35.11,1
RET000764,ORD0007452,ITM0012759,P006,Laptop Stand Aluminium,TechCore,Accessories,2023-08-11,Changed Mind,38.11,1
RET000765,ORD0007458,ITM0012766,P015,Microphone USB Condenser,Elite Components,Audio,2024-09-24,Arrived Damaged,92.05,1
RET000766,ORD0007477,ITM0012790,P008,Power Bank 20000mAh,Techcore Ltd,Accessories,2024-11-30,Wrong Item Sent,10.43,1
RET000767,ORD0007478,ITM0012791,P024,Phone Stand Adjustable,Value Source Co,Accessories,2023-07-28,Defective/Not Working,8.88,1
RET000768,ORD0007478,ITM0012792,P012,Gaming Mouse RGB,ELITECOMPONENTS,Peripherals,2023-08-03,Wrong Item Sent,44.49,1
RET000769,ORD0007523,ITM0012875,P004,Smart Plug 4-Pack,novatech supply,Smart Home,2024-10-07,Defective/Not Working,27.89,1
RET000770,ORD0007523,ITM0012876,P008,Power Bank 20000mAh,TECHCORE LTD,Accessories,2024-10-19,Defective/Not Working,17.83,2
RET000771,ORD0007523,ITM0012877,P014,Docking Station USB-C,EliteComponents,Accessories,2024-10-18,Arrived Damaged,92.07,1
RET000772,ORD0007523,ITM0012878,P006,Laptop Stand Aluminium,TechCore Ltd,Accessories,2024-10-11,Changed Mind,32.21,1
RET000773,ORD0007525,ITM0012881,P019,Ring Light 10in,BrightGadgets,Lighting,2024-06-13,Poor Quality,54.71,1
RET000774,ORD0007525,ITM0012882,P006,Laptop Stand Aluminium,TechCore,Accessories,2024-06-26,Defective/Not Working,36.65,1
RET000775,ORD0007579,ITM0012966,P015,Microphone USB Condenser,Elite Components,Audio,2024-08-07,Defective/Not Working,97.18,1
RET000776,ORD0007579,ITM0012967,P021,VR Headset Standalone,brightgadgets,Gaming,2024-07-23,Not as Described,282.47,1
RET000777,ORD0007579,ITM0012968,P030,Webcam 4K Pro,TechCore Ltd,Peripherals,2024-07-24,,397.13,3
RET000778,ORD0007579,ITM0012969,P008,Power Bank 20000mAh,Techcore Ltd,Accessories,2024-08-09,Defective/Not Working,21.82,2
RET000779,ORD0007613,ITM0013035,P011,Mechanical Keyboard TKL,EliteComponents,Peripherals,2023-12-03,Defective/Not Working,171.68,2
RET000780,ORD0007641,ITM0013089,P008,Power Bank 20000mAh,Techcore Ltd,Accessories,2024-04-08,Not as Described,10.57,1
RET000781,ORD0007641,ITM0013090,P004,Smart Plug 4-Pack,novatech supply,Smart Home,2024-04-04,Defective/Not Working,64.92,2
RET000782,ORD0007641,ITM0013091,P016,27in Monitor 4K,brightgadgets,Displays,2024-03-25,Defective/Not Working,292.34,1
RET000783,ORD0007664,ITM0013133,P025,Screen Cleaning Kit,ValueSource Co,Accessories,2024-10-29,Not as Described,6.94,1
RET000784,ORD0007671,ITM0013141,P011,Mechanical Keyboard TKL,EliteComponents,Peripherals,2022-11-23,Defective/Not Working,86.28,1
RET000785,ORD0007685,ITM0013166,P019,Ring Light 10in,BrightGadgets,Lighting,2024-10-12,Defective/Not Working,108.72,2
RET000786,ORD0007692,ITM0013176,P008,Power Bank 20000mAh,Techcore Ltd,Accessories,2024-01-15,Poor Quality,35.11,3
RET000787,ORD0007698,ITM0013184,P025,Screen Cleaning Kit,ValueSource Co,Accessories,2023-11-26,Defective/Not Working,7.7,1
RET000788,ORD0007698,ITM0013185,P022,Laptop Sleeve 15in,ValueSource Co,Accessories,2023-12-04,Defective/Not Working,57.1,3
RET000789,ORD0007718,ITM0013223,P009,Desk Pad XL,Tech Core Ltd,Accessories,2023-06-18,Wrong Item Sent,28.43,1
RET000790,ORD0007718,ITM0013224,P012,Gaming Mouse RGB,Elite components,Peripherals,2023-06-21,Wrong Item Sent,39.79,1
RET000791,ORD0007784,ITM0013339,P005,USB-C Hub 7-in-1,TechCore Ltd,Accessories,2024-07-20,Poor Quality,28.06,1
RET000792,ORD0007784,ITM0013340,P016,27in Monitor 4K,Bright gadgets,Displays,2024-07-12,Arrived Damaged,264.54,1
RET000793,ORD0007784,ITM0013341,P030,Webcam 4K Pro,TechCore Ltd,Peripherals,2024-07-03,Wrong Item Sent,123.02,1
RET000794,ORD0007806,ITM0013378,P001,Wireless Earbuds Pro,Novatech Supply,Audio,2024-07-21,Wrong Item Sent,47.71,1
RET000795,ORD0007820,ITM0013404,P013,Portable SSD 1TB,EliteComponents,Storage,2023-08-10,Not as Described,61.39,1
RET000796,ORD0007830,ITM0013417,P007,Webcam 1080p HD,TechCore Ltd,Peripherals,2022-10-20,Defective/Not Working,41.61,1
RET000797,ORD0007871,ITM0013492,P004,Smart Plug 4-Pack,novatech supply,Smart Home,2024-06-26,Not as Described,34.07,1
RET000798,ORD0007871,ITM0013493,P026,HDMI Cable 2m,ValueSource Co,Accessories,2024-07-13,,8.12,1
RET000799,ORD0007871,ITM0013494,P017,Smart LED Desk Lamp,BrightGadgets,Lighting,2024-07-03,Not as Described,42.78,1
RET000800,ORD0007897,ITM0013537,P012,Gaming Mouse RGB,Elite components,Peripherals,2022-01-28,,43.13,1
RET000801,ORD0007897,ITM0013538,P008,Power Bank 20000mAh,Techcore Ltd,Accessories,2022-01-20,Defective/Not Working,22.58,2
RET000802,ORD0007904,ITM0013549,P026,HDMI Cable 2m,VALUE SOURCE,Accessories,2023-01-19,Not as Described,6.96,1
RET000803,ORD0007906,ITM0013553,P011,Mechanical Keyboard TKL,EliteComponents,Peripherals,2022-03-26,Defective/Not Working,85.75,1
RET000804,ORD0007909,ITM0013560,P016,27in Monitor 4K,BrightGadgets,Displays,2023-11-10,Defective/Not Working,568.85,2
RET000805,ORD0007976,ITM0013673,P009,Desk Pad XL,TechCore Ltd,Accessories,2024-09-01,Changed Mind,57.81,2
RET000806,ORD0007976,ITM0013674,P002,Bluetooth Speaker Mini,NovaTech Supply,Audio,2024-08-21,Not as Described,57.17,1
RET000807,ORD0007984,ITM0013685,P016,27in Monitor 4K,BRIGHTGADGETS,Displays,2022-09-09,Defective/Not Working,303.62,1
RET000808,ORD0008000,ITM0013705,P002,Bluetooth Speaker Mini,NovaTech Supply,Audio,2023-04-30,Defective/Not Working,82.27,2
RET000809,ORD0008000,ITM0013706,P010,Noise Cancel Headphones,TechCore Ltd,Audio,2023-04-30,Defective/Not Working,28.8,1
RET000810,ORD0008000,ITM0013707,P007,Webcam 1080p HD,TechCore Ltd,Peripherals,2023-05-14,Defective/Not Working,77.13,2
RET000811,ORD0008002,ITM0013709,P014,Docking Station USB-C,EliteComponents,Accessories,2023-06-19,Defective/Not Working,101.4,1
RET000812,ORD0008057,ITM0013805,P005,USB-C Hub 7-in-1,TechCore Ltd,Accessories,2024-12-28,Defective/Not Working,98.47,3
RET000813,ORD0008064,ITM0013816,P001,Wireless Earbuds Pro,Novatech Supply,Audio,2024-01-31,Defective/Not Working,47.92,1
RET000814,ORD0008064,ITM0013817,P004,Smart Plug 4-Pack,novatech supply,Smart Home,2024-02-02,Defective/Not Working,100.87,3
RET000815,ORD0008064,ITM0013818,P002,Bluetooth Speaker Mini,NovaTech Supply,Audio,2024-01-25,Not as Described,59.21,1
RET000816,ORD0008065,ITM0013819,P005,USB-C Hub 7-in-1,TechCore Ltd,Accessories,2024-02-13,Not as Described,29.75,1
RET000817,ORD0008065,ITM0013820,P023,Cable Management Kit,ValueSource Co,Accessories,2024-02-06,Defective/Not Working,21.21,2
RET000818,ORD0008068,ITM0013825,P025,Screen Cleaning Kit,ValueSource Co,Accessories,2024-10-21,Defective/Not Working,7.06,1
RET000819,ORD0008068,ITM0013826,P006,Laptop Stand Aluminium,TechCore Ltd,Accessories,2024-10-17,Defective/Not Working,36.61,1
RET000820,ORD0008074,ITM0013835,P027,Cable Clips Pack 50,VALUE SOURCE,Accessories,2023-11-14,Defective/Not Working,10.94,2
RET000821,ORD0008093,ITM0013866,P008,Power Bank 20000mAh,Techcore Ltd,Accessories,2023-06-20,Not as Described,32.69,3
RET000822,ORD0008099,ITM0013873,P022,Laptop Sleeve 15in,ValueSource Co,Accessories,2023-12-11,Defective/Not Working,57.45,3
RET000823,ORD0008126,ITM0013919,P015,Microphone USB Condenser,Elite Components,Audio,2023-10-25,Not as Described,90.96,1
RET000824,ORD0008126,ITM0013920,P022,Laptop Sleeve 15in,ValueSource Co,Accessories,2023-10-28,Changed Mind,38.12,2
RET000825,ORD0008126,ITM0013921,P014,Docking Station USB-C,EliteComponents,Accessories,2023-10-20,Arrived Damaged,99.32,1
RET000826,ORD0008126,ITM0013922,P008,Power Bank 20000mAh,Techcore Ltd,Accessories,2023-10-18,,10.64,1
RET000827,ORD0008131,ITM0013929,P001,Wireless Earbuds Pro,Novatech Supply,Audio,2022-12-09,Arrived Damaged,93.52,2
RET000828,ORD0008154,ITM0013962,P020,Laptop Cooling Pad,brightgadgets,Accessories,2023-06-03,Arrived Damaged,25.16,1
RET000829,ORD0008154,ITM0013963,P002,Bluetooth Speaker Mini,NovaTech Supply,Audio,2023-06-22,Defective/Not Working,48.21,1
RET000830,ORD0008154,ITM0013964,P003,Smart Watch Fitness,Nova Tech Supply,Wearables,2023-06-13,Wrong Item Sent,109.98,1
RET000831,ORD0008168,ITM0013986,P006,Laptop Stand Aluminium,TechCore Ltd,Accessories,2023-09-13,Changed Mind,39.14,1
RET000832,ORD0008168,ITM0013987,P026,HDMI Cable 2m,ValueSource Co,Accessories,2023-09-23,Changed Mind,24.61,3
RET000833,ORD0008170,ITM0013992,P007,Webcam 1080p HD,TechCore Ltd,Peripherals,2023-04-08,Defective/Not Working,53.33,1
RET000834,ORD0008213,ITM0014057,P012,Gaming Mouse RGB,Elite components,Peripherals,2024-10-18,Poor Quality,42.27,1
RET000835,ORD0008213,ITM0014058,P001,Wireless Earbuds Pro,Novatech Supply,Audio,2024-10-05,Defective/Not Working,49.62,1
RET000836,ORD0008236,ITM0014112,P001,Wireless Earbuds Pro,Novatech Supply,Audio,2024-09-16,,35.31,1
RET000837,ORD0008236,ITM0014113,P013,Portable SSD 1TB,EliteComponents,Storage,2024-09-12,Poor Quality,62.85,1
RET000838,ORD0008245,ITM0014133,P002,Bluetooth Speaker Mini,NovaTech Supply,Audio,2024-02-24,Defective/Not Working,57.6,1
RET000839,ORD0008245,ITM0014134,P018,Action Camera 4K,Bright gadgets,Cameras,2024-02-27,Changed Mind,331.63,2
RET000840,ORD0008250,ITM0014140,P003,Smart Watch Fitness,Nova Tech Supply,Wearables,2023-06-19,Changed Mind,96.82,1
RET000841,ORD0008250,ITM0014141,P012,Gaming Mouse RGB,Elite components,Peripherals,2023-06-22,Defective/Not Working,30.66,1
RET000842,ORD0008256,ITM0014148,P003,Smart Watch Fitness,Nova Tech Supply,Wearables,2024-02-18,Defective/Not Working,264.21,2
RET000843,ORD0008256,ITM0014149,P023,Cable Management Kit,ValueSource Co,Accessories,2024-02-25,Defective/Not Working,12.38,1
RET000844,ORD0008264,ITM0014164,P025,Screen Cleaning Kit,ValueSource Co,Accessories,2024-08-30,Not as Described,22.15,3
RET000845,ORD0008264,ITM0014165,P002,Bluetooth Speaker Mini,NovaTech Supply,Audio,2024-08-20,Not as Described,57.4,1
RET000846,ORD0008264,ITM0014166,P005,USB-C Hub 7-in-1,Tech Core Ltd,Accessories,2024-08-28,,68.45,2
RET000847,ORD0008269,ITM0014175,P005,USB-C Hub 7-in-1,TechCore Ltd,Accessories,2022-05-04,Arrived Damaged,65.28,2
RET000848,ORD0008269,ITM0014176,P022,Laptop Sleeve 15in,Value Source Co,Accessories,2022-05-12,Arrived Damaged,19.97,1
RET000849,ORD0008270,ITM0014177,P025,Screen Cleaning Kit,ValueSource Co,Accessories,2022-05-13,Defective/Not Working,7.87,1
RET000850,ORD0008270,ITM0014178,P007,Webcam 1080p HD,TechCore Ltd,Peripherals,2022-05-13,Defective/Not Working,106.67,2
RET000851,ORD0008276,ITM0014191,P004,Smart Plug 4-Pack,novatech supply,Smart Home,2023-04-13,Defective/Not Working,24.76,1
RET000852,ORD0008370,ITM0014342,P016,27in Monitor 4K,BrightGadgets,Displays,2024-01-14,Arrived Damaged,745.49,3
RET000853,ORD0008370,ITM0014343,P011,Mechanical Keyboard TKL,EliteComponents,Peripherals,2024-01-02,Arrived Damaged,132.18,2
RET000854,ORD0008373,ITM0014349,P008,Power Bank 20000mAh,Techcore Ltd,Accessories,2024-04-21,Defective/Not Working,8.11,1
RET000855,ORD0008373,ITM0014350,P011,Mechanical Keyboard TKL,Elite Components,Peripherals,2024-04-12,Changed Mind,63.14,1
RET000856,ORD0008373,ITM0014351,P024,Phone Stand Adjustable,Value Source Co,Accessories,2024-04-09,Defective/Not Working,7.39,1
RET000857,ORD0008373,ITM0014352,P011,Mechanical Keyboard TKL,EliteComponents,Peripherals,2024-04-19,Wrong Item Sent,63.28,1
RET000858,ORD0008377,ITM0014357,P002,Bluetooth Speaker Mini,NovaTech Supply,Audio,2024-11-28,Defective/Not Working,44.2,1
RET000859,ORD0008377,ITM0014358,P013,Portable SSD 1TB,Elite Components,Storage,2024-12-08,Wrong Item Sent,60.35,1
RET000860,ORD0008379,ITM0014361,P009,Desk Pad XL,TechCore Ltd,Accessories,2022-07-02,Not as Described,27.72,1
RET000861,ORD0008396,ITM0014389,P005,USB-C Hub 7-in-1,Tech Core Ltd,Accessories,2024-10-11,Defective/Not Working,29.92,1
RET000862,ORD0008396,ITM0014390,P028,Gaming Chair Ergonomic,ValueSource Co,Furniture,2024-10-04,Defective/Not Working,286.84,1
RET000863,ORD0008407,ITM0014408,P008,Power Bank 20000mAh,Techcore Ltd,Accessories,2023-01-15,Defective/Not Working,8.99,1
RET000864,ORD0008426,ITM0014438,P007,Webcam 1080p HD,TechCore Ltd,Peripherals,2024-02-05,Changed Mind,50.69,1
RET000865,ORD0008426,ITM0014439,P006,Laptop Stand Aluminium,TECHCORE LTD,Accessories,2024-01-20,,39.56,1
RET000866,ORD0008430,ITM0014448,P014,Docking Station USB-C,Elite Components,Accessories,2024-01-24,Changed Mind,108.17,1
RET000867,ORD0008457,ITM0014495,P011,Mechanical Keyboard TKL,EliteComponents,Peripherals,2024-10-19,Changed Mind,87.8,1
RET000868,ORD0008461,ITM0014502,P006,Laptop Stand Aluminium,TechCore Ltd,Accessories,2023-11-13,Defective/Not Working,33.15,1
RET000869,ORD0008461,ITM0014503,P028,Gaming Chair Ergonomic,ValueSource Co,Furniture,2023-11-01,Wrong Item Sent,300.45,1
RET000870,ORD0008461,ITM0014504,P013,Portable SSD 1TB,EliteComponents,Storage,2023-11-20,Poor Quality,73.86,1
RET000871,ORD0008461,ITM0014505,P010,Noise Cancel Headphones,TechCore Ltd,Audio,2023-11-06,Not as Described,66.98,2
RET000872,ORD0008464,ITM0014510,P010,Noise Cancel Headphones,TECHCORE LTD,Audio,2023-04-27,,38.44,1
RET000873,ORD0008481,ITM0014540,P009,Desk Pad XL,TechCore Ltd,Accessories,2025-01-11,Arrived Damaged,21.82,1
RET000874,ORD0008492,ITM0014559,P008,Power Bank 20000mAh,Techcore Ltd,Accessories,2023-12-06,Defective/Not Working,9.21,1
RET000875,ORD0008492,ITM0014560,P004,Smart Plug 4-Pack,novatech supply,Smart Home,2023-12-01,Defective/Not Working,29.34,1
RET000876,ORD0008492,ITM0014561,P028,Gaming Chair Ergonomic,ValueSource Co,Furniture,2023-12-06,Defective/Not Working,263.43,1
RET000877,ORD0008498,ITM0014575,P008,Power Bank 20000mAh,Tech Core Ltd,Accessories,2024-11-20,Not as Described,10.84,1
RET000878,ORD0008529,ITM0014631,P019,Ring Light 10in,BrightGadgets,Lighting,2024-10-30,Arrived Damaged,52.25,1
RET000879,ORD0008529,ITM0014632,P011,Mechanical Keyboard TKL,EliteComponents,Peripherals,2024-11-03,Defective/Not Working,83.73,1
RET000880,ORD0008533,ITM0014638,P009,Desk Pad XL,TechCore Ltd,Accessories,2022-06-08,Poor Quality,29.94,1
RET000881,ORD0008533,ITM0014639,P027,Cable Clips Pack 50,ValueSource Co,Accessories,2022-06-10,Not as Described,5.47,1
RET000882,ORD0008536,ITM0014643,P013,Portable SSD 1TB,Elite components,Storage,2023-07-11,Defective/Not Working,85.01,1
RET000883,ORD0008547,ITM0014660,P014,Docking Station USB-C,Elite Components,Accessories,2022-10-09,Arrived Damaged,108.09,1
RET000884,ORD0008547,ITM0014661,P024,Phone Stand Adjustable,Value Source Co,,2022-09-27,Defective/Not Working,18.61,2
RET000885,ORD0008554,ITM0014672,P024,Phone Stand Adjustable,Value Source Co,Accessories,2024-05-13,Defective/Not Working,7.31,1
RET000886,ORD0008555,ITM0014673,P012,Gaming Mouse RGB,Elite components,Peripherals,2024-05-30,Changed Mind,33.01,1
RET000887,ORD0008586,ITM0014716,P015,Microphone USB Condenser,Elite Components,Audio,2023-09-08,Defective/Not Working,91.4,1
RET000888,ORD0008598,ITM0014735,P019,Ring Light 10in,BrightGadgets,Lighting,2023-06-29,Wrong Item Sent,49.2,1
RET000889,ORD0008630,ITM0014794,P025,Screen Cleaning Kit,ValueSource Co,Accessories,2024-02-21,Defective/Not Working,7.54,1
RET000890,ORD0008630,ITM0014795,P001,Wireless Earbuds Pro,NOVATECH,Audio,2024-02-19,Changed Mind,48.91,1
RET000891,ORD0008697,ITM0014912,P016,27in Monitor 4K,Bright Gadgets,Displays,2024-08-23,Wrong Item Sent,282.9,1
RET000892,ORD0008697,ITM0014913,P007,Webcam 1080p HD,TechCore Ltd,Peripherals,2024-09-06,Wrong Item Sent,100.65,2
RET000893,ORD0008704,ITM0014924,P011,Mechanical Keyboard TKL,ELITECOMPONENTS,Peripherals,2024-10-22,Defective/Not Working,87.29,1
RET000894,ORD0008716,ITM0014943,P011,Mechanical Keyboard TKL,EliteComponents,Peripherals,2022-09-03,Defective/Not Working,67.8,1
RET000895,ORD0008716,ITM0014944,P014,Docking Station USB-C,EliteComponents,Accessories,2022-09-18,Wrong Item Sent,80.11,1
RET000896,ORD0008719,ITM0014951,P026,HDMI Cable 2m,ValueSource Co,Accessories,2023-02-22,Wrong Item Sent,16.98,2
RET000897,ORD0008719,ITM0014952,P018,Action Camera 4K,Bright gadgets,Cameras,2023-03-03,Defective/Not Working,166.98,1
RET000898,ORD0008719,ITM0014953,P008,Power Bank 20000mAh,Techcore Ltd,Accessories,2023-03-07,Changed Mind,11.02,1
RET000899,ORD0008719,ITM0014954,P008,Power Bank 20000mAh,Techcore Ltd,Accessories,2023-03-08,Arrived Damaged,11.46,1
RET000900,ORD0008738,ITM0014982,P003,Smart Watch Fitness,Nova Tech Supply,Wearables,2023-10-25,Defective/Not Working,370.57,3
RET000901,ORD0008743,ITM0014990,P019,Ring Light 10in,BrightGadgets,Lighting,2023-06-18,Not as Described,53.55,1
RET000902,ORD0008754,ITM0015008,P012,Gaming Mouse RGB,Elite components,Peripherals,2024-05-26,Defective/Not Working,44.75,1
RET000903,ORD0008754,ITM0015009,P027,Cable Clips Pack 50,ValueSource Co,Accessories,2024-05-20,Defective/Not Working,5.39,1
RET000904,ORD0008759,ITM0015014,P003,Smart Watch Fitness,Nova Tech Supply,Wearables,2024-11-05,Not as Described,126.6,1
RET000905,ORD0008759,ITM0015015,P006,Laptop Stand Aluminium,TECHCORE LTD,Accessories,2024-11-10,Defective/Not Working,39.8,1
RET000906,ORD0008812,ITM0015112,P009,Desk Pad XL,TechCore Ltd,Accessories,2024-07-21,Defective/Not Working,52.54,2
RET000907,ORD0008820,ITM0015124,P006,Laptop Stand Aluminium,TechCore Ltd,Accessories,2022-07-28,Arrived Damaged,35.49,1
RET000908,ORD0008839,ITM0015149,P005,USB-C Hub 7-in-1,TechCore Ltd,Accessories,2024-12-14,Defective/Not Working,66.77,2
RET000909,ORD0008839,ITM0015150,P002,Bluetooth Speaker Mini,NovaTech Supply,Audio,2024-12-17,Not as Described,59.07,1
RET000910,ORD0008861,ITM0015182,P007,Webcam 1080p HD,TechCore Ltd,Peripherals,2022-12-11,Defective/Not Working,43.68,1
RET000911,ORD0008883,ITM0015224,P013,Portable SSD 1TB,EliteComponents,Storage,2022-04-14,Not as Described,64.06,1
RET000912,ORD0008883,ITM0015225,P008,Power Bank 20000mAh,Techcore Ltd,Accessories,2022-04-17,Wrong Item Sent,7.77,1
RET000913,ORD0008885,ITM0015229,P014,Docking Station USB-C,EliteComponents,Accessories,2024-11-24,Defective/Not Working,109.71,1
RET000914,ORD0008885,ITM0015230,P002,Bluetooth Speaker Mini,NovaTech Supply,Audio,2024-11-24,Defective/Not Working,108.86,2
RET000915,ORD0008885,ITM0015231,P022,Laptop Sleeve 15in,ValueSource Co,Accessories,2024-11-26,Not as Described,19.41,1
RET000916,ORD0008887,ITM0015233,P005,USB-C Hub 7-in-1,TechCore Ltd,Accessories,2024-04-05,Arrived Damaged,27.27,1
RET000917,ORD0008898,ITM0015248,P002,Bluetooth Speaker Mini,NovaTech Supply,Audio,2022-05-17,Defective/Not Working,110.6,2
RET000918,ORD0008904,ITM0015256,P012,Gaming Mouse RGB,Elite components,Peripherals,2023-08-29,Changed Mind,87.86,2
RET000919,ORD0008904,ITM0015257,P001,Wireless Earbuds Pro,Novatech Supply,Audio,2023-08-23,Changed Mind,46.0,1
RET000920,ORD0008919,ITM0015281,P010,Noise Cancel Headphones,TechCore Ltd,Audio,2023-07-04,Changed Mind,32.27,1
RET000921,ORD0008930,ITM0015300,P005,USB-C Hub 7-in-1,TechCore Ltd,Accessories,2025-01-10,Defective/Not Working,32.14,1
RET000922,ORD0008930,ITM0015301,P002,Bluetooth Speaker Mini,NovaTech Supply,Audio,2024-12-30,Defective/Not Working,54.32,1
RET000923,ORD0008930,ITM0015302,P016,27in Monitor 4K,BrightGadgets,Displays,2024-12-30,Defective/Not Working,313.28,1
RET000924,ORD0008988,ITM0015401,P001,Wireless Earbuds Pro,Novatech Supply,Audio,2023-12-02,Defective/Not Working,99.65,2
RET000925,ORD0008999,ITM0015419,P013,Portable SSD 1TB,EliteComponents,Storage,2023-03-16,Defective/Not Working,145.85,2
RET000926,ORD0009013,ITM0015448,P024,Phone Stand Adjustable,Value Source Co,Accessories,2023-05-11,,8.96,1
RET000927,ORD0009016,ITM0015451,P026,HDMI Cable 2m,ValueSource Co,Accessories,2022-12-15,Not as Described,6.63,1
RET000928,ORD0009022,ITM0015459,P014,Docking Station USB-C,Elite components,Accessories,2023-12-16,Defective/Not Working,99.68,1
RET000929,ORD0009022,ITM0015460,P006,Laptop Stand Aluminium,TechCore Ltd,Accessories,2024-01-03,,35.87,1
RET000930,ORD0009022,ITM0015461,P005,USB-C Hub 7-in-1,TechCore Ltd,Accessories,2023-12-28,Not as Described,31.75,1
RET000931,ORD0009024,ITM0015463,P008,Power Bank 20000mAh,TechCore,Accessories,2025-01-01,Defective/Not Working,10.75,1
RET000932,ORD0009030,ITM0015474,P007,Webcam 1080p HD,TechCore Ltd,Peripherals,2023-07-21,Not as Described,97.11,2
RET000933,ORD0009030,ITM0015475,P014,Docking Station USB-C,EliteComponents,Accessories,2023-07-22,Changed Mind,106.46,1
RET000934,ORD0009030,ITM0015476,P012,Gaming Mouse RGB,Elite components,Peripherals,2023-07-26,Not as Described,42.3,1
RET000935,ORD0009035,ITM0015488,P011,Mechanical Keyboard TKL,EliteComponents,Peripherals,2023-11-10,Arrived Damaged,88.2,1
RET000936,ORD0009035,ITM0015489,P024,Phone Stand Adjustable,Value Source Co,Accessories,2023-11-27,Changed Mind,9.34,1
RET000937,ORD0009043,ITM0015502,P007,Webcam 1080p HD,Techcore Ltd,Peripherals,2023-03-15,Not as Described,49.63,1
RET000938,ORD0009077,ITM0015559,P006,Laptop Stand Aluminium,TechCore Ltd,Accessories,2024-03-04,Changed Mind,112.15,3
RET000939,ORD0009087,ITM0015570,P024,Phone Stand Adjustable,Value Source Co,Accessories,2023-01-02,Defective/Not Working,8.21,1
RET000940,ORD0009110,ITM0015609,P011,Mechanical Keyboard TKL,EliteComponents,Peripherals,2022-01-26,Not as Described,260.35,3
RET000941,ORD0009124,ITM0015634,P002,Bluetooth Speaker Mini,NovaTech Supply,Audio,2024-11-19,Defective/Not Working,43.76,1
RET000942,ORD0009173,ITM0015722,P001,Wireless Earbuds Pro,Nova Tech Supply,Audio,2023-01-10,Defective/Not Working,74.73,2
RET000943,ORD0009173,ITM0015723,P008,Power Bank 20000mAh,Techcore Ltd,Accessories,2022-12-31,Not as Described,8.61,1
RET000944,ORD0009173,ITM0015724,P007,Webcam 1080p HD,TechCore Ltd,Peripherals,2023-01-06,Arrived Damaged,78.69,2
RET000945,ORD0009190,ITM0015756,P012,Gaming Mouse RGB,Elite components,Peripherals,2024-10-03,Changed Mind,44.38,1
RET000946,ORD0009190,ITM0015757,P001,Wireless Earbuds Pro,Novatech Supply,Audio,2024-09-28,Defective/Not Working,47.46,1
RET000947,ORD0009192,ITM0015762,P003,Smart Watch Fitness,Nova Tech Supply,Wearables,2024-12-03,Arrived Damaged,134.77,1
RET000948,ORD0009227,ITM0015821,P008,Power Bank 20000mAh,TechCore,Accessories,2023-11-19,Defective/Not Working,9.0,1
RET000949,ORD0009235,ITM0015837,P001,Wireless Earbuds Pro,Novatech Supply,Audio,2023-12-29,Defective/Not Working,46.54,1
RET000950,ORD0009235,ITM0015838,P003,Smart Watch Fitness,Nova Tech Supply,Wearables,2024-01-12,Defective/Not Working,131.84,1
RET000951,ORD0009258,ITM0015880,P023,Cable Management Kit,ValueSource Co,Accessories,2024-12-14,Defective/Not Working,11.89,1
RET000952,ORD0009258,ITM0015881,P003,Smart Watch Fitness,Nova Tech Supply,Wearables,2024-12-14,Not as Described,129.62,1
RET000953,ORD0009296,ITM0015941,P011,Mechanical Keyboard TKL,EliteComponents,,2023-12-23,Wrong Item Sent,66.62,1
RET000954,ORD0009296,ITM0015942,P014,Docking Station USB-C,EliteComponents,Accessories,2023-12-03,Defective/Not Working,161.58,2
RET000955,ORD0009305,ITM0015955,P009,Desk Pad XL,TechCore Ltd,Accessories,2023-03-17,Not as Described,28.83,1
RET000956,ORD0009305,ITM0015956,P019,Ring Light 10in,BrightGadgets,Lighting,2023-03-24,Defective/Not Working,98.28,2
RET000957,ORD0009315,ITM0015978,P004,Smart Plug 4-Pack,novatech supply,Smart Home,2024-09-21,Arrived Damaged,34.72,1
RET000958,ORD0009328,ITM0016002,P027,Cable Clips Pack 50,ValueSource Co,Accessories,2022-11-26,Defective/Not Working,5.55,1
RET000959,ORD0009333,ITM0016009,P001,Wireless Earbuds Pro,Novatech Supply,Audio,2022-07-13,Changed Mind,36.66,1
RET000960,ORD0009336,ITM0016013,P010,Noise Cancel Headphones,TechCore Ltd,Audio,2024-10-16,Arrived Damaged,75.97,2
RET000961,ORD0009354,ITM0016049,P018,Action Camera 4K,Bright gadgets,Cameras,2023-09-15,Arrived Damaged,169.96,1
RET000962,ORD0009360,ITM0016058,P016,27in Monitor 4K,BrightGadgets,Displays,2023-11-23,Defective/Not Working,937.76,3
RET000963,ORD0009458,ITM0016220,P007,Webcam 1080p HD,TechCore Ltd,Peripherals,2022-08-25,Defective/Not Working,109.82,2
RET000964,ORD0009462,ITM0016224,P011,Mechanical Keyboard TKL,EliteComponents,Peripherals,2024-12-15,Not as Described,89.06,1
RET000965,ORD0009462,ITM0016225,P004,Smart Plug 4-Pack,novatech supply,Smart Home,2025-01-02,Not as Described,33.7,1
RET000966,ORD0009462,ITM0016226,P001,Wireless Earbuds Pro,Novatech Supply,Audio,2024-12-17,Defective/Not Working,44.81,1
RET000967,ORD0009491,ITM0016276,P001,Wireless Earbuds Pro,Novatech Supply,Audio,2023-03-15,Not as Described,46.49,1
RET000968,ORD0009491,ITM0016277,P003,Smart Watch Fitness,Nova Tech Supply,Wearables,2023-02-21,Defective/Not Working,137.4,1
RET000969,ORD0009512,ITM0016309,P026,HDMI Cable 2m,ValueSource Co,Accessories,2022-02-27,Defective/Not Working,16.13,2
RET000970,ORD0009541,ITM0016353,P009,Desk Pad XL,TechCore Ltd,Accessories,2022-09-17,Not as Described,23.25,1
RET000971,ORD0009541,ITM0016354,P005,USB-C Hub 7-in-1,TechCore Ltd,Accessories,2022-09-05,Defective/Not Working,26.68,1
RET000972,ORD0009552,ITM0016374,P011,Mechanical Keyboard TKL,EliteComponents,Peripherals,2022-09-01,,86.2,1
RET000973,ORD0009580,ITM0016422,P011,Mechanical Keyboard TKL,Elite Components,Peripherals,2024-11-12,Defective/Not Working,66.96,1
RET000974,ORD0009580,ITM0016423,P013,Portable SSD 1TB,EliteComponents,Storage,2024-11-06,Not as Described,64.45,1
RET000975,ORD0009594,ITM0016446,P013,Portable SSD 1TB,EliteComponents,Storage,2022-11-15,Arrived Damaged,75.53,1
RET000976,ORD0009594,ITM0016447,P001,Wireless Earbuds Pro,Novatech Supply,Audio,2022-11-13,Defective/Not Working,83.83,2
RET000977,ORD0009672,ITM0016594,P008,Power Bank 20000mAh,TechCore,Accessories,2023-11-03,Poor Quality,22.78,2
RET000978,ORD0009677,ITM0016604,P009,Desk Pad XL,TechCore Ltd,Accessories,2024-05-06,,25.87,1
RET000979,ORD0009677,ITM0016605,P003,Smart Watch Fitness,Nova Tech Supply,Wearables,2024-05-13,Wrong Item Sent,117.95,1
RET000980,ORD0009677,ITM0016606,P009,Desk Pad XL,TechCore Ltd,Accessories,2024-05-19,Not as Described,24.28,1
RET000981,ORD0009751,ITM0016729,P002,Bluetooth Speaker Mini,NovaTech Supply,Audio,2022-06-01,Defective/Not Working,57.49,1
RET000982,ORD0009772,ITM0016756,P011,Mechanical Keyboard TKL,EliteComponents,Peripherals,2022-07-24,Arrived Damaged,88.47,1
RET000983,ORD0009777,ITM0016762,P012,Gaming Mouse RGB,Elite components,Peripherals,2023-01-15,Defective/Not Working,79.59,2
RET000984,ORD0009777,ITM0016763,P025,Screen Cleaning Kit,ValueSource Co,Accessories,2023-01-29,Defective/Not Working,15.47,2
RET000985,ORD0009777,ITM0016764,P008,Power Bank 20000mAh,Techcore Ltd,Accessories,2023-01-26,Arrived Damaged,21.05,2
RET000986,ORD0009830,ITM0016856,P015,Microphone USB Condenser,Elite Components,Audio,2022-11-13,Poor Quality,94.9,1
RET000987,ORD0009830,ITM0016857,P003,Smart Watch Fitness,Nova Tech Supply,Wearables,2022-11-02,Defective/Not Working,135.17,1
RET000988,ORD0009831,ITM0016858,P005,USB-C Hub 7-in-1,TechCore Ltd,Accessories,2022-03-09,Defective/Not Working,46.21,2
RET000989,ORD0009840,ITM0016872,P003,Smart Watch Fitness,novatech supply,Wearables,2024-01-18,Arrived Damaged,199.81,2
RET000990,ORD0009847,ITM0016884,P001,Wireless Earbuds Pro,Novatech Supply,Audio,2023-08-29,Defective/Not Working,44.85,1
RET000991,ORD0009861,ITM0016906,P011,Mechanical Keyboard TKL,EliteComponents,Peripherals,2023-11-08,Poor Quality,88.35,1
RET000992,ORD0009904,ITM0016988,P015,Microphone USB Condenser,Elite Components,Audio,2023-10-14,Not as Described,193.66,2
RET000993,ORD0009906,ITM0016990,P023,Cable Management Kit,ValueSource Co,Accessories,2023-11-23,Changed Mind,11.54,1
RET000994,ORD0009981,ITM0017109,P003,Smart Watch Fitness,Nova Tech Supply,Wearables,2024-10-07,,247.57,2
RET000995,ORD0009988,ITM0017122,P030,Webcam 4K Pro,Tech Core Ltd,Peripherals,2024-04-15,Not as Described,112.37,1
RET000996,ORD0010022,ITM0017186,P002,Bluetooth Speaker Mini,NovaTech Supply,Audio,2024-11-23,Not as Described,55.66,1
RET000997,ORD0010022,ITM0017187,P016,27in Monitor 4K,BrightGadgets,Displays,2024-11-26,Defective/Not Working,576.24,2
RET000998,ORD0010042,ITM0017216,P015,Microphone USB Condenser,Elite Components,Audio,2023-10-09,Not as Described,76.86,1
RET000999,ORD0010042,ITM0017217,P024,Phone Stand Adjustable,Value Source Co,Accessories,2023-10-13,Defective/Not Working,7.67,1
RET001000,ORD0010042,ITM0017218,P020,Laptop Cooling Pad,BrightGadgets,Accessories,2023-10-15,,27.55,1
RET001001,ORD0010046,ITM0017223,P018,Action Camera 4K,Bright gadgets,Cameras,2024-06-17,Wrong Item Sent,121.02,1
RET001002,ORD0010046,ITM0017224,P005,USB-C Hub 7-in-1,TechCore Ltd,Accessories,2024-06-03,Not as Described,26.08,1
RET001003,ORD0010046,ITM0017225,P014,Docking Station USB-C,EliteComponents,Accessories,2024-05-27,Wrong Item Sent,81.82,1
RET001004,ORD0010046,ITM0017226,P014,Docking Station USB-C,EliteComponents,Accessories,2024-06-15,Poor Quality,72.74,1
RET001005,ORD0010050,ITM0017232,P024,Phone Stand Adjustable,Value Source Co,Accessories,2024-05-28,Not as Described,8.82,1
RET001006,ORD0010051,ITM0017233,P007,Webcam 1080p HD,TechCore Ltd,Peripherals,2024-05-20,Changed Mind,52.47,1
RET001007,ORD0010051,ITM0017234,P029,Thermal Paste Premium,EliteComponents,PC Parts,2024-05-27,Changed Mind,9.6,1
RET001008,ORD0010088,ITM0017308,P024,Phone Stand Adjustable,Value Source Co,Accessories,2023-01-09,Changed Mind,9.3,1
RET001009,ORD0010088,ITM0017309,P009,Desk Pad XL,TechCore Ltd,Accessories,2022-12-26,Defective/Not Working,29.57,1
RET001010,ORD0010121,ITM0017362,P010,Noise Cancel Headphones,TechCore Ltd,Audio,2023-07-17,Not as Described,36.25,1
RET001011,ORD0010121,ITM0017363,P007,Webcam 1080p HD,TechCore Ltd,Peripherals,2023-07-14,Wrong Item Sent,49.15,1
RET001012,ORD0010140,ITM0017391,P001,Wireless Earbuds Pro,Novatech Supply,Audio,2024-09-19,Defective/Not Working,45.49,1
RET001013,ORD0010158,ITM0017425,P024,Phone Stand Adjustable,Value Source Co,Accessories,2025-01-12,Defective/Not Working,13.91,2
RET001014,ORD0010158,ITM0017426,P001,Wireless Earbuds Pro,Novatech Supply,Audio,2025-01-12,Defective/Not Working,33.21,1
RET001015,ORD0010160,ITM0017429,P005,USB-C Hub 7-in-1,TechCore Ltd,Accessories,2024-08-10,Defective/Not Working,31.19,1
RET001016,ORD0010160,ITM0017430,P012,Gaming Mouse RGB,Elite components,Peripherals,2024-08-10,Not as Described,43.23,1
RET001017,ORD0010160,ITM0017431,P027,Cable Clips Pack 50,ValueSource Co,Accessories,2024-08-08,Defective/Not Working,5.65,1
RET001018,ORD0010214,ITM0017518,P001,Wireless Earbuds Pro,Novatech Supply,Audio,2023-10-24,Wrong Item Sent,48.79,1
RET001019,ORD0010249,ITM0017566,P008,Power Bank 20000mAh,Techcore Ltd,Accessories,2024-12-30,Defective/Not Working,21.15,2
RET001020,ORD0010269,ITM0017600,P003,Smart Watch Fitness,Nova Tech Supply,Wearables,2023-08-08,Arrived Damaged,124.46,1
RET001021,ORD0010269,ITM0017601,P002,Bluetooth Speaker Mini,NovaTech Supply,Audio,2023-07-26,Defective/Not Working,59.82,1
RET001022,ORD0010297,ITM0017653,P015,Microphone USB Condenser,Elite Components,Audio,2024-11-08,Defective/Not Working,80.63,1
RET001023,ORD0010314,ITM0017683,P012,Gaming Mouse RGB,Elite components,Peripherals,2024-01-05,Arrived Damaged,44.22,1
RET001024,ORD0010331,ITM0017711,P002,Bluetooth Speaker Mini,NovaTech Supply,Audio,2022-11-14,Defective/Not Working,109.72,2
RET001025,ORD0010331,ITM0017712,P013,Portable SSD 1TB,EliteComponents,Storage,2022-11-10,Arrived Damaged,162.53,2
RET001026,ORD0010332,ITM0017713,P001,Wireless Earbuds Pro,novatech supply,Audio,2024-07-16,Defective/Not Working,47.35,1
RET001027,ORD0010332,ITM0017714,P030,Webcam 4K Pro,TechCore Ltd,Peripherals,2024-07-15,Defective/Not Working,134.61,1
RET001028,ORD0010332,ITM0017715,P029,Thermal Paste Premium,EliteComponents,PC Parts,2024-07-23,Changed Mind,9.48,1
RET001029,ORD0010352,ITM0017756,P007,Webcam 1080p HD,TechCore Ltd,Peripherals,2023-06-27,Defective/Not Working,53.71,1
RET001030,ORD0010352,ITM0017757,P001,Wireless Earbuds Pro,Novatech Supply,Audio,2023-06-06,Defective/Not Working,45.68,1
RET001031,ORD0010352,ITM0017758,P023,Cable Management Kit,ValueSource Co,Accessories,2023-06-28,Defective/Not Working,11.91,1
RET001032,ORD0010354,ITM0017761,P002,Bluetooth Speaker Mini,NovaTech Supply,Audio,2024-01-09,Defective/Not Working,58.63,1
RET001033,ORD0010356,ITM0017763,P012,Gaming Mouse RGB,Elite components,Peripherals,2024-02-14,Changed Mind,40.21,1
RET001034,ORD0010362,ITM0017771,P017,Smart LED Desk Lamp,BrightGadgets,Lighting,2022-11-29,Defective/Not Working,82.83,2
RET001035,ORD0010362,ITM0017772,P024,Phone Stand Adjustable,Value Source Co,Accessories,2022-11-19,Arrived Damaged,9.05,1
RET001036,ORD0010399,ITM0017828,P013,Portable SSD 1TB,EliteComponents,Storage,2023-09-22,Wrong Item Sent,80.27,1
RET001037,ORD0010404,ITM0017835,P008,Power Bank 20000mAh,Techcore Ltd,Accessories,2024-01-15,Arrived Damaged,8.61,1
RET001038,ORD0010404,ITM0017836,P002,Bluetooth Speaker Mini,NovaTech Supply,Audio,2024-01-10,Defective/Not Working,124.45,3
RET001039,ORD0010405,ITM0017837,P030,Webcam 4K Pro,TechCore Ltd,Peripherals,2024-04-02,Not as Described,137.21,1
RET001040,ORD0010406,ITM0017838,P001,Wireless Earbuds Pro,Novatech Supply,Audio,2024-06-22,Defective/Not Working,35.82,1
RET001041,ORD0010406,ITM0017839,P012,Gaming Mouse RGB,Elite components,Peripherals,2024-06-20,Defective/Not Working,94.31,3
RET001042,ORD0010406,ITM0017840,P003,Smart Watch Fitness,Nova Tech Supply,Wearables,2024-06-18,Defective/Not Working,91.55,1
RET001043,ORD0010419,ITM0017859,P011,Mechanical Keyboard TKL,EliteComponents,Peripherals,2024-03-17,Wrong Item Sent,85.18,1
RET001044,ORD0010419,ITM0017860,P005,USB-C Hub 7-in-1,TechCore Ltd,Accessories,2024-03-18,,31.81,1
RET001045,ORD0010419,ITM0017861,P027,Cable Clips Pack 50,ValueSource Co,Accessories,2024-03-31,Not as Described,5.32,1
RET001046,ORD0010447,ITM0017904,P018,Action Camera 4K,Bright gadgets,Cameras,2023-08-23,Wrong Item Sent,163.92,1
RET001047,ORD0010447,ITM0017905,P008,Power Bank 20000mAh,Techcore Ltd,Accessories,2023-08-21,Defective/Not Working,11.35,1
RET001048,ORD0010452,ITM0017912,P002,Bluetooth Speaker Mini,Novatech Supply,Audio,2024-10-09,Wrong Item Sent,39.64,1
RET001049,ORD0010465,ITM0017934,P012,Gaming Mouse RGB,Elite components,Peripherals,2023-08-23,Not as Described,38.01,1
RET001050,ORD0010465,ITM0017935,P016,27in Monitor 4K,BrightGadgets,Displays,2023-08-07,Changed Mind,266.84,1
RET001051,ORD0010470,ITM0017944,P030,Webcam 4K Pro,TechCore Ltd,Peripherals,2022-08-10,Defective/Not Working,121.82,1
RET001052,ORD0010470,ITM0017945,P012,Gaming Mouse RGB,Elite components,Peripherals,2022-08-13,Changed Mind,34.38,1
RET001053,ORD0010470,ITM0017946,P024,Phone Stand Adjustable,Value Source Co,Accessories,2022-08-09,Arrived Damaged,8.04,1
RET001054,ORD0010475,ITM0017952,P002,Bluetooth Speaker Mini,NovaTech Supply,Audio,2024-06-05,Defective/Not Working,109.44,2
RET001055,ORD0010475,ITM0017953,P012,Gaming Mouse RGB,Elite components,Peripherals,2024-06-12,Changed Mind,134.54,3
RET001056,ORD0010485,ITM0017977,P018,Action Camera 4K,Bright gadgets,Cameras,2024-06-13,Arrived Damaged,135.22,1
RET001057,ORD0010486,ITM0017978,P004,Smart Plug 4-Pack,novatech supply,Smart Home,2024-10-29,Arrived Damaged,33.97,1
RET001058,ORD0010505,ITM0018004,P012,Gaming Mouse RGB,Elite components,Peripherals,2023-02-27,Wrong Item Sent,44.84,1
RET001059,ORD0010505,ITM0018005,P018,Action Camera 4K,Bright gadgets,Cameras,2023-03-12,Defective/Not Working,154.57,1
RET001060,ORD0010524,ITM0018040,P025,Screen Cleaning Kit,ValueSource Co,Accessories,2024-09-15,Defective/Not Working,13.81,2
RET001061,ORD0010546,ITM0018075,P026,HDMI Cable 2m,ValueSource Co,Accessories,2023-08-25,Arrived Damaged,16.69,2
RET001062,ORD0010546,ITM0018076,P016,27in Monitor 4K,BrightGadgets,Displays,2023-08-10,Arrived Damaged,299.62,1
RET001063,ORD0010578,ITM0018133,P023,Cable Management Kit,ValueSource Co,Accessories,2024-12-09,Not as Described,11.99,1
RET001064,ORD0010578,ITM0018134,P012,Gaming Mouse RGB,Elite components,Peripherals,2024-11-28,Arrived Damaged,43.27,1
RET001065,ORD0010602,ITM0018174,P009,Desk Pad XL,TechCore Ltd,Accessories,2024-12-12,Defective/Not Working,21.98,1
RET001066,ORD0010602,ITM0018175,P025,Screen Cleaning Kit,ValueSource Co,Accessories,2024-12-19,Defective/Not Working,5.66,1
RET001067,ORD0010614,ITM0018194,P001,Wireless Earbuds Pro,Nova Tech Supply,Audio,2024-02-05,Defective/Not Working,99.79,2
RET001068,ORD0010626,ITM0018215,P024,Phone Stand Adjustable,Value Source Co,Accessories,2022-11-06,Poor Quality,9.04,1
RET001069,ORD0010641,ITM0018241,P016,27in Monitor 4K,BrightGadgets,Displays,2023-10-28,Changed Mind,293.29,1
RET001070,ORD0010641,ITM0018242,P003,Smart Watch Fitness,Nova Tech Supply,Wearables,2023-10-31,Defective/Not Working,135.77,1
RET001071,ORD0010641,ITM0018243,P001,Wireless Earbuds Pro,Novatech Supply,Audio,2023-10-29,,48.58,1
RET001072,ORD0010653,ITM0018262,P015,Microphone USB Condenser,Elite Components,Audio,2023-12-01,Defective/Not Working,91.26,1
RET001073,ORD0010671,ITM0018295,P002,Bluetooth Speaker Mini,NovaTech Supply,Audio,2024-09-12,Defective/Not Working,160.86,3
RET001074,ORD0010671,ITM0018296,P007,Webcam 1080p HD,Techcore Ltd,Peripherals,2024-09-14,Changed Mind,107.92,2
RET001075,ORD0010671,ITM0018297,P024,Phone Stand Adjustable,Value Source Co,Accessories,2024-09-14,Not as Described,9.28,1
RET001076,ORD0010671,ITM0018298,P013,Portable SSD 1TB,EliteComponents,Storage,2024-09-27,Defective/Not Working,83.27,1
RET001077,ORD0010678,ITM0018308,P002,Bluetooth Speaker Mini,NovaTech Supply,Audio,2022-09-10,Wrong Item Sent,59.11,1
RET001078,ORD0010678,ITM0018309,P024,Phone Stand Adjustable,VALUE SOURCE,Accessories,2022-09-04,Defective/Not Working,9.34,1
RET001079,ORD0010691,ITM0018333,P001,Wireless Earbuds Pro,Novatech Supply,Audio,2022-11-08,Defective/Not Working,34.13,1
RET001080,ORD0010691,ITM0018334,P030,Webcam 4K Pro,Tech Core Ltd,Peripherals,2022-11-15,Defective/Not Working,105.15,1
RET001081,ORD0010702,ITM0018355,P018,Action Camera 4K,Bright gadgets,Cameras,2023-12-05,Poor Quality,168.29,1
RET001082,ORD0010726,ITM0018396,P017,Smart LED Desk Lamp,BRIGHTGADGETS,Lighting,2023-10-16,Not as Described,40.35,1
RET001083,ORD0010726,ITM0018397,P001,Wireless Earbuds Pro,Novatech Supply,Audio,2023-09-28,Defective/Not Working,44.87,1
RET001084,ORD0010736,ITM0018417,P011,Mechanical Keyboard TKL,EliteComponents,Peripherals,2024-10-22,Wrong Item Sent,62.02,1
RET001085,ORD0010740,ITM0018424,P005,USB-C Hub 7-in-1,TechCore Ltd,Accessories,2025-01-21,Arrived Damaged,28.24,1
RET001086,ORD0010740,ITM0018425,P002,Bluetooth Speaker Mini,NovaTech Supply,Audio,2025-01-14,Arrived Damaged,46.73,1
RET001087,ORD0010740,ITM0018426,P010,Noise Cancel Headphones,TechCore Ltd,Audio,2025-01-05,Changed Mind,29.54,1
RET001088,ORD0010740,ITM0018427,P026,HDMI Cable 2m,ValueSource Co,Accessories,2024-12-30,Not as Described,7.34,1
RET001089,ORD0010770,ITM0018478,P008,Power Bank 20000mAh,Techcore Ltd,Accessories,2022-12-18,Defective/Not Working,11.29,1
RET001090,ORD0010770,ITM0018479,P011,Mechanical Keyboard TKL,EliteComponents,Peripherals,2022-12-26,,83.26,1
RET001091,ORD0010770,ITM0018480,P001,Wireless Earbuds Pro,Novatech Supply,Audio,2022-12-26,Defective/Not Working,91.69,2
RET001092,ORD0010781,ITM0018498,P014,Docking Station USB-C,EliteComponents,Accessories,2023-09-21,Changed Mind,91.23,1
RET001093,ORD0010787,ITM0018510,P016,27in Monitor 4K,brightgadgets,,2024-12-02,Wrong Item Sent,253.24,1
RET001094,ORD0010787,ITM0018511,P007,Webcam 1080p HD,TechCore Ltd,Peripherals,2024-11-27,Not as Described,45.35,1
RET001095,ORD0010812,ITM0018552,P009,Desk Pad XL,TechCore Ltd,Accessories,2023-04-19,Defective/Not Working,26.41,1
RET001096,ORD0010819,ITM0018567,P012,Gaming Mouse RGB,Elite components,Peripherals,2024-11-15,Changed Mind,31.86,1
RET001097,ORD0010899,ITM0018704,P004,Smart Plug 4-Pack,novatech supply,,2025-01-01,Defective/Not Working,63.56,2
RET001098,ORD0010899,ITM0018705,P002,Bluetooth Speaker Mini,NovaTech Supply,Audio,2024-12-31,Not as Described,59.8,1
RET001099,ORD0010909,ITM0018719,P018,Action Camera 4K,brightgadgets,Cameras,2022-03-12,Arrived Damaged,161.92,1
RET001100,ORD0010909,ITM0018720,P010,Noise Cancel Headphones,TechCore Ltd,Audio,2022-03-08,Not as Described,38.19,1
RET001101,ORD0010913,ITM0018725,P012,Gaming Mouse RGB,Elite components,Peripherals,2024-09-18,Changed Mind,38.48,1
RET001102,ORD0010913,ITM0018726,P007,Webcam 1080p HD,TECHCORE LTD,Peripherals,2024-09-09,Changed Mind,46.14,1
RET001103,ORD0010913,ITM0018727,P012,Gaming Mouse RGB,Elite components,,2024-09-22,Defective/Not Working,35.82,1
RET001104,ORD0010915,ITM0018732,P007,Webcam 1080p HD,TechCore Ltd,Peripherals,2023-02-17,Defective/Not Working,50.08,1
RET001105,ORD0010936,ITM0018770,P019,Ring Light 10in,BrightGadgets,Lighting,2023-05-13,,46.22,1
RET001106,ORD0010936,ITM0018771,P002,Bluetooth Speaker Mini,NovaTech Supply,Audio,2023-05-17,Defective/Not Working,48.96,1
RET001107,ORD0010936,ITM0018772,P026,HDMI Cable 2m,ValueSource Co,Accessories,2023-05-18,Wrong Item Sent,7.2,1
RET001108,ORD0010965,ITM0018820,P024,Phone Stand Adjustable,Value Source Co,Accessories,2024-04-16,Changed Mind,8.89,1
RET001109,ORD0010965,ITM0018821,P005,USB-C Hub 7-in-1,TechCore Ltd,Accessories,2024-04-15,Poor Quality,32.5,1
RET001110,ORD0010968,ITM0018827,P030,Webcam 4K Pro,TechCore Ltd,Peripherals,2024-12-24,Poor Quality,139.43,1
RET001111,ORD0011001,ITM0018889,P002,Bluetooth Speaker Mini,NovaTech Supply,Audio,2023-03-14,Defective/Not Working,56.94,1
RET001112,ORD0011001,ITM9999993,P008,Power Bank 20000mAh,TechCore,Accessories,2023-03-20,Arrived Damaged,11.14,1
RET001113,ORD0011001,ITM0018891,P002,Bluetooth Speaker Mini,NovaTech Supply,Audio,2023-03-24,Defective/Not Working,57.55,1
RET001114,ORD0011028,ITM0018934,P005,USB-C Hub 7-in-1,TechCore Ltd,Accessories,2022-05-10,Changed Mind,53.66,2
RET001115,ORD0011064,ITM0018998,P008,Power Bank 20000mAh,TechCore,Accessories,2022-06-16,Defective/Not Working,15.22,2
RET001116,ORD0011070,ITM0019005,P002,Bluetooth Speaker Mini,Nova Tech Supply,Audio,2024-07-13,Arrived Damaged,43.95,1
RET001117,ORD0011094,ITM0019044,P013,Portable SSD 1TB,EliteComponents,Storage,2024-08-14,Arrived Damaged,142.15,2
RET001118,ORD0011094,ITM0019045,P015,Microphone USB Condenser,Elite Components,Audio,2024-08-02,Not as Described,77.35,1
RET001119,ORD0011094,ITM0019046,P009,Desk Pad XL,TechCore Ltd,Accessories,2024-08-17,Not as Described,23.86,1
RET001120,ORD0011175,ITM0019188,P005,USB-C Hub 7-in-1,TechCore Ltd,Accessories,2024-05-25,Not as Described,34.57,1
RET001121,ORD0011238,ITM0019300,P008,Power Bank 20000mAh,Techcore Ltd,Accessories,2023-04-12,Defective/Not Working,18.89,2
RET001122,ORD0011251,ITM0019325,P017,Smart LED Desk Lamp,BrightGadgets,Lighting,2023-01-29,Defective/Not Working,42.73,1
RET001123,ORD0011251,ITM0019326,P004,Smart Plug 4-Pack,novatech supply,Smart Home,2023-02-13,Wrong Item Sent,34.32,1
RET001124,ORD0011251,ITM0019327,P026,HDMI Cable 2m,ValueSource Co,Accessories,2023-01-28,Not as Described,8.97,1
RET001125,ORD0011253,ITM0019330,P008,Power Bank 20000mAh,Techcore Ltd,Accessories,2023-04-29,Defective/Not Working,10.51,1
RET001126,ORD0011253,ITM0019331,P014,Docking Station USB-C,EliteComponents,Accessories,2023-04-26,Defective/Not Working,103.91,1
RET001127,ORD0011272,ITM0019362,P012,Gaming Mouse RGB,Elite components,Peripherals,2022-07-02,Arrived Damaged,85.69,2
RET001128,ORD0011272,ITM0019363,P013,Portable SSD 1TB,EliteComponents,Storage,2022-06-24,Arrived Damaged,89.22,1
RET001129,ORD0011323,ITM0019452,P007,Webcam 1080p HD,TechCore Ltd,Peripherals,2024-11-17,Arrived Damaged,42.81,1
RET001130,ORD0011323,ITM0019453,P005,USB-C Hub 7-in-1,TechCore Ltd,Accessories,2024-10-27,Changed Mind,27.59,1
RET001131,ORD0011323,ITM0019454,P002,Bluetooth Speaker Mini,NovaTech Supply,Audio,2024-10-27,Defective/Not Working,94.59,2
RET001132,ORD0011327,ITM0019461,P008,Power Bank 20000mAh,Techcore Ltd,Accessories,2023-04-24,Changed Mind,10.98,1
RET001133,ORD0011340,ITM0019485,P027,Cable Clips Pack 50,ValueSource Co,Accessories,2023-04-21,Arrived Damaged,11.47,2
RET001134,ORD0011365,ITM0019526,P007,Webcam 1080p HD,TechCore Ltd,Peripherals,2023-08-07,Wrong Item Sent,40.24,1
RET001135,ORD0011365,ITM0019527,P008,Power Bank 20000mAh,Techcore Ltd,Accessories,2023-07-30,,8.48,1
RET001136,ORD0011382,ITM0019562,P005,USB-C Hub 7-in-1,TechCore Ltd,Accessories,2023-03-11,Defective/Not Working,24.48,1
RET001137,ORD0011382,ITM0019563,P009,Desk Pad XL,TechCore Ltd,Accessories,2023-03-19,Changed Mind,21.96,1
RET001138,ORD0011395,ITM0019586,P002,Bluetooth Speaker Mini,NovaTech Supply,Audio,2022-06-16,Defective/Not Working,47.28,1
RET001139,ORD0006489,ITM0011080,P022,Laptop Sleeve 15in,ValueSource,Accessories,2022-11-12,Defective/Not Working,39.4,2
RET001140,ORD0006489,ITM0011081,P003,Smart Watch Fitness,Novatech Supply,Wearables,2022-11-10,Defective/Not Working,138.87,1
RET001141,ORD0006489,ITM0011082,P024,Phone Stand Adjustable,Value Source Co,Accessories,2022-11-15,Wrong Item Sent,9.63,1
RET001142,ORD0005372,ITM0009188,P027,Cable Clips Pack 50,ValueSource Co,Accessories,2023-11-28,Poor Quality,5.17,1
RET001143,ORD0005372,ITM0009189,P003,Smart Watch Fitness,novatech supply,Wearables,2023-12-05,Defective/Not Working,125.53,1
RET001144,ORD0002643,ITM0004493,P026,HDMI Cable 2m,VALUE SOURCE,Accessories,2025-01-01,Changed Mind,12.42,2
RET001145,ORD0002643,ITM0004494,P012,Gaming Mouse RGB,Elite components,Peripherals,2025-01-09,Not as Described,31.5,1
RET001146,ORD0002087,ITM0003556,P029,Thermal Paste Premium,EliteComponents,PC Parts,2024-02-11,Wrong Item Sent,9.7,1
RET001147,ORD0002707,ITM0004611,P018,Action Camera 4K,Bright gadgets,Cameras,2023-08-08,Wrong Item Sent,283.48,2
RET001148,ORD0006692,ITM0011452,P007,Webcam 1080p HD,TechCore Ltd,Peripherals,2023-02-28,Defective/Not Working,98.94,2
RET001149,ORD0003010,ITM0005148,P010,Noise Cancel Headphones,TechCore Ltd,Audio,2022-01-30,Not as Described,33.84,1
RET001150,ORD0006008,ITM0010269,P006,Laptop Stand Aluminium,TechCore Ltd,Accessories,2022-11-29,Not as Described,38.84,1
RET001151,ORD0006008,ITM0010270,P008,Power Bank 20000mAh,Techcore Ltd,Accessories,2022-11-29,Changed Mind,11.35,1
RET001152,ORD0000002,ITM0000003,P001,Wireless Earbuds Pro,Novatech Supply,Audio,2022-07-06,Changed Mind,44.78,1
RET001153,ORD0000004,ITM0000005,P025,Screen Cleaning Kit,Value Source Co,Accessories,2024-12-03,,7.5,1
RET001154,ORD0000010,ITM0000013,P020,Laptop Cooling Pad,BrightGadgets,Accessories,2023-11-15,Not as Described,29.99,1
RET001155,ORD0000011,ITM0000016,P001,Wireless Earbuds Pro,Novatech Supply,Audio,2024-02-24,Arrived Damaged,48.75,1
RET001156,ORD0000015,ITM0000022,P016,27in Monitor 4K,BrightGadgets,Displays,2023-01-28,Defective/Not Working,613.07,2
RET001157,ORD0000018,ITM0000029,P017,Smart LED Desk Lamp,BrightGadgets,Lighting,2024-09-14,Defective/Not Working,82.25,2
RET001158,ORD0000024,ITM0000037,P020,Laptop Cooling Pad,BrightGadgets,Accessories,2024-02-26,Changed Mind,29.11,1
RET001159,ORD0000024,ITM0000039,P028,Gaming Chair Ergonomic,ValueSource Co,Furniture,2024-03-05,Not as Described,316.8,1
RET001160,ORD0000029,ITM0000046,P016,27in Monitor 4K,BrightGadgets,Displays,2024-07-21,Poor Quality,236.34,1
RET001161,ORD0000033,ITM0000053,P002,Bluetooth Speaker Mini,NovaTech Supply,Audio,2022-05-30,Defective/Not Working,55.33,1
RET001162,ORD0000039,ITM0000060,P002,Bluetooth Speaker Mini,NovaTech Supply,Audio,2023-03-05,Defective/Not Working,54.15,1
RET001163,ORD0000056,ITM0000088,P007,Webcam 1080p HD,TechCore Ltd,Peripherals,2024-12-30,Changed Mind,48.54,1
RET001164,ORD0000066,ITM0000104,P001,Wireless Earbuds Pro,Novatech Supply,Audio,2023-10-19,Defective/Not Working,82.99,2
RET001165,ORD0000067,ITM0000108,P004,Smart Plug 4-Pack,novatech supply,Smart Home,2022-12-03,Poor Quality,34.35,1
RET001166,ORD0000077,ITM0000122,P002,Bluetooth Speaker Mini,NovaTech Supply,,2023-09-17,Defective/Not Working,51.04,1
RET001167,ORD0000084,ITM0000133,P013,Portable SSD 1TB,EliteComponents,Storage,2024-07-24,Not as Described,85.01,1
RET001168,ORD0000085,ITM0000135,P004,Smart Plug 4-Pack,novatech supply,Smart Home,2024-08-09,Not as Described,34.16,1
RET001169,ORD0000085,ITM0000136,P008,Power Bank 20000mAh,Techcore Ltd,Accessories,2024-08-04,Defective/Not Working,33.99,3
RET001170,ORD0000088,ITM0000140,P013,Portable SSD 1TB,EliteComponents,Storage,2024-01-05,Changed Mind,88.45,1
RET001171,ORD0000095,ITM0000150,P006,Laptop Stand Aluminium,TechCore Ltd,Accessories,2023-11-21,Changed Mind,115.47,3
RET001172,ORD0000096,ITM0000152,P001,Wireless Earbuds Pro,Novatech Supply,Audio,2023-11-27,Defective/Not Working,46.24,1
RET001173,ORD0000100,ITM0000157,P002,Bluetooth Speaker Mini,NovaTech Supply,Audio,2024-04-02,Defective/Not Working,160.29,3
RET001174,ORD0000101,ITM0000160,P001,Wireless Earbuds Pro,Novatech Supply,Audio,2024-07-02,Not as Described,36.7,1
RET001175,ORD0000102,ITM0000162,P001,Wireless Earbuds Pro,Novatech Supply,Audio,2024-12-31,Defective/Not Working,40.43,1
RET001176,ORD0000104,ITM0000166,P002,Bluetooth Speaker Mini,NovaTech Supply,Audio,2023-06-20,Defective/Not Working,118.63,2
RET001177,ORD0000107,ITM0000171,P026,HDMI Cable 2m,ValueSource Co,Accessories,2023-08-21,Not as Described,19.97,3
RET001178,ORD0000123,ITM0000201,P015,Microphone USB Condenser,Elite Components,Audio,2023-11-14,Defective/Not Working,77.06,1
RET001179,ORD0000124,ITM0000203,P011,Mechanical Keyboard TKL,EliteComponents,Peripherals,2023-12-23,Defective/Not Working,86.22,1
RET001180,ORD0000129,ITM0000211,P020,Laptop Cooling Pad,BrightGadgets,Accessories,2022-01-14,Defective/Not Working,29.39,1
RET001181,ORD0000130,ITM0000212,P001,Wireless Earbuds Pro,Novatech Supply,Audio,2022-07-04,Wrong Item Sent,42.23,1
RET001182,ORD0000133,ITM0000216,P004,Smart Plug 4-Pack,novatech supply,Smart Home,2022-09-17,Arrived Damaged,69.25,2
RET001183,ORD0000145,ITM0000233,P004,Smart Plug 4-Pack,Novatech Supply,Smart Home,2024-05-03,Defective/Not Working,26.67,1
RET001184,ORD0000155,ITM0000254,P001,Wireless Earbuds Pro,Novatech Supply,Audio,2023-10-20,Not as Described,47.19,1
RET001185,ORD0000156,ITM0000257,P002,Bluetooth Speaker Mini,NovaTech Supply,Audio,2024-01-05,Defective/Not Working,48.54,1
RET001186,ORD0000156,ITM0000258,P013,Portable SSD 1TB,EliteComponents,Storage,2024-01-12,Poor Quality,72.58,1
RET001187,ORD0000160,ITM0000265,P026,HDMI Cable 2m,ValueSource Co,Accessories,2024-11-17,Arrived Damaged,8.09,1
RET001188,ORD0000161,ITM0000268,P025,Screen Cleaning Kit,ValueSource Co,Accessories,2024-12-08,Wrong Item Sent,7.84,1
RET001189,ORD0000166,ITM0000277,P028,Gaming Chair Ergonomic,ValueSource Co,Furniture,2023-04-07,Defective/Not Working,222.73,1
RET001190,ORD0000170,ITM0000286,P002,Bluetooth Speaker Mini,NovaTech Supply,Audio,2023-11-01,Defective/Not Working,59.71,1
RET001191,ORD0000177,ITM0000295,P001,Wireless Earbuds Pro,novatech supply,Audio,2023-04-01,Defective/Not Working,76.77,2
RET001192,ORD0000182,ITM0000301,P016,27in Monitor 4K,BrightGadgets,Displays,2023-10-09,Arrived Damaged,613.59,2
RET001193,ORD0000182,ITM0000303,P002,Bluetooth Speaker Mini,NovaTech Supply,Audio,2023-10-11,Arrived Damaged,52.9,1
RET001194,ORD0000183,ITM0000304,P020,Laptop Cooling Pad,BrightGadgets,Accessories,2023-10-31,Poor Quality,89.14,3
RET001195,ORD0000187,ITM0000309,P017,Smart LED Desk Lamp,BrightGadgets,Lighting,2023-12-08,Arrived Damaged,39.59,1
RET001196,ORD0000201,ITM0000333,P014,Docking Station USB-C,EliteComponents,Accessories,2022-04-17,Not as Described,85.04,1
RET001197,ORD0000202,ITM0000334,P005,USB-C Hub 7-in-1,TechCore Ltd,Accessories,2024-10-27,Changed Mind,32.86,1
RET001198,ORD0000206,ITM0000340,P004,Smart Plug 4-Pack,novatech supply,Smart Home,2023-10-20,,33.31,1
RET001199,ORD0000224,ITM0000369,P019,Ring Light 10in,BrightGadgets,Lighting,2024-07-26,Defective/Not Working,51.42,1
RET001200,ORD0000227,ITM0000374,P012,Gaming Mouse RGB,Elite components,Peripherals,2023-09-03,Arrived Damaged,41.68,1
RET001201,ORD0000228,ITM0000377,P004,Smart Plug 4-Pack,Novatech Supply,Smart Home,2023-08-29,Defective/Not Working,33.34,1
RET001202,ORD0000233,ITM0000388,P001,Wireless Earbuds Pro,Novatech Supply,Audio,2024-03-28,Wrong Item Sent,44.64,1
RET001203,ORD0000242,ITM0000400,P001,Wireless Earbuds Pro,Novatech Supply,Audio,2024-10-17,Changed Mind,40.83,1
RET001204,ORD0000244,ITM0000404,P012,Gaming Mouse RGB,Elite components,Peripherals,2025-01-14,,36.67,1
RET001205,ORD0000246,ITM0000407,P002,Bluetooth Speaker Mini,NovaTech Supply,Audio,2023-12-16,Defective/Not Working,52.17,1
RET001206,ORD0000250,ITM0000414,P002,Bluetooth Speaker Mini,NovaTech Supply,Audio,2024-03-18,Wrong Item Sent,54.97,1
RET001207,ORD0000260,ITM0000434,P027,Cable Clips Pack 50,ValueSource Co,Accessories,2022-12-27,Arrived Damaged,4.95,1
RET001208,ORD0000275,ITM0000461,P002,Bluetooth Speaker Mini,NovaTech Supply,Audio,2023-02-11,Defective/Not Working,50.93,1
RET001209,ORD0000279,ITM0000466,P001,Wireless Earbuds Pro,Novatech Supply,Audio,2022-11-02,Changed Mind,48.0,1
RET001210,ORD0000281,ITM0000470,P029,Thermal Paste Premium,EliteComponents,PC Parts,2024-11-17,Changed Mind,8.92,1
RET001211,ORD0000292,ITM0000485,P006,Laptop Stand Aluminium,TechCore Ltd,Accessories,2024-05-31,Not as Described,71.86,2
RET001212,ORD0000293,ITM0000486,P002,Bluetooth Speaker Mini,NovaTech Supply,Audio,2024-06-14,Defective/Not Working,42.43,1
RET001213,ORD0000298,ITM0000492,P016,27in Monitor 4K,BrightGadgets,Displays,2024-06-25,Defective/Not Working,286.12,1
RET001214,ORD0000304,ITM0000505,P024,Phone Stand Adjustable,Value Source Co,Accessories,2024-10-13,Defective/Not Working,9.84,1
RET001215,ORD0000313,ITM0000520,P014,Docking Station USB-C,EliteComponents,Accessories,2022-05-30,Wrong Item Sent,101.11,1
RET001216,ORD0000314,ITM0000522,P006,Laptop Stand Aluminium,TECHCORE LTD,Accessories,2022-09-24,Defective/Not Working,36.82,1
RET001217,ORD0000333,ITM0000549,P027,Cable Clips Pack 50,ValueSource Co,Accessories,2023-11-23,Defective/Not Working,5.62,1
RET001218,ORD0000341,ITM0000563,P027,Cable Clips Pack 50,ValueSource Co,Accessories,2023-11-15,Defective/Not Working,8.44,2
RET001219,ORD0000342,ITM0000564,P014,Docking Station USB-C,EliteComponents,Accessories,2024-08-12,Defective/Not Working,109.58,1
RET001220,ORD0000348,ITM0000572,P014,Docking Station USB-C,EliteComponents,Accessories,2024-12-09,,86.76,1
RET001221,ORD0000349,ITM0000575,P006,Laptop Stand Aluminium,TechCore Ltd,Accessories,2024-10-26,Not as Described,36.68,1
RET001222,ORD0000354,ITM0000582,P001,Wireless Earbuds Pro,Novatech Supply,Audio,2024-09-08,Defective/Not Working,44.47,1
RET001223,ORD0000355,ITM0000585,P025,Screen Cleaning Kit,ValueSource Co,Accessories,2024-10-26,Changed Mind,7.97,1
RET001224,ORD0000356,ITM0000586,P002,Bluetooth Speaker Mini,NovaTech Supply,Audio,2022-03-18,Defective/Not Working,45.81,1
RET001225,ORD0000360,ITM0000592,P012,Gaming Mouse RGB,ELITECOMPONENTS,Peripherals,2024-11-26,,39.83,1
RET001226,ORD0000370,ITM0000609,P002,Bluetooth Speaker Mini,NovaTech Supply,Audio,2023-01-05,Defective/Not Working,56.46,1
RET001227,ORD0000379,ITM0000624,P002,Bluetooth Speaker Mini,NovaTech Supply,Audio,2022-11-08,Arrived Damaged,57.5,1
RET001228,ORD0000387,ITM0000634,P002,Bluetooth Speaker Mini,NovaTech Supply,Audio,2022-08-08,Defective/Not Working,54.96,1
RET001229,ORD0000387,ITM0000635,P001,Wireless Earbuds Pro,Novatech Supply,Audio,2022-07-18,Defective/Not Working,48.85,1
RET001230,ORD0000393,ITM0000645,P026,HDMI Cable 2m,ValueSource Co,Accessories,2023-12-12,Not as Described,7.92,1
RET001231,ORD0000398,ITM0000652,P023,Cable Management Kit,ValueSource Co,Accessories,2024-02-23,Poor Quality,10.74,1
RET001232,ORD0000407,ITM0000667,P014,Docking Station USB-C,EliteComponents,Accessories,2022-05-25,Changed Mind,105.81,1
RET001233,ORD0000413,ITM0000676,P001,Wireless Earbuds Pro,Novatech Supply,Audio,2024-07-09,Defective/Not Working,37.48,1
RET001234,ORD0000413,ITM0000677,P002,Bluetooth Speaker Mini,NovaTech Supply,Audio,2024-07-08,Defective/Not Working,41.21,1
RET001235,ORD0000417,ITM0000687,P002,Bluetooth Speaker Mini,NovaTech Supply,Audio,2024-07-18,Arrived Damaged,57.37,1
RET001236,ORD0000425,ITM0000695,P002,Bluetooth Speaker Mini,NovaTech Supply,Audio,2024-05-09,Not as Described,56.01,1
RET001237,ORD0000427,ITM0000699,P005,USB-C Hub 7-in-1,TECHCORE LTD,Accessories,2024-12-05,Defective/Not Working,56.53,2
RET001238,ORD0000428,ITM0000700,P001,Wireless Earbuds Pro,Novatech Supply,Audio,2024-06-12,Defective/Not Working,36.29,1
RET001239,ORD0000432,ITM0000709,P026,HDMI Cable 2m,ValueSource Co,Accessories,2024-11-14,,6.36,1
RET001240,ORD0000435,ITM0000714,P025,Screen Cleaning Kit,ValueSource Co,Accessories,2025-01-01,Arrived Damaged,5.88,1
RET001241,ORD0000438,ITM0000719,P024,Phone Stand Adjustable,Value Source Co,Accessories,2024-12-23,Defective/Not Working,28.55,3
RET001242,ORD0000449,ITM0000735,P001,Wireless Earbuds Pro,Novatech Supply,Audio,2022-12-29,Defective/Not Working,47.2,1
RET001243,ORD0000451,ITM0000737,P014,Docking Station USB-C,EliteComponents,Accessories,2024-09-28,Changed Mind,214.87,2
RET001244,ORD0000456,ITM0000746,P002,Bluetooth Speaker Mini,NovaTech Supply,,2023-03-23,Defective/Not Working,52.89,1
RET001245,ORD0000459,ITM0000753,P004,Smart Plug 4-Pack,novatech supply,Smart Home,2023-08-18,Poor Quality,24.04,1
RET001246,ORD0000460,ITM0000757,P006,Laptop Stand Aluminium,Techcore Ltd,Accessories,2023-04-05,Wrong Item Sent,27.95,1
RET001247,ORD0000468,ITM0000769,P014,Docking Station USB-C,EliteComponents,Accessories,2023-02-21,Poor Quality,102.29,1
RET001248,ORD0000475,ITM0000779,P027,Cable Clips Pack 50,ValueSource Co,Accessories,2024-02-07,Not as Described,5.51,1
RET001249,ORD0000478,ITM0000783,P028,Gaming Chair Ergonomic,ValueSource Co,Furniture,2025-01-04,,344.46,1
RET001250,ORD0000486,ITM0000795,P002,Bluetooth Speaker Mini,NovaTech Supply,Audio,2022-12-27,Defective/Not Working,58.85,1
RET001251,ORD0000493,ITM0000810,P003,Smart Watch Fitness,Novatech Supply,Wearables,2024-09-25,Defective/Not Working,258.78,2
RET001252,ORD0000502,ITM0000822,P005,USB-C Hub 7-in-1,TechCore Ltd,Accessories,2024-03-15,Defective/Not Working,33.74,1
RET001253,ORD0000505,ITM0000827,P029,Thermal Paste Premium,Elite components,PC Parts,2024-05-30,Defective/Not Working,9.33,1
RET001254,ORD0000510,ITM0000834,P001,Wireless Earbuds Pro,Novatech Supply,Audio,2024-10-14,Defective/Not Working,36.56,1
RET001255,ORD0000516,ITM0000843,P006,Laptop Stand Aluminium,TechCore,Accessories,2024-04-02,Arrived Damaged,71.25,2
RET001256,ORD0000516,ITM0000845,P017,Smart LED Desk Lamp,BrightGadgets,Lighting,2024-04-05,Not as Described,39.99,1
RET001257,ORD0000518,ITM0000847,P001,Wireless Earbuds Pro,Novatech Supply,Audio,2023-04-13,Not as Described,49.12,1
RET001258,ORD0000520,ITM0000852,P001,Wireless Earbuds Pro,Novatech Supply,Audio,2023-07-22,Defective/Not Working,49.59,1
RET001259,ORD0000527,ITM0000864,P001,Wireless Earbuds Pro,Novatech Supply,Audio,2024-01-25,,45.9,1
RET001260,ORD0000528,ITM0000868,P018,Action Camera 4K,Bright gadgets,Cameras,2024-03-26,Not as Described,160.3,1
RET001261,ORD0000535,ITM0000878,P002,Bluetooth Speaker Mini,NovaTech Supply,Audio,2022-05-26,Defective/Not Working,53.47,1
RET001262,ORD0000536,ITM0000881,P003,Smart Watch Fitness,Nova Tech Supply,Wearables,2023-12-12,Defective/Not Working,267.04,2
RET001263,ORD0000539,ITM0000885,P020,Laptop Cooling Pad,BrightGadgets,Accessories,2024-07-12,Changed Mind,32.04,1
RET001264,ORD0000540,ITM0000888,P001,Wireless Earbuds Pro,Novatech Supply,Audio,2024-01-05,Defective/Not Working,143.09,3
RET001265,ORD0000541,ITM0000890,P003,Smart Watch Fitness,Nova Tech Supply,Wearables,2024-11-12,Defective/Not Working,127.35,1
RET001266,ORD0000547,ITM0000900,P002,Bluetooth Speaker Mini,NovaTech Supply,Audio,2022-07-20,Defective/Not Working,43.2,1
RET001267,ORD0000553,ITM0000908,P025,Screen Cleaning Kit,ValueSource Co,Accessories,2023-06-25,Defective/Not Working,14.8,2
RET001268,ORD0000574,ITM0000947,P020,Laptop Cooling Pad,BrightGadgets,Accessories,2023-04-03,Changed Mind,24.38,1
RET001269,ORD0000579,ITM0000955,P002,Bluetooth Speaker Mini,NovaTech Supply,Audio,2024-08-23,Defective/Not Working,57.59,1
RET001270,ORD0000581,ITM0000958,P002,Bluetooth Speaker Mini,novatech supply,Audio,2024-08-01,Arrived Damaged,44.58,1
RET001271,ORD0000585,ITM0000962,P002,Bluetooth Speaker Mini,Novatech Supply,Audio,2024-10-18,Defective/Not Working,115.07,2
RET001272,ORD0000589,ITM0000970,P001,Wireless Earbuds Pro,Novatech Supply,Audio,2025-01-01,Defective/Not Working,44.84,1
RET001273,ORD0000591,ITM0000972,P001,Wireless Earbuds Pro,Novatech Supply,Audio,2023-11-30,Defective/Not Working,45.93,1
RET001274,ORD0000592,ITM0000973,P027,Cable Clips Pack 50,ValueSource Co,Accessories,2023-12-17,Defective/Not Working,5.77,1
RET001275,ORD0000598,ITM0000984,P027,Cable Clips Pack 50,ValueSource Co,Accessories,2023-07-11,Defective/Not Working,4.43,1
RET001276,ORD0000600,ITM0000986,P002,Bluetooth Speaker Mini,NovaTech Supply,Audio,2024-07-29,Defective/Not Working,53.08,1
RET001277,ORD0000603,ITM0000994,P004,Smart Plug 4-Pack,novatech supply,Smart Home,2024-01-15,Defective/Not Working,57.83,2
RET001278,ORD0000605,ITM0001000,P005,USB-C Hub 7-in-1,TechCore Ltd,Accessories,2022-07-21,Defective/Not Working,32.15,1
RET001279,ORD0000606,ITM0001003,P004,Smart Plug 4-Pack,novatech supply,Smart Home,2022-09-14,Not as Described,34.23,1
RET001280,ORD0000608,ITM0001007,P001,Wireless Earbuds Pro,Novatech Supply,Audio,2022-11-28,Not as Described,47.4,1
RET001281,ORD0000610,ITM0001010,P010,Noise Cancel Headphones,TechCore Ltd,Audio,2023-02-02,Defective/Not Working,27.78,1
RET001282,ORD0000616,ITM0001019,P011,Mechanical Keyboard TKL,EliteComponents,Peripherals,2023-11-15,Poor Quality,87.29,1
RET001283,ORD0000619,ITM0001027,P026,HDMI Cable 2m,ValueSource Co,Accessories,2024-07-31,Defective/Not Working,8.24,1
RET001284,ORD0000621,ITM0001031,P012,Gaming Mouse RGB,Elite components,Peripherals,2024-12-26,Wrong Item Sent,41.3,1
RET001285,ORD0000627,ITM0001043,P002,Bluetooth Speaker Mini,NovaTech Supply,Audio,2022-05-12,Defective/Not Working,51.42,1
RET001286,ORD0000627,ITM0001044,P002,Bluetooth Speaker Mini,NovaTech Supply,Audio,2022-05-19,Defective/Not Working,96.98,2
RET001287,ORD0000631,ITM0001050,P022,Laptop Sleeve 15in,ValueSource Co,Accessories,2022-05-04,Defective/Not Working,39.08,2
RET001288,ORD0000636,ITM0001059,P006,Laptop Stand Aluminium,TechCore,Accessories,2023-01-13,,35.37,1
RET001289,ORD0000637,ITM0001061,P001,Wireless Earbuds Pro,Novatech Supply,Audio,2023-07-12,Defective/Not Working,49.16,1
RET001290,ORD0000638,ITM0001062,P016,27in Monitor 4K,BrightGadgets,Displays,2023-12-01,Not as Described,232.08,1
RET001291,ORD0000639,ITM0001063,P002,Bluetooth Speaker Mini,NovaTech Supply,Audio,2024-11-15,Defective/Not Working,113.92,2
RET001292,ORD0000643,ITM0001071,P003,Smart Watch Fitness,Nova Tech Supply,Wearables,2024-03-25,Defective/Not Working,130.93,1
RET001293,ORD0000655,ITM0001092,P008,Power Bank 20000mAh,Techcore Ltd,Accessories,2024-11-15,Changed Mind,11.59,1
RET001294,ORD0000656,ITM0001094,P012,Gaming Mouse RGB,Elite components,Peripherals,2024-12-06,Defective/Not Working,41.36,1
RET001295,ORD0000660,ITM0001101,P020,Laptop Cooling Pad,BrightGadgets,Accessories,2024-11-09,Not as Described,29.55,1
RET001296,ORD0000661,ITM0001102,P016,27in Monitor 4K,BrightGadgets,Displays,2024-11-11,Defective/Not Working,288.55,1
RET001297,ORD0000668,ITM0001113,P001,Wireless Earbuds Pro,Novatech Supply,Audio,2023-09-14,Defective/Not Working,48.39,1
RET001298,ORD0000673,ITM0001121,P007,Webcam 1080p HD,TechCore Ltd,Peripherals,2024-07-31,Changed Mind,36.76,1
RET001299,ORD0000681,ITM0001135,P028,Gaming Chair Ergonomic,ValueSource Co,Furniture,2024-07-09,Defective/Not Working,312.56,1
RET001300,ORD0000691,ITM0001158,P012,Gaming Mouse RGB,Elite components,Peripherals,2022-08-03,Not as Described,34.92,1
RET001301,ORD0000692,ITM0001161,P017,Smart LED Desk Lamp,BrightGadgets,Lighting,2022-08-11,Poor Quality,39.76,1
RET001302,ORD0000694,ITM0001166,P007,Webcam 1080p HD,TechCore Ltd,,2022-11-11,Defective/Not Working,106.38,2
RET001303,ORD0000698,ITM0001177,P004,Smart Plug 4-Pack,novatech supply,,2023-03-15,Defective/Not Working,28.76,1
RET001304,ORD0000701,ITM0001180,P002,Bluetooth Speaker Mini,NovaTech Supply,Audio,2023-07-10,Defective/Not Working,141.85,3
RET001305,ORD0000705,ITM0001185,P005,USB-C Hub 7-in-1,TechCore Ltd,Accessories,2023-11-25,Arrived Damaged,34.59,1
RET001306,ORD0000712,ITM0001198,P026,HDMI Cable 2m,ValueSource Co,Accessories,2023-01-22,Defective/Not Working,8.94,1
RET001307,ORD0000713,ITM0001199,P006,Laptop Stand Aluminium,TechCore Ltd,Accessories,2023-03-01,Changed Mind,37.35,1
RET001308,ORD0000717,ITM0001206,P021,VR Headset Standalone,brightgadgets,Gaming,2023-10-04,Changed Mind,380.14,2
RET001309,ORD0000721,ITM0001215,P014,Docking Station USB-C,EliteComponents,Accessories,2024-04-12,Wrong Item Sent,87.62,1
RET001310,ORD0000723,ITM0001219,P002,Bluetooth Speaker Mini,NovaTech Supply,Audio,2024-11-18,Defective/Not Working,167.26,3
RET001311,ORD0000732,ITM0001231,P001,Wireless Earbuds Pro,Novatech Supply,Audio,2022-09-20,Defective/Not Working,76.97,2
RET001312,ORD0000743,ITM0001251,P004,Smart Plug 4-Pack,novatech supply,Smart Home,2024-05-05,Changed Mind,67.77,2
RET001313,ORD0000745,ITM0001256,P001,Wireless Earbuds Pro,Novatech Supply,Audio,2023-05-22,Not as Described,91.14,2
RET001314,ORD0000748,ITM0001260,P009,Desk Pad XL,TechCore Ltd,Accessories,2024-04-13,Defective/Not Working,21.37,1
RET001315,ORD0000752,ITM0001265,P001,Wireless Earbuds Pro,Novatech Supply,Audio,2024-10-11,Wrong Item Sent,-99.38,2
RET001316,ORD0000755,ITM0001270,P015,Microphone USB Condenser,Elite Components,Audio,2024-12-12,Not as Described,79.14,1
RET001317,ORD0000755,ITM0001271,P020,Laptop Cooling Pad,BrightGadgets,Accessories,2024-12-20,Not as Described,25.52,1
RET001318,ORD0000759,ITM0001277,P028,Gaming Chair Ergonomic,ValueSource Co,Furniture,2023-02-28,Changed Mind,323.54,1
RET001319,ORD0000764,ITM0001289,P002,Bluetooth Speaker Mini,NovaTech Supply,Audio,2023-12-02,Changed Mind,53.68,1
RET001320,ORD0000781,ITM0001316,P002,Bluetooth Speaker Mini,NovaTech Supply,Audio,2022-10-20,Defective/Not Working,43.18,1
RET001321,ORD0000781,ITM0001317,P023,Cable Management Kit,Valuesource Co,Accessories,2022-10-08,Defective/Not Working,9.44,1
RET001322,ORD0000788,ITM0001325,P005,USB-C Hub 7-in-1,TechCore Ltd,Accessories,2024-05-19,Not as Described,32.5,1
RET001323,ORD0000790,ITM0001327,P003,Smart Watch Fitness,Nova Tech Supply,Wearables,2024-12-29,Not as Described,221.82,2
RET001324,ORD0000790,ITM0001328,P004,Smart Plug 4-Pack,novatech supply,Smart Home,2025-01-01,Not as Described,54.32,2
RET001325,ORD0000796,ITM0001339,P029,Thermal Paste Premium,EliteComponents,PC Parts,2023-06-20,Defective/Not Working,19.27,2
RET001326,ORD0000813,ITM0001360,P008,Power Bank 20000mAh,Techcore Ltd,Accessories,2024-12-11,Wrong Item Sent,20.77,2
RET001327,ORD0000832,ITM0001390,P023,Cable Management Kit,ValueSource Co,Accessories,2024-03-12,Not as Described,12.62,1
RET001328,ORD0000833,ITM0001392,P012,Gaming Mouse RGB,Elite components,Peripherals,2023-11-08,Defective/Not Working,42.54,1
RET001329,ORD0000838,ITM0001398,P022,Laptop Sleeve 15in,ValueSource,Accessories,2023-02-01,Wrong Item Sent,16.68,1
RET001330,ORD0000840,ITM0001401,P026,HDMI Cable 2m,ValueSource Co,Accessories,2023-05-28,Defective/Not Working,7.47,1
RET001331,ORD0000845,ITM0001408,P002,Bluetooth Speaker Mini,NovaTech Supply,Audio,2023-01-30,Defective/Not Working,58.81,1
RET001332,ORD0000845,ITM0001409,P025,Screen Cleaning Kit,ValueSource Co,Accessories,2023-01-30,Arrived Damaged,7.96,1
RET001333,ORD0000848,ITM0001415,P026,HDMI Cable 2m,ValueSource Co,Accessories,2023-10-16,Defective/Not Working,8.74,1
RET001334,ORD0000852,ITM0001420,P025,Screen Cleaning Kit,ValueSource Co,Accessories,2023-11-07,Defective/Not Working,7.72,1
RET001335,ORD0000856,ITM0001425,P001,Wireless Earbuds Pro,Novatech Supply,Audio,2022-08-03,Arrived Damaged,46.27,1
RET001336,ORD0000862,ITM0001433,P001,Wireless Earbuds Pro,Novatech Supply,Audio,2024-08-25,Arrived Damaged,41.87,1
RET001337,ORD0000864,ITM0001438,P004,Smart Plug 4-Pack,novatech supply,Smart Home,2025-01-23,Changed Mind,23.03,1
RET001338,ORD0000872,ITM0001449,P016,27in Monitor 4K,BrightGadgets,Displays,2024-08-14,Not as Described,248.73,1
RET001339,ORD0000873,ITM0001453,P007,Webcam 1080p HD,TechCore Ltd,Peripherals,2024-08-29,Not as Described,43.86,1
RET001340,ORD0000881,ITM0001463,P012,Gaming Mouse RGB,Elite components,Peripherals,2024-11-29,Not as Described,44.55,1
RET001341,ORD0000887,ITM0001475,P012,Gaming Mouse RGB,Elite components,Peripherals,2024-11-23,Wrong Item Sent,43.29,1
RET001342,ORD0000897,ITM0001490,P001,Wireless Earbuds Pro,Novatech Supply,Audio,2023-09-05,Defective/Not Working,38.22,1
RET001343,ORD0000906,ITM0001510,P004,Smart Plug 4-Pack,novatech supply,Smart Home,2024-10-17,Not as Described,27.27,1
RET001344,ORD0000907,ITM0001512,P001,Wireless Earbuds Pro,Novatech Supply,Audio,2024-12-24,Changed Mind,99.65,2
RET001345,ORD0000911,ITM0001517,P001,Wireless Earbuds Pro,Novatech Supply,Audio,2024-09-12,Defective/Not Working,47.85,1
RET001346,ORD0000922,ITM0001532,P001,Wireless Earbuds Pro,Novatech Supply,Audio,2023-07-27,Defective/Not Working,44.92,1
RET001347,ORD0000926,ITM0001537,P004,Smart Plug 4-Pack,novatech supply,,2024-07-23,Defective/Not Working,33.34,1
RET001348,ORD0000935,ITM0001548,P002,Bluetooth Speaker Mini,NovaTech Supply,Audio,2025-01-07,Defective/Not Working,45.54,1
RET001349,ORD0000941,ITM0001558,P003,Smart Watch Fitness,Nova Tech Supply,Wearables,2024-09-04,Defective/Not Working,98.26,1
RET001350,ORD0000941,ITM0001559,P001,Wireless Earbuds Pro,Novatech Supply,Audio,2024-09-14,Not as Described,38.17,1
RET001351,ORD0000942,ITM0001560,P002,Bluetooth Speaker Mini,novatech supply,Audio,2023-07-08,Defective/Not Working,46.61,1
RET001352,ORD0000949,ITM0001575,P002,Bluetooth Speaker Mini,NovaTech Supply,Audio,2024-07-20,Changed Mind,58.85,1
RET001353,ORD0000951,ITM0001577,P004,Smart Plug 4-Pack,novatech supply,Smart Home,2023-08-17,Not as Described,28.4,1
RET001354,ORD0000956,ITM0001587,P014,Docking Station USB-C,EliteComponents,Accessories,2023-12-12,Changed Mind,157.54,2
RET001355,ORD0000961,ITM0001598,P012,Gaming Mouse RGB,Elite components,Peripherals,2023-06-17,Not as Described,43.44,1
RET001356,ORD0000962,ITM0001602,P026,HDMI Cable 2m,ValueSource Co,Accessories,2023-10-28,Defective/Not Working,8.71,1
RET001357,ORD0000963,ITM0001606,P001,Wireless Earbuds Pro,Novatech Supply,Audio,2024-01-05,Defective/Not Working,47.62,1
RET001358,ORD0000964,ITM0001608,P005,USB-C Hub 7-in-1,Tech Core Ltd,Accessories,2024-01-06,Not as Described,24.98,1
RET001359,ORD0000965,ITM0001611,P007,Webcam 1080p HD,TechCore Ltd,Peripherals,2025-01-03,Defective/Not Working,39.47,1
RET001360,ORD0000966,ITM0001614,P001,Wireless Earbuds Pro,Novatech Supply,Audio,2024-08-16,Defective/Not Working,49.17,1
RET001361,ORD0000979,ITM0001634,P004,Smart Plug 4-Pack,novatech supply,Smart Home,2024-09-01,Not as Described,31.6,1
RET001362,ORD0000981,ITM0001638,P004,Smart Plug 4-Pack,novatech supply,Smart Home,2024-11-09,Arrived Damaged,84.85,3
RET001363,ORD0000995,ITM0001664,P025,Screen Cleaning Kit,ValueSource Co,Accessories,2023-06-17,Defective/Not Working,7.32,1
RET001364,ORD0000999,ITM0001672,P009,Desk Pad XL,TechCore Ltd,Accessories,2023-04-26,Arrived Damaged,54.14,2
RET001365,ORD0001001,ITM0001677,P026,HDMI Cable 2m,ValueSource Co,Accessories,2023-08-04,Defective/Not Working,8.77,1
RET001366,ORD0001001,ITM0001678,P002,Bluetooth Speaker Mini,NovaTech Supply,Audio,2023-07-21,,56.15,1
RET001367,ORD0001004,ITM0001684,P001,Wireless Earbuds Pro,Novatech Supply,Audio,2024-01-04,,41.51,1
RET001368,ORD0001012,ITM0001693,P024,Phone Stand Adjustable,VALUE SOURCE,Accessories,2024-07-18,,7.03,1
RET001369,ORD0001012,ITM0001694,P001,Wireless Earbuds Pro,Novatech Supply,Audio,2024-07-07,Defective/Not Working,71.0,2
RET001370,ORD0001020,ITM0001708,P024,Phone Stand Adjustable,Value Source Co,Accessories,2023-11-19,Poor Quality,21.59,3
RET001371,ORD0001025,ITM0001717,P012,Gaming Mouse RGB,Elite components,Peripherals,2023-07-30,Defective/Not Working,41.87,1
RET001372,ORD0001029,ITM0001726,P001,Wireless Earbuds Pro,Novatech Supply,Audio,2023-12-17,Changed Mind,71.94,2
RET001373,ORD0001039,ITM0001742,P004,Smart Plug 4-Pack,novatech supply,Smart Home,2023-10-19,Defective/Not Working,66.51,2
RET001374,ORD0001040,ITM0001745,P025,Screen Cleaning Kit,ValueSource Co,Accessories,2024-11-27,,7.28,1
RET001375,ORD0001044,ITM0001755,P012,Gaming Mouse RGB,Elite components,Peripherals,2023-07-01,Arrived Damaged,43.88,1
RET001376,ORD0001046,ITM0001759,P001,Wireless Earbuds Pro,Novatech Supply,Audio,2023-11-07,Not as Described,36.13,1
RET001377,ORD0001047,ITM0001760,P007,Webcam 1080p HD,TechCore Ltd,Peripherals,2023-11-06,Arrived Damaged,50.92,1
RET001378,ORD0001053,ITM0001771,P004,Smart Plug 4-Pack,novatech supply,Smart Home,2023-06-10,Changed Mind,24.97,1
RET001379,ORD0001054,ITM0001775,P017,Smart LED Desk Lamp,BrightGadgets,Lighting,2024-12-28,Poor Quality,42.52,1
RET001380,ORD0001054,ITM0001776,P011,Mechanical Keyboard TKL,EliteComponents,Peripherals,2025-01-01,Defective/Not Working,85.29,1
RET001381,ORD0001058,ITM0001785,P002,Bluetooth Speaker Mini,NovaTech Supply,Audio,2024-10-21,Poor Quality,55.98,1
RET001382,ORD0001062,ITM0001797,P011,Mechanical Keyboard TKL,EliteComponents,Peripherals,2024-02-22,Defective/Not Working,79.75,1
RET001383,ORD0001067,ITM0001804,P016,27in Monitor 4K,BrightGadgets,Displays,2022-02-08,Defective/Not Working,255.8,1
RET001384,ORD0001070,ITM0001809,P007,Webcam 1080p HD,TechCore Ltd,Peripherals,2023-12-11,Defective/Not Working,77.6,2
RET001385,ORD0001074,ITM0001818,P030,Webcam 4K Pro,TechCore Ltd,Peripherals,2023-10-24,Not as Described,115.42,1
RET001386,ORD0001083,ITM0001834,P001,Wireless Earbuds Pro,Novatech Supply,Audio,2023-04-19,Defective/Not Working,89.99,2
RET001387,ORD0001083,ITM0001835,P019,Ring Light 10in,BrightGadgets,Lighting,2023-04-21,Not as Described,50.89,1
RET001388,ORD0001091,ITM0001847,P027,Cable Clips Pack 50,ValueSource Co,Accessories,2022-04-04,Wrong Item Sent,5.74,1
RET001389,ORD0001095,ITM0001855,P014,Docking Station USB-C,EliteComponents,Accessories,2024-07-06,Changed Mind,107.78,1
RET001390,ORD0001100,ITM0001866,P008,Power Bank 20000mAh,Techcore Ltd,Accessories,2024-05-28,Defective/Not Working,11.34,1
RET001391,ORD0001104,ITM0001870,P004,Smart Plug 4-Pack,novatech supply,Smart Home,2022-07-05,,32.93,1
RET001392,ORD0001105,ITM0001873,P026,HDMI Cable 2m,ValueSource Co,Accessories,2022-11-08,Arrived Damaged,7.2,1
RET001393,ORD0001113,ITM0001887,P002,Bluetooth Speaker Mini,NovaTech Supply,Audio,2023-03-27,Wrong Item Sent,55.29,1
RET001394,ORD0001116,ITM0001892,P024,Phone Stand Adjustable,Value Source Co,Accessories,2023-09-18,Not as Described,7.56,1
RET001395,ORD0001120,ITM0001897,P027,Cable Clips Pack 50,ValueSource Co,Accessories,2023-02-06,,5.22,1
RET001396,ORD0001126,ITM0001911,P027,Cable Clips Pack 50,ValueSource Co,Accessories,2023-09-23,Poor Quality,5.87,1
RET001397,ORD0001129,ITM0001916,P004,Smart Plug 4-Pack,novatech supply,Smart Home,2024-06-15,Defective/Not Working,25.66,1
RET001398,ORD0001134,ITM0001925,P030,Webcam 4K Pro,TechCore Ltd,Peripherals,2024-01-06,Defective/Not Working,141.48,1
RET001399,ORD0001135,ITM0001927,P015,Microphone USB Condenser,Elite Components,Audio,2024-01-22,Changed Mind,95.75,1
RET001400,ORD0001137,ITM0001929,P002,Bluetooth Speaker Mini,NovaTech Supply,Audio,2024-05-13,Defective/Not Working,41.07,1
RET001401,ORD0001138,ITM0001931,P023,Cable Management Kit,ValueSource Co,,2024-07-07,Changed Mind,31.17,3
RET001402,ORD0001145,ITM0001945,P017,Smart LED Desk Lamp,BrightGadgets,Lighting,2024-04-16,Defective/Not Working,31.11,1
RET001403,ORD0001154,ITM0001959,P022,Laptop Sleeve 15in,ValueSource Co,Accessories,2022-11-30,Defective/Not Working,19.04,1
RET001404,ORD0001157,ITM0001965,P002,Bluetooth Speaker Mini,NovaTech Supply,Audio,2024-08-08,Defective/Not Working,53.15,1
RET001405,ORD0001164,ITM0001978,P019,Ring Light 10in,BRIGHTGADGETS,Lighting,2024-07-14,Changed Mind,99.91,2
RET001406,ORD0001169,ITM0001985,P012,Gaming Mouse RGB,ELITECOMPONENTS,Peripherals,2024-08-18,Not as Described,41.1,1
RET001407,ORD0001169,ITM0001988,P002,Bluetooth Speaker Mini,NovaTech Supply,Audio,2024-08-16,Arrived Damaged,58.66,1
RET001408,ORD0001181,ITM0002003,P014,Docking Station USB-C,EliteComponents,Accessories,2024-10-25,Defective/Not Working,107.08,1
RET001409,ORD0001198,ITM0002032,P010,Noise Cancel Headphones,Techcore Ltd,Audio,2023-04-25,Wrong Item Sent,72.66,2
RET001410,ORD0001199,ITM0002034,P026,HDMI Cable 2m,ValueSource Co,,2023-05-15,Wrong Item Sent,13.83,2
RET001411,ORD0001204,ITM0002043,P027,Cable Clips Pack 50,ValueSource Co,Accessories,2024-05-28,Defective/Not Working,-4.43,1
RET001412,ORD0001205,ITM0002046,P006,Laptop Stand Aluminium,TechCore Ltd,Accessories,2024-06-19,Defective/Not Working,37.11,1
RET001413,ORD0001208,ITM0002051,P003,Smart Watch Fitness,Nova Tech Supply,Wearables,2024-10-21,Changed Mind,131.32,1
RET001414,ORD0001220,ITM0002068,P004,Smart Plug 4-Pack,novatech supply,Smart Home,2024-08-25,Defective/Not Working,64.65,2
RET001415,ORD0001225,ITM0002073,P008,Power Bank 20000mAh,Techcore Ltd,Accessories,2023-05-09,Poor Quality,11.47,1
RET001416,ORD0001225,ITM0002074,P002,Bluetooth Speaker Mini,NovaTech Supply,Audio,2023-05-01,Arrived Damaged,177.2,3
RET001417,ORD0001226,ITM0002075,P023,Cable Management Kit,ValueSource Co,Accessories,2023-06-05,Arrived Damaged,11.83,1
RET001418,ORD0001227,ITM0002076,P017,Smart LED Desk Lamp,BrightGadgets,Lighting,2023-06-26,Not as Described,84.11,2
RET001419,ORD0001230,ITM0002082,P002,Bluetooth Speaker Mini,NovaTech Supply,Audio,2023-10-18,Not as Described,56.35,1
RET001420,ORD0001233,ITM0002087,P018,Action Camera 4K,Bright gadgets,Cameras,2024-04-10,Defective/Not Working,166.22,1
RET001421,ORD0001239,ITM0002097,P011,Mechanical Keyboard TKL,EliteComponents,Peripherals,2024-11-25,Not as Described,79.43,1
RET001422,ORD0001243,ITM0002106,P004,Smart Plug 4-Pack,novatech supply,Smart Home,2023-12-24,Not as Described,30.55,1
RET001423,ORD0001245,ITM0002110,P019,Ring Light 10in,BrightGadgets,Lighting,2024-02-16,Defective/Not Working,50.49,1
RET001424,ORD0001248,ITM0002118,P003,Smart Watch Fitness,Nova Tech Supply,Wearables,2024-09-23,Defective/Not Working,137.71,1
RET001425,ORD0001249,ITM0002120,P019,Ring Light 10in,BrightGadgets,Lighting,2022-10-08,Arrived Damaged,54.13,1
RET001426,ORD0001251,ITM0002126,P001,Wireless Earbuds Pro,Novatech Supply,Audio,2022-03-24,Poor Quality,44.99,1
RET001427,ORD0001252,ITM0002127,P001,Wireless Earbuds Pro,Novatech Supply,Audio,2022-05-26,Defective/Not Working,88.18,2
RET001428,ORD0001261,ITM0002141,P028,Gaming Chair Ergonomic,ValueSource Co,Furniture,2023-11-15,Changed Mind,620.11,2
RET001429,ORD0001262,ITM0002146,P026,HDMI Cable 2m,ValueSource Co,Accessories,2024-08-15,Arrived Damaged,8.34,1
RET001430,ORD0001264,ITM0002149,P007,Webcam 1080p HD,TechCore Ltd,Peripherals,2022-06-23,Arrived Damaged,98.7,2
RET001431,ORD0001267,ITM0002158,P002,Bluetooth Speaker Mini,NovaTech Supply,Audio,2024-08-25,Defective/Not Working,58.73,1
RET001432,ORD0001272,ITM0002168,P023,Cable Management Kit,ValueSource Co,,2024-05-03,Not as Described,8.97,1
RET001433,ORD0001281,ITM0002183,P023,Cable Management Kit,ValueSource Co,Accessories,2022-06-05,Defective/Not Working,25.53,2
RET001434,ORD0001283,ITM0002186,P004,Smart Plug 4-Pack,novatech supply,Smart Home,2023-01-04,Defective/Not Working,29.25,1
RET001435,ORD0001287,ITM0002195,P009,Desk Pad XL,TechCore Ltd,Accessories,2025-01-10,Not as Described,29.68,1
RET001436,ORD0001292,ITM0002201,P002,Bluetooth Speaker Mini,NovaTech Supply,Audio,2024-06-26,Arrived Damaged,167.62,3
RET001437,ORD0001295,ITM0002207,P001,Wireless Earbuds Pro,Novatech Supply,Audio,2022-10-23,Arrived Damaged,93.6,2
RET001438,ORD0001296,ITM0002209,P002,Bluetooth Speaker Mini,NovaTech Supply,Audio,2023-03-22,Defective/Not Working,162.1,3
RET001439,ORD0001302,ITM0002215,P002,Bluetooth Speaker Mini,NovaTech Supply,Audio,2024-04-08,Defective/Not Working,53.62,1
RET001440,ORD0001306,ITM0002220,P003,Smart Watch Fitness,Nova Tech Supply,Wearables,2024-12-23,Arrived Damaged,259.02,2
RET001441,ORD0001308,ITM0002222,P004,Smart Plug 4-Pack,novatech supply,Smart Home,2024-06-26,Changed Mind,32.74,1
RET001442,ORD0001322,ITM0002240,P001,Wireless Earbuds Pro,Novatech Supply,Audio,2023-09-20,Defective/Not Working,132.87,3
RET001443,ORD0001335,ITM0002266,P001,Wireless Earbuds Pro,Novatech Supply,Audio,2024-09-10,Defective/Not Working,33.15,1
RET001444,ORD0001337,ITM0002269,P027,Cable Clips Pack 50,ValueSource Co,Accessories,2023-05-20,Poor Quality,17.3,3
RET001445,ORD0001339,ITM0002271,P001,Wireless Earbuds Pro,Novatech Supply,Audio,2024-10-08,Defective/Not Working,41.67,1
RET001446,ORD0001341,ITM0002277,P002,Bluetooth Speaker Mini,NOVATECH,Audio,2024-11-18,Defective/Not Working,59.88,1
RET001447,ORD0001348,ITM0002284,P004,Smart Plug 4-Pack,novatech supply,Smart Home,2022-01-14,Arrived Damaged,31.67,1
RET001448,ORD0001350,ITM0002286,P001,Wireless Earbuds Pro,Novatech Supply,Audio,2022-04-15,Not as Described,49.02,1
RET001449,ORD0001351,ITM0002290,P002,Bluetooth Speaker Mini,NovaTech Supply,Audio,2022-05-15,Defective/Not Working,107.5,2
RET001450,ORD0001359,ITM0002300,P002,Bluetooth Speaker Mini,NovaTech Supply,Audio,2022-11-10,Defective/Not Working,49.68,1
RET001451,ORD0001360,ITM0002301,P012,Gaming Mouse RGB,Elite components,Peripherals,2024-09-09,Not as Described,120.13,3
RET001452,ORD0001371,ITM0002321,P001,Wireless Earbuds Pro,Novatech Supply,Audio,2023-08-20,Changed Mind,33.44,1
RET001453,ORD0001371,ITM0002322,P002,Bluetooth Speaker Mini,NovaTech Supply,,2023-08-07,Arrived Damaged,42.33,1
RET001454,ORD0001374,ITM0002325,P028,Gaming Chair Ergonomic,ValueSource Co,Furniture,2024-04-08,Wrong Item Sent,262.96,1
RET001455,ORD0001375,ITM0002327,P024,Phone Stand Adjustable,Value Source Co,Accessories,2024-05-05,Not as Described,9.3,1
RET001456,ORD0001376,ITM0002329,P013,Portable SSD 1TB,EliteComponents,Storage,2024-05-24,Poor Quality,162.15,2
RET001457,ORD0001380,ITM0002336,P002,Bluetooth Speaker Mini,NovaTech Supply,Audio,2024-11-24,Defective/Not Working,54.77,1
RET001458,ORD0001381,ITM0002339,P002,Bluetooth Speaker Mini,NovaTech Supply,Audio,2024-11-15,Arrived Damaged,58.74,1
RET001459,ORD0001386,ITM0002347,P001,Wireless Earbuds Pro,Novatech Supply,Audio,2022-09-29,Defective/Not Working,89.41,2
RET001460,ORD0001404,ITM0002381,P004,Smart Plug 4-Pack,novatech supply,Smart Home,2023-09-27,Defective/Not Working,31.03,1
RET001461,ORD0001404,ITM0002382,P016,27in Monitor 4K,BrightGadgets,Displays,2023-09-26,Poor Quality,291.62,1
RET001462,ORD0001405,ITM0002385,P002,Bluetooth Speaker Mini,NovaTech Supply,Audio,2023-07-16,Defective/Not Working,42.53,1
RET001463,ORD0001413,ITM0002397,P012,Gaming Mouse RGB,Elite components,Peripherals,2023-09-21,Poor Quality,43.55,1
RET001464,ORD0001414,ITM0002400,P002,Bluetooth Speaker Mini,NovaTech Supply,Audio,2023-07-12,Poor Quality,116.94,2
RET001465,ORD0001418,ITM0002406,P005,USB-C Hub 7-in-1,Techcore Ltd,Accessories,2023-08-07,,33.71,1
RET001466,ORD0001420,ITM0002410,P002,Bluetooth Speaker Mini,NovaTech Supply,Audio,2024-12-11,Defective/Not Working,53.21,1
RET001467,ORD0001421,ITM0002414,P001,Wireless Earbuds Pro,Novatech Supply,Audio,2024-09-12,Defective/Not Working,44.3,1
RET001468,ORD0001423,ITM0002419,P014,Docking Station USB-C,EliteComponents,Accessories,2024-11-16,Defective/Not Working,98.14,1
RET001469,ORD0001425,ITM0002423,P012,Gaming Mouse RGB,Elite components,Peripherals,2022-12-22,Arrived Damaged,39.84,1
RET001470,ORD0001434,ITM0002436,P028,Gaming Chair Ergonomic,ValueSource Co,Furniture,2024-09-29,Changed Mind,345.59,1
RET001471,ORD0001442,ITM0002448,P005,USB-C Hub 7-in-1,TechCore Ltd,Accessories,2024-03-10,Not as Described,31.34,1
RET001472,ORD0001454,ITM0002465,P026,HDMI Cable 2m,ValueSource Co,Accessories,2023-05-22,Changed Mind,8.1,1
RET001473,ORD0001456,ITM0002470,P002,Bluetooth Speaker Mini,NovaTech Supply,Audio,2022-05-26,Poor Quality,59.5,1
RET001474,ORD0001461,ITM0002478,P021,VR Headset Standalone,brightgadgets,Gaming,2024-09-18,Defective/Not Working,288.94,1
RET001475,ORD0001466,ITM0002485,P011,Mechanical Keyboard TKL,EliteComponents,Peripherals,2023-10-03,Changed Mind,89.73,1
RET001476,ORD0001470,ITM0002490,P004,Smart Plug 4-Pack,novatech supply,Smart Home,2023-03-23,Changed Mind,32.76,1
RET001477,ORD0001476,ITM0002501,P001,Wireless Earbuds Pro,Novatech Supply,Audio,2024-10-04,Defective/Not Working,45.2,1
RET001478,ORD0001478,ITM0002503,P027,Cable Clips Pack 50,ValueSource Co,Accessories,2022-09-19,Arrived Damaged,5.53,1
RET001479,ORD0001480,ITM0002509,P010,Noise Cancel Headphones,TechCore Ltd,Audio,2024-12-02,Not as Described,29.71,1
RET001480,ORD0001484,ITM0002515,P014,Docking Station USB-C,EliteComponents,Accessories,2023-09-03,Not as Described,93.45,1
RET001481,ORD0001494,ITM0002533,P004,Smart Plug 4-Pack,novatech supply,Smart Home,2023-05-21,Defective/Not Working,31.16,1
RET001482,ORD0001498,ITM0002541,P022,Laptop Sleeve 15in,ValueSource Co,Accessories,2023-09-22,Wrong Item Sent,18.79,1
RET001483,ORD0001509,ITM0002558,P001,Wireless Earbuds Pro,Novatech Supply,Audio,2021-01-10,Not as Described,33.45,1
RET001484,ORD0001511,ITM0002561,P002,Bluetooth Speaker Mini,NovaTech Supply,Audio,2024-04-18,Defective/Not Working,59.26,1
RET001485,ORD0001513,ITM0002567,P008,Power Bank 20000mAh,Techcore Ltd,Accessories,2024-07-21,Poor Quality,32.51,3
RET001486,ORD0001513,ITM0002568,P001,Wireless Earbuds Pro,Novatech Supply,Audio,2024-07-13,Defective/Not Working,46.36,1
RET001487,ORD0001514,ITM0002569,P002,Bluetooth Speaker Mini,NovaTech Supply,Audio,2024-08-10,Defective/Not Working,58.31,1
RET001488,ORD0001516,ITM0002574,P026,HDMI Cable 2m,ValueSource Co,Accessories,2022-10-02,Changed Mind,8.11,1
RET001489,ORD0001523,ITM0002585,P019,Ring Light 10in,brightgadgets,Lighting,2023-01-03,Defective/Not Working,43.85,1
RET001490,ORD0001524,ITM0002586,P023,Cable Management Kit,ValueSource Co,Accessories,2023-02-08,Poor Quality,24.84,2
RET001491,ORD0001524,ITM0002587,P028,Gaming Chair Ergonomic,Valuesource Co,Furniture,2023-02-24,Defective/Not Working,334.63,1
RET001492,ORD0001537,ITM0002610,P007,Webcam 1080p HD,TechCore Ltd,Peripherals,2024-09-27,Defective/Not Working,53.52,1
RET001493,ORD0001539,ITM0002613,P030,Webcam 4K Pro,TechCore Ltd,Peripherals,2023-01-16,Defective/Not Working,230.32,2
RET001494,ORD0001545,ITM0002626,P014,Docking Station USB-C,Elite Components,Accessories,2024-04-13,Not as Described,109.83,1
RET001495,ORD0001548,ITM0002634,P026,HDMI Cable 2m,ValueSource Co,Accessories,2023-12-28,Changed Mind,8.68,1
RET001496,ORD0001549,ITM0002637,P002,Bluetooth Speaker Mini,NovaTech Supply,Audio,2024-04-09,Defective/Not Working,156.18,3
RET001497,ORD0001549,ITM0002638,P002,Bluetooth Speaker Mini,NovaTech Supply,Audio,2024-03-24,Defective/Not Working,51.25,1
RET001498,ORD0001559,ITM0002653,P010,Noise Cancel Headphones,TechCore Ltd,Audio,2024-04-02,Arrived Damaged,38.35,1
RET001499,ORD0001566,ITM0002663,P004,Smart Plug 4-Pack,novatech supply,Smart Home,2024-11-30,Defective/Not Working,31.87,1
RET001500,ORD0001590,ITM0002706,P002,Bluetooth Speaker Mini,NovaTech Supply,Audio,2023-01-01,Defective/Not Working,55.04,1
RET001501,ORD0001591,ITM0002707,P018,Action Camera 4K,Bright gadgets,Cameras,2023-02-18,Not as Described,256.57,2
RET001502,ORD0001597,ITM0002715,P003,Smart Watch Fitness,Nova Tech Supply,Wearables,2023-10-09,,127.29,1
RET001503,ORD0001598,ITM0002718,P002,Bluetooth Speaker Mini,NovaTech Supply,Audio,2024-05-22,Defective/Not Working,56.52,1
RET001504,ORD0001599,ITM0002720,P001,Wireless Earbuds Pro,Novatech Supply,Audio,2024-07-15,Poor Quality,46.91,1
RET001505,ORD0001599,ITM0002721,P002,Bluetooth Speaker Mini,NovaTech Supply,Audio,2024-07-25,Defective/Not Working,55.58,1
RET001506,ORD0001600,ITM0002722,P005,USB-C Hub 7-in-1,TechCore Ltd,Accessories,2024-10-12,Wrong Item Sent,32.7,1
RET001507,ORD0001605,ITM0002734,P001,Wireless Earbuds Pro,Novatech Supply,Audio,2023-08-27,Changed Mind,45.99,1
RET001508,ORD0001613,ITM0002748,P005,USB-C Hub 7-in-1,TechCore Ltd,Accessories,2024-08-25,Defective/Not Working,32.88,1
RET001509,ORD0001619,ITM0002761,P001,Wireless Earbuds Pro,Novatech Supply,Audio,2023-02-15,Wrong Item Sent,70.89,2
RET001510,ORD0001622,ITM0002767,P004,Smart Plug 4-Pack,novatech supply,Smart Home,2023-06-07,Not as Described,23.15,1
RET001511,ORD0001622,ITM0002768,P008,Power Bank 20000mAh,Techcore Ltd,Accessories,2023-06-04,Defective/Not Working,17.19,2
RET001512,ORD0001626,ITM0002779,P004,Smart Plug 4-Pack,novatech supply,Smart Home,2024-06-30,Changed Mind,23.29,1
RET001513,ORD0001628,ITM0002784,P006,Laptop Stand Aluminium,TechCore Ltd,Accessories,2023-10-04,Not as Described,35.71,1
RET001514,ORD0001630,ITM0002786,P023,Cable Management Kit,ValueSource Co,Accessories,2023-12-24,Wrong Item Sent,12.47,1
RET001515,ORD0001635,ITM0002794,P003,Smart Watch Fitness,Nova Tech Supply,Wearables,2024-04-05,Changed Mind,265.0,2
RET001516,ORD0001639,ITM0002798,P016,27in Monitor 4K,BrightGadgets,Displays,2024-12-21,Changed Mind,296.99,1
RET001517,ORD0001646,ITM0002812,P010,Noise Cancel Headphones,TechCore Ltd,Audio,2022-08-07,Arrived Damaged,74.87,2
RET001518,ORD0001647,ITM0002814,P020,Laptop Cooling Pad,BrightGadgets,Accessories,2022-11-06,Changed Mind,46.16,2
RET001519,ORD0001658,ITM0002836,P004,Smart Plug 4-Pack,novatech supply,Smart Home,2024-12-03,Wrong Item Sent,25.24,1
RET001520,ORD0001667,ITM0002852,P002,Bluetooth Speaker Mini,NovaTech Supply,Audio,2024-03-15,Changed Mind,42.81,1
RET001521,ORD0001669,ITM0002856,P026,HDMI Cable 2m,ValueSource Co,Accessories,2022-01-27,Poor Quality,8.33,1
RET001522,ORD0001669,ITM0002858,P002,Bluetooth Speaker Mini,NovaTech Supply,Audio,2022-01-25,Arrived Damaged,106.23,2
RET001523,ORD0001669,ITM0002859,P027,Cable Clips Pack 50,ValueSource Co,Accessories,2022-01-30,Defective/Not Working,5.71,1
RET001524,ORD0001683,ITM0002881,P023,Cable Management Kit,ValueSource Co,Accessories,2024-03-21,Defective/Not Working,12.91,1
RET001525,ORD0001690,ITM0002893,P004,Smart Plug 4-Pack,novatech supply,Smart Home,2023-06-19,Defective/Not Working,33.08,1
RET001526,ORD0001692,ITM0002898,P004,Smart Plug 4-Pack,novatech supply,Smart Home,2022-03-27,Defective/Not Working,31.62,1
RET001527,ORD0001695,ITM0002902,P017,Smart LED Desk Lamp,BrightGadgets,Lighting,2025-01-09,Defective/Not Working,42.5,1
RET001528,ORD0001698,ITM0002905,P011,Mechanical Keyboard TKL,Elite components,Peripherals,2024-10-10,Defective/Not Working,59.95,1
RET001529,ORD0001700,ITM0002907,P009,Desk Pad XL,TechCore Ltd,Accessories,2022-12-22,Defective/Not Working,29.66,1
RET001530,ORD0001701,ITM0002908,P026,HDMI Cable 2m,ValueSource Co,Accessories,2024-05-10,Wrong Item Sent,8.15,1
RET001531,ORD0001704,ITM0002914,P002,Bluetooth Speaker Mini,NovaTech Supply,Audio,2023-01-06,Defective/Not Working,52.88,1
RET001532,ORD0001705,ITM0002915,P002,Bluetooth Speaker Mini,NovaTech Supply,Audio,2023-01-28,Not as Described,45.69,1
RET001533,ORD0001706,ITM0002916,P006,Laptop Stand Aluminium,TechCore Ltd,Accessories,2023-04-13,Poor Quality,29.08,1
RET001534,ORD0001706,ITM0002918,P006,Laptop Stand Aluminium,TechCore Ltd,Accessories,2023-04-17,Defective/Not Working,27.96,1
RET001535,ORD0001707,ITM0002919,P003,Smart Watch Fitness,novatech supply,Wearables,2023-07-31,Arrived Damaged,123.19,1
RET001536,ORD0001711,ITM0002923,P008,Power Bank 20000mAh,Techcore Ltd,Accessories,2024-04-21,,11.36,1
RET001537,ORD0001716,ITM0002933,P004,Smart Plug 4-Pack,novatech supply,Smart Home,2024-09-13,Not as Described,64.57,2
RET001538,ORD0001717,ITM0002938,P007,Webcam 1080p HD,TechCore Ltd,Peripherals,2024-12-03,Defective/Not Working,147.6,3
RET001539,ORD0001717,ITM0002939,P008,Power Bank 20000mAh,Techcore Ltd,Accessories,2024-12-15,Defective/Not Working,22.47,2
RET001540,ORD0001720,ITM0002943,P001,Wireless Earbuds Pro,Novatech Supply,Audio,2023-08-27,Defective/Not Working,1694.84,1
RET001541,ORD0001724,ITM0002950,P016,27in Monitor 4K,BrightGadgets,Displays,2024-07-31,Changed Mind,442.27,2
RET001542,ORD0001725,ITM0002951,P006,Laptop Stand Aluminium,TechCore Ltd,Accessories,2024-09-11,Wrong Item Sent,107.56,3
RET001543,ORD0001735,ITM0002969,P027,Cable Clips Pack 50,ValueSource Co,Accessories,2023-10-17,Wrong Item Sent,16.37,3
RET001544,ORD0001737,ITM0002973,P001,Wireless Earbuds Pro,Novatech Supply,Audio,2023-07-31,Defective/Not Working,90.4,2
RET001545,ORD0001744,ITM0002985,P002,Bluetooth Speaker Mini,NovaTech Supply,Audio,2024-07-22,Defective/Not Working,58.42,1
RET001546,ORD0001746,ITM0002988,P026,HDMI Cable 2m,ValueSource Co,Accessories,2022-05-12,Defective/Not Working,17.71,2
RET001547,ORD0001753,ITM0002999,P002,Bluetooth Speaker Mini,Novatech Supply,Audio,2023-09-27,Defective/Not Working,57.78,1
RET001548,ORD0001759,ITM0003011,P024,Phone Stand Adjustable,Value Source Co,Accessories,2024-07-03,Defective/Not Working,7.66,1
RET001549,ORD0001762,ITM0003015,P004,Smart Plug 4-Pack,novatech supply,Smart Home,2023-05-27,Defective/Not Working,102.13,3
RET001550,ORD0001764,ITM0003019,P002,Bluetooth Speaker Mini,NovaTech Supply,Audio,2023-09-07,Arrived Damaged,169.1,3
RET001551,ORD0001767,ITM0003023,P001,Wireless Earbuds Pro,Novatech Supply,Audio,2024-03-12,Defective/Not Working,32.73,1
RET001552,ORD0001780,ITM0003044,P002,Bluetooth Speaker Mini,NovaTech Supply,Audio,2023-01-27,Defective/Not Working,53.06,1
RET001553,ORD0001782,ITM0003050,P002,Bluetooth Speaker Mini,NovaTech Supply,Audio,2023-07-25,Defective/Not Working,174.17,3
RET001554,ORD0001787,ITM0003060,P002,Bluetooth Speaker Mini,NOVATECH,Audio,2024-05-08,Defective/Not Working,57.57,1
RET001555,ORD0001790,ITM0003068,P027,Cable Clips Pack 50,ValueSource Co,Accessories,2023-12-29,Arrived Damaged,5.86,1
RET001556,ORD0001792,ITM0003071,P028,Gaming Chair Ergonomic,ValueSource Co,Furniture,2022-10-16,Defective/Not Working,237.24,1
RET001557,ORD0001794,ITM0003075,P005,USB-C Hub 7-in-1,TechCore Ltd,Accessories,2022-11-15,Defective/Not Working,26.59,1
RET001558,ORD0001795,ITM0003079,P001,Wireless Earbuds Pro,Novatech Supply,Audio,2023-02-28,Defective/Not Working,46.77,1
RET001559,ORD0001796,ITM0003080,P002,Bluetooth Speaker Mini,Novatech Supply,,2023-03-22,Wrong Item Sent,55.7,1
RET001560,ORD0001800,ITM0003085,P011,Mechanical Keyboard TKL,EliteComponents,Peripherals,2023-07-23,Changed Mind,86.76,1
RET001561,ORD0001801,ITM0003087,P001,Wireless Earbuds Pro,Novatech Supply,Audio,2023-09-09,Wrong Item Sent,32.35,1
RET001562,ORD0001806,ITM0003098,P006,Laptop Stand Aluminium,TechCore Ltd,Accessories,2024-01-19,Not as Described,35.57,1
RET001563,ORD0001813,ITM0003112,P019,Ring Light 10in,BrightGadgets,Lighting,2025-01-09,Poor Quality,49.33,1
RET001564,ORD0001823,ITM0003128,P025,Screen Cleaning Kit,ValueSource Co,Accessories,2024-12-28,Defective/Not Working,5.85,1
RET001565,ORD0001835,ITM0003147,P004,Smart Plug 4-Pack,Novatech Supply,Smart Home,2022-07-31,Defective/Not Working,34.49,1
RET001566,ORD0001839,ITM0003155,P008,Power Bank 20000mAh,Techcore Ltd,Accessories,2023-05-18,Defective/Not Working,7.89,1
RET001567,ORD0001844,ITM0003162,P022,Laptop Sleeve 15in,ValueSource Co,Accessories,2022-10-03,Defective/Not Working,37.89,2
RET001568,ORD0001845,ITM0003165,P010,Noise Cancel Headphones,TechCore Ltd,Audio,2023-01-11,Defective/Not Working,37.6,1
RET001569,ORD0001847,ITM0003170,P002,Bluetooth Speaker Mini,novatech supply,Audio,2024-06-30,Defective/Not Working,106.69,2
RET001570,ORD0001848,ITM0003172,P004,Smart Plug 4-Pack,Novatech Supply,Smart Home,2024-08-10,Defective/Not Working,32.05,1
RET001571,ORD0001852,ITM0003179,P025,Screen Cleaning Kit,ValueSource Co,Accessories,2023-09-14,Defective/Not Working,14.39,2
RET001572,ORD0001858,ITM0003191,P027,Cable Clips Pack 50,ValueSource Co,Accessories,2023-08-26,Arrived Damaged,5.68,1
RET001573,ORD0001861,ITM0003197,P004,Smart Plug 4-Pack,novatech supply,Smart Home,2023-12-17,Not as Described,25.91,1
RET001574,ORD0001862,ITM0003199,P002,Bluetooth Speaker Mini,NovaTech Supply,Audio,2022-09-18,Defective/Not Working,47.7,1
RET001575,ORD0001863,ITM0003201,P012,Gaming Mouse RGB,Elite components,Peripherals,2023-02-26,Defective/Not Working,43.78,1
RET001576,ORD0001870,ITM0003210,P019,Ring Light 10in,BrightGadgets,Lighting,2023-07-17,Defective/Not Working,42.66,1
RET001577,ORD0001874,ITM0003215,P017,Smart LED Desk Lamp,BrightGadgets,Lighting,2022-06-08,Arrived Damaged,40.56,1
RET001578,ORD0001881,ITM0003225,P020,Laptop Cooling Pad,BrightGadgets,Accessories,2024-09-17,Wrong Item Sent,30.01,1
RET001579,ORD0001886,ITM0003230,P011,Mechanical Keyboard TKL,EliteComponents,Peripherals,2023-12-26,Wrong Item Sent,73.43,1
RET001580,ORD0001891,ITM0003235,P004,Smart Plug 4-Pack,novatech supply,Smart Home,2025-01-01,Poor Quality,33.84,1
RET001581,ORD0001891,ITM0003236,P017,Smart LED Desk Lamp,BrightGadgets,Lighting,2024-12-23,Defective/Not Working,41.78,1
RET001582,ORD0001895,ITM0003244,P014,Docking Station USB-C,EliteComponents,Accessories,2023-01-12,Arrived Damaged,99.92,1
RET001583,ORD0001899,ITM0003250,P023,Cable Management Kit,ValueSource Co,Accessories,2024-05-11,Defective/Not Working,12.33,1
RET001584,ORD0001901,ITM0003254,P006,Laptop Stand Aluminium,TechCore Ltd,Accessories,2024-06-16,Defective/Not Working,74.28,2
RET001585,ORD0001904,ITM0003259,P004,Smart Plug 4-Pack,novatech supply,Smart Home,2023-12-15,Poor Quality,67.68,2
RET001586,ORD0001907,ITM0003266,P002,Bluetooth Speaker Mini,NovaTech Supply,Audio,2024-06-06,Defective/Not Working,57.71,1
RET001587,ORD0001907,ITM0003269,P026,HDMI Cable 2m,ValueSource Co,Accessories,2024-06-18,Changed Mind,8.95,1
RET001588,ORD0001911,ITM0003276,P006,Laptop Stand Aluminium,TechCore Ltd,Accessories,2024-06-18,Arrived Damaged,34.25,1
RET001589,ORD0001915,ITM0003285,P012,Gaming Mouse RGB,Elite components,Peripherals,2024-08-31,Defective/Not Working,44.7,1
RET001590,ORD0001923,ITM0003295,P004,Smart Plug 4-Pack,novatech supply,Smart Home,2024-12-03,Defective/Not Working,67.64,2
RET001591,ORD0001923,ITM0003296,P001,Wireless Earbuds Pro,Novatech Supply,Audio,2024-11-19,Not as Described,45.49,1
RET001592,ORD0001932,ITM0003308,P023,Cable Management Kit,ValueSource Co,Accessories,2023-09-14,Changed Mind,23.35,2
RET001593,ORD0001935,ITM0003312,P004,Smart Plug 4-Pack,NOVATECH,Smart Home,2024-12-02,Defective/Not Working,24.67,1
RET001594,ORD0001940,ITM0003323,P001,Wireless Earbuds Pro,Novatech Supply,Audio,2023-06-07,Defective/Not Working,44.51,1
RET001595,ORD0001946,ITM0003330,P003,Smart Watch Fitness,Nova Tech Supply,Wearables,2024-01-01,Defective/Not Working,93.03,1
RET001596,ORD0001947,ITM0003331,P005,USB-C Hub 7-in-1,TechCore Ltd,Accessories,2024-03-02,Arrived Damaged,32.75,1
RET001597,ORD0001960,ITM0003354,P013,Portable SSD 1TB,EliteComponents,Storage,2022-11-07,Defective/Not Working,172.99,2
RET001598,ORD0001961,ITM0003355,P002,Bluetooth Speaker Mini,NovaTech Supply,Audio,2022-11-22,Defective/Not Working,119.14,2
RET001599,ORD0001964,ITM0003360,P022,Laptop Sleeve 15in,ValueSource Co,Accessories,2023-05-14,Defective/Not Working,19.43,1
RET001600,ORD0001965,ITM0003362,P001,Wireless Earbuds Pro,Novatech Supply,Audio,2023-07-04,Defective/Not Working,44.6,1
RET001601,ORD0001969,ITM0003369,P026,HDMI Cable 2m,ValueSource Co,Accessories,2023-08-10,Changed Mind,16.91,2
RET001602,ORD0001971,ITM0003374,P004,Smart Plug 4-Pack,novatech supply,Smart Home,2024-01-22,Defective/Not Working,33.47,1
RET001603,ORD0001971,ITM0003375,P022,Laptop Sleeve 15in,ValueSource Co,Accessories,2024-01-30,Wrong Item Sent,38.08,2
RET001604,ORD0001977,ITM0003386,P025,Screen Cleaning Kit,ValueSource Co,Accessories,2024-11-13,Changed Mind,6.61,1
RET001605,ORD0001980,ITM0003390,P003,Smart Watch Fitness,novatech supply,Wearables,2022-12-29,Arrived Damaged,133.08,1
RET001606,ORD0001984,ITM0003398,P001,Wireless Earbuds Pro,Novatech Supply,Audio,2024-06-01,Arrived Damaged,45.22,1
RET001607,ORD0001984,ITM0003400,P027,Cable Clips Pack 50,ValueSource Co,Accessories,2024-05-25,Arrived Damaged,5.43,1
RET001608,ORD0001994,ITM0003412,P008,Power Bank 20000mAh,Techcore Ltd,Accessories,2024-10-08,Defective/Not Working,17.58,2
RET001609,ORD0001996,ITM0003417,P001,Wireless Earbuds Pro,Novatech Supply,Audio,2023-07-13,Not as Described,136.67,3
RET001610,ORD0002015,ITM0003445,P012,Gaming Mouse RGB,Elite components,Peripherals,2024-10-06,Wrong Item Sent,42.75,1
RET001611,ORD0002022,ITM0003454,P001,Wireless Earbuds Pro,Novatech Supply,Audio,2024-04-26,Defective/Not Working,89.97,2
RET001612,ORD0002027,ITM0003463,P019,Ring Light 10in,BrightGadgets,Lighting,2024-12-30,Defective/Not Working,53.03,1
RET001613,ORD0002028,ITM0003464,P007,Webcam 1080p HD,TechCore Ltd,Peripherals,2024-10-17,Poor Quality,43.93,1
RET001614,ORD0002029,ITM0003466,P012,Gaming Mouse RGB,Elite components,Peripherals,2024-05-25,Changed Mind,120.76,3
RET001615,ORD0002040,ITM0003484,P016,27in Monitor 4K,brightgadgets,Displays,2023-03-25,Changed Mind,591.13,2
RET001616,ORD0002042,ITM0003488,P002,Bluetooth Speaker Mini,NovaTech Supply,Audio,2023-08-19,Defective/Not Working,111.65,2
RET001617,ORD0002045,ITM0003494,P006,Laptop Stand Aluminium,TechCore Ltd,Accessories,2024-12-03,Defective/Not Working,37.08,1
RET001618,ORD0002056,ITM0003516,P001,Wireless Earbuds Pro,Novatech Supply,Audio,2024-08-04,Defective/Not Working,36.67,1
RET001619,ORD0002059,ITM0003520,P020,Laptop Cooling Pad,BrightGadgets,Accessories,2024-08-08,Wrong Item Sent,30.28,1
RET001620,ORD0002060,ITM0003522,P022,Laptop Sleeve 15in,Valuesource Co,Accessories,2023-02-18,Arrived Damaged,18.8,1
RET001621,ORD0002062,ITM0003524,P001,Wireless Earbuds Pro,Novatech Supply,Audio,2024-11-15,Defective/Not Working,48.96,1
RET001622,ORD0002064,ITM0003527,P008,Power Bank 20000mAh,Techcore Ltd,Accessories,2024-08-12,Wrong Item Sent,8.95,1
RET001623,ORD0002067,ITM0003531,P002,Bluetooth Speaker Mini,NovaTech Supply,Audio,2022-03-10,Defective/Not Working,167.61,3
RET001624,ORD0002080,ITM0003548,P001,Wireless Earbuds Pro,Novatech Supply,Audio,2023-09-29,Defective/Not Working,46.33,1
RET001625,ORD0002093,ITM0003567,P002,Bluetooth Speaker Mini,NovaTech Supply,Audio,2024-03-23,Not as Described,111.43,2
RET001626,ORD0002117,ITM0003600,P002,Bluetooth Speaker Mini,NovaTech Supply,Audio,2024-09-18,Defective/Not Working,53.21,1
RET001627,ORD0002120,ITM0003605,P029,Thermal Paste Premium,EliteComponents,PC Parts,2024-12-22,Wrong Item Sent,7.35,1
RET001628,ORD0002122,ITM0003609,P022,Laptop Sleeve 15in,ValueSource Co,Accessories,2023-02-24,Wrong Item Sent,19.1,1
RET001629,ORD0002123,ITM0003611,P011,Mechanical Keyboard TKL,EliteComponents,Peripherals,2023-07-26,Defective/Not Working,84.38,1
RET001630,ORD0002124,ITM0003614,P008,Power Bank 20000mAh,Techcore Ltd,Accessories,2023-12-08,Not as Described,11.58,1
RET001631,ORD0002129,ITM0003622,P011,Mechanical Keyboard TKL,EliteComponents,Peripherals,2022-08-17,Not as Described,86.18,1
RET001632,ORD0002132,ITM0003627,P013,Portable SSD 1TB,Elite components,Storage,2024-12-19,Not as Described,87.9,1
RET001633,ORD0002139,ITM0003640,P002,Bluetooth Speaker Mini,NovaTech Supply,Audio,2024-08-13,Defective/Not Working,58.33,1
RET001634,ORD0002152,ITM0003659,P028,Gaming Chair Ergonomic,ValueSource Co,Furniture,2024-10-30,Arrived Damaged,694.82,2
RET001635,ORD0002167,ITM0003681,P004,Smart Plug 4-Pack,novatech supply,Smart Home,2022-09-13,Wrong Item Sent,32.86,1
RET001636,ORD0002176,ITM0003700,P021,VR Headset Standalone,brightgadgets,Gaming,2024-08-12,Defective/Not Working,780.7,3
RET001637,ORD0002180,ITM0003708,P003,Smart Watch Fitness,Novatech Supply,Wearables,2023-01-20,Not as Described,138.56,1
RET001638,ORD0002186,ITM0003720,P013,Portable SSD 1TB,EliteComponents,Storage,2024-03-08,Changed Mind,84.49,1
RET001639,ORD0002193,ITM0003731,P002,Bluetooth Speaker Mini,NovaTech Supply,Audio,2024-02-11,Defective/Not Working,55.17,1
RET001640,ORD0002203,ITM0003751,P011,Mechanical Keyboard TKL,EliteComponents,Peripherals,2023-11-05,Defective/Not Working,61.64,1
RET001641,ORD0002204,ITM0003754,P001,Wireless Earbuds Pro,Novatech Supply,Audio,2023-12-17,Defective/Not Working,37.73,1
RET001642,ORD0002206,ITM0003757,P009,Desk Pad XL,TechCore Ltd,Accessories,2024-02-26,Defective/Not Working,55.2,2
RET001643,ORD0002207,ITM0003758,P001,Wireless Earbuds Pro,Nova Tech Supply,Audio,2024-06-24,Defective/Not Working,93.46,2
RET001644,ORD0002210,ITM0003763,P026,HDMI Cable 2m,ValueSource Co,Accessories,2024-07-28,Poor Quality,6.07,1
RET001645,ORD0002215,ITM0003771,P006,Laptop Stand Aluminium,TechCore Ltd,Accessories,2023-04-03,,36.88,1
RET001646,ORD0002215,ITM0003772,P007,Webcam 1080p HD,TechCore Ltd,Peripherals,2023-03-19,Defective/Not Working,49.85,1
RET001647,ORD0002221,ITM0003779,P001,Wireless Earbuds Pro,Novatech Supply,Audio,2022-11-12,Arrived Damaged,47.2,1
RET001648,ORD0002238,ITM0003803,P001,Wireless Earbuds Pro,Novatech Supply,,2022-09-29,Defective/Not Working,44.54,1
RET001649,ORD0002240,ITM0003807,P004,Smart Plug 4-Pack,novatech supply,Smart Home,2023-02-24,Wrong Item Sent,64.35,2
RET001650,ORD0002247,ITM0003816,P004,Smart Plug 4-Pack,novatech supply,Smart Home,2024-04-23,Defective/Not Working,28.99,1
RET001651,ORD0002258,ITM0003836,P002,Bluetooth Speaker Mini,NovaTech Supply,Audio,2024-02-23,Poor Quality,53.87,1
RET001652,ORD0002259,ITM0003838,P009,Desk Pad XL,TechCore Ltd,Accessories,2024-02-18,Not as Described,26.78,1
RET001653,ORD0002267,ITM0003854,P002,Bluetooth Speaker Mini,NovaTech Supply,Audio,2024-05-12,Defective/Not Working,59.24,1
RET001654,ORD0002278,ITM0003874,P002,Bluetooth Speaker Mini,NovaTech Supply,,2024-11-21,Wrong Item Sent,53.9,1
RET001655,ORD0002280,ITM0003878,P008,Power Bank 20000mAh,Techcore Ltd,Accessories,2025-01-12,Defective/Not Working,33.08,3
RET001656,ORD0002289,ITM0003894,P026,HDMI Cable 2m,ValueSource Co,Accessories,2023-11-18,Defective/Not Working,8.64,1
RET001657,ORD0002297,ITM0003905,P008,Power Bank 20000mAh,Techcore Ltd,Accessories,2024-04-13,Defective/Not Working,11.17,1
RET001658,ORD0002299,ITM0003907,P002,Bluetooth Speaker Mini,NovaTech Supply,Audio,2024-10-16,Not as Described,57.62,1
RET001659,ORD0002305,ITM0003916,P004,Smart Plug 4-Pack,novatech supply,Smart Home,2024-07-10,Defective/Not Working,33.45,1
RET001660,ORD0002306,ITM0003917,P001,Wireless Earbuds Pro,novatech supply,Audio,2024-10-08,Defective/Not Working,49.16,1
RET001661,ORD0002309,ITM0003923,P002,Bluetooth Speaker Mini,NovaTech Supply,Audio,2025-01-06,Defective/Not Working,59.32,1
RET001662,ORD0002309,ITM0003925,P006,Laptop Stand Aluminium,TechCore Ltd,Accessories,2024-12-19,Wrong Item Sent,37.44,1
RET001663,ORD0002311,ITM0003928,P006,Laptop Stand Aluminium,TechCore Ltd,Accessories,2023-04-10,Changed Mind,27.61,1
RET001664,ORD0002315,ITM0003937,P004,Smart Plug 4-Pack,novatech supply,Smart Home,2023-08-29,Not as Described,62.75,2
RET001665,ORD0002316,ITM0003940,P006,Laptop Stand Aluminium,TechCore Ltd,Accessories,2023-12-05,Defective/Not Working,29.22,1
RET001666,ORD0002318,ITM0003944,P002,Bluetooth Speaker Mini,NovaTech Supply,Audio,2024-10-10,Defective/Not Working,57.91,1
RET001667,ORD0002319,ITM0003946,P021,VR Headset Standalone,brightgadgets,Gaming,2022-11-26,Not as Described,289.24,1
RET001668,ORD0002325,ITM0003955,P028,Gaming Chair Ergonomic,ValueSource Co,Furniture,2023-08-12,Not as Described,323.05,1
RET001669,ORD0002329,ITM0003961,P001,Wireless Earbuds Pro,Novatech Supply,Audio,2023-06-18,Wrong Item Sent,92.04,2
RET001670,ORD0002330,ITM0003962,P001,Wireless Earbuds Pro,Novatech Supply,Audio,2023-06-26,Arrived Damaged,45.25,1
RET001671,ORD0002332,ITM0003967,P010,Noise Cancel Headphones,TechCore Ltd,Audio,2023-09-17,Wrong Item Sent,74.14,2
RET001672,ORD0002342,ITM0003993,P002,Bluetooth Speaker Mini,NovaTech Supply,Audio,2023-10-30,Changed Mind,56.17,1
RET001673,ORD0002343,ITM0003996,P002,Bluetooth Speaker Mini,NovaTech Supply,Audio,2023-12-31,Defective/Not Working,46.23,1
RET001674,ORD0002352,ITM0004009,P020,Laptop Cooling Pad,BrightGadgets,Accessories,2022-10-21,Arrived Damaged,29.97,1
RET001675,ORD0002353,ITM0004012,P008,Power Bank 20000mAh,Techcore Ltd,Accessories,2023-04-19,Changed Mind,10.32,1
RET001676,ORD0002357,ITM0004018,P004,Smart Plug 4-Pack,novatech supply,Smart Home,2022-08-17,,30.86,1
RET001677,ORD0002361,ITM0004024,P019,Ring Light 10in,BrightGadgets,Lighting,2023-02-19,Defective/Not Working,53.93,1
RET001678,ORD0002362,ITM0004025,P023,Cable Management Kit,ValueSource Co,Accessories,2023-03-11,Wrong Item Sent,10.29,1
RET001679,ORD0002375,ITM0004046,P016,27in Monitor 4K,BrightGadgets,Displays,2022-02-10,Arrived Damaged,308.34,1
RET001680,ORD0002377,ITM0004050,P002,Bluetooth Speaker Mini,NovaTech Supply,Audio,2024-07-12,Defective/Not Working,53.04,1
RET001681,ORD0002381,ITM0004056,P002,Bluetooth Speaker Mini,NovaTech Supply,Audio,2023-05-26,Not as Described,58.95,1
RET001682,ORD0002386,ITM0004062,P004,Smart Plug 4-Pack,novatech supply,Smart Home,2022-06-02,,32.29,1
RET001683,ORD0002391,ITM0004069,P002,Bluetooth Speaker Mini,NovaTech Supply,Audio,2022-11-12,Defective/Not Working,54.43,1
RET001684,ORD0002392,ITM0004072,P006,Laptop Stand Aluminium,TechCore Ltd,Accessories,2024-09-22,Wrong Item Sent,36.87,1
RET001685,ORD0002396,ITM0004078,P018,Action Camera 4K,Bright gadgets,Cameras,2023-03-15,Not as Described,239.65,2
RET001686,ORD0002400,ITM0004085,P004,Smart Plug 4-Pack,novatech supply,Smart Home,2024-12-16,Defective/Not Working,34.05,1
RET001687,ORD0002402,ITM0004088,P004,Smart Plug 4-Pack,novatech supply,Smart Home,2023-01-22,Defective/Not Working,67.99,2
RET001688,ORD0002403,ITM0004091,P004,Smart Plug 4-Pack,novatech supply,Smart Home,2022-05-08,Defective/Not Working,33.6,1
RET001689,ORD0002403,ITM0004093,P022,Laptop Sleeve 15in,ValueSource Co,Accessories,2022-05-12,,38.36,2
RET001690,ORD0002405,ITM0004096,P002,Bluetooth Speaker Mini,novatech supply,Audio,2023-08-06,Defective/Not Working,114.43,2
RET001691,ORD0002408,ITM0004101,P004,Smart Plug 4-Pack,novatech supply,Smart Home,2023-12-19,Defective/Not Working,96.98,3
RET001692,ORD0002412,ITM0004108,P003,Smart Watch Fitness,Nova Tech Supply,Wearables,2024-12-30,Defective/Not Working,276.57,2
RET001693,ORD0002428,ITM0004131,P026,HDMI Cable 2m,ValueSource Co,Accessories,2024-06-20,Defective/Not Working,8.72,1
RET001694,ORD0002428,ITM0004132,P010,Noise Cancel Headphones,TechCore Ltd,Audio,2024-06-05,Not as Described,34.94,1
RET001695,ORD0002432,ITM0004138,P004,Smart Plug 4-Pack,novatech supply,Smart Home,2023-09-01,Defective/Not Working,31.72,1
RET001696,ORD0002435,ITM0004143,P001,Wireless Earbuds Pro,Novatech Supply,Audio,2022-05-05,Arrived Damaged,95.65,2
RET001697,ORD0002436,ITM0004145,P001,Wireless Earbuds Pro,Novatech Supply,Audio,2022-08-23,Defective/Not Working,38.41,1
RET001698,ORD0002438,ITM0004151,P012,Gaming Mouse RGB,Elite components,Peripherals,2022-12-27,Poor Quality,44.92,1
RET001699,ORD0002438,ITM0004152,P025,Screen Cleaning Kit,ValueSource Co,Accessories,2022-12-23,Changed Mind,7.52,1
RET001700,ORD0002440,ITM0004156,P012,Gaming Mouse RGB,Elite components,Peripherals,2023-08-19,,40.27,1
RET001701,ORD0002442,ITM0004160,P028,Gaming Chair Ergonomic,Value Source Co,Furniture,2023-10-25,Arrived Damaged,314.79,1
RET001702,ORD0002446,ITM0004166,P029,Thermal Paste Premium,EliteComponents,PC Parts,2024-02-24,Defective/Not Working,9.81,1
RET001703,ORD0002454,ITM0004176,P017,Smart LED Desk Lamp,BrightGadgets,Lighting,2024-11-08,Changed Mind,83.07,2
RET001704,ORD0002454,ITM0004177,P027,Cable Clips Pack 50,ValueSource Co,Accessories,2024-11-04,Wrong Item Sent,17.14,3
RET001705,ORD0002457,ITM0004180,P001,Wireless Earbuds Pro,Novatech Supply,Audio,2022-09-08,Changed Mind,49.73,1
RET001706,ORD0002461,ITM0004185,P006,Laptop Stand Aluminium,TechCore Ltd,Accessories,2024-04-28,Defective/Not Working,37.85,1
RET001707,ORD0002465,ITM0004189,P008,Power Bank 20000mAh,Techcore Ltd,Accessories,2024-12-08,Defective/Not Working,11.51,1
RET001708,ORD0002472,ITM0004202,P004,Smart Plug 4-Pack,novatech supply,Smart Home,2024-11-27,Arrived Damaged,33.09,1
RET001709,ORD0002474,ITM0004204,P015,Microphone USB Condenser,Elite Components,Audio,2022-12-05,Defective/Not Working,190.14,2
RET001710,ORD0002476,ITM0004209,P004,Smart Plug 4-Pack,novatech supply,Smart Home,2022-08-03,Defective/Not Working,30.96,1
RET001711,ORD0002476,ITM0004211,P016,27in Monitor 4K,BrightGadgets,Displays,2022-07-30,Defective/Not Working,289.63,1
RET001712,ORD0002483,ITM0004224,P002,Bluetooth Speaker Mini,Novatech Supply,Audio,2024-11-21,Defective/Not Working,58.37,1
RET001713,ORD0002483,ITM0004225,P003,Smart Watch Fitness,novatech supply,Wearables,2024-11-28,Defective/Not Working,136.65,1
RET001714,ORD0002484,ITM0004227,P002,Bluetooth Speaker Mini,NovaTech Supply,Audio,2022-06-12,Defective/Not Working,52.9,1
RET001715,ORD0002485,ITM0004230,P004,Smart Plug 4-Pack,novatech supply,Smart Home,2022-08-07,Not as Described,34.71,1
RET001716,ORD0002490,ITM0004241,P019,Ring Light 10in,BrightGadgets,Lighting,2024-03-03,Not as Described,123.95,3
RET001717,ORD0002491,ITM0004243,P002,Bluetooth Speaker Mini,NovaTech Supply,Audio,2024-03-16,Defective/Not Working,58.39,1
RET001718,ORD0002493,ITM0004246,P005,USB-C Hub 7-in-1,TechCore Ltd,Accessories,2024-06-25,Defective/Not Working,34.47,1
RET001719,ORD0002497,ITM0004251,P004,Smart Plug 4-Pack,novatech supply,Smart Home,2024-10-17,Arrived Damaged,31.55,1
RET001720,ORD0002501,ITM0004256,P001,Wireless Earbuds Pro,Novatech Supply,Audio,2023-03-10,Defective/Not Working,32.93,1
RET001721,ORD0002502,ITM0004258,P002,Bluetooth Speaker Mini,NovaTech Supply,Audio,2023-08-10,Defective/Not Working,58.29,1
RET001722,ORD0002505,ITM0004266,P026,HDMI Cable 2m,ValueSource Co,Accessories,2022-08-26,Wrong Item Sent,8.06,1
RET001723,ORD0002506,ITM0004268,P002,Bluetooth Speaker Mini,NovaTech Supply,Audio,2023-02-15,Defective/Not Working,170.64,3
RET001724,ORD0002510,ITM0004275,P008,Power Bank 20000mAh,Techcore Ltd,Accessories,2025-01-13,Defective/Not Working,11.36,1
RET001725,ORD0002512,ITM0004277,P002,Bluetooth Speaker Mini,NovaTech Supply,Audio,2025-01-17,Defective/Not Working,44.36,1
RET001726,ORD0002512,ITM0004279,P011,Mechanical Keyboard TKL,EliteComponents,Peripherals,2025-01-24,Poor Quality,67.33,1
RET001727,ORD0002513,ITM0004281,P005,USB-C Hub 7-in-1,TechCore,Accessories,2022-01-23,Defective/Not Working,30.91,1
RET001728,ORD0002514,ITM0004282,P001,Wireless Earbuds Pro,Novatech Supply,Audio,2022-05-16,Wrong Item Sent,79.93,2
RET001729,ORD0002520,ITM0004292,P002,Bluetooth Speaker Mini,NovaTech Supply,Audio,2022-10-13,Poor Quality,40.76,1
RET001730,ORD0002536,ITM0004316,P027,Cable Clips Pack 50,ValueSource Co,Accessories,2024-09-22,Poor Quality,5.96,1
RET001731,ORD0002544,ITM0004325,P024,Phone Stand Adjustable,Value Source Co,Accessories,2023-03-08,Changed Mind,7.83,1
RET001732,ORD0002544,ITM0004327,P016,27in Monitor 4K,BrightGadgets,Displays,2023-03-11,Defective/Not Working,240.57,1
RET001733,ORD0002547,ITM0004333,P008,Power Bank 20000mAh,Techcore Ltd,Accessories,2024-05-29,,9.32,1
RET001734,ORD0002550,ITM0004339,P004,Smart Plug 4-Pack,novatech supply,Smart Home,2024-11-09,Changed Mind,24.47,1
RET001735,ORD0002551,ITM0004341,P021,VR Headset Standalone,brightgadgets,Gaming,2024-06-05,Not as Described,298.47,1
RET001736,ORD0002555,ITM0004349,P022,Laptop Sleeve 15in,ValueSource Co,Accessories,2023-12-08,Changed Mind,36.82,2
RET001737,ORD0002557,ITM0004352,P010,Noise Cancel Headphones,Tech Core Ltd,Audio,2024-02-04,Not as Described,28.23,1
RET001738,ORD0002566,ITM0004365,P002,Bluetooth Speaker Mini,NovaTech Supply,Audio,2023-08-27,Defective/Not Working,55.27,1
RET001739,ORD0002566,ITM0004366,P001,Wireless Earbuds Pro,Novatech Supply,Audio,2023-08-26,Defective/Not Working,47.14,1
RET001740,ORD0002570,ITM0004373,P017,Smart LED Desk Lamp,BrightGadgets,Lighting,2023-03-05,Not as Described,39.24,1
RET001741,ORD0002573,ITM0004376,P016,27in Monitor 4K,BrightGadgets,Displays,2023-11-15,Not as Described,300.15,1
RET001742,ORD0002574,ITM0004378,P012,Gaming Mouse RGB,Elite components,Peripherals,2024-05-29,Defective/Not Working,41.19,1
RET001743,ORD0002577,ITM0004382,P023,Cable Management Kit,ValueSource Co,Accessories,2022-03-27,Not as Described,12.58,1
RET001744,ORD0002581,ITM0004391,P001,Wireless Earbuds Pro,Novatech Supply,Audio,2023-01-14,Defective/Not Working,47.13,1
RET001745,ORD0002583,ITM0004394,P029,Thermal Paste Premium,EliteComponents,PC Parts,2024-08-06,Defective/Not Working,6.48,1
RET001746,ORD0002585,ITM0004398,P001,Wireless Earbuds Pro,Novatech Supply,Audio,2024-07-14,Wrong Item Sent,141.41,3
RET001747,ORD0002589,ITM0004403,P004,Smart Plug 4-Pack,novatech supply,Smart Home,2024-10-28,Changed Mind,34.32,1
RET001748,ORD0002610,ITM0004437,P025,Screen Cleaning Kit,ValueSource Co,Accessories,2022-12-17,Wrong Item Sent,6.18,1
RET001749,ORD0002610,ITM0004438,P024,Phone Stand Adjustable,Valuesource Co,Accessories,2022-12-17,Changed Mind,15.85,2
RET001750,ORD0002615,ITM0004448,P001,Wireless Earbuds Pro,Novatech Supply,Audio,2023-08-23,Defective/Not Working,44.55,1
RET001751,ORD0002617,ITM0004453,P016,27in Monitor 4K,BrightGadgets,Displays,2024-01-18,Defective/Not Working,246.46,1
RET001752,ORD0002622,ITM0004461,P001,Wireless Earbuds Pro,Novatech Supply,Audio,2022-03-10,Not as Described,94.52,2
RET001753,ORD0002623,ITM0004462,P015,Microphone USB Condenser,Elite Components,Audio,2022-10-07,Defective/Not Working,291.07,3
RET001754,ORD0002626,ITM0004466,P026,HDMI Cable 2m,ValueSource Co,Accessories,2024-06-02,Wrong Item Sent,8.01,1
RET001755,ORD0002627,ITM0004467,P026,HDMI Cable 2m,ValueSource Co,Accessories,2024-05-28,Defective/Not Working,8.99,1
RET001756,ORD0002630,ITM0004472,P007,Webcam 1080p HD,Techcore Ltd,Peripherals,2023-10-18,Defective/Not Working,51.25,1
RET001757,ORD0002635,ITM0004480,P027,Cable Clips Pack 50,ValueSource Co,Accessories,2024-03-11,Defective/Not Working,5.49,1
RET001758,ORD0002654,ITM0004514,P025,Screen Cleaning Kit,ValueSource Co,Accessories,2024-01-15,Poor Quality,7.52,1
RET001759,ORD0002660,ITM0004527,P022,Laptop Sleeve 15in,ValueSource Co,Accessories,2024-12-25,Poor Quality,19.96,1
RET001760,ORD0002670,ITM0004542,P019,Ring Light 10in,BrightGadgets,Lighting,2023-02-15,Defective/Not Working,40.18,1
RET001761,ORD0002671,ITM0004545,P007,Webcam 1080p HD,TechCore,Peripherals,2023-05-27,Poor Quality,52.29,1
RET001762,ORD0002673,ITM0004547,P003,Smart Watch Fitness,Nova Tech Supply,Wearables,2023-01-25,Arrived Damaged,249.87,2
RET001763,ORD0002674,ITM0004548,P014,Docking Station USB-C,EliteComponents,Accessories,2023-04-27,Defective/Not Working,103.16,1
RET001764,ORD0002677,ITM0004552,P014,Docking Station USB-C,EliteComponents,Accessories,2024-04-24,Wrong Item Sent,102.28,1
RET001765,ORD0002677,ITM0004553,P008,Power Bank 20000mAh,Techcore Ltd,Accessories,2024-05-08,Not as Described,11.22,1
RET001766,ORD0002682,ITM0004561,P015,Microphone USB Condenser,Elite Components,Audio,2024-10-23,Not as Described,292.73,3
RET001767,ORD0002682,ITM0004563,P002,Bluetooth Speaker Mini,NovaTech Supply,Audio,2024-10-31,Defective/Not Working,58.77,1
RET001768,ORD0002688,ITM0004576,P001,Wireless Earbuds Pro,Novatech Supply,Audio,2022-07-22,,136.49,3
RET001769,ORD0002696,ITM0004595,P001,Wireless Earbuds Pro,Novatech Supply,Audio,2022-03-24,Defective/Not Working,45.01,1
RET001770,ORD0002696,ITM0004597,P001,Wireless Earbuds Pro,Novatech Supply,Audio,2022-03-15,Wrong Item Sent,46.6,1
RET001771,ORD0002705,ITM0004609,P001,Wireless Earbuds Pro,Novatech Supply,Audio,2023-04-23,Defective/Not Working,49.74,1
RET001772,ORD0002711,ITM0004617,P027,Cable Clips Pack 50,ValueSource Co,Accessories,2024-05-02,Not as Described,9.86,2
RET001773,ORD0002712,ITM0004619,P001,Wireless Earbuds Pro,Nova Tech Supply,Audio,2024-09-05,Defective/Not Working,45.43,1
RET001774,ORD0002722,ITM0004636,P010,Noise Cancel Headphones,TechCore Ltd,Audio,2023-09-08,Not as Described,36.59,1
RET001775,ORD0002725,ITM0004642,P011,Mechanical Keyboard TKL,EliteComponents,Peripherals,2022-06-26,Poor Quality,83.99,1
RET001776,ORD0002741,ITM0004668,P001,Wireless Earbuds Pro,Novatech Supply,Audio,2023-05-09,Defective/Not Working,44.3,1
RET001777,ORD0002744,ITM0004674,P026,HDMI Cable 2m,ValueSource Co,Accessories,2024-11-18,Wrong Item Sent,8.76,1
RET001778,ORD0002747,ITM0004680,P002,Bluetooth Speaker Mini,NovaTech Supply,Audio,2025-01-13,Defective/Not Working,91.93,2
RET001779,ORD0002747,ITM0004681,P002,Bluetooth Speaker Mini,Nova Tech Supply,Audio,2025-01-05,Defective/Not Working,49.15,1
RET001780,ORD0002749,ITM0004684,P025,Screen Cleaning Kit,ValueSource Co,Accessories,2023-03-24,Changed Mind,7.64,1
RET001781,ORD0002751,ITM0004687,P025,Screen Cleaning Kit,ValueSource,Accessories,2024-09-12,Not as Described,7.23,1
RET001782,ORD0002753,ITM0004693,P015,Microphone USB Condenser,Elite Components,Audio,2024-12-05,Poor Quality,92.76,1
RET001783,ORD0002769,ITM0004720,P004,Smart Plug 4-Pack,novatech supply,Smart Home,2024-05-17,Defective/Not Working,34.93,1
RET001784,ORD0002773,ITM0004725,P008,Power Bank 20000mAh,Techcore Ltd,Accessories,2024-05-15,Defective/Not Working,10.3,1
RET001785,ORD0002778,ITM0004733,P017,Smart LED Desk Lamp,BrightGadgets,Lighting,2024-01-30,Defective/Not Working,29.76,1
RET001786,ORD0002778,ITM0004734,P003,Smart Watch Fitness,Nova Tech Supply,Wearables,2024-01-29,Defective/Not Working,96.78,1
RET001787,ORD0002782,ITM0004738,P015,Microphone USB Condenser,Elite Components,Audio,2024-08-02,,98.21,1
RET001788,ORD0002784,ITM0004743,P010,Noise Cancel Headphones,TechCore Ltd,Audio,2022-08-29,Defective/Not Working,36.84,1
RET001789,ORD0002794,ITM0004761,P020,Laptop Cooling Pad,BrightGadgets,Accessories,2022-01-28,Changed Mind,32.51,1
RET001790,ORD0002795,ITM0004762,P003,Smart Watch Fitness,novatech supply,Wearables,2023-12-20,Not as Described,137.66,1
RET001791,ORD0002795,ITM0004763,P002,Bluetooth Speaker Mini,NovaTech Supply,Audio,2023-12-21,Defective/Not Working,58.26,1
RET001792,ORD0002807,ITM0004781,P008,Power Bank 20000mAh,Techcore Ltd,Accessories,2022-08-18,Not as Described,11.67,1
RET001793,ORD0002809,ITM0004786,P017,Smart LED Desk Lamp,BrightGadgets,Lighting,2023-06-29,Not as Described,39.56,1
RET001794,ORD0002813,ITM0004794,P027,Cable Clips Pack 50,ValueSource Co,Accessories,2023-12-09,Arrived Damaged,10.33,2
RET001795,ORD0002821,ITM0004808,P026,HDMI Cable 2m,ValueSource Co,Accessories,2023-01-17,,8.18,1
RET001796,ORD0002822,ITM0004809,P011,Mechanical Keyboard TKL,EliteComponents,,2023-02-08,Defective/Not Working,81.9,1
RET001797,ORD0002824,ITM0004813,P025,Screen Cleaning Kit,ValueSource Co,Accessories,2024-02-12,,7.24,1
RET001798,ORD0002826,ITM0004816,P001,Wireless Earbuds Pro,Novatech Supply,Audio,2024-04-06,Poor Quality,40.0,1
RET001799,ORD0002829,ITM0004823,P001,Wireless Earbuds Pro,Novatech Supply,Audio,2023-01-15,Defective/Not Working,36.37,1
RET001800,ORD0002837,ITM0004835,P001,Wireless Earbuds Pro,Novatech Supply,Audio,2023-08-18,Poor Quality,35.97,1
RET001801,ORD0002837,ITM0004836,P001,Wireless Earbuds Pro,Novatech Supply,Audio,2023-08-03,Defective/Not Working,34.43,1
RET001802,ORD0002839,ITM0004840,P026,HDMI Cable 2m,ValueSource Co,Accessories,2023-10-16,Not as Described,8.77,1
RET001803,ORD0002841,ITM0004843,P001,Wireless Earbuds Pro,Novatech Supply,Audio,2024-12-24,Defective/Not Working,45.24,1
RET001804,ORD0002841,ITM0004844,P011,Mechanical Keyboard TKL,EliteComponents,Peripherals,2024-12-14,Not as Described,171.0,2
RET001805,ORD0002843,ITM0004849,P004,Smart Plug 4-Pack,novatech supply,Smart Home,2022-05-24,Defective/Not Working,30.98,1
RET001806,ORD0002844,ITM0004850,P028,Gaming Chair Ergonomic,ValueSource Co,Furniture,2022-07-02,Defective/Not Working,328.13,1
RET001807,ORD0002849,ITM0004857,P005,USB-C Hub 7-in-1,TechCore Ltd,Accessories,2023-02-11,Not as Described,53.06,2
RET001808,ORD0002851,ITM0004863,P001,Wireless Earbuds Pro,Novatech Supply,Audio,2022-03-25,Defective/Not Working,46.61,1
RET001809,ORD0002855,ITM0004875,P024,Phone Stand Adjustable,Value Source Co,Accessories,2023-12-03,Not as Described,7.35,1
RET001810,ORD0002858,ITM0004881,P002,Bluetooth Speaker Mini,NovaTech Supply,,2022-10-11,Defective/Not Working,42.1,1
RET001811,ORD0002865,ITM0004890,P030,Webcam 4K Pro,TechCore Ltd,Peripherals,2024-12-18,Defective/Not Working,247.0,2
RET001812,ORD0002872,ITM0004899,P001,Wireless Earbuds Pro,Novatech Supply,Audio,2023-11-10,Defective/Not Working,36.57,1
RET001813,ORD0002872,ITM0004900,P001,Wireless Earbuds Pro,Novatech Supply,Audio,2023-11-15,Poor Quality,38.61,1
RET001814,ORD0002874,ITM0004902,P028,Gaming Chair Ergonomic,ValueSource Co,Furniture,2024-02-09,Defective/Not Working,279.01,1
RET001815,ORD0002876,ITM0004908,P001,Wireless Earbuds Pro,Novatech Supply,Audio,2024-04-07,Not as Described,94.82,2
RET001816,ORD0002879,ITM0004911,P004,Smart Plug 4-Pack,novatech supply,Smart Home,2024-10-02,Arrived Damaged,34.02,1
RET001817,ORD0002891,ITM0004929,P027,Cable Clips Pack 50,ValueSource Co,Accessories,2023-07-18,Defective/Not Working,11.56,2
RET001818,ORD0002898,ITM0004943,P004,Smart Plug 4-Pack,novatech supply,Smart Home,2022-12-20,Defective/Not Working,25.18,1
RET001819,ORD0002904,ITM0004952,P024,Phone Stand Adjustable,VALUE SOURCE,Accessories,2023-04-25,Arrived Damaged,8.83,1
RET001820,ORD0002908,ITM0004960,P013,Portable SSD 1TB,EliteComponents,Storage,2023-05-22,Changed Mind,72.62,1
RET001821,ORD0002914,ITM0004973,P003,Smart Watch Fitness,Nova Tech Supply,Wearables,2023-10-14,Defective/Not Working,343.26,3
RET001822,ORD0002918,ITM0004979,P003,Smart Watch Fitness,Nova Tech Supply,Wearables,2023-08-20,Arrived Damaged,249.94,2
RET001823,ORD0002924,ITM0004985,P001,Wireless Earbuds Pro,Novatech Supply,Audio,2023-12-22,,92.84,2
RET001824,ORD0002935,ITM0005004,P002,Bluetooth Speaker Mini,novatech supply,Audio,2024-03-07,Defective/Not Working,54.6,1
RET001825,ORD0002936,ITM0005005,P001,Wireless Earbuds Pro,Novatech Supply,Audio,2024-02-01,Defective/Not Working,45.62,1
RET001826,ORD0002937,ITM0005006,P002,Bluetooth Speaker Mini,Novatech Supply,Audio,2024-03-13,Defective/Not Working,40.26,1
RET001827,ORD0002940,ITM0005009,P004,Smart Plug 4-Pack,novatech supply,Smart Home,2022-08-25,Defective/Not Working,33.02,1
RET001828,ORD0002950,ITM0005029,P011,Mechanical Keyboard TKL,Elite Components,Peripherals,2024-02-13,Wrong Item Sent,85.96,1
RET001829,ORD0002952,ITM0005033,P025,Screen Cleaning Kit,ValueSource Co,Accessories,2024-02-01,Wrong Item Sent,6.15,1
RET001830,ORD0002961,ITM0005058,P004,Smart Plug 4-Pack,novatech supply,Smart Home,2022-04-04,Defective/Not Working,25.64,1
RET001831,ORD0002962,ITM0005061,P001,Wireless Earbuds Pro,Novatech Supply,Audio,2024-10-17,Defective/Not Working,44.55,1
RET001832,ORD0002968,ITM0005071,P004,Smart Plug 4-Pack,novatech supply,Smart Home,2022-12-01,Defective/Not Working,68.33,2
RET001833,ORD0002969,ITM0005073,P001,Wireless Earbuds Pro,Novatech Supply,Audio,2023-02-04,Defective/Not Working,41.54,1
RET001834,ORD0002982,ITM0005092,P002,Bluetooth Speaker Mini,Novatech Supply,Audio,2024-04-29,Defective/Not Working,110.87,2
RET001835,ORD0002983,ITM0005095,P008,Power Bank 20000mAh,Tech Core Ltd,Accessories,2024-06-18,Defective/Not Working,10.87,1
RET001836,ORD0002985,ITM0005100,P002,Bluetooth Speaker Mini,NovaTech Supply,Audio,2024-09-19,,41.44,1
RET001837,ORD0002988,ITM0005106,P004,Smart Plug 4-Pack,novatech supply,Smart Home,2024-11-30,Defective/Not Working,63.5,2
RET001838,ORD0002993,ITM0005116,P029,Thermal Paste Premium,EliteComponents,PC Parts,2024-02-29,Wrong Item Sent,8.9,1
RET001839,ORD0002996,ITM0005120,P002,Bluetooth Speaker Mini,NovaTech Supply,Audio,2024-10-31,Defective/Not Working,50.42,1
RET001840,ORD0002997,ITM0005123,P002,Bluetooth Speaker Mini,NovaTech Supply,Audio,2024-11-06,Arrived Damaged,43.23,1
RET001841,ORD0002999,ITM0005125,P024,Phone Stand Adjustable,ValueSource,Accessories,2024-08-13,Changed Mind,14.32,2
RET001842,ORD0003000,ITM0005128,P002,Bluetooth Speaker Mini,NovaTech Supply,Audio,2024-12-15,,116.56,2
RET001843,ORD0003004,ITM0005138,P024,Phone Stand Adjustable,Value Source Co,Accessories,2024-01-27,Not as Described,9.43,1
RET001844,ORD0003010,ITM0005148,P010,Noise Cancel Headphones,TechCore Ltd,Audio,2022-02-13,Not as Described,33.69,1
RET001845,ORD0003016,ITM0005157,P014,Docking Station USB-C,EliteComponents,Accessories,2023-08-09,Defective/Not Working,105.26,1
RET001846,ORD0003017,ITM0005159,P001,Wireless Earbuds Pro,Novatech Supply,Audio,2023-10-30,Defective/Not Working,47.72,1
RET001847,ORD0003019,ITM0005161,P010,Noise Cancel Headphones,TechCore Ltd,Audio,2024-02-04,Not as Described,55.93,2
RET001848,ORD0003031,ITM0005184,P001,Wireless Earbuds Pro,Novatech Supply,Audio,2022-10-26,Not as Described,44.51,1
RET001849,ORD0003035,ITM0005191,P027,Cable Clips Pack 50,Valuesource Co,Accessories,2024-11-22,Not as Described,5.88,1
RET001850,ORD0003042,ITM0005201,P001,Wireless Earbuds Pro,Novatech Supply,Audio,2024-12-04,Defective/Not Working,49.73,1
RET001851,ORD0003043,ITM0005202,P010,Noise Cancel Headphones,TechCore Ltd,Audio,2023-12-09,Defective/Not Working,77.57,2
RET001852,ORD0003045,ITM0005208,P005,USB-C Hub 7-in-1,TechCore Ltd,Accessories,2023-01-08,Defective/Not Working,24.65,1
RET001853,ORD0003055,ITM0005224,P005,USB-C Hub 7-in-1,TechCore Ltd,Accessories,2024-11-22,Poor Quality,31.73,1
RET001854,ORD0003059,ITM0005232,P002,Bluetooth Speaker Mini,NovaTech Supply,Audio,2024-04-16,Defective/Not Working,58.06,1
RET001855,ORD0003060,ITM0005234,P018,Action Camera 4K,Bright gadgets,Cameras,2024-04-21,Defective/Not Working,165.96,1
RET001856,ORD0003067,ITM0005246,P029,Thermal Paste Premium,EliteComponents,PC Parts,2022-07-16,Arrived Damaged,23.11,3
RET001857,ORD0003074,ITM0005260,P015,Microphone USB Condenser,Elite Components,Audio,2024-08-11,Defective/Not Working,76.57,1
RET001858,ORD0003081,ITM0005269,P004,Smart Plug 4-Pack,novatech supply,Smart Home,2024-06-24,Defective/Not Working,34.38,1
RET001859,ORD0003083,ITM0005273,P001,Wireless Earbuds Pro,Novatech Supply,Audio,2024-10-08,Arrived Damaged,85.25,2
RET001860,ORD0003083,ITM0005275,P004,Smart Plug 4-Pack,novatech supply,Smart Home,2024-10-13,Not as Described,28.86,1
RET001861,ORD0003089,ITM0005287,P001,Wireless Earbuds Pro,Novatech Supply,Audio,2024-12-14,Defective/Not Working,44.82,1
RET001862,ORD0003095,ITM0005297,P021,VR Headset Standalone,brightgadgets,Gaming,2024-07-11,Defective/Not Working,229.21,1
RET001863,ORD0003096,ITM0005298,P002,Bluetooth Speaker Mini,NovaTech Supply,,2024-11-28,Defective/Not Working,59.65,1
RET001864,ORD0003118,ITM0005333,P004,Smart Plug 4-Pack,novatech supply,Smart Home,2024-02-16,,34.98,1
RET001865,ORD0003122,ITM0005341,P022,Laptop Sleeve 15in,Value Source Co,Accessories,2024-12-05,Defective/Not Working,17.96,1
RET001866,ORD0003129,ITM0005354,P001,Wireless Earbuds Pro,Novatech Supply,Audio,2024-09-29,Defective/Not Working,48.0,1
RET001867,ORD0003131,ITM0005358,P014,Docking Station USB-C,ELITECOMPONENTS,Accessories,2022-08-18,Defective/Not Working,104.61,1
RET001868,ORD0003136,ITM0005366,P011,Mechanical Keyboard TKL,EliteComponents,Peripherals,2023-07-28,Defective/Not Working,83.24,1
RET001869,ORD0003147,ITM0005385,P001,Wireless Earbuds Pro,Novatech Supply,Audio,2022-12-05,Wrong Item Sent,40.78,1
RET001870,ORD0003150,ITM0005390,P002,Bluetooth Speaker Mini,novatech supply,Audio,2024-02-28,Defective/Not Working,58.68,1
RET001871,ORD0003150,ITM0005391,P001,Wireless Earbuds Pro,Novatech Supply,Audio,2024-02-22,Defective/Not Working,99.79,2
RET001872,ORD0003162,ITM0005411,P004,Smart Plug 4-Pack,novatech supply,Smart Home,2024-02-17,Not as Described,31.46,1
RET001873,ORD0003162,ITM0005412,P001,Wireless Earbuds Pro,Novatech Supply,Audio,2024-03-01,Defective/Not Working,96.04,2
RET001874,ORD0003171,ITM0005429,P010,Noise Cancel Headphones,TechCore Ltd,Audio,2024-07-07,Changed Mind,75.77,2
RET001875,ORD0003171,ITM0005431,P008,Power Bank 20000mAh,Techcore Ltd,Accessories,2024-07-02,Arrived Damaged,11.13,1
RET001876,ORD0003174,ITM0005437,P006,Laptop Stand Aluminium,TechCore Ltd,Accessories,2023-01-03,Wrong Item Sent,31.31,1
RET001877,ORD0003175,ITM0005438,P002,Bluetooth Speaker Mini,Nova Tech Supply,Audio,2024-04-05,Defective/Not Working,39.72,1
RET001878,ORD0003188,ITM0005457,P002,Bluetooth Speaker Mini,NovaTech Supply,Audio,2022-07-11,Defective/Not Working,56.36,1
RET001879,ORD0003189,ITM0005458,P005,USB-C Hub 7-in-1,TechCore Ltd,Accessories,2025-01-07,Defective/Not Working,46.48,2
RET001880,ORD0003193,ITM0005465,P010,Noise Cancel Headphones,TechCore Ltd,Audio,2024-05-30,Defective/Not Working,70.73,2
RET001881,ORD0003201,ITM0005477,P004,Smart Plug 4-Pack,novatech supply,Smart Home,2024-12-05,Defective/Not Working,28.6,1
RET001882,ORD0003212,ITM0005495,P030,Webcam 4K Pro,TechCore,Peripherals,2024-12-03,Defective/Not Working,137.14,1
RET001883,ORD0003213,ITM0005497,P013,Portable SSD 1TB,Elite components,Storage,2024-10-08,Wrong Item Sent,80.68,1
RET001884,ORD0003231,ITM0005528,P008,Power Bank 20000mAh,Techcore Ltd,Accessories,2024-09-26,Changed Mind,11.51,1
RET001885,ORD0003231,ITM0005529,P010,Noise Cancel Headphones,Techcore Ltd,Audio,2024-09-23,Not as Described,37.51,1
RET001886,ORD0003238,ITM0005539,P005,USB-C Hub 7-in-1,TechCore Ltd,Accessories,2023-12-05,Poor Quality,96.87,3
RET001887,ORD0003241,ITM0005546,P017,Smart LED Desk Lamp,BrightGadgets,Lighting,2023-11-12,Arrived Damaged,39.64,1
RET001888,ORD0003244,ITM0005550,P025,Screen Cleaning Kit,ValueSource Co,Accessories,2024-08-20,Not as Described,15.13,2
RET001889,ORD0003247,ITM0005556,P019,Ring Light 10in,BrightGadgets,Lighting,2023-09-04,,49.08,1
RET001890,ORD0003251,ITM0005562,P004,Smart Plug 4-Pack,novatech supply,Smart Home,2024-12-08,Wrong Item Sent,27.08,1
RET001891,ORD0003254,ITM0005565,P002,Bluetooth Speaker Mini,NovaTech Supply,Audio,2024-10-17,Defective/Not Working,92.57,2
RET001892,ORD0003256,ITM0005567,P002,Bluetooth Speaker Mini,NovaTech Supply,Audio,2025-01-08,Defective/Not Working,44.87,1
RET001893,ORD0003269,ITM0005588,P002,Bluetooth Speaker Mini,NovaTech Supply,Audio,2024-05-18,Defective/Not Working,44.59,1
RET001894,ORD0003270,ITM0005590,P013,Portable SSD 1TB,EliteComponents,Storage,2022-05-16,,85.63,1
RET001895,ORD0003271,ITM0005592,P002,Bluetooth Speaker Mini,NovaTech Supply,Audio,2023-01-13,Changed Mind,97.92,2
RET001896,ORD0003272,ITM0005594,P002,Bluetooth Speaker Mini,NovaTech Supply,Audio,2024-01-02,Wrong Item Sent,54.02,1
RET001897,ORD0003280,ITM0005606,P002,Bluetooth Speaker Mini,NovaTech Supply,Audio,2022-09-16,Defective/Not Working,40.47,1
RET001898,ORD0003282,ITM0005610,P025,Screen Cleaning Kit,ValueSource Co,Accessories,2023-06-22,Not as Described,6.48,1
RET001899,ORD0003283,ITM0005614,P002,Bluetooth Speaker Mini,NovaTech Supply,Audio,2023-07-09,Defective/Not Working,105.87,2
RET001900,ORD0003288,ITM0005620,P014,Docking Station USB-C,EliteComponents,Accessories,2023-11-13,Changed Mind,102.59,1
RET001901,ORD0003289,ITM0005622,P001,Wireless Earbuds Pro,Novatech Supply,Audio,2024-02-01,Defective/Not Working,46.04,1
RET001902,ORD0003297,ITM0005635,P011,Mechanical Keyboard TKL,EliteComponents,Peripherals,2023-04-15,Not as Described,89.19,1
RET001903,ORD0003299,ITM0005639,P008,Power Bank 20000mAh,Techcore Ltd,Accessories,2023-06-29,Arrived Damaged,11.02,1
RET001904,ORD0003301,ITM0005642,P004,Smart Plug 4-Pack,novatech supply,Smart Home,2024-01-03,Defective/Not Working,34.86,1
RET001905,ORD0003306,ITM0005647,P027,Cable Clips Pack 50,ValueSource Co,Accessories,2024-06-06,Not as Described,5.48,1
RET001906,ORD0003315,ITM0005663,P004,Smart Plug 4-Pack,novatech supply,Smart Home,2022-10-14,Defective/Not Working,31.05,1
RET001907,ORD0003316,ITM0005666,P001,Wireless Earbuds Pro,Novatech Supply,Audio,2022-11-22,Arrived Damaged,40.81,1
RET001908,ORD0003321,ITM0005673,P007,Webcam 1080p HD,TechCore Ltd,Peripherals,2024-02-02,Wrong Item Sent,49.53,1
RET001909,ORD0003323,ITM0005676,P007,Webcam 1080p HD,TechCore,Peripherals,2024-04-17,Not as Described,44.21,1
RET001910,ORD0003324,ITM0005678,P022,Laptop Sleeve 15in,ValueSource Co,Accessories,2024-05-31,Defective/Not Working,19.32,1
RET001911,ORD0003326,ITM0005681,P026,HDMI Cable 2m,ValueSource Co,Accessories,2024-12-28,Defective/Not Working,8.34,1
RET001912,ORD0003327,ITM0005683,P002,Bluetooth Speaker Mini,NovaTech Supply,Audio,2024-12-11,,154.68,3
RET001913,ORD0003332,ITM0005695,P006,Laptop Stand Aluminium,TechCore Ltd,Accessories,2024-02-16,Wrong Item Sent,36.81,1
RET001914,ORD0003335,ITM0005702,P005,USB-C Hub 7-in-1,TechCore Ltd,Accessories,2023-02-19,Changed Mind,34.45,1
RET001915,ORD0003338,ITM0005705,P004,Smart Plug 4-Pack,novatech supply,Smart Home,2023-07-29,Arrived Damaged,31.03,1
RET001916,ORD0003345,ITM0005715,P002,Bluetooth Speaker Mini,NovaTech Supply,Audio,2023-12-23,Not as Described,59.53,1
RET001917,ORD0003348,ITM0005719,P012,Gaming Mouse RGB,Elite components,Peripherals,2024-11-30,Wrong Item Sent,129.9,3
RET001918,ORD0003350,ITM0005721,P012,Gaming Mouse RGB,Elite components,Peripherals,2023-12-20,Wrong Item Sent,43.43,1
RET001919,ORD0003361,ITM0005744,P023,Cable Management Kit,ValueSource Co,Accessories,2022-06-09,Defective/Not Working,11.36,1
RET001920,ORD0003364,ITM0005747,P005,USB-C Hub 7-in-1,TechCore Ltd,Accessories,2022-10-14,Changed Mind,24.0,1
RET001921,ORD0003374,ITM0005765,P002,Bluetooth Speaker Mini,NovaTech Supply,Audio,2024-03-17,Defective/Not Working,45.19,1
RET001922,ORD0003376,ITM0005767,P017,Smart LED Desk Lamp,BrightGadgets,Lighting,2024-08-29,Defective/Not Working,122.5,3
RET001923,ORD0003379,ITM0005774,P019,Ring Light 10in,BRIGHTGADGETS,Lighting,2023-02-08,Poor Quality,50.1,1
RET001924,ORD0003380,ITM0005775,P027,Cable Clips Pack 50,ValueSource Co,Accessories,2024-03-30,Not as Described,4.49,1
RET001925,ORD0003383,ITM0005779,P001,Wireless Earbuds Pro,Novatech Supply,Audio,2024-10-04,Defective/Not Working,46.93,1
RET001926,ORD0003391,ITM0005794,P005,USB-C Hub 7-in-1,TechCore,Accessories,2024-01-22,Poor Quality,32.83,1
RET001927,ORD0003391,ITM0005795,P001,Wireless Earbuds Pro,Novatech Supply,Audio,2024-01-14,Not as Described,49.09,1
RET001928,ORD0003396,ITM0005800,P004,Smart Plug 4-Pack,novatech supply,Smart Home,2024-11-05,Poor Quality,34.77,1
RET001929,ORD0003397,ITM0005803,P012,Gaming Mouse RGB,Elite components,Peripherals,2024-07-27,Defective/Not Working,42.27,1
RET001930,ORD0003399,ITM0005808,P002,Bluetooth Speaker Mini,NovaTech Supply,Audio,2023-07-07,Defective/Not Working,148.1,3
RET001931,ORD0003400,ITM0005812,P002,Bluetooth Speaker Mini,NovaTech Supply,Audio,2023-11-24,Defective/Not Working,113.43,2
RET001932,ORD0003410,ITM0005827,P024,Phone Stand Adjustable,Value Source Co,Accessories,2023-08-14,Not as Described,15.85,2
RET001933,ORD0003413,ITM0005833,P004,Smart Plug 4-Pack,novatech supply,Smart Home,2024-05-15,Defective/Not Working,34.76,1
RET001934,ORD0003416,ITM0005836,P002,Bluetooth Speaker Mini,NovaTech Supply,Audio,2024-07-01,Defective/Not Working,44.17,1
RET001935,ORD0003417,ITM0005839,P004,Smart Plug 4-Pack,Novatech Supply,Smart Home,2024-07-26,Defective/Not Working,34.15,1
RET001936,ORD0003419,ITM0005842,P013,Portable SSD 1TB,EliteComponents,Storage,2024-10-01,Arrived Damaged,64.22,1
RET001937,ORD0003420,ITM0005844,P004,Smart Plug 4-Pack,novatech supply,Smart Home,2024-11-25,Defective/Not Working,33.28,1
RET001938,ORD0003428,ITM0005861,P004,Smart Plug 4-Pack,novatech supply,Smart Home,2024-05-18,Defective/Not Working,34.58,1
RET001939,ORD0003434,ITM0005869,P002,Bluetooth Speaker Mini,NovaTech Supply,Audio,2023-08-22,Defective/Not Working,53.04,1
RET001940,ORD0003442,ITM0005883,P006,Laptop Stand Aluminium,TECHCORE LTD,Accessories,2023-06-30,Not as Described,30.0,1
RET001941,ORD0003445,ITM0005888,P023,Cable Management Kit,Value Source Co,Accessories,2023-11-25,Changed Mind,12.51,1
RET001942,ORD0003448,ITM0005892,P018,Action Camera 4K,Bright gadgets,Cameras,2023-05-08,Not as Described,320.43,2
RET001943,ORD0003451,ITM0005897,P020,Laptop Cooling Pad,BrightGadgets,Accessories,2024-02-14,Changed Mind,31.76,1
RET001944,ORD0003457,ITM0005908,P003,Smart Watch Fitness,novatech supply,Wearables,2024-04-08,Defective/Not Working,133.35,1
RET001945,ORD0003459,ITM0005910,P017,Smart LED Desk Lamp,BrightGadgets,Lighting,2022-10-19,Arrived Damaged,29.34,1
RET001946,ORD0003463,ITM0005916,P011,Mechanical Keyboard TKL,EliteComponents,Peripherals,2024-01-02,Poor Quality,61.92,1
RET001947,ORD0003469,ITM0005924,P012,Gaming Mouse RGB,Elite components,Peripherals,2024-12-25,Defective/Not Working,124.28,3
RET001948,ORD0003483,ITM0005943,P008,Power Bank 20000mAh,Techcore Ltd,Accessories,2024-10-04,Defective/Not Working,8.25,1
RET001949,ORD0003488,ITM0005954,P011,Mechanical Keyboard TKL,EliteComponents,Peripherals,2023-07-03,Arrived Damaged,83.14,1
RET001950,ORD0003489,ITM0005959,P003,Smart Watch Fitness,novatech supply,Wearables,2023-12-07,Not as Described,107.09,1
RET001951,ORD0003494,ITM0005966,P027,Cable Clips Pack 50,ValueSource Co,Accessories,2022-08-15,Defective/Not Working,5.5,1
RET001952,ORD0003500,ITM0005977,P023,Cable Management Kit,ValueSource Co,Accessories,2023-10-24,Not as Described,12.18,1
RET001953,ORD0003503,ITM0005982,P010,Noise Cancel Headphones,TechCore Ltd,Audio,2023-08-08,Defective/Not Working,35.93,1
RET001954,ORD0003520,ITM0006018,P016,27in Monitor 4K,BrightGadgets,Displays,2023-10-06,Defective/Not Working,637.66,2
RET001955,ORD0003521,ITM0006020,P001,Wireless Earbuds Pro,Novatech Supply,Audio,2022-08-12,Arrived Damaged,135.76,3
RET001956,ORD0003529,ITM0006032,P025,Screen Cleaning Kit,ValueSource Co,Accessories,2024-10-15,Changed Mind,18.28,3
RET001957,ORD0003531,ITM0006036,P003,Smart Watch Fitness,Nova Tech Supply,Wearables,2024-11-24,Not as Described,123.61,1
RET001958,ORD0003532,ITM0006037,P001,Wireless Earbuds Pro,Novatech Supply,Audio,2024-12-14,Defective/Not Working,37.02,1
RET001959,ORD0003536,ITM0006043,P017,Smart LED Desk Lamp,BrightGadgets,Lighting,2024-10-20,Wrong Item Sent,40.17,1
RET001960,ORD0003538,ITM0006045,P010,Noise Cancel Headphones,TechCore Ltd,Audio,2024-11-17,Changed Mind,35.29,1
RET001961,ORD0003542,ITM0006051,P002,Bluetooth Speaker Mini,NovaTech Supply,Audio,2024-06-16,Defective/Not Working,58.5,1
RET001962,ORD0003543,ITM0006052,P005,USB-C Hub 7-in-1,TechCore Ltd,Accessories,2023-04-05,Not as Described,33.37,1
RET001963,ORD0003544,ITM0006057,P008,Power Bank 20000mAh,Tech Core Ltd,Accessories,2023-04-23,Arrived Damaged,10.17,1
RET001964,ORD0003547,ITM0006060,P016,27in Monitor 4K,BrightGadgets,Displays,2023-08-31,Changed Mind,633.35,2
RET001965,ORD0003552,ITM0006072,P023,Cable Management Kit,ValueSource Co,Accessories,2024-03-01,Defective/Not Working,25.23,2
RET001966,ORD0003557,ITM0006081,P004,Smart Plug 4-Pack,novatech supply,Smart Home,2024-12-01,Defective/Not Working,34.95,1
RET001967,ORD0003558,ITM0006083,P001,Wireless Earbuds Pro,novatech supply,Audio,2022-12-31,Arrived Damaged,44.72,1
RET001968,ORD0003558,ITM0006084,P001,Wireless Earbuds Pro,Novatech Supply,Audio,2022-12-31,Defective/Not Working,45.06,1
RET001969,ORD0003561,ITM0006092,P002,Bluetooth Speaker Mini,NovaTech Supply,Audio,2024-01-01,Defective/Not Working,59.53,1
RET001970,ORD0003561,ITM0006094,P012,Gaming Mouse RGB,Elite components,Peripherals,2024-01-01,Defective/Not Working,40.25,1
RET001971,ORD0003566,ITM0006105,P018,Action Camera 4K,Bright gadgets,Cameras,2024-05-28,Defective/Not Working,154.32,1
RET001972,ORD0003566,ITM0006106,P002,Bluetooth Speaker Mini,NovaTech Supply,Audio,2024-06-11,Defective/Not Working,56.03,1
RET001973,ORD0003568,ITM0006109,P001,Wireless Earbuds Pro,Novatech Supply,Audio,2023-02-20,Defective/Not Working,36.14,1
RET001974,ORD0003571,ITM0006113,P002,Bluetooth Speaker Mini,NovaTech Supply,Audio,2023-08-07,Not as Described,45.45,1
RET001975,ORD0003572,ITM0006115,P026,HDMI Cable 2m,ValueSource Co,Accessories,2024-01-19,Not as Described,8.59,1
RET001976,ORD0003576,ITM0006122,P005,USB-C Hub 7-in-1,TechCore Ltd,Accessories,2024-10-14,Not as Described,32.07,1
RET001977,ORD0003579,ITM0006125,P001,Wireless Earbuds Pro,Novatech Supply,Audio,2023-07-12,Defective/Not Working,92.68,2
RET001978,ORD0003583,ITM0006139,P017,Smart LED Desk Lamp,BrightGadgets,Lighting,2023-12-21,,42.45,1
RET001979,ORD0003584,ITM0006143,P022,Laptop Sleeve 15in,ValueSource Co,Accessories,2024-05-18,Defective/Not Working,13.74,1
RET001980,ORD0003584,ITM0006144,P002,Bluetooth Speaker Mini,NovaTech Supply,Audio,2024-05-13,Not as Described,40.16,1
RET001981,ORD0003592,ITM0006154,P018,Action Camera 4K,Bright gadgets,Cameras,2022-07-23,Defective/Not Working,153.13,1
RET001982,ORD0003598,ITM0006163,P007,Webcam 1080p HD,TechCore Ltd,Peripherals,2024-04-03,Changed Mind,152.52,3
RET001983,ORD0003607,ITM0006181,P001,Wireless Earbuds Pro,Novatech Supply,Audio,2023-08-10,Not as Described,42.34,1
RET001984,ORD0003614,ITM0006192,P003,Smart Watch Fitness,Novatech Supply,Wearables,2022-11-20,Defective/Not Working,123.54,1
RET001985,ORD0003618,ITM0006199,P001,Wireless Earbuds Pro,Novatech Supply,Audio,2024-02-20,Wrong Item Sent,37.28,1
RET001986,ORD0003623,ITM0006207,P015,Microphone USB Condenser,Elite Components,Audio,2024-10-30,Changed Mind,95.45,1
RET001987,ORD0003627,ITM0006220,P007,Webcam 1080p HD,TechCore,Peripherals,2022-06-13,Not as Described,54.29,1
RET001988,ORD0003630,ITM0006224,P023,Cable Management Kit,ValueSource Co,Accessories,2023-10-16,Changed Mind,10.11,1
RET001989,ORD0003635,ITM0006233,P004,Smart Plug 4-Pack,novatech supply,Smart Home,2023-01-22,Not as Described,93.62,3
RET001990,ORD0003641,ITM0006246,P009,Desk Pad XL,TechCore Ltd,Accessories,2023-12-24,Arrived Damaged,23.56,1
RET001991,ORD0003647,ITM0006254,P004,Smart Plug 4-Pack,novatech supply,Smart Home,2024-11-12,Defective/Not Working,50.08,2
RET001992,ORD0003649,ITM0006257,P010,Noise Cancel Headphones,TechCore Ltd,Audio,2022-11-19,Defective/Not Working,36.77,1
RET001993,ORD0003654,ITM0006266,P002,Bluetooth Speaker Mini,NovaTech Supply,Audio,2023-04-15,Defective/Not Working,55.06,1
RET001994,ORD0003658,ITM0006271,P023,Cable Management Kit,ValueSource Co,Accessories,2023-10-07,Wrong Item Sent,9.14,1
RET001995,ORD0003658,ITM0006272,P030,Webcam 4K Pro,TechCore Ltd,Peripherals,2023-10-24,Changed Mind,103.48,1
RET001996,ORD0003659,ITM0006273,P004,Smart Plug 4-Pack,novatech supply,Smart Home,2023-11-05,Not as Described,34.97,1
RET001997,ORD0003659,ITM0006274,P004,Smart Plug 4-Pack,novatech supply,Smart Home,2023-11-25,Poor Quality,30.8,1
RET001998,ORD0003675,ITM0006297,P006,Laptop Stand Aluminium,TechCore Ltd,Accessories,2024-08-29,Defective/Not Working,36.83,1
RET001999,ORD0003678,ITM0006303,P001,Wireless Earbuds Pro,Novatech Supply,Audio,2024-11-27,Defective/Not Working,95.1,2
RET002000,ORD0003681,ITM0006307,P022,Laptop Sleeve 15in,ValueSource Co,Accessories,2024-01-20,Defective/Not Working,18.62,1
RET002001,ORD0003684,ITM0006310,P012,Gaming Mouse RGB,Elite components,Peripherals,2024-05-25,Defective/Not Working,42.77,1
RET002002,ORD0003685,ITM0006312,P016,27in Monitor 4K,BrightGadgets,Displays,2024-11-06,Poor Quality,297.28,1
RET002003,ORD0003689,ITM0006319,P002,Bluetooth Speaker Mini,NovaTech Supply,Audio,2024-09-24,Defective/Not Working,54.58,1
RET002004,ORD0003690,ITM0006322,P001,Wireless Earbuds Pro,Novatech Supply,Audio,2024-11-07,Poor Quality,48.82,1
RET002005,ORD0003697,ITM0006335,P002,Bluetooth Speaker Mini,NovaTech Supply,Audio,2022-01-31,Defective/Not Working,89.95,2
RET002006,ORD0003713,ITM0006363,P010,Noise Cancel Headphones,TechCore Ltd,Audio,2023-01-29,Arrived Damaged,36.26,1
RET002007,ORD0003718,ITM0006371,P023,Cable Management Kit,ValueSource Co,Accessories,2024-05-13,Not as Described,10.47,1
RET002008,ORD0003722,ITM0006379,P002,Bluetooth Speaker Mini,NovaTech Supply,Audio,2024-01-06,Defective/Not Working,55.84,1
RET002009,ORD0003723,ITM0006383,P022,Laptop Sleeve 15in,ValueSource,Accessories,2024-04-16,Arrived Damaged,19.12,1
RET002010,ORD0003724,ITM0006384,P001,Wireless Earbuds Pro,Novatech Supply,Audio,2024-04-20,Defective/Not Working,97.81,2
RET002011,ORD0003728,ITM0006389,P025,Screen Cleaning Kit,ValueSource Co,Accessories,2024-10-24,Not as Described,7.24,1
RET002012,ORD0003729,ITM0006392,P002,Bluetooth Speaker Mini,Novatech Supply,Audio,2023-03-19,Not as Described,59.29,1
RET002013,ORD0003730,ITM0006394,P025,Screen Cleaning Kit,ValueSource Co,Accessories,2024-04-28,Wrong Item Sent,7.13,1
RET002014,ORD0003731,ITM0006396,P006,Laptop Stand Aluminium,TechCore Ltd,Accessories,2023-11-29,Wrong Item Sent,37.15,1
RET002015,ORD0003732,ITM0006397,P006,Laptop Stand Aluminium,TechCore Ltd,Accessories,2024-01-27,Poor Quality,76.3,2
RET002016,ORD0003736,ITM0006404,P008,Power Bank 20000mAh,Techcore Ltd,Accessories,2024-09-20,Arrived Damaged,18.29,2
RET002017,ORD0003736,ITM0006406,P004,Smart Plug 4-Pack,novatech supply,Smart Home,2024-09-19,Defective/Not Working,54.06,2
RET002018,ORD0003741,ITM0006414,P001,Wireless Earbuds Pro,Novatech Supply,Audio,2023-10-30,Defective/Not Working,49.65,1
RET002019,ORD0003744,ITM0006419,P002,Bluetooth Speaker Mini,NovaTech Supply,Audio,2024-02-16,,58.88,1
RET002020,ORD0003747,ITM0006426,P005,USB-C Hub 7-in-1,TechCore Ltd,Accessories,2024-05-13,Defective/Not Working,28.49,1
RET002021,ORD0003748,ITM0006427,P002,Bluetooth Speaker Mini,NovaTech Supply,Audio,2024-06-11,Defective/Not Working,53.64,1
RET002022,ORD0003749,ITM0006429,P002,Bluetooth Speaker Mini,NovaTech Supply,Audio,2024-10-25,Defective/Not Working,55.36,1
RET002023,ORD0003753,ITM0006433,P002,Bluetooth Speaker Mini,NovaTech Supply,Audio,2022-02-12,,57.61,1
RET002024,ORD0003755,ITM0006437,P001,Wireless Earbuds Pro,Novatech Supply,Audio,2022-08-25,Defective/Not Working,47.67,1
RET002025,ORD0003758,ITM0006442,P007,Webcam 1080p HD,TechCore Ltd,Peripherals,2022-06-06,Defective/Not Working,44.47,1
RET002026,ORD0003765,ITM0006457,P002,Bluetooth Speaker Mini,NovaTech Supply,Audio,2024-10-17,Defective/Not Working,57.28,1
RET002027,ORD0003770,ITM0006465,P002,Bluetooth Speaker Mini,NovaTech Supply,Audio,2024-12-02,Defective/Not Working,57.45,1
RET002028,ORD0003772,ITM0006470,P002,Bluetooth Speaker Mini,NovaTech Supply,Audio,2024-05-02,Poor Quality,46.31,1
RET002029,ORD0003785,ITM0006487,P022,Laptop Sleeve 15in,ValueSource Co,Accessories,2024-07-29,Defective/Not Working,18.62,1
RET002030,ORD0003794,ITM0006501,P003,Smart Watch Fitness,Nova Tech Supply,Wearables,2023-07-13,Arrived Damaged,139.68,1
RET002031,ORD0003794,ITM0006503,P025,Screen Cleaning Kit,ValueSource Co,Accessories,2023-07-15,Wrong Item Sent,7.2,1
RET002032,ORD0003805,ITM0006519,P021,VR Headset Standalone,brightgadgets,Gaming,2023-02-22,Defective/Not Working,267.95,1
RET002033,ORD0003810,ITM0006525,P006,Laptop Stand Aluminium,TechCore Ltd,Accessories,2023-11-16,Not as Described,109.39,3
RET002034,ORD0003814,ITM0006532,P002,Bluetooth Speaker Mini,NovaTech Supply,Audio,2024-08-16,Poor Quality,109.04,2
RET002035,ORD0003814,ITM0006534,P023,Cable Management Kit,ValueSource Co,Accessories,2024-08-19,Arrived Damaged,11.85,1
RET002036,ORD0003818,ITM0006540,P002,Bluetooth Speaker Mini,NovaTech Supply,Audio,2024-05-14,Defective/Not Working,118.84,2
RET002037,ORD0003822,ITM0006545,P002,Bluetooth Speaker Mini,NovaTech Supply,Audio,2025-01-03,Changed Mind,115.05,2
RET002038,ORD0003830,ITM0006559,P002,Bluetooth Speaker Mini,novatech supply,Audio,2023-08-03,Defective/Not Working,43.57,1
RET002039,ORD0003832,ITM0006566,P002,Bluetooth Speaker Mini,NovaTech Supply,Audio,2024-01-03,Defective/Not Working,56.64,1
RET002040,ORD0003835,ITM0006575,P011,Mechanical Keyboard TKL,EliteComponents,Peripherals,2022-12-13,Wrong Item Sent,75.54,1
RET002041,ORD0003837,ITM0006578,P001,Wireless Earbuds Pro,Novatech Supply,Audio,2023-03-04,Defective/Not Working,44.84,1
RET002042,ORD0003840,ITM0006581,P016,27in Monitor 4K,BrightGadgets,Displays,2023-04-18,Changed Mind,292.5,1
RET002043,ORD0003844,ITM0006588,P001,Wireless Earbuds Pro,Novatech Supply,Audio,2023-12-26,Arrived Damaged,44.09,1
RET002044,ORD0003851,ITM0006599,P004,Smart Plug 4-Pack,novatech supply,Smart Home,2024-04-03,Defective/Not Working,33.45,1
RET002045,ORD0003856,ITM0006605,P020,Laptop Cooling Pad,BrightGadgets,Accessories,2024-06-03,Arrived Damaged,74.1,3
RET002046,ORD0003857,ITM0006606,P012,Gaming Mouse RGB,Elite components,Peripherals,2024-02-26,Poor Quality,42.47,1
RET002047,ORD0003869,ITM0006623,P001,Wireless Earbuds Pro,Novatech Supply,Audio,2024-02-01,Not as Described,36.46,1
RET002048,ORD0003869,ITM0006624,P002,Bluetooth Speaker Mini,NovaTech Supply,Audio,2024-02-19,Defective/Not Working,43.56,1
RET002049,ORD0003879,ITM0006643,P001,Wireless Earbuds Pro,Novatech Supply,Audio,2024-06-01,Changed Mind,39.77,1
RET002050,ORD0003881,ITM0006646,P005,USB-C Hub 7-in-1,TechCore Ltd,Accessories,2022-07-11,Poor Quality,34.28,1
RET002051,ORD0003883,ITM0006650,P002,Bluetooth Speaker Mini,NovaTech Supply,Audio,2022-09-09,Wrong Item Sent,56.54,1
RET002052,ORD0003891,ITM0006665,P008,Power Bank 20000mAh,Tech Core Ltd,Accessories,2024-06-10,Wrong Item Sent,11.38,1
RET002053,ORD0003895,ITM0006671,P007,Webcam 1080p HD,Tech Core Ltd,Peripherals,2024-12-06,Changed Mind,50.48,1
RET002054,ORD0003897,ITM0006673,P001,Wireless Earbuds Pro,Novatech Supply,Audio,2024-11-05,Defective/Not Working,83.09,2
RET002055,ORD0003897,ITM0006676,P004,Smart Plug 4-Pack,novatech supply,Smart Home,2024-10-29,Not as Described,30.08,1
RET002056,ORD0003898,ITM0006678,P004,Smart Plug 4-Pack,novatech supply,Smart Home,2024-09-30,Poor Quality,87.51,3
RET002057,ORD0003899,ITM0006681,P017,Smart LED Desk Lamp,BrightGadgets,Lighting,2025-01-02,Defective/Not Working,39.57,1
RET002058,ORD0003911,ITM0006699,P002,Bluetooth Speaker Mini,NovaTech Supply,Audio,2024-08-22,Defective/Not Working,111.41,2
RET002059,ORD0003913,ITM0006704,P004,Smart Plug 4-Pack,novatech supply,Smart Home,2024-11-01,Changed Mind,34.31,1
RET002060,ORD0003922,ITM0006719,P026,HDMI Cable 2m,Valuesource Co,Accessories,2023-01-03,Not as Described,8.11,1
RET002061,ORD0003922,ITM0006720,P020,Laptop Cooling Pad,BrightGadgets,Accessories,2022-12-27,Defective/Not Working,30.34,1
RET002062,ORD0003942,ITM0006755,P024,Phone Stand Adjustable,Value Source Co,Accessories,2024-08-02,Wrong Item Sent,8.5,1
RET002063,ORD0003950,ITM0006768,P029,Thermal Paste Premium,EliteComponents,PC Parts,2023-11-22,Changed Mind,7.7,1
RET002064,ORD0003954,ITM0006775,P001,Wireless Earbuds Pro,Novatech Supply,Audio,2024-10-01,Not as Described,44.84,1
RET002065,ORD0003957,ITM0006778,P003,Smart Watch Fitness,Nova Tech Supply,Wearables,2024-12-07,Defective/Not Working,121.84,1
RET002066,ORD0003958,ITM0006780,P002,Bluetooth Speaker Mini,NovaTech Supply,Audio,2024-12-26,Defective/Not Working,53.63,1
RET002067,ORD0003958,ITM0006783,P026,HDMI Cable 2m,ValueSource Co,Accessories,2024-12-14,Changed Mind,16.4,2
RET002068,ORD0003959,ITM0006784,P001,Wireless Earbuds Pro,Novatech Supply,Audio,2023-10-21,Defective/Not Working,47.32,1
RET002069,ORD0003964,ITM0006792,P025,Screen Cleaning Kit,ValueSource Co,Accessories,2023-11-28,Not as Described,23.73,3
RET002070,ORD0003966,ITM0006795,P002,Bluetooth Speaker Mini,Novatech Supply,Audio,2023-01-19,Wrong Item Sent,40.94,1
RET002071,ORD0003970,ITM0006799,P010,Noise Cancel Headphones,TechCore Ltd,Audio,2023-02-04,Defective/Not Working,106.75,3
RET002072,ORD0003981,ITM0006813,P024,Phone Stand Adjustable,Value Source Co,Accessories,2024-11-06,Defective/Not Working,17.32,2
RET002073,ORD0003987,ITM0006825,P004,Smart Plug 4-Pack,novatech supply,Smart Home,2024-07-19,Defective/Not Working,33.67,1
RET002074,ORD0003988,ITM0006829,P005,USB-C Hub 7-in-1,TechCore Ltd,Accessories,2022-11-19,Not as Described,31.02,1
RET002075,ORD0003992,ITM0006838,P028,Gaming Chair Ergonomic,ValueSource Co,Furniture,2022-09-22,Not as Described,334.17,1
RET002076,ORD0003996,ITM0006846,P004,Smart Plug 4-Pack,novatech supply,Smart Home,2023-01-08,Not as Described,48.67,2
RET002077,ORD0003997,ITM0006849,P021,VR Headset Standalone,brightgadgets,Gaming,2023-02-01,Not as Described,253.57,1
RET002078,ORD0004002,ITM0006856,P002,Bluetooth Speaker Mini,NovaTech Supply,Audio,2024-03-07,Defective/Not Working,58.57,1
RET002079,ORD0004002,ITM0006857,P004,Smart Plug 4-Pack,novatech supply,Smart Home,2024-02-26,Defective/Not Working,33.28,1
RET002080,ORD0004004,ITM0006860,P003,Smart Watch Fitness,novatech supply,Wearables,2024-09-20,Arrived Damaged,128.8,1
RET002081,ORD0004006,ITM0006863,P023,Cable Management Kit,ValueSource Co,Accessories,2024-12-11,Not as Described,23.95,2
RET002082,ORD0004009,ITM0006869,P012,Gaming Mouse RGB,Elite components,Peripherals,2024-09-13,Not as Described,85.33,2
RET002083,ORD0004012,ITM0006873,P002,Bluetooth Speaker Mini,NovaTech Supply,Audio,2024-11-29,Poor Quality,56.93,1
RET002084,ORD0004013,ITM0006874,P003,Smart Watch Fitness,novatech supply,Wearables,2022-05-10,Not as Described,110.83,1
RET002085,ORD0004014,ITM0006878,P002,Bluetooth Speaker Mini,NovaTech Supply,Audio,2023-12-27,Wrong Item Sent,112.96,2
RET002086,ORD0004019,ITM0006889,P018,Action Camera 4K,Bright gadgets,Cameras,2024-12-14,Arrived Damaged,164.83,1
RET002087,ORD0004019,ITM0006890,P027,Cable Clips Pack 50,ValueSource Co,Accessories,2024-11-24,Arrived Damaged,11.6,2
RET002088,ORD0004021,ITM0006892,P012,Gaming Mouse RGB,Elite components,Peripherals,2023-11-10,Defective/Not Working,38.0,1
RET002089,ORD0004023,ITM0006895,P024,Phone Stand Adjustable,Value Source Co,Accessories,2023-05-24,Changed Mind,18.94,2
RET002090,ORD0004026,ITM0006903,P001,Wireless Earbuds Pro,Novatech Supply,Audio,2022-09-28,Not as Described,90.6,2
RET002091,ORD0004030,ITM0006912,P001,Wireless Earbuds Pro,Novatech Supply,Audio,2023-12-03,Defective/Not Working,148.35,3
RET002092,ORD0004034,ITM0006918,P015,Microphone USB Condenser,Elite Components,Audio,2024-08-11,Defective/Not Working,70.35,1
RET002093,ORD0004037,ITM0006923,P004,Smart Plug 4-Pack,novatech supply,Smart Home,2022-09-05,Defective/Not Working,33.44,1
RET002094,ORD0004044,ITM0006936,P003,Smart Watch Fitness,Nova Tech Supply,Wearables,2023-04-18,Defective/Not Working,110.89,1
RET002095,ORD0004049,ITM0006947,P004,Smart Plug 4-Pack,novatech supply,Smart Home,2023-02-22,Defective/Not Working,61.79,2
RET002096,ORD0004051,ITM0006951,P008,Power Bank 20000mAh,Techcore Ltd,Accessories,2023-04-05,Defective/Not Working,21.3,2
RET002097,ORD0004054,ITM0006958,P001,Wireless Earbuds Pro,Novatech Supply,Audio,2023-09-17,Defective/Not Working,48.81,1
RET002098,ORD0004056,ITM0006961,P001,Wireless Earbuds Pro,novatech supply,Audio,2023-10-17,Defective/Not Working,48.26,1
RET002099,ORD0004061,ITM0006969,P016,27in Monitor 4K,BrightGadgets,Displays,2024-07-09,Not as Described,317.59,1
RET002100,ORD0004065,ITM0006974,P002,Bluetooth Speaker Mini,NovaTech Supply,Audio,2024-10-21,Wrong Item Sent,58.87,1
RET002101,ORD0004066,ITM0006975,P002,Bluetooth Speaker Mini,NovaTech Supply,Audio,2023-04-23,Defective/Not Working,55.34,1
RET002102,ORD0004067,ITM0006980,P019,Ring Light 10in,BrightGadgets,Lighting,2024-04-26,Defective/Not Working,49.06,1
RET002103,ORD0004077,ITM0006999,P009,Desk Pad XL,TechCore Ltd,Accessories,2022-07-22,Defective/Not Working,25.62,1
RET002104,ORD0004083,ITM0007006,P027,Cable Clips Pack 50,ValueSource Co,Accessories,2023-08-15,Changed Mind,5.39,1
RET002105,ORD0004092,ITM0007019,P015,Microphone USB Condenser,Elite Components,Audio,2025-01-04,Changed Mind,294.03,3
RET002106,ORD0004094,ITM0007021,P002,Bluetooth Speaker Mini,NovaTech Supply,Audio,2023-01-23,Defective/Not Working,55.54,1
RET002107,ORD0004094,ITM0007022,P004,Smart Plug 4-Pack,novatech supply,Smart Home,2023-02-13,Defective/Not Working,34.07,1
RET002108,ORD0004105,ITM0007043,P004,Smart Plug 4-Pack,novatech supply,Smart Home,2023-11-08,Defective/Not Working,34.06,1
RET002109,ORD0004111,ITM0007051,P009,Desk Pad XL,TechCore Ltd,Accessories,2024-10-10,Defective/Not Working,26.44,1
RET002110,ORD0004114,ITM0007059,P014,Docking Station USB-C,EliteComponents,,2024-11-04,Defective/Not Working,202.15,2
RET002111,ORD0004115,ITM0007061,P026,HDMI Cable 2m,ValueSource Co,Accessories,2022-11-28,Wrong Item Sent,8.95,1
RET002112,ORD0004117,ITM0007065,P003,Smart Watch Fitness,Nova Tech Supply,Wearables,2022-11-07,Defective/Not Working,134.58,1
RET002113,ORD0004119,ITM0007068,P002,Bluetooth Speaker Mini,NovaTech Supply,Audio,2023-06-18,Defective/Not Working,53.31,1
RET002114,ORD0004119,ITM0007069,P001,Wireless Earbuds Pro,Novatech Supply,Audio,2023-06-23,Not as Described,45.34,1
RET002115,ORD0004120,ITM0007071,P003,Smart Watch Fitness,novatech supply,Wearables,2023-06-30,Defective/Not Working,135.7,1
RET002116,ORD0004123,ITM0007077,P011,Mechanical Keyboard TKL,EliteComponents,Peripherals,2023-11-29,Defective/Not Working,162.91,2
RET002117,ORD0004125,ITM0007079,P028,Gaming Chair Ergonomic,ValueSource Co,Furniture,2024-07-11,Defective/Not Working,347.1,1
RET002118,ORD0004128,ITM0007084,P001,Wireless Earbuds Pro,Novatech Supply,Audio,2024-10-26,Defective/Not Working,88.12,2
RET002119,ORD0004136,ITM0007097,P027,Cable Clips Pack 50,ValueSource Co,Accessories,2022-07-12,Defective/Not Working,5.61,1
RET002120,ORD0004142,ITM0007110,P028,Gaming Chair Ergonomic,ValueSource Co,Furniture,2022-07-02,Wrong Item Sent,966.1,3
RET002121,ORD0004145,ITM0007113,P028,Gaming Chair Ergonomic,ValueSource Co,Furniture,2023-12-08,Poor Quality,255.12,1
RET002122,ORD0004145,ITM0007114,P025,Screen Cleaning Kit,ValueSource Co,Accessories,2023-11-29,Arrived Damaged,5.34,1
RET002123,ORD0004149,ITM0007118,P001,Wireless Earbuds Pro,Novatech Supply,,2024-05-12,Wrong Item Sent,87.44,2
RET002124,ORD0004151,ITM0007120,P028,Gaming Chair Ergonomic,ValueSource Co,Furniture,2024-06-12,Defective/Not Working,323.82,1
RET002125,ORD0004153,ITM0007123,P028,Gaming Chair Ergonomic,ValueSource Co,Furniture,2023-07-30,Changed Mind,1006.47,3
RET002126,ORD0004153,ITM0007125,P007,Webcam 1080p HD,TechCore Ltd,Peripherals,2023-07-16,Changed Mind,51.43,1
RET002127,ORD0004153,ITM0007126,P001,Wireless Earbuds Pro,Novatech Supply,Audio,2023-07-21,Not as Described,94.58,2
RET002128,ORD0004157,ITM0007130,P001,Wireless Earbuds Pro,Novatech Supply,Audio,2024-05-07,Defective/Not Working,44.21,1
RET002129,ORD0004159,ITM0007136,P003,Smart Watch Fitness,Novatech Supply,Wearables,2023-12-14,Defective/Not Working,221.21,2
RET002130,ORD0004163,ITM0007140,P011,Mechanical Keyboard TKL,EliteComponents,Peripherals,2025-01-01,Wrong Item Sent,89.74,1
RET002131,ORD0004170,ITM0007151,P001,Wireless Earbuds Pro,Novatech Supply,Audio,2023-07-21,Not as Described,147.66,3
RET002132,ORD0004171,ITM0007155,P030,Webcam 4K Pro,TechCore Ltd,Peripherals,2023-04-15,Arrived Damaged,136.97,1
RET002133,ORD0004173,ITM0007157,P007,Webcam 1080p HD,TechCore Ltd,Peripherals,2022-06-14,Changed Mind,42.96,1
RET002134,ORD0004175,ITM0007160,P002,Bluetooth Speaker Mini,NovaTech Supply,Audio,2023-12-30,Defective/Not Working,42.14,1
RET002135,ORD0004177,ITM0007163,P025,Screen Cleaning Kit,ValueSource Co,Accessories,2022-10-06,Defective/Not Working,5.86,1
RET002136,ORD0004182,ITM0007175,P002,Bluetooth Speaker Mini,NovaTech Supply,Audio,2022-04-14,Defective/Not Working,48.46,1
RET002137,ORD0004182,ITM0007177,P002,Bluetooth Speaker Mini,NovaTech Supply,Audio,2022-04-17,Changed Mind,142.4,3
RET002138,ORD0004186,ITM0007185,P004,Smart Plug 4-Pack,novatech supply,Smart Home,2024-06-20,Defective/Not Working,27.26,1
RET002139,ORD0004192,ITM0007196,P017,Smart LED Desk Lamp,BrightGadgets,Lighting,2024-08-23,Defective/Not Working,40.11,1
RET002140,ORD0004211,ITM0007223,P001,Wireless Earbuds Pro,Novatech Supply,Audio,2024-06-17,Poor Quality,48.5,1
RET002141,ORD0004215,ITM0007229,P012,Gaming Mouse RGB,Elite components,Peripherals,2023-11-08,Wrong Item Sent,75.38,2
RET002142,ORD0004217,ITM0007233,P022,Laptop Sleeve 15in,ValueSource Co,Accessories,2024-06-02,Wrong Item Sent,17.63,1
RET002143,ORD0004219,ITM0007236,P026,HDMI Cable 2m,ValueSource Co,Accessories,2024-07-24,Wrong Item Sent,6.64,1
RET002144,ORD0004223,ITM0007242,P002,Bluetooth Speaker Mini,NovaTech Supply,Audio,2023-04-06,Changed Mind,110.25,2
RET002145,ORD0004225,ITM0007246,P004,Smart Plug 4-Pack,novatech supply,Smart Home,2023-05-03,Not as Described,26.18,1
RET002146,ORD0004230,ITM0007253,P002,Bluetooth Speaker Mini,novatech supply,Audio,2022-06-21,Defective/Not Working,59.22,1
RET002147,ORD0004239,ITM0007269,P004,Smart Plug 4-Pack,Novatech Supply,Smart Home,2024-05-18,Not as Described,55.82,2
RET002148,ORD0004248,ITM0007283,P024,Phone Stand Adjustable,Value Source Co,Accessories,2024-08-12,Changed Mind,9.64,1
RET002149,ORD0004250,ITM0007287,P026,HDMI Cable 2m,ValueSource Co,Accessories,2023-08-14,Not as Described,8.17,1
RET002150,ORD0004251,ITM0007289,P011,Mechanical Keyboard TKL,EliteComponents,Peripherals,2023-08-29,Defective/Not Working,84.8,1
RET002151,ORD0004271,ITM0007315,P001,Wireless Earbuds Pro,Novatech Supply,Audio,2024-10-26,Poor Quality,49.67,1
RET002152,ORD0004277,ITM0007327,P011,Mechanical Keyboard TKL,Elite Components,Peripherals,2024-12-17,Defective/Not Working,84.55,1
RET002153,ORD0004282,ITM0007334,P002,Bluetooth Speaker Mini,NovaTech Supply,Audio,2023-10-21,Defective/Not Working,53.0,1
RET002154,ORD0004286,ITM0007338,P026,HDMI Cable 2m,ValueSource Co,Accessories,2023-11-14,Arrived Damaged,7.81,1
RET002155,ORD0004307,ITM0007379,P007,Webcam 1080p HD,TechCore Ltd,Peripherals,2024-06-04,Defective/Not Working,37.37,1
RET002156,ORD0004312,ITM0007388,P012,Gaming Mouse RGB,Elite components,Peripherals,2023-11-29,Wrong Item Sent,42.07,1
RET002157,ORD0004316,ITM0007394,P001,Wireless Earbuds Pro,Novatech Supply,Audio,2023-09-04,Defective/Not Working,90.37,2
RET002158,ORD0004324,ITM0007408,P002,Bluetooth Speaker Mini,NovaTech Supply,Audio,2024-05-15,Wrong Item Sent,56.05,1
RET002159,ORD0004330,ITM0007418,P025,Screen Cleaning Kit,ValueSource Co,Accessories,2023-03-04,Not as Described,7.31,1
RET002160,ORD0004335,ITM0007428,P002,Bluetooth Speaker Mini,NovaTech Supply,Audio,2022-09-27,Defective/Not Working,58.05,1
RET002161,ORD0004339,ITM0007434,P018,Action Camera 4K,Bright gadgets,Cameras,2024-05-02,Not as Described,157.98,1
RET002162,ORD0004340,ITM0007436,P004,Smart Plug 4-Pack,novatech supply,Smart Home,2024-06-05,Wrong Item Sent,31.14,1
RET002163,ORD0004346,ITM0007447,P024,Phone Stand Adjustable,Value Source Co,Accessories,2023-09-30,Defective/Not Working,9.27,1
RET002164,ORD0004347,ITM0007449,P026,HDMI Cable 2m,ValueSource Co,Accessories,2023-10-14,Defective/Not Working,7.92,1
RET002165,ORD0004350,ITM0007454,P012,Gaming Mouse RGB,Elite components,Peripherals,2024-04-06,Defective/Not Working,44.1,1
RET002166,ORD0004350,ITM0007456,P002,Bluetooth Speaker Mini,NovaTech Supply,Audio,2024-03-29,Defective/Not Working,54.24,1
RET002167,ORD0004358,ITM0007470,P002,Bluetooth Speaker Mini,NovaTech Supply,Audio,2023-03-29,Defective/Not Working,110.66,2
RET002168,ORD0004359,ITM0007472,P026,HDMI Cable 2m,ValueSource Co,Accessories,2022-11-27,Not as Described,8.5,1
RET002169,ORD0004362,ITM0007475,P004,Smart Plug 4-Pack,novatech supply,Smart Home,2022-04-10,Wrong Item Sent,34.19,1
RET002170,ORD0004362,ITM0007477,P026,HDMI Cable 2m,ValueSource Co,Accessories,2022-04-07,Not as Described,8.15,1
RET002171,ORD0004365,ITM0007481,P001,Wireless Earbuds Pro,Novatech Supply,Audio,2022-07-17,Defective/Not Working,99.63,2
RET002172,ORD0004388,ITM0007514,P004,Smart Plug 4-Pack,Novatech Supply,Smart Home,2023-04-26,Changed Mind,31.12,1
RET002173,ORD0004389,ITM0007518,P001,Wireless Earbuds Pro,Novatech Supply,Audio,2023-05-18,Wrong Item Sent,36.49,1
RET002174,ORD0004392,ITM0007521,P001,Wireless Earbuds Pro,Novatech Supply,Audio,2023-08-18,Defective/Not Working,44.13,1
RET002175,ORD0004395,ITM0007529,P001,Wireless Earbuds Pro,Novatech Supply,Audio,2023-12-10,Defective/Not Working,44.48,1
RET002176,ORD0004400,ITM0007536,P004,Smart Plug 4-Pack,novatech supply,Smart Home,2024-08-12,Defective/Not Working,61.61,2
RET002177,ORD0004402,ITM0007541,P001,Wireless Earbuds Pro,Novatech Supply,Audio,2024-07-01,Defective/Not Working,44.95,1
RET002178,ORD0004402,ITM0007543,P007,Webcam 1080p HD,TechCore Ltd,Peripherals,2024-06-27,Defective/Not Working,53.74,1
RET002179,ORD0004406,ITM0007551,P012,Gaming Mouse RGB,Elite components,Peripherals,2024-03-19,Not as Described,33.83,1
RET002180,ORD0004412,ITM0007565,P001,Wireless Earbuds Pro,Novatech Supply,Audio,2024-06-16,Wrong Item Sent,32.27,1
RET002181,ORD0004416,ITM0007570,P001,Wireless Earbuds Pro,Novatech Supply,Audio,2023-03-30,Defective/Not Working,47.28,1
RET002182,ORD0004422,ITM0007578,P003,Smart Watch Fitness,Nova Tech Supply,Wearables,2022-02-12,Defective/Not Working,125.39,1
RET002183,ORD0004423,ITM0007581,P002,Bluetooth Speaker Mini,NovaTech Supply,Audio,2024-06-25,Defective/Not Working,45.76,1
RET002184,ORD0004439,ITM0007606,P007,Webcam 1080p HD,TechCore Ltd,Peripherals,2024-07-08,Changed Mind,52.32,1
RET002185,ORD0004445,ITM0007614,P003,Smart Watch Fitness,Nova Tech Supply,Wearables,2024-03-30,Defective/Not Working,110.89,1
RET002186,ORD0004452,ITM0007625,P023,Cable Management Kit,ValueSource Co,Accessories,2022-09-24,Defective/Not Working,11.89,1
RET002187,ORD0004453,ITM0007627,P002,Bluetooth Speaker Mini,NovaTech Supply,Audio,2024-02-06,Arrived Damaged,58.46,1
RET002188,ORD0004456,ITM0007636,P009,Desk Pad XL,TechCore Ltd,Accessories,2024-04-01,Not as Described,29.1,1
RET002189,ORD0004457,ITM0007638,P022,Laptop Sleeve 15in,ValueSource Co,Accessories,2023-07-08,Defective/Not Working,19.96,1
RET002190,ORD0004461,ITM0007648,P001,Wireless Earbuds Pro,Novatech Supply,Audio,2022-05-18,Defective/Not Working,82.83,2
RET002191,ORD0004462,ITM0007649,P007,Webcam 1080p HD,TechCore Ltd,Peripherals,2022-04-20,,41.88,1
RET002192,ORD0004467,ITM0007658,P001,Wireless Earbuds Pro,Novatech Supply,Audio,2023-07-19,Arrived Damaged,45.06,1
RET002193,ORD0004478,ITM0007674,P004,Smart Plug 4-Pack,novatech supply,Smart Home,2024-09-19,Defective/Not Working,25.29,1
RET002194,ORD0004483,ITM0007683,P014,Docking Station USB-C,Elite Components,Accessories,2024-11-11,Defective/Not Working,100.96,1
RET002195,ORD0004486,ITM0007689,P004,Smart Plug 4-Pack,novatech supply,Smart Home,2022-02-20,Defective/Not Working,33.15,1
RET002196,ORD0004489,ITM0007693,P007,Webcam 1080p HD,TechCore Ltd,Peripherals,2022-09-13,Changed Mind,107.62,2
RET002197,ORD0004489,ITM0007694,P004,Smart Plug 4-Pack,novatech supply,Smart Home,2022-09-13,Not as Described,31.98,1
RET002198,ORD0004491,ITM0007698,P009,Desk Pad XL,Techcore Ltd,Accessories,2024-10-05,Not as Described,86.39,3
RET002199,ORD0004493,ITM0007701,P027,Cable Clips Pack 50,ValueSource Co,Accessories,2023-09-05,Defective/Not Working,4.69,1
RET002200,ORD0004497,ITM0007708,P014,Docking Station USB-C,EliteComponents,Accessories,2024-04-08,Defective/Not Working,80.54,1
RET002201,ORD0004498,ITM0007709,P003,Smart Watch Fitness,NOVATECH,Wearables,2024-04-20,Not as Described,135.59,1
RET002202,ORD0004499,ITM0007712,P001,Wireless Earbuds Pro,Novatech Supply,Audio,2024-04-30,Defective/Not Working,36.58,1
RET002203,ORD0004504,ITM0007718,P028,Gaming Chair Ergonomic,ValueSource Co,Furniture,2024-11-05,Arrived Damaged,942.05,3
RET002204,ORD0004507,ITM0007721,P024,Phone Stand Adjustable,VALUE SOURCE,Accessories,2023-11-28,Defective/Not Working,9.24,1
RET002205,ORD0004523,ITM0007742,P009,Desk Pad XL,TechCore Ltd,Accessories,2023-01-04,Changed Mind,87.94,3
RET002206,ORD0004527,ITM0007751,P008,Power Bank 20000mAh,Techcore Ltd,Accessories,2024-04-20,Not as Described,10.71,1
RET002207,ORD0004530,ITM0007754,P017,Smart LED Desk Lamp,BrightGadgets,Lighting,2023-01-10,Defective/Not Working,41.68,1
RET002208,ORD0004532,ITM0007758,P025,Screen Cleaning Kit,ValueSource Co,Accessories,2025-01-03,Arrived Damaged,6.29,1
RET002209,ORD0004534,ITM0007761,P004,Smart Plug 4-Pack,novatech supply,Smart Home,2023-04-18,Defective/Not Working,25.17,1
RET002210,ORD0004536,ITM0007765,P018,Action Camera 4K,Bright gadgets,Cameras,2022-11-29,Poor Quality,421.97,3
RET002211,ORD0004537,ITM0007766,P007,Webcam 1080p HD,TechCore Ltd,Peripherals,2024-01-07,Poor Quality,45.58,1
RET002212,ORD0004539,ITM0007771,P002,Bluetooth Speaker Mini,NovaTech Supply,Audio,2023-10-03,Defective/Not Working,110.33,2
RET002213,ORD0004542,ITM0007777,P025,Screen Cleaning Kit,ValueSource Co,Accessories,2023-01-19,Not as Described,14.5,2
RET002214,ORD0004547,ITM0007784,P007,Webcam 1080p HD,TechCore Ltd,Peripherals,2024-11-29,Not as Described,41.42,1
RET002215,ORD0004551,ITM0007792,P026,HDMI Cable 2m,ValueSource Co,Accessories,2022-08-25,Arrived Damaged,7.92,1
RET002216,ORD0004563,ITM0007811,P016,27in Monitor 4K,BrightGadgets,Displays,2023-12-11,Changed Mind,222.27,1
RET002217,ORD0004564,ITM0007816,P022,Laptop Sleeve 15in,ValueSource Co,Accessories,2024-05-15,Defective/Not Working,32.35,2
RET002218,ORD0004565,ITM0007817,P025,Screen Cleaning Kit,ValueSource Co,Accessories,2024-10-31,Arrived Damaged,6.12,1
RET002219,ORD0004569,ITM0007825,P004,Smart Plug 4-Pack,novatech supply,Smart Home,2023-09-10,Defective/Not Working,32.09,1
RET002220,ORD0004571,ITM0007827,P014,Docking Station USB-C,EliteComponents,Accessories,2023-12-16,Defective/Not Working,88.19,1
RET002221,ORD0004588,ITM0007854,P011,Mechanical Keyboard TKL,EliteComponents,Peripherals,2024-09-09,Changed Mind,67.63,1
RET002222,ORD0004605,ITM0007884,P002,Bluetooth Speaker Mini,NovaTech Supply,Audio,2023-09-12,Defective/Not Working,53.58,1
RET002223,ORD0004610,ITM0007892,P002,Bluetooth Speaker Mini,NovaTech Supply,Audio,2024-06-08,Poor Quality,42.47,1
RET002224,ORD0004611,ITM0007895,P023,Cable Management Kit,ValueSource Co,Accessories,2024-08-06,Poor Quality,10.93,1
RET002225,ORD0004624,ITM0007912,P019,Ring Light 10in,BrightGadgets,Lighting,2024-10-03,Not as Described,43.69,1
RET002226,ORD0004626,ITM0007916,P012,Gaming Mouse RGB,Elite components,Peripherals,2024-12-09,Wrong Item Sent,29.56,1
RET002227,ORD0004632,ITM0007928,P023,Cable Management Kit,ValueSource Co,Accessories,2023-07-08,Poor Quality,8.91,1
RET002228,ORD0004634,ITM0007930,P016,27in Monitor 4K,BrightGadgets,Displays,2023-11-17,Wrong Item Sent,305.94,1
RET002229,ORD0004642,ITM0007947,P002,Bluetooth Speaker Mini,NovaTech Supply,Audio,2022-11-25,Not as Described,59.66,1
RET002230,ORD0004645,ITM0007953,P022,Laptop Sleeve 15in,ValueSource Co,Accessories,2023-04-10,Arrived Damaged,14.54,1
RET002231,ORD0004646,ITM0007955,P001,Wireless Earbuds Pro,Novatech Supply,Audio,2023-04-22,Defective/Not Working,46.52,1
RET002232,ORD0004652,ITM0007965,P022,Laptop Sleeve 15in,ValueSource Co,Accessories,2024-01-26,Arrived Damaged,19.25,1
RET002233,ORD0004659,ITM0007977,P005,USB-C Hub 7-in-1,TechCore Ltd,Accessories,2023-07-23,Wrong Item Sent,31.04,1
RET002234,ORD0004660,ITM0007979,P002,Bluetooth Speaker Mini,NovaTech Supply,Audio,2022-07-06,Defective/Not Working,59.53,1
RET002235,ORD0004667,ITM0007989,P007,Webcam 1080p HD,TechCore Ltd,Peripherals,2022-11-27,Changed Mind,48.63,1
RET002236,ORD0004671,ITM0007997,P002,Bluetooth Speaker Mini,NovaTech Supply,Audio,2022-08-13,Defective/Not Working,53.63,1
RET002237,ORD0004693,ITM0008036,P029,Thermal Paste Premium,EliteComponents,PC Parts,2022-08-07,Defective/Not Working,8.95,1
RET002238,ORD0004694,ITM0008038,P009,Desk Pad XL,TechCore,Accessories,2022-08-10,Wrong Item Sent,56.18,2
RET002239,ORD0004694,ITM0008040,P004,Smart Plug 4-Pack,novatech supply,Smart Home,2022-08-19,Not as Described,34.1,1
RET002240,ORD0004700,ITM0008053,P001,Wireless Earbuds Pro,Novatech Supply,Audio,2023-06-19,Defective/Not Working,47.83,1
RET002241,ORD0004702,ITM0008056,P013,Portable SSD 1TB,EliteComponents,Storage,2023-10-29,Not as Described,81.75,1
RET002242,ORD0004705,ITM0008061,P002,Bluetooth Speaker Mini,NovaTech Supply,Audio,2024-04-30,Not as Described,45.8,1
RET002243,ORD0004705,ITM0008062,P002,Bluetooth Speaker Mini,NovaTech Supply,Audio,2024-04-29,Wrong Item Sent,49.02,1
RET002244,ORD0004715,ITM0008083,P001,Wireless Earbuds Pro,Novatech Supply,Audio,2022-12-25,Changed Mind,47.79,1
RET002245,ORD0004716,ITM0008085,P019,Ring Light 10in,BrightGadgets,Lighting,2023-12-27,Poor Quality,50.53,1
RET002246,ORD0004717,ITM0008088,P004,Smart Plug 4-Pack,novatech supply,Smart Home,2024-04-01,Not as Described,34.14,1
RET002247,ORD0004736,ITM0008115,P004,Smart Plug 4-Pack,novatech supply,Smart Home,2025-01-02,Defective/Not Working,33.79,1
RET002248,ORD0004738,ITM0008119,P004,Smart Plug 4-Pack,novatech supply,Smart Home,2022-07-06,Wrong Item Sent,24.04,1
RET002249,ORD0004744,ITM0008127,P006,Laptop Stand Aluminium,TechCore Ltd,Accessories,2022-10-12,Changed Mind,74.65,2
RET002250,ORD0004756,ITM0008142,P026,HDMI Cable 2m,ValueSource Co,Accessories,2023-10-17,Changed Mind,8.33,1
RET002251,ORD0004759,ITM0008149,P009,Desk Pad XL,TechCore Ltd,Accessories,2024-04-08,Defective/Not Working,21.29,1
RET002252,ORD0004767,ITM0008162,P004,Smart Plug 4-Pack,novatech supply,Smart Home,2024-08-10,,31.64,1
RET002253,ORD0004778,ITM0008180,P002,Bluetooth Speaker Mini,NovaTech Supply,Audio,2024-05-08,Defective/Not Working,49.16,1
RET002254,ORD0004781,ITM0008184,P002,Bluetooth Speaker Mini,NovaTech Supply,Audio,2023-11-09,Arrived Damaged,56.1,1
RET002255,ORD0004787,ITM0008192,P013,Portable SSD 1TB,EliteComponents,Storage,2024-11-22,Poor Quality,88.02,1
RET002256,ORD0004791,ITM0008198,P017,Smart LED Desk Lamp,BrightGadgets,Lighting,2022-08-03,Not as Described,35.19,1
RET002257,ORD0004797,ITM0008212,P018,Action Camera 4K,Bright gadgets,Cameras,2023-12-11,Arrived Damaged,305.44,2
RET002258,ORD0004798,ITM0008214,P002,Bluetooth Speaker Mini,NovaTech Supply,Audio,2022-03-14,Defective/Not Working,56.41,1
RET002259,ORD0004800,ITM0008217,P026,HDMI Cable 2m,ValueSource Co,Accessories,2024-05-08,Defective/Not Working,14.11,2
RET002260,ORD0004801,ITM0008218,P006,Laptop Stand Aluminium,TechCore Ltd,Accessories,2024-06-13,Arrived Damaged,76.14,2
RET002261,ORD0004804,ITM0008224,P021,VR Headset Standalone,brightgadgets,Gaming,2024-09-29,Defective/Not Working,286.5,1
RET002262,ORD0004810,ITM0008234,P017,Smart LED Desk Lamp,BrightGadgets,,2024-11-22,Changed Mind,42.77,1
RET002263,ORD0004822,ITM0008253,P017,Smart LED Desk Lamp,BrightGadgets,Lighting,2022-10-09,Defective/Not Working,73.79,2
RET002264,ORD0004827,ITM0008258,P019,Ring Light 10in,BrightGadgets,Lighting,2023-11-17,Not as Described,51.47,1
RET002265,ORD0004835,ITM0008271,P025,Screen Cleaning Kit,Valuesource Co,Accessories,2022-11-29,Arrived Damaged,6.19,1
RET002266,ORD0004839,ITM0008278,P007,Webcam 1080p HD,TechCore Ltd,Peripherals,2024-05-01,Defective/Not Working,39.6,1
RET002267,ORD0004849,ITM0008294,P001,Wireless Earbuds Pro,Novatech Supply,Audio,2023-12-22,Changed Mind,49.21,1
RET002268,ORD0004850,ITM0008297,P016,27in Monitor 4K,BrightGadgets,Displays,2024-01-07,Not as Described,236.5,1
RET002269,ORD0004862,ITM0008315,P007,Webcam 1080p HD,TechCore Ltd,Peripherals,2025-01-04,Not as Described,49.27,1
RET002270,ORD0004863,ITM0008316,P005,USB-C Hub 7-in-1,TechCore Ltd,Accessories,2024-10-01,Arrived Damaged,33.07,1
RET002271,ORD0004866,ITM0008324,P002,Bluetooth Speaker Mini,NovaTech Supply,Audio,2023-04-22,Defective/Not Working,59.25,1
RET002272,ORD0004869,ITM0008331,P017,Smart LED Desk Lamp,BRIGHTGADGETS,Lighting,2022-04-11,Defective/Not Working,-41.21,1
RET002273,ORD0004871,ITM0008333,P002,Bluetooth Speaker Mini,NovaTech Supply,Audio,2023-10-12,Wrong Item Sent,52.14,1
RET002274,ORD0004872,ITM0008334,P001,Wireless Earbuds Pro,Novatech Supply,Audio,2022-12-05,Arrived Damaged,45.9,1
RET002275,ORD0004874,ITM0008338,P002,Bluetooth Speaker Mini,NovaTech Supply,Audio,2024-03-15,Defective/Not Working,55.39,1
RET002276,ORD0004875,ITM0008341,P010,Noise Cancel Headphones,TechCore Ltd,Audio,2024-12-13,Wrong Item Sent,69.35,2
RET002277,ORD0004877,ITM0008347,P015,Microphone USB Condenser,Elite Components,Audio,2024-11-01,Not as Described,97.38,1
RET002278,ORD0004886,ITM0008367,P017,Smart LED Desk Lamp,BrightGadgets,Lighting,2022-04-24,Not as Described,38.2,1
RET002279,ORD0004889,ITM0008374,P001,Wireless Earbuds Pro,Novatech Supply,Audio,2023-08-14,Defective/Not Working,45.6,1
RET002280,ORD0004896,ITM0008386,P001,Wireless Earbuds Pro,Novatech Supply,Audio,2023-04-12,Defective/Not Working,43.29,1
RET002281,ORD0004899,ITM0008393,P022,Laptop Sleeve 15in,Value Source Co,Accessories,2023-06-29,Wrong Item Sent,17.92,1
RET002282,ORD0004900,ITM0008395,P014,Docking Station USB-C,EliteComponents,Accessories,2023-10-17,Defective/Not Working,244.29,3
RET002283,ORD0004900,ITM0008396,P008,Power Bank 20000mAh,Techcore Ltd,Accessories,2023-10-03,Not as Described,8.82,1
RET002284,ORD0004902,ITM0008398,P003,Smart Watch Fitness,Nova Tech Supply,Wearables,2023-12-16,Arrived Damaged,92.8,1
RET002285,ORD0004904,ITM0008400,P004,Smart Plug 4-Pack,novatech supply,Smart Home,2024-01-16,Defective/Not Working,32.4,1
RET002286,ORD0004916,ITM0008421,P023,Cable Management Kit,ValueSource Co,Accessories,2023-08-01,Defective/Not Working,8.6,1
RET002287,ORD0004917,ITM0008422,P001,Wireless Earbuds Pro,Novatech Supply,Audio,2023-07-31,Defective/Not Working,49.94,1
RET002288,ORD0004925,ITM0008439,P016,27in Monitor 4K,BrightGadgets,Displays,2024-08-21,Not as Described,319.93,1
RET002289,ORD0004930,ITM0008446,P024,Phone Stand Adjustable,Value Source Co,Accessories,2024-12-31,Defective/Not Working,9.32,1
RET002290,ORD0004938,ITM0008458,P001,Wireless Earbuds Pro,Novatech Supply,Audio,2023-07-28,Defective/Not Working,48.9,1
RET002291,ORD0004943,ITM0008465,P023,Cable Management Kit,ValueSource Co,Accessories,2024-03-26,Defective/Not Working,12.31,1
RET002292,ORD0004950,ITM0008478,P016,27in Monitor 4K,BrightGadgets,Displays,2024-08-14,Not as Described,296.75,1
RET002293,ORD0004953,ITM0008481,P026,HDMI Cable 2m,ValueSource Co,Accessories,2022-05-16,Not as Described,8.44,1
RET002294,ORD0004955,ITM0008485,P007,Webcam 1080p HD,TechCore Ltd,Peripherals,2023-01-22,Defective/Not Working,39.71,1
RET002295,ORD0004957,ITM0008491,P027,Cable Clips Pack 50,Value Source Co,Accessories,2023-12-27,Defective/Not Working,11.0,2
RET002296,ORD0004959,ITM0008493,P004,Smart Plug 4-Pack,novatech supply,Smart Home,2024-01-16,Defective/Not Working,32.84,1
RET002297,ORD0004961,ITM0008495,P010,Noise Cancel Headphones,TechCore Ltd,Audio,2023-09-28,Wrong Item Sent,36.95,1
RET002298,ORD0004966,ITM0008505,P009,Desk Pad XL,TechCore Ltd,Accessories,2023-02-24,Wrong Item Sent,29.66,1
RET002299,ORD0004970,ITM0008510,P011,Mechanical Keyboard TKL,Elite Components,Peripherals,2023-11-24,Defective/Not Working,89.87,1
RET002300,ORD0004973,ITM0008514,P002,Bluetooth Speaker Mini,NovaTech Supply,Audio,2023-09-14,Wrong Item Sent,42.51,1
RET002301,ORD0004979,ITM0008525,P022,Laptop Sleeve 15in,ValueSource Co,Accessories,2024-11-08,Poor Quality,19.22,1
RET002302,ORD0004983,ITM0008530,P012,Gaming Mouse RGB,Elite components,Peripherals,2025-01-11,Not as Described,41.86,1
RET002303,ORD0004983,ITM0008533,P009,Desk Pad XL,TechCore Ltd,Accessories,2024-12-25,Wrong Item Sent,27.08,1
RET002304,ORD0004997,ITM0008558,P009,Desk Pad XL,TechCore Ltd,Accessories,2024-10-18,Wrong Item Sent,28.25,1
RET002305,ORD0005004,ITM0008567,P004,Smart Plug 4-Pack,novatech supply,Smart Home,2024-03-10,Defective/Not Working,33.2,1
RET002306,ORD0005012,ITM0008583,P002,Bluetooth Speaker Mini,NovaTech Supply,Audio,2022-12-01,Defective/Not Working,50.14,1
RET002307,ORD0005012,ITM0008584,P001,Wireless Earbuds Pro,Novatech Supply,Audio,2022-12-05,Not as Described,37.11,1
RET002308,ORD0005014,ITM0008587,P002,Bluetooth Speaker Mini,NovaTech Supply,Audio,2022-02-12,Defective/Not Working,94.03,2
RET002309,ORD0005023,ITM0008604,P005,USB-C Hub 7-in-1,TechCore Ltd,Accessories,2023-07-09,Changed Mind,32.82,1
RET002310,ORD0005031,ITM0008623,P010,Noise Cancel Headphones,TechCore Ltd,Audio,2022-09-22,Changed Mind,27.94,1
RET002311,ORD0005032,ITM0008625,P002,Bluetooth Speaker Mini,NovaTech Supply,Audio,2024-11-16,Changed Mind,56.01,1
RET002312,ORD0005033,ITM0008626,P019,Ring Light 10in,BrightGadgets,Lighting,2025-01-04,Defective/Not Working,47.38,1
RET002313,ORD0005034,ITM0008628,P004,Smart Plug 4-Pack,novatech supply,Smart Home,2023-01-15,Not as Described,55.67,2
RET002314,ORD0005040,ITM0008635,P004,Smart Plug 4-Pack,novatech supply,Smart Home,2023-08-04,Not as Described,26.08,1
RET002315,ORD0005051,ITM0008660,P002,Bluetooth Speaker Mini,NovaTech Supply,Audio,2023-03-18,Defective/Not Working,49.5,1
RET002316,ORD0005056,ITM0008668,P024,Phone Stand Adjustable,Value Source Co,Accessories,2022-03-15,Defective/Not Working,9.71,1
RET002317,ORD0005057,ITM0008669,P001,Wireless Earbuds Pro,Novatech Supply,Audio,2023-11-28,Changed Mind,46.93,1
RET002318,ORD0005059,ITM0008673,P001,Wireless Earbuds Pro,Novatech Supply,Audio,2024-12-01,Defective/Not Working,49.89,1
RET002319,ORD0005064,ITM0008682,P017,Smart LED Desk Lamp,brightgadgets,Lighting,2023-06-19,Changed Mind,41.8,1
RET002320,ORD0005070,ITM0008690,P001,Wireless Earbuds Pro,Novatech Supply,Audio,2022-03-13,Not as Described,47.6,1
RET002321,ORD0005071,ITM0008692,P001,Wireless Earbuds Pro,Novatech Supply,Audio,2023-11-16,Changed Mind,37.21,1
RET002322,ORD0005071,ITM0008693,P011,Mechanical Keyboard TKL,EliteComponents,Peripherals,2023-11-14,Wrong Item Sent,133.46,2
RET002323,ORD0005072,ITM0008695,P004,Smart Plug 4-Pack,novatech supply,Smart Home,2023-10-01,Arrived Damaged,31.42,1
RET002324,ORD0005074,ITM0008697,P027,Cable Clips Pack 50,ValueSource Co,Accessories,2022-09-28,Not as Described,5.36,1
RET002325,ORD0005081,ITM0008707,P030,Webcam 4K Pro,TechCore Ltd,Peripherals,2023-09-24,Not as Described,141.87,1
RET002326,ORD0005085,ITM0008715,P004,Smart Plug 4-Pack,novatech supply,Smart Home,2024-04-01,Wrong Item Sent,63.06,2
RET002327,ORD0005087,ITM0008719,P001,Wireless Earbuds Pro,Novatech Supply,Audio,2024-07-10,Wrong Item Sent,49.87,1
RET002328,ORD0005090,ITM0008727,P003,Smart Watch Fitness,novatech supply,Wearables,2023-10-27,Not as Described,138.83,1
RET002329,ORD0005091,ITM0008730,P001,Wireless Earbuds Pro,Novatech Supply,Audio,2023-11-17,Defective/Not Working,-130.49,3
RET002330,ORD0005102,ITM0008747,P016,27in Monitor 4K,BrightGadgets,Displays,2024-10-16,Defective/Not Working,294.61,1
RET002331,ORD0005104,ITM0008749,P006,Laptop Stand Aluminium,TechCore Ltd,Accessories,2024-10-26,Defective/Not Working,72.54,2
RET002332,ORD0005111,ITM0008760,P007,Webcam 1080p HD,TechCore Ltd,Peripherals,2023-09-10,Defective/Not Working,52.23,1
RET002333,ORD0005118,ITM0008773,P002,Bluetooth Speaker Mini,novatech supply,Audio,2023-09-01,Not as Described,58.28,1
RET002334,ORD0005124,ITM0008781,P012,Gaming Mouse RGB,Elite components,Peripherals,2025-01-19,Defective/Not Working,39.42,1
RET002335,ORD0005128,ITM0008788,P001,Wireless Earbuds Pro,Novatech Supply,Audio,2023-10-11,Not as Described,92.1,2
RET002336,ORD0005139,ITM0008807,P002,Bluetooth Speaker Mini,NovaTech Supply,Audio,2024-07-30,Wrong Item Sent,112.62,2
RET002337,ORD0005143,ITM0008811,P001,Wireless Earbuds Pro,Novatech Supply,Audio,2024-09-13,Arrived Damaged,47.07,1
RET002338,ORD0005154,ITM0008828,P016,27in Monitor 4K,BrightGadgets,Displays,2024-12-08,Arrived Damaged,292.46,1
RET002339,ORD0005154,ITM0008829,P001,Wireless Earbuds Pro,Novatech Supply,Audio,2024-12-06,Defective/Not Working,98.8,2
RET002340,ORD0005156,ITM0008832,P022,Laptop Sleeve 15in,ValueSource Co,Accessories,2023-12-06,Poor Quality,16.17,1
RET002341,ORD0005163,ITM0008846,P026,HDMI Cable 2m,ValueSource Co,Accessories,2022-11-24,Wrong Item Sent,8.23,1
RET002342,ORD0005175,ITM0008862,P027,Cable Clips Pack 50,ValueSource Co,Accessories,2024-01-03,Defective/Not Working,4.47,1
RET002343,ORD0005176,ITM0008866,P019,Ring Light 10in,BrightGadgets,Lighting,2024-05-20,Changed Mind,54.05,1
RET002344,ORD0005177,ITM0008867,P007,Webcam 1080p HD,TechCore Ltd,Peripherals,2024-07-03,Poor Quality,51.66,1
RET002345,ORD0005178,ITM0008872,P005,USB-C Hub 7-in-1,TechCore Ltd,Accessories,2024-08-21,Defective/Not Working,31.5,1
RET002346,ORD0005181,ITM0008876,P002,Bluetooth Speaker Mini,NovaTech Supply,Audio,2023-05-29,Defective/Not Working,106.51,2
RET002347,ORD0005185,ITM0008882,P010,Noise Cancel Headphones,TechCore Ltd,Audio,2023-10-06,Wrong Item Sent,37.14,1
RET002348,ORD0005189,ITM0008890,P003,Smart Watch Fitness,novatech supply,Wearables,2024-05-19,Arrived Damaged,254.15,2
RET002349,ORD0005190,ITM0008891,P002,Bluetooth Speaker Mini,NovaTech Supply,Audio,2024-05-29,Defective/Not Working,50.97,1
RET002350,ORD0005191,ITM0008892,P011,Mechanical Keyboard TKL,EliteComponents,Peripherals,2024-07-01,Not as Described,82.77,1
RET002351,ORD0005193,ITM0008895,P018,Action Camera 4K,Bright gadgets,Cameras,2024-11-18,Changed Mind,169.15,1
RET002352,ORD0005197,ITM0008901,P019,Ring Light 10in,brightgadgets,Lighting,2023-10-01,Not as Described,54.98,1
RET002353,ORD0005200,ITM0008907,P003,Smart Watch Fitness,Nova Tech Supply,Wearables,2024-02-02,Wrong Item Sent,260.64,2
RET002354,ORD0005203,ITM0008913,P002,Bluetooth Speaker Mini,NovaTech Supply,Audio,2024-03-27,Not as Described,59.64,1
RET002355,ORD0005207,ITM0008920,P001,Wireless Earbuds Pro,Novatech Supply,Audio,2024-08-24,Changed Mind,46.14,1
RET002356,ORD0005212,ITM0008928,P015,Microphone USB Condenser,Elite Components,Audio,2024-06-08,Wrong Item Sent,77.39,1
RET002357,ORD0005214,ITM0008931,P026,HDMI Cable 2m,ValueSource Co,Accessories,2023-11-23,Poor Quality,7.97,1
RET002358,ORD0005218,ITM0008940,P001,Wireless Earbuds Pro,Novatech Supply,Audio,2024-01-11,Defective/Not Working,80.46,2
RET002359,ORD0005222,ITM0008945,P023,Cable Management Kit,ValueSource Co,Accessories,2023-01-22,Arrived Damaged,18.43,2
RET002360,ORD0005235,ITM0008965,P004,Smart Plug 4-Pack,novatech supply,Smart Home,2024-11-21,Defective/Not Working,56.39,2
RET002361,ORD0005236,ITM0008966,P006,Laptop Stand Aluminium,TechCore Ltd,Accessories,2023-03-21,Wrong Item Sent,35.3,1
RET002362,ORD0005237,ITM0008968,P001,Wireless Earbuds Pro,Novatech Supply,Audio,2023-02-17,Not as Described,92.39,2
RET002363,ORD0005241,ITM0008974,P002,Bluetooth Speaker Mini,NovaTech Supply,Audio,2022-03-20,Defective/Not Working,54.58,1
RET002364,ORD0005241,ITM0008975,P026,HDMI Cable 2m,ValueSource Co,Accessories,2022-03-26,Defective/Not Working,8.07,1
RET002365,ORD0005247,ITM0008987,P002,Bluetooth Speaker Mini,NovaTech Supply,Audio,2024-04-27,Defective/Not Working,55.07,1
RET002366,ORD0005272,ITM0009033,P023,Cable Management Kit,ValueSource Co,Accessories,2024-11-24,Not as Described,12.4,1
RET002367,ORD0005273,ITM0009034,P006,Laptop Stand Aluminium,TechCore Ltd,Accessories,2022-09-15,Arrived Damaged,28.19,1
RET002368,ORD0005282,ITM0009045,P002,Bluetooth Speaker Mini,NovaTech Supply,Audio,2022-10-16,Defective/Not Working,112.02,2
RET002369,ORD0005292,ITM0009066,P008,Power Bank 20000mAh,Techcore Ltd,Accessories,2022-07-10,Defective/Not Working,11.59,1
RET002370,ORD0005295,ITM0009070,P025,Screen Cleaning Kit,ValueSource Co,Accessories,2023-07-13,Poor Quality,7.27,1
RET002371,ORD0005300,ITM0009079,P016,27in Monitor 4K,BrightGadgets,Displays,2024-04-15,,942.43,3
RET002372,ORD0005301,ITM0009080,P014,Docking Station USB-C,EliteComponents,Accessories,2024-05-22,Defective/Not Working,105.59,1
RET002373,ORD0005306,ITM0009088,P011,Mechanical Keyboard TKL,EliteComponents,Peripherals,2023-11-05,Not as Described,80.17,1
RET002374,ORD0005316,ITM0009105,P003,Smart Watch Fitness,novatech supply,Wearables,2024-02-04,Changed Mind,134.22,1
RET002375,ORD0005319,ITM0009109,P024,Phone Stand Adjustable,ValueSource,Accessories,2023-08-29,Defective/Not Working,18.74,2
RET002376,ORD0005321,ITM0009111,P003,Smart Watch Fitness,Novatech Supply,Wearables,2023-07-29,Defective/Not Working,103.67,1
RET002377,ORD0005323,ITM0009114,P001,Wireless Earbuds Pro,Novatech Supply,,2022-11-14,Defective/Not Working,38.36,1
RET002378,ORD0005327,ITM0009121,P004,Smart Plug 4-Pack,novatech supply,,2023-08-18,Defective/Not Working,33.54,1
RET002379,ORD0005334,ITM0009132,P005,USB-C Hub 7-in-1,TechCore Ltd,Accessories,2024-06-26,Defective/Not Working,32.74,1
RET002380,ORD0005342,ITM0009145,P025,Screen Cleaning Kit,ValueSource Co,Accessories,2024-01-10,Arrived Damaged,7.08,1
RET002381,ORD0005354,ITM0009161,P027,Cable Clips Pack 50,ValueSource Co,Accessories,2023-06-12,Wrong Item Sent,11.91,2
RET002382,ORD0005356,ITM0009165,P001,Wireless Earbuds Pro,Novatech Supply,Audio,2023-08-28,Defective/Not Working,46.94,1
RET002383,ORD0005358,ITM0009168,P002,Bluetooth Speaker Mini,NovaTech Supply,Audio,2023-10-13,Defective/Not Working,53.22,1
RET002384,ORD0005359,ITM0009169,P007,Webcam 1080p HD,TechCore Ltd,Peripherals,2024-12-08,Not as Described,107.98,2
RET002385,ORD0005367,ITM0009180,P001,Wireless Earbuds Pro,Novatech Supply,Audio,2022-04-25,Defective/Not Working,47.91,1
RET002386,ORD0005368,ITM0009182,P022,Laptop Sleeve 15in,ValueSource Co,Accessories,2022-12-01,Changed Mind,28.77,2
RET002387,ORD0005373,ITM0009190,P001,Wireless Earbuds Pro,Novatech Supply,Audio,2023-09-15,Defective/Not Working,36.03,1
RET002388,ORD0005380,ITM0009204,P012,Gaming Mouse RGB,Elite components,Peripherals,2023-06-09,Arrived Damaged,31.04,1
RET002389,ORD0005381,ITM0009205,P001,Wireless Earbuds Pro,Novatech Supply,Audio,2022-12-07,Defective/Not Working,34.63,1
RET002390,ORD0005383,ITM0009208,P008,Power Bank 20000mAh,Techcore Ltd,Accessories,2023-03-10,Changed Mind,8.74,1
RET002391,ORD0005385,ITM0009213,P028,Gaming Chair Ergonomic,ValueSource Co,Furniture,2024-09-27,Arrived Damaged,309.37,1
RET002392,ORD0005391,ITM0009221,P006,Laptop Stand Aluminium,TechCore Ltd,Accessories,2023-05-22,Changed Mind,114.61,3
RET002393,ORD0005391,ITM0009222,P023,Cable Management Kit,ValueSource Co,Accessories,2023-05-27,Not as Described,38.29,3
RET002394,ORD0005398,ITM0009235,P001,Wireless Earbuds Pro,Novatech Supply,Audio,2024-04-04,Defective/Not Working,47.91,1
RET002395,ORD0005403,ITM0009240,P002,Bluetooth Speaker Mini,NovaTech Supply,Audio,2025-01-07,Defective/Not Working,57.86,1
RET002396,ORD0005415,ITM0009261,P003,Smart Watch Fitness,Nova Tech Supply,Wearables,2024-07-31,Defective/Not Working,104.33,1
RET002397,ORD0005418,ITM0009267,P004,Smart Plug 4-Pack,novatech supply,Smart Home,2024-12-21,Defective/Not Working,26.14,1
RET002398,ORD0005437,ITM0009293,P003,Smart Watch Fitness,Nova Tech Supply,Wearables,2023-11-11,Defective/Not Working,124.91,1
RET002399,ORD0005447,ITM0009308,P030,Webcam 4K Pro,TechCore Ltd,Peripherals,2024-11-29,Changed Mind,402.33,3
RET002400,ORD0005448,ITM0009309,P001,Wireless Earbuds Pro,Novatech Supply,Audio,2024-12-22,Defective/Not Working,47.34,1
RET002401,ORD0005448,ITM0009310,P026,HDMI Cable 2m,ValueSource Co,Accessories,2024-12-21,Changed Mind,8.71,1
RET002402,ORD0005448,ITM0009311,P025,Screen Cleaning Kit,ValueSource Co,Accessories,2024-12-30,Changed Mind,7.79,1
RET002403,ORD0005452,ITM0009316,P002,Bluetooth Speaker Mini,NovaTech Supply,Audio,2024-11-08,Defective/Not Working,106.24,2
RET002404,ORD0005455,ITM0009320,P002,Bluetooth Speaker Mini,NovaTech Supply,Audio,2023-06-23,Defective/Not Working,56.36,1
RET002405,ORD0005456,ITM0009322,P023,Cable Management Kit,ValueSource Co,Accessories,2023-08-13,Changed Mind,23.81,2
RET002406,ORD0005475,ITM0009354,P005,USB-C Hub 7-in-1,TechCore,Accessories,2023-07-18,Arrived Damaged,33.07,1
RET002407,ORD0005476,ITM0009356,P002,Bluetooth Speaker Mini,NovaTech Supply,Audio,2023-11-11,Not as Described,52.79,1
RET002408,ORD0005476,ITM0009357,P008,Power Bank 20000mAh,Tech Core Ltd,Accessories,2023-11-27,,11.56,1
RET002409,ORD0005489,ITM0009376,P002,Bluetooth Speaker Mini,NovaTech Supply,Audio,2025-01-05,Defective/Not Working,59.68,1
RET002410,ORD0005491,ITM0009384,P004,Smart Plug 4-Pack,novatech supply,Smart Home,2023-12-26,Defective/Not Working,97.24,3
RET002411,ORD0005492,ITM0009385,P017,Smart LED Desk Lamp,BrightGadgets,,2022-11-06,Arrived Damaged,30.92,1
RET002412,ORD0005493,ITM0009387,P001,Wireless Earbuds Pro,Novatech Supply,Audio,2024-11-02,Defective/Not Working,96.02,2
RET002413,ORD0005496,ITM0009390,P012,Gaming Mouse RGB,Elite components,Peripherals,2024-12-12,Defective/Not Working,37.68,1
RET002414,ORD0005496,ITM0009392,P002,Bluetooth Speaker Mini,NovaTech Supply,Audio,2024-11-27,Defective/Not Working,140.2,3
RET002415,ORD0005498,ITM0009395,P016,27in Monitor 4K,BrightGadgets,Displays,2023-08-23,Arrived Damaged,303.55,1
RET002416,ORD9999993,ITM0009402,P006,Laptop Stand Aluminium,TechCore Ltd,Accessories,2023-05-23,Defective/Not Working,36.69,1
RET002417,ORD0005502,ITM0009403,P002,Bluetooth Speaker Mini,NovaTech Supply,Audio,2023-11-17,Defective/Not Working,54.29,1
RET002418,ORD0005504,ITM0009406,P024,Phone Stand Adjustable,Value Source Co,Accessories,2024-05-12,Changed Mind,6.53,1
RET002419,ORD0005505,ITM0009407,P002,Bluetooth Speaker Mini,NovaTech Supply,Audio,2024-03-01,Defective/Not Working,55.25,1
RET002420,ORD0005507,ITM0009411,P017,Smart LED Desk Lamp,BrightGadgets,,2024-01-31,Changed Mind,76.22,2
RET002421,ORD0005507,ITM0009412,P011,Mechanical Keyboard TKL,EliteComponents,Peripherals,2024-01-21,,88.11,1
RET002422,ORD0005517,ITM0009430,P010,Noise Cancel Headphones,TechCore Ltd,Audio,2023-05-13,Defective/Not Working,35.96,1
RET002423,ORD0005517,ITM0009431,P016,27in Monitor 4K,BrightGadgets,Displays,2023-05-08,Wrong Item Sent,299.68,1
RET002424,ORD0005525,ITM0009441,P001,Wireless Earbuds Pro,Novatech Supply,Audio,2024-12-08,,47.95,1
RET002425,ORD0005528,ITM0009445,P001,Wireless Earbuds Pro,Novatech Supply,Audio,2022-12-30,Defective/Not Working,36.19,1
RET002426,ORD0005529,ITM0009446,P005,USB-C Hub 7-in-1,TechCore Ltd,Accessories,2024-09-17,Defective/Not Working,31.06,1
RET002427,ORD0005535,ITM0009455,P020,Laptop Cooling Pad,BrightGadgets,Accessories,2024-04-08,Arrived Damaged,45.48,2
RET002428,ORD0005539,ITM0009460,P003,Smart Watch Fitness,novatech supply,Wearables,2024-09-25,Defective/Not Working,414.77,3
RET002429,ORD0005539,ITM0009461,P011,Mechanical Keyboard TKL,EliteComponents,Peripherals,2024-10-09,Poor Quality,84.25,1
RET002430,ORD0005543,ITM0009466,P024,Phone Stand Adjustable,Value Source Co,Accessories,2024-09-03,Changed Mind,7.02,1
RET002431,ORD0005548,ITM0009475,P022,Laptop Sleeve 15in,ValueSource Co,Accessories,2024-04-11,Wrong Item Sent,19.49,1
RET002432,ORD0005549,ITM0009476,P002,Bluetooth Speaker Mini,Nova Tech Supply,Audio,2024-07-30,Defective/Not Working,58.3,1
RET002433,ORD0005552,ITM0009481,P002,Bluetooth Speaker Mini,NovaTech Supply,Audio,2024-07-05,Defective/Not Working,115.92,2
RET002434,ORD0005559,ITM0009491,P004,Smart Plug 4-Pack,novatech supply,,2024-11-28,Defective/Not Working,33.06,1
RET002435,ORD0005560,ITM0009495,P001,Wireless Earbuds Pro,Novatech Supply,Audio,2024-01-22,Defective/Not Working,45.92,1
RET002436,ORD0005562,ITM0009497,P003,Smart Watch Fitness,Nova Tech Supply,Wearables,2023-11-15,Wrong Item Sent,210.68,2
RET002437,ORD0005571,ITM0009512,P002,Bluetooth Speaker Mini,NovaTech Supply,Audio,2023-10-10,Arrived Damaged,119.93,2
RET002438,ORD0005578,ITM0009522,P028,Gaming Chair Ergonomic,ValueSource Co,Furniture,2023-05-14,Defective/Not Working,773.02,3
RET002439,ORD0005598,ITM0009560,P016,27in Monitor 4K,BrightGadgets,Displays,2023-07-10,Arrived Damaged,625.61,2
RET002440,ORD0005602,ITM0009564,P009,Desk Pad XL,TechCore Ltd,Accessories,2023-05-10,Defective/Not Working,27.44,1
RET002441,ORD0005619,ITM0009589,P010,Noise Cancel Headphones,TechCore Ltd,Audio,2024-11-16,Not as Described,65.61,2
RET002442,ORD0005633,ITM0009614,P002,Bluetooth Speaker Mini,NovaTech Supply,Audio,2024-06-14,Defective/Not Working,108.73,2
RET002443,ORD0005637,ITM0009618,P017,Smart LED Desk Lamp,BrightGadgets,Lighting,2024-10-15,Not as Described,32.06,1
RET002444,ORD0005642,ITM0009633,P006,Laptop Stand Aluminium,TechCore Ltd,Accessories,2024-01-15,Arrived Damaged,31.94,1
RET002445,ORD0005643,ITM0009635,P004,Smart Plug 4-Pack,novatech supply,Smart Home,2022-09-14,Defective/Not Working,32.87,1
RET002446,ORD0005647,ITM0009640,P004,Smart Plug 4-Pack,novatech supply,Smart Home,2023-07-23,Defective/Not Working,103.77,3
RET002447,ORD0005653,ITM0009653,P002,Bluetooth Speaker Mini,NovaTech Supply,Audio,2024-08-16,Changed Mind,57.9,1
RET002448,ORD0005659,ITM0009666,P002,Bluetooth Speaker Mini,NovaTech Supply,Audio,2023-03-09,Defective/Not Working,40.62,1
RET002449,ORD0005659,ITM0009667,P016,27in Monitor 4K,BrightGadgets,Displays,2023-03-12,Arrived Damaged,240.61,1
RET002450,ORD0005660,ITM0009668,P020,Laptop Cooling Pad,BrightGadgets,Accessories,2023-01-25,Poor Quality,32.92,1
RET002451,ORD0005666,ITM0009679,P004,Smart Plug 4-Pack,novatech supply,Smart Home,2024-03-30,Defective/Not Working,63.42,2
RET002452,ORD0005676,ITM0009693,P016,27in Monitor 4K,BrightGadgets,Displays,2023-12-23,Defective/Not Working,232.62,1
RET002453,ORD0005686,ITM0009706,P024,Phone Stand Adjustable,Value Source Co,Accessories,2024-10-09,Defective/Not Working,19.33,2
RET002454,ORD0005689,ITM0009710,P004,Smart Plug 4-Pack,novatech supply,Smart Home,2024-01-22,Defective/Not Working,31.87,1
RET002455,ORD0005693,ITM0009720,P002,Bluetooth Speaker Mini,NovaTech Supply,Audio,2024-06-10,Arrived Damaged,42.31,1
RET002456,ORD0005696,ITM0009726,P004,Smart Plug 4-Pack,novatech supply,Smart Home,2024-11-18,Changed Mind,33.66,1
RET002457,ORD0005697,ITM0009728,P028,Gaming Chair Ergonomic,ValueSource Co,Furniture,2025-01-07,Defective/Not Working,280.16,1
RET002458,ORD0005697,ITM0009729,P004,Smart Plug 4-Pack,novatech supply,Smart Home,2024-12-30,Defective/Not Working,59.18,2
RET002459,ORD0005700,ITM0009733,P004,Smart Plug 4-Pack,novatech supply,Smart Home,2023-10-21,Defective/Not Working,32.02,1
RET002460,ORD0005700,ITM0009734,P002,Bluetooth Speaker Mini,NovaTech Supply,Audio,2023-10-14,Wrong Item Sent,59.15,1
RET002461,ORD0005701,ITM0009736,P005,USB-C Hub 7-in-1,TechCore Ltd,Accessories,2024-11-28,Defective/Not Working,34.61,1
RET002462,ORD0005706,ITM0009741,P027,Cable Clips Pack 50,ValueSource Co,Accessories,2022-06-22,Not as Described,5.99,1
RET002463,ORD0005708,ITM0009746,P028,Gaming Chair Ergonomic,ValueSource Co,Furniture,2022-08-21,Defective/Not Working,262.39,1
RET002464,ORD0005710,ITM0009749,P002,Bluetooth Speaker Mini,NovaTech Supply,Audio,2022-12-23,Defective/Not Working,54.82,1
RET002465,ORD0005710,ITM0009750,P027,Cable Clips Pack 50,ValueSource Co,Accessories,2022-12-29,Wrong Item Sent,5.36,1
RET002466,ORD0005717,ITM0009762,P012,Gaming Mouse RGB,Elite components,Peripherals,2023-12-21,Arrived Damaged,43.74,1
RET002467,ORD0005724,ITM0009776,P025,Screen Cleaning Kit,ValueSource Co,Accessories,2024-11-01,Wrong Item Sent,7.98,1
RET002468,ORD0005726,ITM0009780,P001,Wireless Earbuds Pro,Novatech Supply,Audio,2023-01-19,Defective/Not Working,44.94,1
RET002469,ORD0005728,ITM0009785,P010,Noise Cancel Headphones,TechCore Ltd,Audio,2023-05-09,Wrong Item Sent,116.36,3
RET002470,ORD0005730,ITM0009788,P002,Bluetooth Speaker Mini,NovaTech Supply,Audio,2023-03-13,Defective/Not Working,44.3,1
RET002471,ORD0005732,ITM0009793,P004,Smart Plug 4-Pack,novatech supply,Smart Home,2023-07-23,Defective/Not Working,69.81,2
RET002472,ORD0005732,ITM0009794,P001,Wireless Earbuds Pro,Novatech Supply,Audio,2023-07-22,Defective/Not Working,44.49,1
RET002473,ORD0005738,ITM0009808,P019,Ring Light 10in,BrightGadgets,Lighting,2024-05-28,Arrived Damaged,53.59,1
RET002474,ORD0005744,ITM0009818,P004,Smart Plug 4-Pack,novatech supply,Smart Home,2024-10-02,Defective/Not Working,25.29,1
RET002475,ORD0005745,ITM0009819,P004,Smart Plug 4-Pack,novatech supply,Smart Home,2023-11-15,Defective/Not Working,34.47,1
RET002476,ORD0005746,ITM0009821,P004,Smart Plug 4-Pack,novatech supply,Smart Home,2022-05-31,Defective/Not Working,69.76,2
RET002477,ORD0005748,ITM0009825,P004,Smart Plug 4-Pack,novatech supply,Smart Home,2024-01-24,Defective/Not Working,32.54,1
RET002478,ORD0005753,ITM0009836,P006,Laptop Stand Aluminium,TechCore Ltd,Accessories,2024-06-30,Arrived Damaged,71.83,2
RET002479,ORD0005754,ITM0009837,P003,Smart Watch Fitness,Nova Tech Supply,Wearables,2024-07-11,Changed Mind,263.1,2
RET002480,ORD0005754,ITM0009839,P015,Microphone USB Condenser,Elite Components,Audio,2024-07-27,Changed Mind,92.39,1
RET002481,ORD0005758,ITM0009846,P001,Wireless Earbuds Pro,Novatech Supply,Audio,2024-09-30,Arrived Damaged,49.44,1
RET002482,ORD0005759,ITM0009847,P001,Wireless Earbuds Pro,Novatech Supply,Audio,2024-11-23,Defective/Not Working,45.26,1
RET002483,ORD0005760,ITM0009848,P026,HDMI Cable 2m,ValueSource Co,Accessories,2024-12-27,Not as Described,6.5,1
RET002484,ORD0005760,ITM0009849,P024,Phone Stand Adjustable,Value Source Co,Accessories,2025-01-09,Poor Quality,13.39,2
RET002485,ORD0005766,ITM0009860,P003,Smart Watch Fitness,Nova Tech Supply,Wearables,2023-09-24,Defective/Not Working,127.67,1
RET002486,ORD0005771,ITM0009868,P007,Webcam 1080p HD,Techcore Ltd,Peripherals,2022-12-27,Defective/Not Working,50.73,1
RET002487,ORD0005772,ITM0009871,P018,Action Camera 4K,BRIGHTGADGETS,Cameras,2023-10-27,Not as Described,148.44,1
RET002488,ORD0005784,ITM0009893,P007,Webcam 1080p HD,TECHCORE LTD,Peripherals,2024-06-15,Defective/Not Working,41.34,1
RET002489,ORD0005786,ITM0009898,P001,Wireless Earbuds Pro,novatech supply,Audio,2024-10-04,Wrong Item Sent,48.14,1
RET002490,ORD0005789,ITM0009901,P001,Wireless Earbuds Pro,Novatech Supply,Audio,2023-09-11,,76.18,2
RET002491,ORD0005790,ITM0009902,P020,Laptop Cooling Pad,BrightGadgets,Accessories,2024-09-17,Wrong Item Sent,23.97,1
RET002492,ORD0005791,ITM0009904,P025,Screen Cleaning Kit,ValueSource Co,Accessories,2024-09-16,Not as Described,15.47,2
RET002493,ORD0005795,ITM0009914,P004,Smart Plug 4-Pack,novatech supply,Smart Home,2023-11-04,Arrived Damaged,31.11,1
RET002494,ORD0005798,ITM0009917,P003,Smart Watch Fitness,Novatech Supply,Wearables,2024-02-24,Defective/Not Working,124.47,1
RET002495,ORD0005800,ITM0009921,P002,Bluetooth Speaker Mini,NovaTech Supply,Audio,2022-06-08,Wrong Item Sent,59.04,1
RET002496,ORD0005804,ITM0009930,P024,Phone Stand Adjustable,Value Source Co,Accessories,2023-11-02,Changed Mind,9.48,1
RET002497,ORD0005812,ITM0009943,P005,USB-C Hub 7-in-1,TechCore Ltd,Accessories,2023-10-15,Not as Described,33.29,1
RET002498,ORD0005813,ITM0009947,P002,Bluetooth Speaker Mini,NovaTech Supply,Audio,2024-02-26,Defective/Not Working,55.37,1
RET002499,ORD0005816,ITM0009952,P003,Smart Watch Fitness,Nova Tech Supply,Wearables,2023-12-02,Defective/Not Working,124.29,1
RET002500,ORD0005819,ITM0009957,P007,Webcam 1080p HD,TechCore Ltd,Peripherals,2023-08-05,Defective/Not Working,52.14,1
RET002501,ORD0005823,ITM0009964,P001,Wireless Earbuds Pro,Novatech Supply,Audio,2024-11-04,Defective/Not Working,98.82,2
RET002502,ORD0005826,ITM0009971,P016,27in Monitor 4K,BrightGadgets,,2022-07-02,Wrong Item Sent,244.06,1
RET002503,ORD0005826,ITM0009972,P008,Power Bank 20000mAh,Techcore Ltd,Accessories,2022-07-20,Not as Described,8.5,1
RET002504,ORD0005829,ITM0009978,P026,HDMI Cable 2m,ValueSource Co,Accessories,2023-11-23,Not as Described,8.99,1
RET002505,ORD0005861,ITM0010028,P023,Cable Management Kit,ValueSource Co,Accessories,2024-05-25,Poor Quality,12.51,1
RET002506,ORD0005863,ITM0010032,P001,Wireless Earbuds Pro,Novatech Supply,,2023-12-07,Wrong Item Sent,42.99,1
RET002507,ORD0005864,ITM0010034,P002,Bluetooth Speaker Mini,NovaTech Supply,Audio,2023-09-22,Defective/Not Working,53.02,1
RET002508,ORD0005871,ITM0010048,P002,Bluetooth Speaker Mini,NovaTech Supply,Audio,2023-12-20,Not as Described,162.56,3
RET002509,ORD0005879,ITM0010062,P001,Wireless Earbuds Pro,Novatech Supply,Audio,2024-01-26,Arrived Damaged,39.48,1
RET002510,ORD0005880,ITM0010063,P013,Portable SSD 1TB,EliteComponents,Storage,2024-02-29,Defective/Not Working,179.72,2
RET002511,ORD0005884,ITM0010068,P022,Laptop Sleeve 15in,ValueSource Co,Accessories,2024-10-03,Arrived Damaged,16.23,1
RET002512,ORD0005889,ITM0010076,P002,Bluetooth Speaker Mini,NovaTech Supply,Audio,2025-01-07,Defective/Not Working,118.37,2
RET002513,ORD0005893,ITM0010081,P020,Laptop Cooling Pad,BrightGadgets,Accessories,2023-04-17,Defective/Not Working,32.07,1
RET002514,ORD0005896,ITM0010084,P004,Smart Plug 4-Pack,novatech supply,Smart Home,2024-02-25,Not as Described,34.68,1
RET002515,ORD0005901,ITM0010089,P025,Screen Cleaning Kit,ValueSource Co,Accessories,2022-09-01,Arrived Damaged,14.85,2
RET002516,ORD0005911,ITM0010105,P006,Laptop Stand Aluminium,TechCore Ltd,Accessories,2024-01-15,Wrong Item Sent,62.99,2
RET002517,ORD0005914,ITM0010109,P002,Bluetooth Speaker Mini,NovaTech Supply,Audio,2024-06-02,Defective/Not Working,59.41,1
RET002518,ORD0005921,ITM0010117,P026,HDMI Cable 2m,ValueSource Co,Accessories,2023-12-10,Defective/Not Working,8.9,1
RET002519,ORD0005924,ITM0010121,P012,Gaming Mouse RGB,Elite components,Peripherals,2025-01-09,Wrong Item Sent,85.76,2
RET002520,ORD0005925,ITM0010124,P006,Laptop Stand Aluminium,TechCore Ltd,Accessories,2022-07-22,Not as Described,38.29,1
RET002521,ORD0005926,ITM0010126,P006,Laptop Stand Aluminium,TechCore Ltd,Accessories,2022-10-23,Defective/Not Working,39.11,1
RET002522,ORD0005927,ITM0010129,P001,Wireless Earbuds Pro,Novatech Supply,Audio,2022-12-06,Defective/Not Working,45.52,1
RET002523,ORD0005935,ITM0010143,P016,27in Monitor 4K,BrightGadgets,Displays,2023-01-23,Defective/Not Working,287.19,1
RET002524,ORD0005939,ITM0010150,P026,HDMI Cable 2m,ValueSource Co,Accessories,2024-04-15,Defective/Not Working,24.49,3
RET002525,ORD0005942,ITM0010154,P003,Smart Watch Fitness,Nova Tech Supply,Wearables,2024-05-21,Not as Described,374.13,3
RET002526,ORD0005943,ITM0010155,P025,Screen Cleaning Kit,ValueSource Co,Accessories,2024-05-23,Defective/Not Working,7.07,1
RET002527,ORD0005955,ITM0010174,P001,Wireless Earbuds Pro,Novatech Supply,Audio,2023-04-08,Not as Described,65.28,2
RET002528,ORD0005956,ITM0010177,P001,Wireless Earbuds Pro,Novatech Supply,Audio,2023-04-30,Defective/Not Working,44.95,1
RET002529,ORD0005958,ITM0010184,P012,Gaming Mouse RGB,Elite components,Peripherals,2023-09-03,Not as Described,43.58,1
RET002530,ORD0005971,ITM0010208,P002,Bluetooth Speaker Mini,NovaTech Supply,Audio,2023-07-29,Arrived Damaged,52.95,1
RET002531,ORD0005973,ITM0010211,P004,Smart Plug 4-Pack,novatech supply,Smart Home,2024-07-13,Defective/Not Working,66.9,2
RET002532,ORD0005975,ITM0010215,P023,Cable Management Kit,ValueSource Co,Accessories,2024-11-21,Defective/Not Working,16.99,2
RET002533,ORD0005978,ITM0010218,P001,Wireless Earbuds Pro,Novatech Supply,Audio,2022-11-05,Defective/Not Working,48.41,1
RET002534,ORD0005983,ITM0010226,P002,Bluetooth Speaker Mini,NovaTech Supply,Audio,2023-05-22,Poor Quality,54.84,1
RET002535,ORD0005988,ITM0010232,P025,Screen Cleaning Kit,Valuesource Co,Accessories,2024-08-26,Not as Described,14.71,2
RET002536,ORD0005990,ITM0010240,P002,Bluetooth Speaker Mini,NovaTech Supply,Audio,2023-09-10,Defective/Not Working,40.4,1
RET002537,ORD0005998,ITM0010252,P019,Ring Light 10in,BrightGadgets,Lighting,2024-07-10,Not as Described,54.78,1
RET002538,ORD0006006,ITM0010266,P004,Smart Plug 4-Pack,novatech supply,Smart Home,2023-10-11,Defective/Not Working,34.42,1
RET002539,ORD0006007,ITM0010268,P009,Desk Pad XL,TechCore Ltd,Accessories,2024-10-12,,29.74,1
RET002540,ORD0006008,ITM0010270,P008,Power Bank 20000mAh,Techcore Ltd,Accessories,2022-11-20,Defective/Not Working,11.65,1
RET002541,ORD0006015,ITM0010280,P013,Portable SSD 1TB,EliteComponents,Storage,2023-11-18,Defective/Not Working,86.03,1
RET002542,ORD0006026,ITM0010299,P002,Bluetooth Speaker Mini,NovaTech Supply,Audio,2023-12-09,Not as Described,56.12,1
RET002543,ORD0006028,ITM0010303,P016,27in Monitor 4K,BrightGadgets,Displays,2023-08-22,Poor Quality,292.58,1
RET002544,ORD0006040,ITM0010319,P001,Wireless Earbuds Pro,Novatech Supply,Audio,2023-05-24,Defective/Not Working,45.09,1
RET002545,ORD0006045,ITM0010324,P002,Bluetooth Speaker Mini,NovaTech Supply,Audio,2024-04-09,Changed Mind,57.04,1
RET002546,ORD0006049,ITM0010332,P001,Wireless Earbuds Pro,Novatech Supply,Audio,2022-08-29,Defective/Not Working,47.01,1
RET002547,ORD0006058,ITM0010347,P028,Gaming Chair Ergonomic,ValueSource Co,Furniture,2024-08-16,Arrived Damaged,340.72,1
RET002548,ORD0006058,ITM0010348,P022,Laptop Sleeve 15in,ValueSource Co,Accessories,2024-08-13,Wrong Item Sent,55.35,3
RET002549,ORD0006062,ITM0010352,P008,Power Bank 20000mAh,Techcore Ltd,Accessories,2023-09-28,Defective/Not Working,11.41,1
RET002550,ORD0006063,ITM0010354,P001,Wireless Earbuds Pro,Novatech Supply,Audio,2024-09-08,Wrong Item Sent,49.87,1
RET002551,ORD0006071,ITM0010367,P002,Bluetooth Speaker Mini,NovaTech Supply,Audio,2024-09-06,Defective/Not Working,51.3,1
RET002552,ORD0006072,ITM0010369,P014,Docking Station USB-C,EliteComponents,Accessories,2022-05-18,Defective/Not Working,83.05,1
RET002553,ORD0006074,ITM0010373,P001,Wireless Earbuds Pro,Novatech Supply,Audio,2024-06-23,Defective/Not Working,132.98,3
RET002554,ORD0006075,ITM0010377,P006,Laptop Stand Aluminium,TechCore Ltd,Accessories,2024-02-22,Defective/Not Working,37.04,1
RET002555,ORD0006076,ITM0010378,P003,Smart Watch Fitness,Nova Tech Supply,Wearables,2023-09-06,Defective/Not Working,206.53,2
RET002556,ORD0006077,ITM0010382,P001,Wireless Earbuds Pro,Novatech Supply,Audio,2022-10-07,Defective/Not Working,45.68,1
RET002557,ORD0006079,ITM0010386,P012,Gaming Mouse RGB,Elite components,Peripherals,2022-12-26,Changed Mind,44.4,1
RET002558,ORD0006084,ITM0010394,P009,Desk Pad XL,TechCore Ltd,Accessories,2023-11-09,Defective/Not Working,29.69,1
RET002559,ORD0006092,ITM0010402,P027,Cable Clips Pack 50,ValueSource Co,Accessories,2024-02-25,Changed Mind,5.51,1
RET002560,ORD0006093,ITM0010405,P003,Smart Watch Fitness,Nova Tech Supply,Wearables,2024-08-18,Defective/Not Working,137.37,1
RET002561,ORD0006094,ITM0010406,P001,Wireless Earbuds Pro,Novatech Supply,Audio,2023-09-27,Defective/Not Working,48.17,1
RET002562,ORD0006096,ITM0010408,P026,HDMI Cable 2m,ValueSource Co,Accessories,2023-03-24,Defective/Not Working,8.6,1
RET002563,ORD0006097,ITM0010410,P001,Wireless Earbuds Pro,Novatech Supply,Audio,2024-11-11,Defective/Not Working,45.92,1
RET002564,ORD0006099,ITM0010415,P004,Smart Plug 4-Pack,novatech supply,Smart Home,2022-01-25,Defective/Not Working,61.75,2
RET002565,ORD0006100,ITM0010417,P007,Webcam 1080p HD,TechCore Ltd,Peripherals,2024-12-31,Wrong Item Sent,54.1,1
RET002566,ORD0006124,ITM0010453,P008,Power Bank 20000mAh,Techcore Ltd,Accessories,2024-05-14,Not as Described,9.71,1
RET002567,ORD0006127,ITM0010458,P002,Bluetooth Speaker Mini,NovaTech Supply,Audio,2023-05-18,Defective/Not Working,55.18,1
RET002568,ORD0006133,ITM0010469,P006,Laptop Stand Aluminium,TechCore Ltd,Accessories,2024-12-25,Not as Described,39.48,1
RET002569,ORD0006133,ITM0010472,P014,Docking Station USB-C,EliteComponents,Accessories,2024-12-24,Changed Mind,307.71,3
RET002570,ORD0006135,ITM0010478,P003,Smart Watch Fitness,Nova Tech Supply,Wearables,2024-08-02,Wrong Item Sent,135.87,1
RET002571,ORD0006136,ITM0010479,P028,Gaming Chair Ergonomic,ValueSource Co,Furniture,2023-12-04,Not as Described,268.27,1
RET002572,ORD0006136,ITM0010481,P023,Cable Management Kit,ValueSource Co,Accessories,2023-12-02,,9.51,1
RET002573,ORD0006139,ITM0010485,P020,Laptop Cooling Pad,BrightGadgets,Accessories,2023-06-10,Defective/Not Working,59.68,2
RET002574,ORD0006140,ITM0010486,P004,Smart Plug 4-Pack,novatech supply,Smart Home,2023-10-07,Defective/Not Working,24.99,1
RET002575,ORD0006146,ITM0010493,P012,Gaming Mouse RGB,Elite components,Peripherals,2023-06-25,Arrived Damaged,42.94,1
RET002576,ORD0006149,ITM0010497,P001,Wireless Earbuds Pro,Novatech Supply,Audio,2023-11-25,Defective/Not Working,33.36,1
RET002577,ORD0006151,ITM0010500,P001,Wireless Earbuds Pro,Novatech Supply,Audio,2024-02-08,Defective/Not Working,45.88,1
RET002578,ORD0006152,ITM0010503,P011,Mechanical Keyboard TKL,EliteComponents,Peripherals,2022-05-17,Defective/Not Working,69.28,1
RET002579,ORD0006155,ITM0010508,P001,Wireless Earbuds Pro,Novatech Supply,Audio,2022-09-03,Defective/Not Working,74.43,2
RET002580,ORD0006158,ITM0010517,P001,Wireless Earbuds Pro,Novatech Supply,Audio,2023-01-06,Not as Described,45.51,1
RET002581,ORD0006162,ITM0010525,P011,Mechanical Keyboard TKL,EliteComponents,Peripherals,2024-03-28,Defective/Not Working,80.21,1
RET002582,ORD0006169,ITM0010538,P018,Action Camera 4K,Bright gadgets,Cameras,2024-12-25,Not as Described,169.59,1
RET002583,ORD0006172,ITM0010542,P006,Laptop Stand Aluminium,TechCore Ltd,Accessories,2024-10-13,Arrived Damaged,30.12,1
RET002584,ORD0006178,ITM0010551,P008,Power Bank 20000mAh,Techcore Ltd,Accessories,2024-01-18,Arrived Damaged,8.43,1
RET002585,ORD0006183,ITM0010562,P009,Desk Pad XL,TechCore Ltd,Accessories,2024-09-20,Wrong Item Sent,27.56,1
RET002586,ORD0006185,ITM0010565,P008,Power Bank 20000mAh,Techcore Ltd,Accessories,2024-12-30,Defective/Not Working,20.64,2
RET002587,ORD0006186,ITM0010567,P002,Bluetooth Speaker Mini,NovaTech Supply,Audio,2025-01-04,Defective/Not Working,39.88,1
RET002588,ORD0006195,ITM0010580,P002,Bluetooth Speaker Mini,novatech supply,Audio,2022-03-26,Defective/Not Working,119.84,2
RET002589,ORD0006196,ITM0010582,P013,Portable SSD 1TB,EliteComponents,Storage,2022-12-08,Changed Mind,88.63,1
RET002590,ORD0006200,ITM0010593,P005,USB-C Hub 7-in-1,Techcore Ltd,Accessories,2024-10-27,Poor Quality,30.95,1
RET002591,ORD0006203,ITM0010600,P007,Webcam 1080p HD,TechCore Ltd,Peripherals,2022-10-12,Defective/Not Working,38.76,1
RET002592,ORD0006203,ITM0010602,P002,Bluetooth Speaker Mini,NovaTech Supply,Audio,2022-10-14,Defective/Not Working,43.44,1
RET002593,ORD0006204,ITM0010604,P002,Bluetooth Speaker Mini,NovaTech Supply,Audio,2022-11-12,Defective/Not Working,48.07,1
RET002594,ORD0006212,ITM0010619,P023,Cable Management Kit,ValueSource Co,Accessories,2024-08-17,Wrong Item Sent,12.61,1
RET002595,ORD0006213,ITM0010622,P002,Bluetooth Speaker Mini,NovaTech Supply,Audio,2022-08-19,Defective/Not Working,118.62,2
RET002596,ORD0006217,ITM0010627,P019,Ring Light 10in,BrightGadgets,Lighting,2023-06-26,Not as Described,49.91,1
RET002597,ORD0006219,ITM0010632,P015,Microphone USB Condenser,Elite Components,Audio,2023-07-28,Arrived Damaged,89.35,1
RET002598,ORD0006226,ITM0010644,P002,Bluetooth Speaker Mini,NovaTech Supply,Audio,2024-03-12,Defective/Not Working,40.3,1
RET002599,ORD0006226,ITM0010645,P023,Cable Management Kit,ValueSource Co,Accessories,2024-03-22,Not as Described,8.54,1
RET002600,ORD0006240,ITM0010666,P001,Wireless Earbuds Pro,Novatech Supply,Audio,2024-05-18,Wrong Item Sent,49.04,1
RET002601,ORD0006241,ITM0010668,P001,Wireless Earbuds Pro,Novatech Supply,Audio,2024-07-30,Defective/Not Working,48.26,1
RET002602,ORD0006243,ITM0010672,P023,Cable Management Kit,ValueSource Co,Accessories,2024-12-28,Wrong Item Sent,20.81,2
RET002603,ORD0006244,ITM0010675,P007,Webcam 1080p HD,TechCore Ltd,Peripherals,2024-01-27,Wrong Item Sent,54.95,1
RET002604,ORD0006247,ITM0010679,P012,Gaming Mouse RGB,Elite components,Peripherals,2024-07-13,Wrong Item Sent,43.59,1
RET002605,ORD0006251,ITM0010684,P002,Bluetooth Speaker Mini,NovaTech Supply,Audio,2023-04-12,Wrong Item Sent,111.49,2
RET002606,ORD0006252,ITM0010689,P002,Bluetooth Speaker Mini,NovaTech Supply,Audio,2023-05-19,Defective/Not Working,47.57,1
RET002607,ORD0006258,ITM0010698,P001,Wireless Earbuds Pro,Novatech Supply,Audio,2024-10-09,Defective/Not Working,45.59,1
RET002608,ORD0006261,ITM0010702,P004,Smart Plug 4-Pack,novatech supply,Smart Home,2022-05-06,Not as Described,26.26,1
RET002609,ORD0006261,ITM0010704,P026,HDMI Cable 2m,ValueSource Co,Accessories,2022-05-22,Defective/Not Working,7.18,1
RET002610,ORD0006265,ITM0010713,P030,Webcam 4K Pro,TechCore Ltd,Peripherals,2024-12-22,Defective/Not Working,280.22,2
RET002611,ORD0006280,ITM0010733,P001,Wireless Earbuds Pro,Novatech Supply,Audio,2023-06-14,Defective/Not Working,68.41,2
RET002612,ORD0006290,ITM0010753,P007,Webcam 1080p HD,TechCore Ltd,Peripherals,2024-08-24,Not as Described,53.66,1
RET002613,ORD0006291,ITM0010755,P023,Cable Management Kit,ValueSource Co,Accessories,2024-09-25,Wrong Item Sent,21.28,2
RET002614,ORD0006292,ITM0010756,P018,Action Camera 4K,Bright gadgets,Cameras,2024-12-22,Defective/Not Working,143.65,1
RET002615,ORD0006298,ITM0010767,P006,Laptop Stand Aluminium,TechCore Ltd,Accessories,2023-12-29,Wrong Item Sent,35.29,1
RET002616,ORD0006299,ITM0010770,P004,Smart Plug 4-Pack,novatech supply,Smart Home,2024-05-01,Defective/Not Working,32.27,1
RET002617,ORD0006299,ITM0010771,P001,Wireless Earbuds Pro,Novatech Supply,Audio,2024-04-26,Poor Quality,44.34,1
RET002618,ORD0006301,ITM0010773,P004,Smart Plug 4-Pack,novatech supply,Smart Home,2023-06-02,Defective/Not Working,31.92,1
RET002619,ORD0006308,ITM0010785,P001,Wireless Earbuds Pro,Novatech Supply,Audio,2024-08-23,Arrived Damaged,44.03,1
RET002620,ORD0006310,ITM0010787,P010,Noise Cancel Headphones,TechCore Ltd,Audio,2024-09-30,Defective/Not Working,116.92,3
RET002621,ORD0006311,ITM0010788,P001,Wireless Earbuds Pro,Novatech Supply,Audio,2022-07-07,Defective/Not Working,47.85,1
RET002622,ORD0006314,ITM0010792,P006,Laptop Stand Aluminium,TechCore Ltd,Accessories,2023-07-03,Defective/Not Working,39.89,1
RET002623,ORD0006314,ITM0010793,P011,Mechanical Keyboard TKL,EliteComponents,Peripherals,2023-07-01,Defective/Not Working,84.63,1
RET002624,ORD0006316,ITM0010796,P002,Bluetooth Speaker Mini,NovaTech Supply,Audio,2023-12-21,Changed Mind,110.29,2
RET002625,ORD0006326,ITM0010814,P002,Bluetooth Speaker Mini,NovaTech Supply,Audio,2023-11-23,Defective/Not Working,58.74,1
RET002626,ORD0006339,ITM0010834,P001,Wireless Earbuds Pro,Novatech Supply,Audio,2022-12-31,Defective/Not Working,132.28,3
RET002627,ORD0006341,ITM0010839,P022,Laptop Sleeve 15in,ValueSource Co,Accessories,2024-08-29,Defective/Not Working,19.49,1
RET002628,ORD0006341,ITM0010840,P014,Docking Station USB-C,EliteComponents,Accessories,2024-09-01,Defective/Not Working,100.64,1
RET002629,ORD0006342,ITM0010841,P001,Wireless Earbuds Pro,Novatech Supply,Audio,2022-12-23,Changed Mind,46.32,1
RET002630,ORD0006343,ITM0010844,P004,Smart Plug 4-Pack,novatech supply,Smart Home,2023-05-13,Defective/Not Working,34.53,1
RET002631,ORD0006354,ITM0010864,P005,USB-C Hub 7-in-1,TechCore Ltd,Accessories,2024-12-16,Changed Mind,32.02,1
RET002632,ORD0006365,ITM0010880,P005,USB-C Hub 7-in-1,TechCore Ltd,Accessories,2024-06-26,Wrong Item Sent,67.68,2
RET002633,ORD0006367,ITM0010882,P016,27in Monitor 4K,BrightGadgets,Displays,2024-12-10,Defective/Not Working,293.41,1
RET002634,ORD0006368,ITM0010883,P002,Bluetooth Speaker Mini,Novatech Supply,Audio,2024-05-20,Changed Mind,50.89,1
RET002635,ORD0006370,ITM0010885,P007,Webcam 1080p HD,TechCore Ltd,Peripherals,2024-12-26,Arrived Damaged,52.72,1
RET002636,ORD0006372,ITM0010887,P021,VR Headset Standalone,brightgadgets,Gaming,2024-02-03,Changed Mind,633.99,3
RET002637,ORD0006377,ITM0010897,P001,Wireless Earbuds Pro,Novatech Supply,Audio,2023-05-22,Defective/Not Working,145.72,3
RET002638,ORD0006388,ITM0010917,P022,Laptop Sleeve 15in,ValueSource Co,Accessories,2022-11-18,Poor Quality,19.26,1
RET002639,ORD0006395,ITM0010926,P001,Wireless Earbuds Pro,Novatech Supply,Audio,2024-10-04,Defective/Not Working,117.26,3
RET002640,ORD0006410,ITM0010944,P008,Power Bank 20000mAh,Techcore Ltd,Accessories,2024-04-03,Not as Described,11.33,1
RET002641,ORD0006422,ITM0010962,P012,Gaming Mouse RGB,Elite components,Peripherals,2024-04-24,Changed Mind,41.23,1
RET002642,ORD0006425,ITM0010966,P016,27in Monitor 4K,BrightGadgets,Displays,2023-01-04,Defective/Not Working,605.41,2
RET002643,ORD0006429,ITM0010976,P013,Portable SSD 1TB,EliteComponents,Storage,2023-04-29,Changed Mind,79.46,1
RET002644,ORD0006434,ITM0010987,P002,Bluetooth Speaker Mini,NovaTech Supply,Audio,2022-12-06,Defective/Not Working,106.37,2
RET002645,ORD0006436,ITM0010989,P012,Gaming Mouse RGB,Elite components,Peripherals,2023-02-15,Arrived Damaged,42.01,1
RET002646,ORD0006436,ITM0010990,P004,Smart Plug 4-Pack,novatech supply,Smart Home,2023-02-18,Defective/Not Working,34.68,1
RET002647,ORD0006438,ITM0010996,P023,Cable Management Kit,ValueSource Co,Accessories,2023-08-13,Defective/Not Working,10.28,1
RET002648,ORD0006444,ITM0011003,P004,Smart Plug 4-Pack,novatech supply,Smart Home,2023-03-15,Wrong Item Sent,34.98,1
RET002649,ORD0006445,ITM0011004,P028,Gaming Chair Ergonomic,ValueSource Co,Furniture,2022-05-23,Poor Quality,333.56,1
RET002650,ORD0006451,ITM0011014,P013,Portable SSD 1TB,Elite Components,Storage,2024-02-06,Defective/Not Working,86.39,1
RET002651,ORD0006456,ITM0011021,P024,Phone Stand Adjustable,Value Source Co,Accessories,2024-12-19,Defective/Not Working,28.49,3
RET002652,ORD0006458,ITM0011023,P004,Smart Plug 4-Pack,novatech supply,Smart Home,2023-06-04,Defective/Not Working,75.65,3
RET002653,ORD0006466,ITM0011038,P001,Wireless Earbuds Pro,Novatech Supply,Audio,2023-10-10,Defective/Not Working,46.42,1
RET002654,ORD0006468,ITM0011040,P026,HDMI Cable 2m,ValueSource Co,Accessories,2024-02-10,Defective/Not Working,7.92,1
RET002655,ORD0006471,ITM0011045,P004,Smart Plug 4-Pack,novatech supply,Smart Home,2024-06-25,Defective/Not Working,29.36,1
RET002656,ORD0006473,ITM0011049,P002,Bluetooth Speaker Mini,NovaTech Supply,Audio,2024-12-28,Arrived Damaged,46.36,1
RET002657,ORD0006483,ITM0011068,P001,Wireless Earbuds Pro,Novatech Supply,Audio,2024-11-11,Changed Mind,41.56,1
RET002658,ORD0006483,ITM0011070,P001,Wireless Earbuds Pro,Novatech Supply,Audio,2024-11-22,Defective/Not Working,43.25,1
RET002659,ORD0006487,ITM0011076,P001,Wireless Earbuds Pro,Novatech Supply,Audio,2024-11-16,Defective/Not Working,146.19,3
RET002660,ORD0006489,ITM0011081,P003,Smart Watch Fitness,Novatech Supply,Wearables,2022-11-24,Defective/Not Working,130.61,1
RET002661,ORD0006491,ITM0011084,P001,Wireless Earbuds Pro,novatech supply,Audio,2023-06-01,Defective/Not Working,99.59,2
RET002662,ORD0006497,ITM0011092,P019,Ring Light 10in,Bright gadgets,Lighting,2024-04-16,Defective/Not Working,52.23,1
RET002663,ORD0006504,ITM0011104,P001,Wireless Earbuds Pro,Novatech Supply,Audio,2025-01-03,Not as Described,48.15,1
RET002664,ORD0006518,ITM0011128,P002,Bluetooth Speaker Mini,NovaTech Supply,Audio,2024-06-16,Defective/Not Working,53.04,1
RET002665,ORD0006533,ITM0011152,P001,Wireless Earbuds Pro,Novatech Supply,Audio,2025-01-12,Not as Described,35.02,1
RET002666,ORD0006538,ITM0011158,P001,Wireless Earbuds Pro,Novatech Supply,Audio,2023-10-19,Defective/Not Working,75.55,2
RET002667,ORD0006539,ITM0011161,P006,Laptop Stand Aluminium,TechCore,Accessories,2023-12-30,Defective/Not Working,38.38,1
RET002668,ORD0006543,ITM0011171,P002,Bluetooth Speaker Mini,NovaTech Supply,Audio,2024-06-17,Defective/Not Working,43.24,1
RET002669,ORD0006544,ITM0011174,P025,Screen Cleaning Kit,Valuesource Co,Accessories,2024-08-26,Changed Mind,14.88,2
RET002670,ORD0006551,ITM0011186,P001,Wireless Earbuds Pro,Novatech Supply,Audio,2023-05-13,Wrong Item Sent,36.2,1
RET002671,ORD0006559,ITM0011199,P004,Smart Plug 4-Pack,novatech supply,Smart Home,2023-07-14,Defective/Not Working,33.32,1
RET002672,ORD0006559,ITM0011201,P017,Smart LED Desk Lamp,BrightGadgets,Lighting,2023-07-07,Not as Described,41.51,1
RET002673,ORD0006563,ITM9999990,P002,Bluetooth Speaker Mini,NovaTech Supply,Audio,2024-06-16,Wrong Item Sent,53.0,1
RET002674,ORD0006566,ITM0011217,P002,Bluetooth Speaker Mini,NovaTech Supply,Audio,2023-11-24,Defective/Not Working,58.69,1
RET002675,ORD0006568,ITM0011220,P004,Smart Plug 4-Pack,novatech supply,Smart Home,2024-11-16,Defective/Not Working,33.79,1
RET002676,ORD0006569,ITM0011224,P001,Wireless Earbuds Pro,Novatech Supply,Audio,2024-08-30,Defective/Not Working,97.59,2
RET002677,ORD0006573,ITM0011232,P008,Power Bank 20000mAh,Techcore Ltd,Accessories,2023-02-25,Defective/Not Working,11.04,1
RET002678,ORD0006579,ITM0011240,P002,Bluetooth Speaker Mini,NovaTech Supply,Audio,2024-06-30,Defective/Not Working,55.02,1
RET002679,ORD0006580,ITM0011241,P024,Phone Stand Adjustable,Value Source Co,Accessories,2024-08-10,Poor Quality,9.86,1
RET002680,ORD0006580,ITM0011244,P004,Smart Plug 4-Pack,novatech supply,Smart Home,2024-08-19,Defective/Not Working,34.93,1
RET002681,ORD0006587,ITM0011254,P016,27in Monitor 4K,BrightGadgets,Displays,2024-11-06,Wrong Item Sent,605.0,2
RET002682,ORD0006588,ITM0011256,P024,Phone Stand Adjustable,Value Source Co,Accessories,2024-01-04,Changed Mind,9.7,1
RET002683,ORD0006589,ITM0011259,P026,HDMI Cable 2m,ValueSource Co,Accessories,2024-01-29,Not as Described,8.08,1
RET002684,ORD0006593,ITM0011266,P025,Screen Cleaning Kit,ValueSource Co,Accessories,2024-09-17,Defective/Not Working,10.62,2
RET002685,ORD0006601,ITM0011281,P001,Wireless Earbuds Pro,Novatech Supply,Audio,2023-06-20,Defective/Not Working,37.05,1
RET002686,ORD0006610,ITM0011296,P029,Thermal Paste Premium,EliteComponents,PC Parts,2023-05-18,Defective/Not Working,18.6,2
RET002687,ORD0006615,ITM0011307,P021,VR Headset Standalone,brightgadgets,Gaming,2023-10-30,Not as Described,206.6,1
RET002688,ORD0006616,ITM0011310,P001,Wireless Earbuds Pro,Novatech Supply,Audio,2023-12-14,Poor Quality,47.78,1
RET002689,ORD0006617,ITM0011313,P004,Smart Plug 4-Pack,novatech supply,Smart Home,2023-12-30,Changed Mind,103.19,3
RET002690,ORD0006617,ITM0011314,P004,Smart Plug 4-Pack,novatech supply,Smart Home,2024-01-16,Defective/Not Working,31.06,1
RET002691,ORD0006617,ITM0011315,P005,USB-C Hub 7-in-1,TechCore Ltd,,2024-01-02,,31.43,1
RET002692,ORD0006619,ITM0011318,P014,Docking Station USB-C,EliteComponents,Accessories,2024-08-28,Defective/Not Working,101.88,1
RET002693,ORD0006620,ITM0011319,P016,27in Monitor 4K,BrightGadgets,Displays,2024-09-18,,290.25,1
RET002694,ORD0006626,ITM0011330,P002,Bluetooth Speaker Mini,NovaTech Supply,Audio,2024-11-24,Defective/Not Working,59.21,1
RET002695,ORD0006630,ITM0011340,P004,Smart Plug 4-Pack,novatech supply,Smart Home,2023-03-13,Defective/Not Working,62.53,2
RET002696,ORD0006637,ITM0011351,P017,Smart LED Desk Lamp,BrightGadgets,Lighting,2024-06-07,Wrong Item Sent,81.59,2
RET002697,ORD0006641,ITM0011360,P016,27in Monitor 4K,BrightGadgets,Displays,2024-01-13,Defective/Not Working,509.37,2
RET002698,ORD0006641,ITM0011362,P002,Bluetooth Speaker Mini,novatech supply,Audio,2024-01-12,Defective/Not Working,97.6,2
RET002699,ORD0006642,ITM0011363,P004,Smart Plug 4-Pack,novatech supply,Smart Home,2024-11-28,Not as Described,33.03,1
RET002700,ORD0006642,ITM0011364,P002,Bluetooth Speaker Mini,NovaTech Supply,Audio,2024-11-15,Changed Mind,56.12,1
RET002701,ORD0006650,ITM0011376,P001,Wireless Earbuds Pro,Novatech Supply,Audio,2022-01-15,Defective/Not Working,48.21,1
RET002702,ORD0006651,ITM0011377,P013,Portable SSD 1TB,EliteComponents,Storage,2024-04-22,Changed Mind,176.02,2
RET002703,ORD0006653,ITM0011382,P002,Bluetooth Speaker Mini,NovaTech Supply,Audio,2024-06-13,Defective/Not Working,50.26,1
RET002704,ORD0006654,ITM0011385,P002,Bluetooth Speaker Mini,NovaTech Supply,Audio,2024-07-19,Not as Described,107.92,2
RET002705,ORD0006655,ITM0011386,P001,Wireless Earbuds Pro,Novatech Supply,Audio,2024-08-22,Defective/Not Working,89.88,2
RET002706,ORD0006675,ITM0011413,P001,Wireless Earbuds Pro,Novatech Supply,Audio,2024-10-31,Defective/Not Working,48.04,1
RET002707,ORD0006675,ITM0011414,P001,Wireless Earbuds Pro,Novatech Supply,Audio,2024-10-19,Defective/Not Working,93.65,2
RET002708,ORD0006677,ITM0011421,P027,Cable Clips Pack 50,ValueSource Co,Accessories,2023-07-28,Changed Mind,5.8,1
RET002709,ORD0006684,ITM0011436,P002,Bluetooth Speaker Mini,NovaTech Supply,Audio,2023-11-26,Not as Described,54.01,1
RET002710,ORD0006688,ITM0011446,P007,Webcam 1080p HD,Techcore Ltd,Peripherals,2023-10-02,Wrong Item Sent,39.92,1
RET002711,ORD0006690,ITM0011449,P002,Bluetooth Speaker Mini,NovaTech Supply,Audio,2022-02-26,Changed Mind,57.57,1
RET002712,ORD0006702,ITM0011470,P001,Wireless Earbuds Pro,novatech supply,Audio,2024-06-14,Defective/Not Working,49.38,1
RET002713,ORD0006702,ITM0011471,P002,Bluetooth Speaker Mini,NovaTech Supply,Audio,2024-05-30,Defective/Not Working,58.66,1
RET002714,ORD0006706,ITM0011480,P004,Smart Plug 4-Pack,novatech supply,Smart Home,2024-08-27,Defective/Not Working,34.67,1
RET002715,ORD0006710,ITM0011488,P001,Wireless Earbuds Pro,Novatech Supply,Audio,2022-09-01,Defective/Not Working,97.74,2
RET002716,ORD0006710,ITM0011490,P016,27in Monitor 4K,BrightGadgets,Displays,2022-08-25,Defective/Not Working,296.61,1
RET002717,ORD0006712,ITM0011494,P025,Screen Cleaning Kit,ValueSource Co,Accessories,2024-07-28,Not as Described,7.44,1
RET002718,ORD0006715,ITM0011503,P026,HDMI Cable 2m,ValueSource Co,Accessories,2024-12-20,Not as Described,7.54,1
RET002719,ORD0006717,ITM0011505,P001,Wireless Earbuds Pro,Novatech Supply,Audio,2022-11-09,Defective/Not Working,94.38,2
RET002720,ORD0006725,ITM0011517,P002,Bluetooth Speaker Mini,NovaTech Supply,Audio,2022-12-02,Not as Described,42.24,1
RET002721,ORD0006737,ITM0011530,P006,Laptop Stand Aluminium,TechCore Ltd,Accessories,2024-09-17,Defective/Not Working,28.07,1
RET002722,ORD0006743,ITM0011539,P002,Bluetooth Speaker Mini,NovaTech Supply,Audio,2023-05-06,Defective/Not Working,53.94,1
RET002723,ORD0006747,ITM0011547,P002,Bluetooth Speaker Mini,NovaTech Supply,Audio,2022-05-18,Defective/Not Working,59.27,1
RET002724,ORD0006748,ITM0011549,P002,Bluetooth Speaker Mini,Novatech Supply,Audio,2024-04-23,Defective/Not Working,55.11,1
RET002725,ORD0006751,ITM0011559,P023,Cable Management Kit,ValueSource Co,Accessories,2024-12-04,Defective/Not Working,27.72,3
RET002726,ORD0006752,ITM0011560,P021,VR Headset Standalone,brightgadgets,Gaming,2024-08-21,Wrong Item Sent,241.82,1
RET002727,ORD0006753,ITM0011562,P009,Desk Pad XL,TechCore Ltd,Accessories,2023-11-25,Defective/Not Working,27.43,1
RET002728,ORD0006757,ITM0011568,P001,Wireless Earbuds Pro,Novatech Supply,Audio,2024-01-18,Not as Described,45.9,1
RET002729,ORD0006761,ITM0011575,P001,Wireless Earbuds Pro,Novatech Supply,Audio,2023-10-25,Defective/Not Working,44.47,1
RET002730,ORD0006772,ITM0011595,P026,HDMI Cable 2m,ValueSource Co,Accessories,2022-10-16,Defective/Not Working,8.86,1
RET002731,ORD0006773,ITM0011598,P003,Smart Watch Fitness,Nova Tech Supply,Wearables,2022-10-27,Defective/Not Working,257.45,2
RET002732,ORD0006776,ITM0011602,P027,Cable Clips Pack 50,ValueSource Co,Accessories,2023-05-08,Changed Mind,5.54,1
RET002733,ORD0006777,ITM0011605,P022,Laptop Sleeve 15in,ValueSource Co,Accessories,2023-05-12,Arrived Damaged,17.94,1
RET002734,ORD0006778,ITM0011609,P008,Power Bank 20000mAh,Techcore Ltd,Accessories,2024-04-09,Arrived Damaged,11.66,1
RET002735,ORD0006783,ITM0011617,P001,Wireless Earbuds Pro,Novatech Supply,Audio,2022-11-15,Defective/Not Working,47.99,1
RET002736,ORD0006784,ITM0011622,P004,Smart Plug 4-Pack,novatech supply,Smart Home,2022-12-17,Defective/Not Working,24.47,1
RET002737,ORD0006785,ITM0011623,P006,Laptop Stand Aluminium,TechCore Ltd,Accessories,2024-04-11,Changed Mind,38.4,1
RET002738,ORD0006787,ITM0011628,P005,USB-C Hub 7-in-1,TechCore Ltd,Accessories,2024-05-15,Not as Described,68.13,2
RET002739,ORD0006792,ITM0011639,P008,Power Bank 20000mAh,Techcore Ltd,Accessories,2023-08-11,Defective/Not Working,19.68,2
RET002740,ORD0006793,ITM0011641,P017,Smart LED Desk Lamp,BRIGHTGADGETS,Lighting,2023-11-01,Changed Mind,40.44,1
RET002741,ORD0006795,ITM0011643,P003,Smart Watch Fitness,novatech supply,Wearables,2022-08-16,Changed Mind,124.88,1
RET002742,ORD0006795,ITM0011644,P006,Laptop Stand Aluminium,TechCore Ltd,Accessories,2022-08-14,Not as Described,38.26,1
RET002743,ORD0006797,ITM0011648,P002,Bluetooth Speaker Mini,NovaTech Supply,Audio,2024-06-10,Not as Described,57.27,1
RET002744,ORD0006801,ITM0011655,P001,Wireless Earbuds Pro,Novatech Supply,Audio,2022-11-29,Defective/Not Working,37.45,1
RET002745,ORD0006802,ITM0011658,P016,27in Monitor 4K,BrightGadgets,Displays,2023-06-08,Arrived Damaged,271.15,1
RET002746,ORD0006808,ITM0011666,P002,Bluetooth Speaker Mini,NovaTech Supply,Audio,2024-01-18,Defective/Not Working,57.96,1
RET002747,ORD0006817,ITM0011684,P007,Webcam 1080p HD,TechCore Ltd,Peripherals,2023-04-13,Defective/Not Working,37.66,1
RET002748,ORD0006827,ITM0011702,P008,Power Bank 20000mAh,Techcore Ltd,Accessories,2022-08-31,Wrong Item Sent,11.55,1
RET002749,ORD0006829,ITM0011705,P018,Action Camera 4K,Bright gadgets,Cameras,2022-12-29,Not as Described,303.84,2
RET002750,ORD0006833,ITM0011711,P017,Smart LED Desk Lamp,BrightGadgets,Lighting,2023-08-23,Defective/Not Working,31.91,1
RET002751,ORD0006846,ITM0011732,P011,Mechanical Keyboard TKL,EliteComponents,Peripherals,2023-02-11,Defective/Not Working,66.18,1
RET002752,ORD0006850,ITM0011742,P013,Portable SSD 1TB,EliteComponents,Storage,2024-08-23,Arrived Damaged,82.1,1
RET002753,ORD0006861,ITM0011758,P006,Laptop Stand Aluminium,TechCore Ltd,Accessories,2024-08-03,Changed Mind,30.86,1
RET002754,ORD0006864,ITM0011761,P003,Smart Watch Fitness,Nova Tech Supply,Wearables,2023-11-26,,132.4,1
RET002755,ORD0006866,ITM0011764,P007,Webcam 1080p HD,TechCore Ltd,Peripherals,2024-02-02,Defective/Not Working,51.02,1
RET002756,ORD0006872,ITM0011773,P018,Action Camera 4K,brightgadgets,Cameras,2024-08-25,Defective/Not Working,168.14,1
RET002757,ORD0006872,ITM0011774,P005,USB-C Hub 7-in-1,Techcore Ltd,Accessories,2024-08-26,Not as Described,62.25,2
RET002758,ORD0006874,ITM0011778,P008,Power Bank 20000mAh,Techcore Ltd,Accessories,2024-04-06,Defective/Not Working,11.32,1
RET002759,ORD0006875,ITM0011780,P004,Smart Plug 4-Pack,novatech supply,Smart Home,2024-06-20,Not as Described,33.12,1
RET002760,ORD0006883,ITM0011796,P013,Portable SSD 1TB,EliteComponents,Storage,2024-10-18,Poor Quality,84.06,1
RET002761,ORD0006884,ITM0011797,P008,Power Bank 20000mAh,Tech Core Ltd,Accessories,2022-08-03,Defective/Not Working,11.41,1
RET002762,ORD0006894,ITM0011815,P001,Wireless Earbuds Pro,Novatech Supply,Audio,2024-08-19,Defective/Not Working,33.75,1
RET002763,ORD0006896,ITM0011818,P021,VR Headset Standalone,brightgadgets,Gaming,2022-10-26,Not as Described,294.71,1
RET002764,ORD0006899,ITM0011825,P015,Microphone USB Condenser,Elite Components,Audio,2023-04-25,,91.04,1
RET002765,ORD0006901,ITM0011828,P016,27in Monitor 4K,BrightGadgets,Displays,2024-11-19,Changed Mind,283.78,1
RET002766,ORD0006904,ITM0011836,P017,Smart LED Desk Lamp,BrightGadgets,Lighting,2024-10-10,Changed Mind,42.72,1
RET002767,ORD0006912,ITM0011852,P023,Cable Management Kit,ValueSource,Accessories,2023-08-26,Changed Mind,12.36,1
RET002768,ORD0006912,ITM0011854,P012,Gaming Mouse RGB,Elite components,Peripherals,2023-08-25,Arrived Damaged,43.06,1
RET002769,ORD0006918,ITM0011869,P001,Wireless Earbuds Pro,Novatech Supply,Audio,2024-11-05,Not as Described,91.22,2
RET002770,ORD0006919,ITM0011872,P026,HDMI Cable 2m,ValueSource Co,Accessories,2024-11-10,Defective/Not Working,20.47,3
RET002771,ORD0006926,ITM0011885,P003,Smart Watch Fitness,Nova Tech Supply,Wearables,2023-12-10,Defective/Not Working,123.28,1
RET002772,ORD0006927,ITM0011887,P001,Wireless Earbuds Pro,novatech supply,Audio,2023-12-21,Not as Described,134.08,3
RET002773,ORD0006927,ITM0011888,P002,Bluetooth Speaker Mini,NovaTech Supply,Audio,2023-12-22,Defective/Not Working,59.28,1
RET002774,ORD0006942,ITM0011921,P006,Laptop Stand Aluminium,TechCore Ltd,Accessories,2024-11-10,,26.65,1
RET002775,ORD0006945,ITM0011925,P005,USB-C Hub 7-in-1,TECHCORE LTD,Accessories,2024-04-10,Poor Quality,27.35,1
RET002776,ORD0006957,ITM0011944,P001,Wireless Earbuds Pro,Novatech Supply,Audio,2023-07-06,Defective/Not Working,47.68,1
RET002777,ORD0006960,ITM0011950,P003,Smart Watch Fitness,Nova Tech Supply,Wearables,2023-09-29,Arrived Damaged,138.39,1
RET002778,ORD0006964,ITM0011954,P004,Smart Plug 4-Pack,novatech supply,Smart Home,2024-08-26,Defective/Not Working,62.84,2
RET002779,ORD0006972,ITM0011967,P003,Smart Watch Fitness,Novatech Supply,Wearables,2024-11-24,Defective/Not Working,125.14,1
RET002780,ORD0006973,ITM0011969,P001,Wireless Earbuds Pro,Novatech Supply,Audio,2022-09-29,Wrong Item Sent,49.42,1
RET002781,ORD0006974,ITM0011972,P002,Bluetooth Speaker Mini,NovaTech Supply,Audio,2024-07-06,Defective/Not Working,116.75,2
RET002782,ORD0006977,ITM0011977,P001,Wireless Earbuds Pro,Novatech Supply,Audio,2024-10-26,Defective/Not Working,97.78,2
RET002783,ORD0006983,ITM0011990,P027,Cable Clips Pack 50,ValueSource Co,Accessories,2023-11-17,Poor Quality,5.46,1
RET002784,ORD0006984,ITM0011991,P026,HDMI Cable 2m,ValueSource Co,Accessories,2023-12-29,Changed Mind,16.88,2
RET002785,ORD0006994,ITM0012014,P022,Laptop Sleeve 15in,ValueSource Co,Accessories,2023-04-11,Changed Mind,15.98,1
RET002786,ORD0007000,ITM0012022,P014,Docking Station USB-C,EliteComponents,Accessories,2024-09-16,Defective/Not Working,82.76,1
RET002787,ORD0007002,ITM0012024,P001,Wireless Earbuds Pro,Novatech Supply,Audio,2024-11-13,Defective/Not Working,34.97,1
RET002788,ORD0007004,ITM0012028,P001,Wireless Earbuds Pro,Novatech Supply,Audio,2024-10-21,Arrived Damaged,45.47,1
RET002789,ORD0007012,ITM0012041,P003,Smart Watch Fitness,Nova Tech Supply,Wearables,2024-01-15,Defective/Not Working,115.25,1
RET002790,ORD0007014,ITM0012045,P004,Smart Plug 4-Pack,novatech supply,Smart Home,2024-07-04,Defective/Not Working,31.95,1
RET002791,ORD0007015,ITM0012046,P006,Laptop Stand Aluminium,TechCore Ltd,Accessories,2024-07-10,Poor Quality,39.0,1
RET002792,ORD0007020,ITM0012053,P008,Power Bank 20000mAh,Techcore Ltd,Accessories,2024-12-06,Defective/Not Working,11.49,1
RET002793,ORD0007027,ITM0012062,P011,Mechanical Keyboard TKL,EliteComponents,Peripherals,2024-05-04,Arrived Damaged,86.17,1
RET002794,ORD0007028,ITM0012063,P002,Bluetooth Speaker Mini,NovaTech Supply,,2021-01-10,Changed Mind,55.03,1
RET002795,ORD0007029,ITM0012065,P002,Bluetooth Speaker Mini,Novatech Supply,Audio,2024-09-23,Defective/Not Working,45.05,1
RET002796,ORD0007031,ITM0012068,P003,Smart Watch Fitness,Nova Tech Supply,Wearables,2022-11-28,Not as Described,126.45,1
RET002797,ORD0007033,ITM0012071,P027,Cable Clips Pack 50,ValueSource Co,Accessories,2023-05-21,Poor Quality,5.32,1
RET002798,ORD0007036,ITM0012076,P007,Webcam 1080p HD,TECHCORE LTD,Peripherals,2023-09-23,Defective/Not Working,77.4,2
RET002799,ORD0007039,ITM0012080,P002,Bluetooth Speaker Mini,NovaTech Supply,Audio,2022-12-04,Defective/Not Working,49.83,1
RET002800,ORD0007044,ITM0012086,P027,Cable Clips Pack 50,ValueSource Co,Accessories,2022-10-25,Wrong Item Sent,5.28,1
RET002801,ORD0007044,ITM0012087,P004,Smart Plug 4-Pack,novatech supply,Smart Home,2022-11-03,Defective/Not Working,34.74,1
RET002802,ORD0007055,ITM0012104,P025,Screen Cleaning Kit,ValueSource Co,Accessories,2023-07-19,Defective/Not Working,6.81,1
RET002803,ORD0007059,ITM0012109,P022,Laptop Sleeve 15in,ValueSource Co,Accessories,2024-01-22,Changed Mind,19.85,1
RET002804,ORD0007059,ITM0012110,P004,Smart Plug 4-Pack,novatech supply,Smart Home,2024-01-19,,63.02,2
RET002805,ORD0007065,ITM0012118,P012,Gaming Mouse RGB,Elite Components,Peripherals,2024-07-08,Arrived Damaged,40.32,1
RET002806,ORD0007066,ITM0012120,P013,Portable SSD 1TB,EliteComponents,Storage,2024-08-18,Changed Mind,87.15,1
RET002807,ORD0007068,ITM0012124,P017,Smart LED Desk Lamp,BRIGHTGADGETS,Lighting,2022-12-08,Defective/Not Working,79.72,2
RET002808,ORD0007070,ITM0012126,P003,Smart Watch Fitness,Nova Tech Supply,Wearables,2022-12-14,Defective/Not Working,268.17,2
RET002809,ORD0007072,ITM0012129,P003,Smart Watch Fitness,novatech supply,Wearables,2023-03-03,Defective/Not Working,127.07,1
RET002810,ORD0007096,ITM0012171,P004,Smart Plug 4-Pack,novatech supply,Smart Home,2024-03-05,Defective/Not Working,26.78,1
RET002811,ORD0007108,ITM0012191,P029,Thermal Paste Premium,EliteComponents,PC Parts,2024-12-29,Wrong Item Sent,9.5,1
RET002812,ORD0007114,ITM0012201,P013,Portable SSD 1TB,EliteComponents,Storage,2024-10-22,Wrong Item Sent,76.13,1
RET002813,ORD0007115,ITM0012202,P001,Wireless Earbuds Pro,Novatech Supply,Audio,2024-11-15,Defective/Not Working,36.09,1
RET002814,ORD0007120,ITM0012207,P017,Smart LED Desk Lamp,BrightGadgets,Lighting,2024-04-04,Poor Quality,33.13,1
RET002815,ORD0007122,ITM0012210,P016,27in Monitor 4K,BrightGadgets,Displays,2023-06-14,Defective/Not Working,308.25,1
RET002816,ORD0007123,ITM0012211,P012,Gaming Mouse RGB,Elite components,Peripherals,2023-05-02,Not as Described,70.71,2
RET002817,ORD0007125,ITM0012214,P002,Bluetooth Speaker Mini,NovaTech Supply,Audio,2024-12-12,Defective/Not Working,57.55,1
RET002818,ORD0007127,ITM0012218,P004,Smart Plug 4-Pack,novatech supply,Smart Home,2024-03-02,Not as Described,29.6,1
RET002819,ORD0007133,ITM0012231,P011,Mechanical Keyboard TKL,EliteComponents,Peripherals,2024-09-03,Arrived Damaged,168.84,2
RET002820,ORD0007134,ITM0012233,P001,Wireless Earbuds Pro,Novatech Supply,Audio,2024-05-25,Defective/Not Working,48.59,1
RET002821,ORD0007140,ITM0012241,P001,Wireless Earbuds Pro,Novatech Supply,Audio,2024-04-26,Defective/Not Working,46.41,1
RET002822,ORD0007140,ITM0012242,P003,Smart Watch Fitness,Nova Tech Supply,Wearables,2024-04-19,Defective/Not Working,117.7,1
RET002823,ORD0007154,ITM0012264,P004,Smart Plug 4-Pack,novatech supply,Smart Home,2022-09-01,Defective/Not Working,68.09,2
RET002824,ORD0007165,ITM0012280,P002,Bluetooth Speaker Mini,NovaTech Supply,Audio,2023-06-14,Defective/Not Working,106.0,2
RET002825,ORD0007171,ITM0012291,P008,Power Bank 20000mAh,Techcore Ltd,Accessories,2025-01-01,Defective/Not Working,11.05,1
RET002826,ORD0007172,ITM0012292,P026,HDMI Cable 2m,ValueSource,Accessories,2022-10-09,Poor Quality,14.63,2
RET002827,ORD0007172,ITM0012294,P004,Smart Plug 4-Pack,novatech supply,Smart Home,2022-10-07,Defective/Not Working,56.87,2
RET002828,ORD0007175,ITM0012297,P004,Smart Plug 4-Pack,novatech supply,Smart Home,2023-06-18,Defective/Not Working,100.22,3
RET002829,ORD0007188,ITM0012319,P002,Bluetooth Speaker Mini,Novatech Supply,Audio,2024-10-06,Defective/Not Working,-54.82,1
RET002830,ORD0007189,ITM0012322,P005,USB-C Hub 7-in-1,TechCore Ltd,Accessories,2024-11-30,Not as Described,67.17,2
RET002831,ORD0007192,ITM0012327,P010,Noise Cancel Headphones,TechCore Ltd,Audio,2023-04-12,Defective/Not Working,27.93,1
RET002832,ORD0007193,ITM0012328,P002,Bluetooth Speaker Mini,NovaTech Supply,Audio,2023-05-30,Defective/Not Working,112.66,2
RET002833,ORD0007194,ITM0012331,P001,Wireless Earbuds Pro,Novatech Supply,Audio,2024-09-10,Defective/Not Working,40.37,1
RET002834,ORD0007195,ITM0012332,P022,Laptop Sleeve 15in,ValueSource Co,Accessories,2024-11-16,Changed Mind,16.54,1
RET002835,ORD0007210,ITM0012354,P023,Cable Management Kit,ValueSource Co,Accessories,2024-02-09,Changed Mind,11.44,1
RET002836,ORD0007212,ITM0012357,P012,Gaming Mouse RGB,Elite components,Peripherals,2024-04-24,Changed Mind,42.79,1
RET002837,ORD0007214,ITM0012360,P001,Wireless Earbuds Pro,Novatech Supply,Audio,2024-10-28,Defective/Not Working,48.07,1
RET002838,ORD0007219,ITM0012368,P027,Cable Clips Pack 50,ValueSource Co,Accessories,2023-08-10,Not as Described,5.34,1
RET002839,ORD0007225,ITM0012375,P001,Wireless Earbuds Pro,Novatech Supply,Audio,2022-12-10,Not as Described,88.87,2
RET002840,ORD0007228,ITM0012380,P008,Power Bank 20000mAh,Techcore Ltd,Accessories,2024-01-02,Not as Described,9.19,1
RET002841,ORD0007229,ITM0012381,P017,Smart LED Desk Lamp,BrightGadgets,Lighting,2024-02-09,Defective/Not Working,41.06,1
RET002842,ORD0007232,ITM0012386,P015,Microphone USB Condenser,Elite Components,Audio,2024-07-08,Not as Described,91.9,1
RET002843,ORD0007232,ITM0012388,P004,Smart Plug 4-Pack,novatech supply,Smart Home,2024-07-10,Defective/Not Working,33.0,1
RET002844,ORD0007237,ITM0012402,P008,Power Bank 20000mAh,Techcore Ltd,Accessories,2024-10-16,Not as Described,10.86,1
RET002845,ORD0007240,ITM0012405,P017,Smart LED Desk Lamp,BrightGadgets,Lighting,2022-02-05,,64.46,2
RET002846,ORD0007242,ITM0012409,P026,HDMI Cable 2m,ValueSource Co,Accessories,2024-04-22,Defective/Not Working,8.95,1
RET002847,ORD0007243,ITM0012411,P027,Cable Clips Pack 50,Value Source Co,Accessories,2022-12-22,Defective/Not Working,5.54,1
RET002848,ORD0007251,ITM0012423,P009,Desk Pad XL,TechCore Ltd,Accessories,2022-10-28,Defective/Not Working,58.46,2
RET002849,ORD0007261,ITM0012435,P004,Smart Plug 4-Pack,novatech supply,Smart Home,2024-11-25,Defective/Not Working,31.94,1
RET002850,ORD0007264,ITM0012438,P004,Smart Plug 4-Pack,novatech supply,Smart Home,2023-06-04,Arrived Damaged,67.63,2
RET002851,ORD0007270,ITM0012449,P001,Wireless Earbuds Pro,Novatech Supply,Audio,2022-09-29,Defective/Not Working,49.62,1
RET002852,ORD0007271,ITM0012451,P008,Power Bank 20000mAh,Techcore Ltd,Accessories,2024-04-21,Defective/Not Working,11.42,1
RET002853,ORD0007273,ITM0012453,P001,Wireless Earbuds Pro,Novatech Supply,Audio,2023-12-30,Not as Described,35.72,1
RET002854,ORD0007279,ITM0012467,P013,Portable SSD 1TB,EliteComponents,Storage,2024-07-03,Changed Mind,175.01,2
RET002855,ORD0007280,ITM0012471,P013,Portable SSD 1TB,Elite Components,Storage,2022-04-27,Changed Mind,160.47,2
RET002856,ORD0007283,ITM0012477,P001,Wireless Earbuds Pro,Novatech Supply,Audio,2022-11-08,Defective/Not Working,38.56,1
RET002857,ORD0007284,ITM0012478,P009,Desk Pad XL,TechCore Ltd,Accessories,2022-12-25,Defective/Not Working,28.46,1
RET002858,ORD0007289,ITM0012487,P027,Cable Clips Pack 50,ValueSource Co,Accessories,2023-09-03,Not as Described,4.33,1
RET002859,ORD0007293,ITM0012495,P009,Desk Pad XL,Techcore Ltd,Accessories,2024-08-04,Changed Mind,29.37,1
RET002860,ORD0007305,ITM0012510,P002,Bluetooth Speaker Mini,NovaTech Supply,Audio,2024-09-11,Not as Described,57.48,1
RET002861,ORD0007307,ITM0012514,P012,Gaming Mouse RGB,Elite components,Peripherals,2024-11-14,Changed Mind,85.85,2
RET002862,ORD0007313,ITM0012522,P007,Webcam 1080p HD,TechCore Ltd,Peripherals,2023-05-10,Defective/Not Working,39.99,1
RET002863,ORD0007326,ITM0012549,P008,Power Bank 20000mAh,Techcore Ltd,Accessories,2024-09-21,Changed Mind,9.67,1
RET002864,ORD0007328,ITM0012552,P016,27in Monitor 4K,BrightGadgets,Displays,2023-02-17,Not as Described,233.44,1
RET002865,ORD0007330,ITM0012557,P001,Wireless Earbuds Pro,Novatech Supply,Audio,2022-12-11,Defective/Not Working,47.64,1
RET002866,ORD0007331,ITM0012559,P006,Laptop Stand Aluminium,TechCore Ltd,Accessories,2022-03-14,Changed Mind,33.04,1
RET002867,ORD0007332,ITM0012562,P004,Smart Plug 4-Pack,novatech supply,Smart Home,2023-05-07,Defective/Not Working,33.85,1
RET002868,ORD0007333,ITM0012563,P001,Wireless Earbuds Pro,Novatech Supply,Audio,2023-05-25,Defective/Not Working,45.25,1
RET002869,ORD0007339,ITM0012573,P007,Webcam 1080p HD,TechCore Ltd,Peripherals,2024-03-13,Not as Described,43.42,1
RET002870,ORD0007343,ITM0012580,P004,Smart Plug 4-Pack,novatech supply,Smart Home,2022-10-27,Defective/Not Working,31.77,1
RET002871,ORD0007368,ITM0012618,P023,Cable Management Kit,ValueSource Co,Accessories,2023-09-16,,8.5,1
RET002872,ORD0007369,ITM0012621,P022,Laptop Sleeve 15in,ValueSource Co,Accessories,2024-12-15,Not as Described,19.68,1
RET002873,ORD0007377,ITM0012631,P002,Bluetooth Speaker Mini,NovaTech Supply,Audio,2024-01-22,Defective/Not Working,57.45,1
RET002874,ORD0007377,ITM0012633,P025,Screen Cleaning Kit,ValueSource Co,Accessories,2024-01-24,Defective/Not Working,7.35,1
RET002875,ORD0007378,ITM0012636,P007,Webcam 1080p HD,TechCore Ltd,Peripherals,2024-06-29,Wrong Item Sent,50.52,1
RET002876,ORD0007382,ITM0012643,P009,Desk Pad XL,TechCore Ltd,Accessories,2024-07-01,Defective/Not Working,26.51,1
RET002877,ORD0007383,ITM0012644,P019,Ring Light 10in,BrightGadgets,Lighting,2024-07-02,Not as Described,101.77,2
RET002878,ORD0007384,ITM0012647,P012,Gaming Mouse RGB,Elite components,Peripherals,2023-10-28,Not as Described,39.31,1
RET002879,ORD0007391,ITM0012658,P002,Bluetooth Speaker Mini,NovaTech Supply,Audio,2023-12-09,Arrived Damaged,59.71,1
RET002880,ORD0007392,ITM0012659,P008,Power Bank 20000mAh,Techcore Ltd,Accessories,2024-12-14,Defective/Not Working,29.22,3
RET002881,ORD0007401,ITM0012671,P007,Webcam 1080p HD,TechCore Ltd,Peripherals,2024-12-08,Defective/Not Working,53.09,1
RET002882,ORD0007409,ITM0012682,P004,Smart Plug 4-Pack,novatech supply,Smart Home,2024-11-18,Not as Described,34.87,1
RET002883,ORD0007410,ITM0012683,P014,Docking Station USB-C,EliteComponents,Accessories,2024-12-13,Wrong Item Sent,108.22,1
RET002884,ORD0007411,ITM0012684,P004,Smart Plug 4-Pack,novatech supply,Smart Home,2025-01-08,Defective/Not Working,33.18,1
RET002885,ORD0007416,ITM0012692,P002,Bluetooth Speaker Mini,novatech supply,Audio,2024-01-26,Changed Mind,50.2,1
RET002886,ORD0007416,ITM0012693,P001,Wireless Earbuds Pro,Novatech Supply,Audio,2024-01-21,Defective/Not Working,42.44,1
RET002887,ORD0007418,ITM0012697,P002,Bluetooth Speaker Mini,NovaTech Supply,Audio,2023-07-22,Not as Described,116.89,2
RET002888,ORD0007423,ITM0012705,P001,Wireless Earbuds Pro,Novatech Supply,Audio,2024-03-26,Defective/Not Working,47.29,1
RET002889,ORD0007430,ITM0012717,P005,USB-C Hub 7-in-1,TechCore Ltd,Accessories,2023-07-21,Defective/Not Working,68.65,2
RET002890,ORD0007431,ITM0012719,P017,Smart LED Desk Lamp,Bright Gadgets,Lighting,2024-08-12,Defective/Not Working,28.7,1
RET002891,ORD0007433,ITM0012721,P004,Smart Plug 4-Pack,novatech supply,Smart Home,2023-10-19,Defective/Not Working,33.78,1
RET002892,ORD0007437,ITM0012730,P012,Gaming Mouse RGB,Elite components,Peripherals,2024-12-15,Defective/Not Working,31.28,1
RET002893,ORD0007439,ITM0012734,P002,Bluetooth Speaker Mini,NovaTech Supply,Audio,2023-04-12,Defective/Not Working,80.92,2
RET002894,ORD0007446,ITM0012746,P002,Bluetooth Speaker Mini,NovaTech Supply,Audio,2024-08-31,Defective/Not Working,59.35,1
RET002895,ORD0007457,ITM0012765,P001,Wireless Earbuds Pro,Novatech Supply,Audio,2024-09-05,Not as Described,79.03,2
RET002896,ORD0007459,ITM0012767,P001,Wireless Earbuds Pro,Novatech Supply,Audio,2024-12-25,Defective/Not Working,47.04,1
RET002897,ORD0007463,ITM0012773,P027,Cable Clips Pack 50,ValueSource Co,Accessories,2023-11-19,Arrived Damaged,5.29,1
RET002898,ORD0007470,ITM0012782,P017,Smart LED Desk Lamp,BrightGadgets,Lighting,2024-11-24,Defective/Not Working,113.81,3
RET002899,ORD0007472,ITM0012785,P004,Smart Plug 4-Pack,novatech supply,,2024-12-15,Defective/Not Working,33.23,1
RET002900,ORD0007483,ITM0012801,P019,Ring Light 10in,BrightGadgets,Lighting,2022-10-17,Defective/Not Working,49.1,1
RET002901,ORD0007483,ITM0012802,P004,Smart Plug 4-Pack,novatech supply,Smart Home,2022-10-11,Defective/Not Working,30.88,1
RET002902,ORD0007483,ITM0012803,P023,Cable Management Kit,ValueSource Co,Accessories,2022-10-23,Defective/Not Working,11.41,1
RET002903,ORD0007484,ITM0012804,P017,Smart LED Desk Lamp,BrightGadgets,Lighting,2024-08-31,Not as Described,32.89,1
RET002904,ORD0007486,ITM0012809,P010,Noise Cancel Headphones,TechCore Ltd,Audio,2023-01-10,Changed Mind,38.75,1
RET002905,ORD0007490,ITM0012815,P004,Smart Plug 4-Pack,novatech supply,Smart Home,2023-01-11,Defective/Not Working,30.92,1
RET002906,ORD0007491,ITM0012818,P002,Bluetooth Speaker Mini,NovaTech Supply,Audio,2022-10-17,Defective/Not Working,108.54,2
RET002907,ORD0007491,ITM0012819,P002,Bluetooth Speaker Mini,NovaTech Supply,Audio,2022-10-23,Defective/Not Working,106.05,2
RET002908,ORD0007491,ITM0012821,P009,Desk Pad XL,TechCore Ltd,Accessories,2022-11-05,Wrong Item Sent,26.87,1
RET002909,ORD0007501,ITM0012835,P030,Webcam 4K Pro,Techcore Ltd,Peripherals,2023-10-02,Changed Mind,142.85,1
RET002910,ORD0007502,ITM0012836,P004,Smart Plug 4-Pack,novatech supply,Smart Home,2023-12-06,Changed Mind,34.36,1
RET002911,ORD0007502,ITM0012837,P001,Wireless Earbuds Pro,Novatech Supply,Audio,2023-12-12,Not as Described,48.76,1
RET002912,ORD0007515,ITM0012855,P021,VR Headset Standalone,brightgadgets,Gaming,2023-11-28,Arrived Damaged,580.5,2
RET002913,ORD0007519,ITM0012870,P023,Cable Management Kit,ValueSource Co,Accessories,2024-08-18,,9.25,1
RET002914,ORD0007528,ITM0012888,P024,Phone Stand Adjustable,Value Source Co,Accessories,2022-03-22,Arrived Damaged,9.33,1
RET002915,ORD0007529,ITM0012889,P002,Bluetooth Speaker Mini,NovaTech Supply,Audio,2024-10-18,Defective/Not Working,56.03,1
RET002916,ORD0007542,ITM0012910,P016,27in Monitor 4K,Bright Gadgets,Displays,2023-11-13,Defective/Not Working,290.31,1
RET002917,ORD0007543,ITM0012911,P029,Thermal Paste Premium,EliteComponents,PC Parts,2023-09-17,Wrong Item Sent,9.89,1
RET002918,ORD0007554,ITM0012928,P001,Wireless Earbuds Pro,Novatech Supply,Audio,2024-01-30,Not as Described,147.57,3
RET002919,ORD0007558,ITM0012934,P001,Wireless Earbuds Pro,Novatech Supply,Audio,2023-12-06,Not as Described,34.34,1
RET002920,ORD0007564,ITM0012944,P029,Thermal Paste Premium,EliteComponents,PC Parts,2022-10-07,Defective/Not Working,9.37,1
RET002921,ORD0007565,ITM0012945,P001,Wireless Earbuds Pro,Novatech Supply,Audio,2024-01-03,Defective/Not Working,46.73,1
RET002922,ORD0007567,ITM0012948,P001,Wireless Earbuds Pro,Novatech Supply,Audio,2023-01-24,Defective/Not Working,45.67,1
RET002923,ORD0007572,ITM0012959,P009,Desk Pad XL,TechCore Ltd,Accessories,2022-09-10,Defective/Not Working,29.72,1
RET002924,ORD0007583,ITM0012977,P021,VR Headset Standalone,BRIGHTGADGETS,,2025-01-01,Defective/Not Working,461.35,2
RET002925,ORD0007588,ITM0012986,P006,Laptop Stand Aluminium,TechCore Ltd,Accessories,2024-06-20,Changed Mind,38.48,1
RET002926,ORD0007592,ITM0012996,P028,Gaming Chair Ergonomic,ValueSource Co,Furniture,2022-07-19,Wrong Item Sent,329.27,1
RET002927,ORD0007592,ITM0012997,P017,Smart LED Desk Lamp,BrightGadgets,Lighting,2022-07-23,Not as Described,38.73,1
RET002928,ORD0007600,ITM0013012,P019,Ring Light 10in,BrightGadgets,Lighting,2024-04-17,Defective/Not Working,52.61,1
RET002929,ORD0007600,ITM0013013,P006,Laptop Stand Aluminium,TECHCORE LTD,Accessories,2024-04-27,Arrived Damaged,73.73,2
RET002930,ORD0007606,ITM0013021,P024,Phone Stand Adjustable,Value Source Co,Accessories,2024-11-23,Changed Mind,28.91,3
RET002931,ORD0007615,ITM0013040,P001,Wireless Earbuds Pro,novatech supply,Audio,2022-08-12,Defective/Not Working,44.62,1
RET002932,ORD0007621,ITM0013053,P002,Bluetooth Speaker Mini,NovaTech Supply,Audio,2022-09-25,Arrived Damaged,114.5,2
RET002933,ORD0007625,ITM0013058,P004,Smart Plug 4-Pack,novatech supply,Smart Home,2023-04-22,Defective/Not Working,27.55,1
RET002934,ORD0007630,ITM0013068,P001,Wireless Earbuds Pro,Novatech Supply,Audio,2023-09-12,Defective/Not Working,47.91,1
RET002935,ORD0007632,ITM0013073,P001,Wireless Earbuds Pro,novatech supply,,2023-11-06,Defective/Not Working,44.95,1
RET002936,ORD0007633,ITM0013078,P026,HDMI Cable 2m,ValueSource Co,Accessories,2023-11-28,Defective/Not Working,24.52,3
RET002937,ORD0007635,ITM0013082,P007,Webcam 1080p HD,Tech Core Ltd,Peripherals,2024-07-04,Changed Mind,50.78,1
RET002938,ORD0007644,ITM0013096,P001,Wireless Earbuds Pro,Novatech Supply,,2022-07-30,Defective/Not Working,49.53,1
RET002939,ORD0007648,ITM0013105,P004,Smart Plug 4-Pack,novatech supply,Smart Home,2023-01-26,Wrong Item Sent,66.54,2
RET002940,ORD0007651,ITM0013108,P001,Wireless Earbuds Pro,Novatech Supply,Audio,2022-04-03,Defective/Not Working,37.12,1
RET002941,ORD0007653,ITM0013112,P002,Bluetooth Speaker Mini,NovaTech Supply,Audio,2023-06-24,Defective/Not Working,53.53,1
RET002942,ORD0007660,ITM0013127,P001,Wireless Earbuds Pro,Novatech Supply,Audio,2022-12-14,Defective/Not Working,44.46,1
RET002943,ORD0007661,ITM0013128,P004,Smart Plug 4-Pack,novatech supply,Smart Home,2024-08-03,Wrong Item Sent,62.58,2
RET002944,ORD0007663,ITM0013131,P005,USB-C Hub 7-in-1,TechCore Ltd,Accessories,2024-10-24,Defective/Not Working,31.85,1
RET002945,ORD0007682,ITM0013163,P027,Cable Clips Pack 50,ValueSource Co,Accessories,2023-10-30,Poor Quality,5.83,1
RET002946,ORD0007686,ITM0013167,P004,Smart Plug 4-Pack,novatech supply,Smart Home,2024-01-31,Defective/Not Working,27.62,1
RET002947,ORD0007694,ITM0013178,P004,Smart Plug 4-Pack,novatech supply,Smart Home,2024-03-29,Defective/Not Working,69.7,2
RET002948,ORD0007706,ITM0013200,P016,27in Monitor 4K,BrightGadgets,Displays,2024-09-11,Poor Quality,287.51,1
RET002949,ORD0007708,ITM0013203,P009,Desk Pad XL,TechCore Ltd,Accessories,2022-10-22,Not as Described,19.97,1
RET002950,ORD0007717,ITM0013221,P024,Phone Stand Adjustable,Value Source Co,Accessories,2023-04-24,Wrong Item Sent,9.89,1
RET002951,ORD0007724,ITM0013235,P006,Laptop Stand Aluminium,TechCore Ltd,Accessories,2022-08-01,Defective/Not Working,39.88,1
RET002952,ORD0007726,ITM0013240,P002,Bluetooth Speaker Mini,NovaTech Supply,Audio,2024-01-11,Changed Mind,55.42,1
RET002953,ORD0007729,ITM0013245,P022,Laptop Sleeve 15in,ValueSource Co,Accessories,2023-05-15,Poor Quality,53.17,3
RET002954,ORD0007730,ITM0013247,P001,Wireless Earbuds Pro,Novatech Supply,Audio,2024-12-23,Not as Described,93.79,2
RET002955,ORD0007733,ITM0013254,P012,Gaming Mouse RGB,Elite components,Peripherals,2023-06-22,Not as Described,41.71,1
RET002956,ORD0007736,ITM0013260,P030,Webcam 4K Pro,TechCore Ltd,Peripherals,2024-01-12,Defective/Not Working,118.62,1
RET002957,ORD0007740,ITM0013269,P024,Phone Stand Adjustable,Value Source Co,Accessories,2024-07-28,Defective/Not Working,27.27,3
RET002958,ORD0007751,ITM0013283,P001,Wireless Earbuds Pro,Novatech Supply,Audio,2023-12-21,Defective/Not Working,90.98,2
RET002959,ORD0007756,ITM0013292,P026,HDMI Cable 2m,ValueSource Co,Accessories,2025-01-05,Defective/Not Working,6.44,1
RET002960,ORD0007762,ITM0013301,P001,Wireless Earbuds Pro,Novatech Supply,Audio,2024-02-12,Not as Described,48.74,1
RET002961,ORD0007769,ITM0013314,P001,Wireless Earbuds Pro,Novatech Supply,Audio,2023-06-28,Defective/Not Working,91.52,2
RET002962,ORD0007771,ITM0013319,P001,Wireless Earbuds Pro,novatech supply,Audio,2023-08-20,Defective/Not Working,48.23,1
RET002963,ORD0007773,ITM0013323,P004,Smart Plug 4-Pack,novatech supply,Smart Home,2023-10-06,Defective/Not Working,31.05,1
RET002964,ORD0007779,ITM0013334,P011,Mechanical Keyboard TKL,EliteComponents,Peripherals,2024-07-26,Changed Mind,81.86,1
RET002965,ORD0007783,ITM0013338,P027,Cable Clips Pack 50,ValueSource Co,Accessories,2024-12-07,Defective/Not Working,11.29,2
RET002966,ORD0007787,ITM0013345,P003,Smart Watch Fitness,novatech supply,Wearables,2023-06-16,Defective/Not Working,126.19,1
RET002967,ORD0007797,ITM0013366,P004,Smart Plug 4-Pack,novatech supply,Smart Home,2024-12-18,Defective/Not Working,23.42,1
RET002968,ORD0007801,ITM0013372,P005,USB-C Hub 7-in-1,TechCore Ltd,Accessories,2024-06-16,Defective/Not Working,33.13,1
RET002969,ORD0007804,ITM0013375,P007,Webcam 1080p HD,TechCore Ltd,Peripherals,2024-10-29,Defective/Not Working,163.59,3
RET002970,ORD0007809,ITM0013383,P028,Gaming Chair Ergonomic,ValueSource Co,Furniture,2024-08-29,Arrived Damaged,275.33,1
RET002971,ORD0007810,ITM0013385,P004,Smart Plug 4-Pack,novatech supply,Smart Home,2024-10-07,Defective/Not Working,33.29,1
RET002972,ORD0007811,ITM0013389,P001,Wireless Earbuds Pro,Novatech Supply,Audio,2024-11-03,Not as Described,44.44,1
RET002973,ORD0007817,ITM0013399,P009,Desk Pad XL,TechCore Ltd,Accessories,2022-01-18,Defective/Not Working,29.63,1
RET002974,ORD0007817,ITM0013401,P002,Bluetooth Speaker Mini,NovaTech Supply,Audio,2022-01-16,Defective/Not Working,54.25,1
RET002975,ORD0007843,ITM0013442,P003,Smart Watch Fitness,Nova Tech Supply,Wearables,2022-08-31,Not as Described,408.35,3
RET002976,ORD0007849,ITM0013455,P014,Docking Station USB-C,EliteComponents,Accessories,2023-12-26,Not as Described,108.07,1
RET002977,ORD0007863,ITM0013481,P010,Noise Cancel Headphones,Techcore Ltd,Audio,2023-08-20,Arrived Damaged,29.15,1
RET002978,ORD0007876,ITM0013502,P017,Smart LED Desk Lamp,BrightGadgets,Lighting,2024-06-10,Defective/Not Working,39.08,1
RET002979,ORD0007879,ITM0013506,P001,Wireless Earbuds Pro,Novatech Supply,Audio,2023-09-17,Defective/Not Working,48.05,1
RET002980,ORD0007883,ITM0013512,P002,Bluetooth Speaker Mini,NovaTech Supply,Audio,2024-08-17,Defective/Not Working,54.98,1
RET002981,ORD0007885,ITM0013515,P004,Smart Plug 4-Pack,novatech supply,Smart Home,2022-12-25,Wrong Item Sent,32.58,1
RET002982,ORD0007890,ITM0013522,P001,Wireless Earbuds Pro,Novatech Supply,Audio,2024-12-31,Defective/Not Working,108.33,3
RET002983,ORD0007892,ITM0013525,P002,Bluetooth Speaker Mini,NovaTech Supply,Audio,2023-12-02,Defective/Not Working,49.3,1
RET002984,ORD0007916,ITM0013572,P001,Wireless Earbuds Pro,Novatech Supply,Audio,2024-12-25,Not as Described,71.24,2
RET002985,ORD0007917,ITM0013575,P030,Webcam 4K Pro,TechCore Ltd,Peripherals,2023-06-13,Wrong Item Sent,126.58,1
RET002986,ORD0007926,ITM0013590,P023,Cable Management Kit,ValueSource Co,Accessories,2024-08-18,Arrived Damaged,12.32,1
RET002987,ORD0007934,ITM0013598,P002,Bluetooth Speaker Mini,NovaTech Supply,Audio,2023-10-18,Defective/Not Working,53.64,1
RET002988,ORD0007934,ITM0013599,P003,Smart Watch Fitness,Nova Tech Supply,Wearables,2023-10-10,Not as Described,125.7,1
RET002989,ORD0007945,ITM0013613,P004,Smart Plug 4-Pack,novatech supply,Smart Home,2023-08-14,Arrived Damaged,31.29,1
RET002990,ORD0007945,ITM0013614,P027,Cable Clips Pack 50,ValueSource Co,Accessories,2023-08-11,Poor Quality,5.4,1
RET002991,ORD0007950,ITM0013623,P001,Wireless Earbuds Pro,Novatech Supply,Audio,2024-12-27,Wrong Item Sent,49.23,1
RET002992,ORD0007950,ITM0013625,P002,Bluetooth Speaker Mini,NovaTech Supply,Audio,2024-12-26,Defective/Not Working,57.62,1
RET002993,ORD0007953,ITM0013636,P001,Wireless Earbuds Pro,Novatech Supply,Audio,2024-12-02,Defective/Not Working,37.66,1
RET002994,ORD0007962,ITM0013652,P016,27in Monitor 4K,BrightGadgets,Displays,2024-08-18,Arrived Damaged,310.52,1
RET002995,ORD0007964,ITM0013654,P027,Cable Clips Pack 50,ValueSource Co,Accessories,2023-02-13,Defective/Not Working,5.83,1
RET002996,ORD0007966,ITM0013659,P012,Gaming Mouse RGB,Elite components,Peripherals,2023-04-04,Not as Described,32.1,1
RET002997,ORD0007967,ITM0013660,P019,Ring Light 10in,BrightGadgets,Lighting,2023-05-03,Defective/Not Working,104.71,2
RET002998,ORD0007969,ITM0013662,P024,Phone Stand Adjustable,Value Source Co,,2023-07-22,Defective/Not Working,8.81,1
RET002999,ORD0007977,ITM0013676,P002,Bluetooth Speaker Mini,NovaTech Supply,Audio,2022-12-29,Defective/Not Working,55.94,1
RET003000,ORD0007978,ITM0013677,P015,Microphone USB Condenser,Elite Components,Audio,2023-04-21,Arrived Damaged,77.16,1
RET003001,ORD0007988,ITM0013689,P001,Wireless Earbuds Pro,Novatech Supply,Audio,2023-01-05,Defective/Not Working,98.21,2
RET003002,ORD0007989,ITM0013691,P024,Phone Stand Adjustable,Value Source Co,Accessories,2023-03-28,Arrived Damaged,9.78,1
RET003003,ORD0008004,ITM0013714,P006,Laptop Stand Aluminium,TechCore Ltd,Accessories,2022-04-10,Not as Described,36.04,1
RET003004,ORD0008012,ITM0013727,P004,Smart Plug 4-Pack,novatech supply,Smart Home,2023-07-03,Wrong Item Sent,62.98,2
RET003005,ORD0008012,ITM0013728,P002,Bluetooth Speaker Mini,NovaTech Supply,Audio,2023-06-26,Defective/Not Working,57.47,1
RET003006,ORD0008015,ITM0013734,P001,Wireless Earbuds Pro,Novatech Supply,Audio,2022-12-22,Defective/Not Working,96.62,2
RET003007,ORD0008018,ITM0013738,P001,Wireless Earbuds Pro,Novatech Supply,Audio,2022-11-11,Wrong Item Sent,48.69,1
RET003008,ORD0008023,ITM0013750,P004,Smart Plug 4-Pack,novatech supply,Smart Home,2024-08-16,Defective/Not Working,33.21,1
RET003009,ORD0008030,ITM0013758,P026,HDMI Cable 2m,ValueSource Co,Accessories,2022-04-16,Not as Described,7.16,1
RET003010,ORD0008035,ITM0013767,P002,Bluetooth Speaker Mini,NovaTech Supply,Audio,2022-11-10,Defective/Not Working,42.2,1
RET003011,ORD0008037,ITM0013772,P020,Laptop Cooling Pad,BrightGadgets,Accessories,2023-01-27,Defective/Not Working,87.14,3
RET003012,ORD0008045,ITM0013788,P001,Wireless Earbuds Pro,Novatech Supply,Audio,2025-01-10,Not as Described,38.19,1
RET003013,ORD0008046,ITM0013791,P001,Wireless Earbuds Pro,Novatech Supply,Audio,2022-05-06,Defective/Not Working,47.43,1
RET003014,ORD0008047,ITM0013793,P024,Phone Stand Adjustable,Value Source Co,Accessories,2022-05-12,Wrong Item Sent,18.96,2
RET003015,ORD0008053,ITM0013800,P017,Smart LED Desk Lamp,BrightGadgets,Lighting,2022-06-20,Wrong Item Sent,60.03,2
RET003016,ORD0008054,ITM0013802,P001,Wireless Earbuds Pro,Novatech Supply,Audio,2022-09-07,Defective/Not Working,36.6,1
RET003017,ORD0008055,ITM0013803,P003,Smart Watch Fitness,Nova Tech Supply,Wearables,2024-11-05,,104.65,1
RET003018,ORD0008076,ITM0013840,P026,HDMI Cable 2m,ValueSource Co,Accessories,2024-01-06,Changed Mind,14.96,2
RET003019,ORD0008081,ITM0013846,P001,Wireless Earbuds Pro,Novatech Supply,Audio,2022-08-11,Arrived Damaged,35.05,1
RET003020,ORD0008082,ITM0013847,P004,Smart Plug 4-Pack,novatech supply,Smart Home,2024-06-27,Arrived Damaged,31.76,1
RET003021,ORD0008084,ITM0013852,P002,Bluetooth Speaker Mini,NovaTech Supply,Audio,2024-04-24,Defective/Not Working,47.68,1
RET003022,ORD0008087,ITM0013856,P001,Wireless Earbuds Pro,Novatech Supply,Audio,2024-06-28,Defective/Not Working,45.35,1
RET003023,ORD0008088,ITM0013857,P001,Wireless Earbuds Pro,Novatech Supply,Audio,2024-07-24,Not as Described,45.73,1
RET003024,ORD0008120,ITM0013907,P002,Bluetooth Speaker Mini,NovaTech Supply,Audio,2023-10-23,Poor Quality,53.48,1
RET003025,ORD0008121,ITM0013910,P027,Cable Clips Pack 50,ValueSource Co,Accessories,2023-12-03,,5.49,1
RET003026,ORD0008122,ITM0013913,P002,Bluetooth Speaker Mini,NovaTech Supply,Audio,2023-07-13,Not as Described,55.25,1
RET003027,ORD0008124,ITM0013917,P009,Desk Pad XL,TechCore Ltd,Accessories,2023-08-20,Poor Quality,29.44,1
RET003028,ORD0008125,ITM0013918,P002,Bluetooth Speaker Mini,NovaTech Supply,Audio,2023-08-30,,111.45,2
RET003029,ORD0008135,ITM0013936,P004,Smart Plug 4-Pack,Novatech Supply,Smart Home,2023-10-22,Arrived Damaged,34.73,1
RET003030,ORD0008138,ITM0013940,P025,Screen Cleaning Kit,ValueSource Co,Accessories,2024-04-18,Changed Mind,7.78,1
RET003031,ORD0008140,ITM0013943,P002,Bluetooth Speaker Mini,NovaTech Supply,Audio,2024-07-25,Defective/Not Working,119.32,2
RET003032,ORD0008147,ITM0013953,P001,Wireless Earbuds Pro,Novatech Supply,Audio,2022-09-09,Changed Mind,96.98,2
RET003033,ORD0008148,ITM0013955,P017,Smart LED Desk Lamp,BrightGadgets,Lighting,2024-04-05,Arrived Damaged,42.82,1
RET003034,ORD0008150,ITM0013957,P011,Mechanical Keyboard TKL,EliteComponents,Peripherals,2023-04-11,Poor Quality,72.12,1
RET003035,ORD0008153,ITM0013960,P002,Bluetooth Speaker Mini,NovaTech Supply,Audio,2024-01-04,Poor Quality,53.84,1
RET003036,ORD0008156,ITM0013967,P004,Smart Plug 4-Pack,novatech supply,Smart Home,2023-11-08,Arrived Damaged,26.77,1
RET003037,ORD0008158,ITM0013969,P001,Wireless Earbuds Pro,Novatech Supply,Audio,2024-01-29,Defective/Not Working,45.54,1
RET003038,ORD0008160,ITM0013972,P001,Wireless Earbuds Pro,Novatech Supply,Audio,2024-04-07,Not as Described,48.52,1
RET003039,ORD0008166,ITM0013979,P010,Noise Cancel Headphones,TechCore Ltd,Audio,2024-03-27,Changed Mind,36.25,1
RET003040,ORD0008169,ITM0013988,P002,Bluetooth Speaker Mini,NovaTech Supply,Audio,2023-11-18,Wrong Item Sent,99.64,2
RET003041,ORD0008175,ITM0014002,P007,Webcam 1080p HD,TechCore Ltd,Peripherals,2024-03-26,Defective/Not Working,104.7,2
RET003042,ORD0008176,ITM0014003,P007,Webcam 1080p HD,TechCore Ltd,Peripherals,2024-05-03,Defective/Not Working,47.51,1
RET003043,ORD0008179,ITM0014008,P008,Power Bank 20000mAh,Techcore Ltd,Accessories,2024-09-22,Not as Described,7.74,1
RET003044,ORD0008186,ITM0014017,P025,Screen Cleaning Kit,ValueSource Co,Accessories,2024-12-30,Changed Mind,22.34,3
RET003045,ORD0008187,ITM0014020,P002,Bluetooth Speaker Mini,NovaTech Supply,Audio,2025-01-15,Changed Mind,46.95,1
RET003046,ORD0008190,ITM0014024,P002,Bluetooth Speaker Mini,NovaTech Supply,Audio,2022-08-01,Defective/Not Working,174.39,3
RET003047,ORD0008191,ITM0014026,P001,Wireless Earbuds Pro,Novatech Supply,Audio,2023-08-22,Defective/Not Working,35.93,1
RET003048,ORD0008193,ITM0014028,P002,Bluetooth Speaker Mini,NovaTech Supply,Audio,2024-11-30,Defective/Not Working,58.67,1
RET003049,ORD0008200,ITM0014037,P001,Wireless Earbuds Pro,Novatech Supply,Audio,2022-09-18,Defective/Not Working,49.73,1
RET003050,ORD0008202,ITM0014041,P002,Bluetooth Speaker Mini,NovaTech Supply,Audio,2022-12-28,Defective/Not Working,58.8,1
RET003051,ORD0008214,ITM0014059,P013,Portable SSD 1TB,EliteComponents,Storage,2024-10-10,Changed Mind,81.9,1
RET003052,ORD0008220,ITM0014078,P014,Docking Station USB-C,EliteComponents,Accessories,2022-08-11,Defective/Not Working,97.26,1
RET003053,ORD0008221,ITM0014079,P025,Screen Cleaning Kit,ValueSource Co,Accessories,2022-08-25,Poor Quality,7.73,1
RET003054,ORD0008232,ITM0014105,P004,Smart Plug 4-Pack,novatech supply,Smart Home,2024-04-27,Arrived Damaged,33.47,1
RET003055,ORD0008233,ITM0014106,P013,Portable SSD 1TB,EliteComponents,Storage,2024-05-10,Changed Mind,258.36,3
RET003056,ORD0008233,ITM0014107,P021,VR Headset Standalone,brightgadgets,Gaming,2024-05-21,Not as Described,597.68,2
RET003057,ORD0008234,ITM0014109,P001,Wireless Earbuds Pro,Novatech Supply,Audio,2024-06-06,Defective/Not Working,37.76,1
RET003058,ORD0008238,ITM0014117,P004,Smart Plug 4-Pack,novatech supply,Smart Home,2024-11-07,Defective/Not Working,64.94,2
RET003059,ORD0008244,ITM0014130,P001,Wireless Earbuds Pro,Novatech Supply,Audio,2024-04-27,Changed Mind,91.61,2
RET003060,ORD0008244,ITM0014132,P001,Wireless Earbuds Pro,Novatech Supply,Audio,2024-05-06,Defective/Not Working,46.15,1
RET003061,ORD0008254,ITM0014145,P013,Portable SSD 1TB,EliteComponents,Storage,2023-12-08,Poor Quality,60.07,1
RET003062,ORD0008259,ITM0014153,P007,Webcam 1080p HD,TechCore Ltd,Peripherals,2023-02-19,Changed Mind,86.7,2
RET003063,ORD0008261,ITM0014157,P010,Noise Cancel Headphones,TechCore Ltd,Audio,2022-08-08,Arrived Damaged,38.9,1
RET003064,ORD0008262,ITM0014160,P001,Wireless Earbuds Pro,Novatech Supply,Audio,2024-03-25,Defective/Not Working,44.09,1
RET003065,ORD0008280,ITM0014195,P025,Screen Cleaning Kit,ValueSource Co,Accessories,2024-04-27,Changed Mind,13.96,2
RET003066,ORD0008288,ITM0014208,P002,Bluetooth Speaker Mini,NovaTech Supply,Audio,2023-08-15,Defective/Not Working,51.01,1
RET003067,ORD0008304,ITM0014229,P002,Bluetooth Speaker Mini,NovaTech Supply,Audio,2024-11-16,Defective/Not Working,56.3,1
RET003068,ORD0008325,ITM0014265,P009,Desk Pad XL,TechCore Ltd,Accessories,2025-01-15,Defective/Not Working,22.33,1
RET003069,ORD0008336,ITM0014283,P025,Screen Cleaning Kit,ValueSource Co,Accessories,2025-01-14,Not as Described,6.17,1
RET003070,ORD0008336,ITM0014285,P002,Bluetooth Speaker Mini,NovaTech Supply,Audio,2025-01-07,Wrong Item Sent,47.41,1
RET003071,ORD0008338,ITM0014288,P002,Bluetooth Speaker Mini,NovaTech Supply,Audio,2023-05-09,Defective/Not Working,53.33,1
RET003072,ORD0008342,ITM0014294,P002,Bluetooth Speaker Mini,NovaTech Supply,Audio,2025-01-10,Defective/Not Working,56.87,1
RET003073,ORD0008343,ITM0014299,P014,Docking Station USB-C,EliteComponents,Accessories,2023-12-22,Arrived Damaged,321.44,3
RET003074,ORD0008345,ITM0014304,P002,Bluetooth Speaker Mini,NovaTech Supply,Audio,2022-06-05,Not as Described,59.65,1
RET003075,ORD0008347,ITM0014309,P018,Action Camera 4K,Bright gadgets,Cameras,2024-05-11,Defective/Not Working,165.38,1
RET003076,ORD0008348,ITM0014310,P002,Bluetooth Speaker Mini,NovaTech Supply,Audio,2024-05-28,Defective/Not Working,58.43,1
RET003077,ORD0008350,ITM0014315,P025,Screen Cleaning Kit,ValueSource Co,Accessories,2022-12-12,Not as Described,21.59,3
RET003078,ORD0008359,ITM0014328,P025,Screen Cleaning Kit,ValueSource Co,Accessories,2024-06-28,Defective/Not Working,14.49,2
RET003079,ORD0008360,ITM0014330,P001,Wireless Earbuds Pro,Novatech Supply,Audio,2024-08-05,Wrong Item Sent,49.89,1
RET003080,ORD0008362,ITM0014332,P012,Gaming Mouse RGB,Elite components,Peripherals,2024-10-16,Changed Mind,41.15,1
RET003081,ORD0008365,ITM0014336,P005,USB-C Hub 7-in-1,TechCore Ltd,Accessories,2023-07-07,Defective/Not Working,33.95,1
RET003082,ORD0008371,ITM0014344,P007,Webcam 1080p HD,TechCore Ltd,Peripherals,2024-01-27,Not as Described,48.46,1
RET003083,ORD0008371,ITM0014347,P018,Action Camera 4K,Bright gadgets,Cameras,2024-01-25,Defective/Not Working,313.82,2
RET003084,ORD0008395,ITM0014388,P002,Bluetooth Speaker Mini,NovaTech Supply,Audio,2023-07-30,Defective/Not Working,59.42,1
RET003085,ORD0008400,ITM0014397,P004,Smart Plug 4-Pack,novatech supply,Smart Home,2023-11-07,Arrived Damaged,45.14,2
RET003086,ORD0008406,ITM0014407,P008,Power Bank 20000mAh,Techcore Ltd,Accessories,2023-01-01,Defective/Not Working,10.49,1
RET003087,ORD0008409,ITM0014412,P024,Phone Stand Adjustable,Value Source Co,Accessories,2023-05-28,Not as Described,9.08,1
RET003088,ORD0008416,ITM0014425,P002,Bluetooth Speaker Mini,NovaTech Supply,Audio,2023-12-26,Defective/Not Working,55.2,1
RET003089,ORD0008417,ITM0014426,P016,27in Monitor 4K,BrightGadgets,Displays,2024-03-07,Poor Quality,592.99,2
RET003090,ORD0008423,ITM0014435,P007,Webcam 1080p HD,TechCore Ltd,Peripherals,2022-07-28,Changed Mind,54.81,1
RET003091,ORD0008428,ITM0014443,P004,Smart Plug 4-Pack,novatech supply,Smart Home,2023-10-08,Changed Mind,30.82,1
RET003092,ORD0008433,ITM0014453,P020,Laptop Cooling Pad,BrightGadgets,Accessories,2024-01-13,Poor Quality,32.52,1
RET003093,ORD0008441,ITM0014468,P005,USB-C Hub 7-in-1,TechCore Ltd,Accessories,2023-01-03,Defective/Not Working,33.23,1
RET003094,ORD0008442,ITM0014470,P001,Wireless Earbuds Pro,Novatech Supply,Audio,2024-04-19,Defective/Not Working,91.28,2
RET003095,ORD0008447,ITM0014478,P023,Cable Management Kit,Valuesource Co,Accessories,2024-11-25,Defective/Not Working,12.33,1
RET003096,ORD0008454,ITM0014490,P013,Portable SSD 1TB,Elite components,Storage,2024-07-01,Not as Described,89.09,1
RET003097,ORD0008468,ITM0014516,P020,Laptop Cooling Pad,BrightGadgets,Accessories,2024-06-17,Arrived Damaged,32.86,1
RET003098,ORD0008470,ITM0014520,P002,Bluetooth Speaker Mini,NovaTech Supply,Audio,2024-07-13,Defective/Not Working,97.81,2
RET003099,ORD0008475,ITM0014530,P008,Power Bank 20000mAh,Techcore Ltd,Accessories,2024-09-11,Defective/Not Working,10.06,1
RET003100,ORD0008475,ITM0014531,P002,Bluetooth Speaker Mini,NovaTech Supply,Audio,2024-09-11,Wrong Item Sent,51.31,1
RET003101,ORD0008475,ITM0014532,P020,Laptop Cooling Pad,BrightGadgets,Accessories,2024-09-11,Arrived Damaged,27.83,1
RET003102,ORD0008477,ITM0014535,P017,Smart LED Desk Lamp,BrightGadgets,Lighting,2023-08-24,Poor Quality,38.49,1
RET003103,ORD0008483,ITM0014543,P002,Bluetooth Speaker Mini,NOVATECH,Audio,2025-01-02,Defective/Not Working,57.66,1
RET003104,ORD0008486,ITM0014547,P001,Wireless Earbuds Pro,Novatech Supply,Audio,2023-01-24,Defective/Not Working,47.29,1
RET003105,ORD0008487,ITM0014548,P012,Gaming Mouse RGB,Elite components,Peripherals,2023-04-01,Defective/Not Working,81.94,2
RET003106,ORD0008493,ITM0014563,P025,Screen Cleaning Kit,ValueSource Co,Accessories,2024-01-05,Defective/Not Working,7.95,1
RET003107,ORD0008495,ITM0014568,P016,27in Monitor 4K,BrightGadgets,Displays,2024-05-12,Changed Mind,228.12,1
RET003108,ORD0008502,ITM0014584,P002,Bluetooth Speaker Mini,NovaTech Supply,Audio,2024-10-22,Defective/Not Working,58.1,1
RET003109,ORD0008502,ITM0014585,P002,Bluetooth Speaker Mini,NovaTech Supply,Audio,2024-11-03,Defective/Not Working,54.33,1
RET003110,ORD0008504,ITM0014590,P008,Power Bank 20000mAh,Techcore Ltd,Accessories,2024-12-14,Wrong Item Sent,8.41,1
RET003111,ORD0008513,ITM0014606,P003,Smart Watch Fitness,Nova Tech Supply,Wearables,2024-12-09,Defective/Not Working,92.05,1
RET003112,ORD0008518,ITM0014614,P006,Laptop Stand Aluminium,TechCore Ltd,Accessories,2023-11-14,Defective/Not Working,37.37,1
RET003113,ORD0008527,ITM0014629,P018,Action Camera 4K,Bright gadgets,Cameras,2024-09-07,Arrived Damaged,164.29,1
RET003114,ORD0008530,ITM0014633,P002,Bluetooth Speaker Mini,NovaTech Supply,Audio,2024-11-21,Defective/Not Working,56.67,1
RET003115,ORD0008539,ITM0014646,P002,Bluetooth Speaker Mini,NovaTech Supply,Audio,2022-12-18,Not as Described,115.48,2
RET003116,ORD0008546,ITM0014657,P007,Webcam 1080p HD,TechCore Ltd,Peripherals,2024-10-22,Arrived Damaged,48.53,1
RET003117,ORD0008553,ITM0014671,P002,Bluetooth Speaker Mini,NovaTech Supply,Audio,2024-04-18,Arrived Damaged,118.23,2
RET003118,ORD0008557,ITM0014676,P002,Bluetooth Speaker Mini,NovaTech Supply,Audio,2024-11-13,Defective/Not Working,106.98,2
RET003119,ORD0008559,ITM0014679,P001,Wireless Earbuds Pro,Novatech Supply,Audio,2023-02-02,Wrong Item Sent,35.24,1
RET003120,ORD0008569,ITM0014695,P028,Gaming Chair Ergonomic,ValueSource Co,Furniture,2024-08-02,Defective/Not Working,341.12,1
RET003121,ORD0008577,ITM0014703,P021,VR Headset Standalone,brightgadgets,Gaming,2024-11-08,Poor Quality,266.46,1
RET003122,ORD0008593,ITM0014725,P005,USB-C Hub 7-in-1,TechCore Ltd,Accessories,2024-09-14,Defective/Not Working,62.24,2
RET003123,ORD0008593,ITM0014727,P023,Cable Management Kit,ValueSource Co,Accessories,2024-09-22,Defective/Not Working,11.65,1
RET003124,ORD0008599,ITM0014737,P002,Bluetooth Speaker Mini,novatech supply,Audio,2022-05-15,Arrived Damaged,57.97,1
RET003125,ORD0008603,ITM0014743,P001,Wireless Earbuds Pro,Novatech Supply,Audio,2023-10-22,Defective/Not Working,79.59,2
RET003126,ORD0008612,ITM0014759,P004,Smart Plug 4-Pack,novatech supply,Smart Home,2024-08-16,Arrived Damaged,64.9,2
RET003127,ORD0008615,ITM0014767,P002,Bluetooth Speaker Mini,NovaTech Supply,Audio,2023-12-07,Not as Described,59.0,1
RET003128,ORD0008620,ITM0014776,P002,Bluetooth Speaker Mini,Novatech Supply,Audio,2024-12-11,Not as Described,53.72,1
RET003129,ORD0008625,ITM0014783,P018,Action Camera 4K,Bright gadgets,Cameras,2023-12-16,Arrived Damaged,134.55,1
RET003130,ORD0008629,ITM0014793,P001,Wireless Earbuds Pro,Novatech Supply,Audio,2024-01-27,Defective/Not Working,44.66,1
RET003131,ORD0008633,ITM0014800,P001,Wireless Earbuds Pro,Novatech Supply,Audio,2024-11-22,Not as Described,46.31,1
RET003132,ORD0008636,ITM0014803,P004,Smart Plug 4-Pack,novatech supply,,2023-01-23,Not as Described,33.48,1
RET003133,ORD0008645,ITM0014822,P002,Bluetooth Speaker Mini,NovaTech Supply,Audio,2023-06-22,Arrived Damaged,107.13,2
RET003134,ORD0008646,ITM0014823,P009,Desk Pad XL,TECHCORE LTD,Accessories,2023-06-20,Poor Quality,29.41,1
RET003135,ORD0008648,ITM0014826,P006,Laptop Stand Aluminium,TechCore Ltd,Accessories,2023-08-01,Not as Described,33.04,1
RET003136,ORD0008655,ITM0014837,P025,Screen Cleaning Kit,ValueSource Co,Accessories,2023-09-09,Not as Described,7.78,1
RET003137,ORD0008657,ITM0014842,P002,Bluetooth Speaker Mini,NovaTech Supply,Audio,2023-12-09,Not as Described,53.31,1
RET003138,ORD0008658,ITM0014843,P010,Noise Cancel Headphones,TechCore Ltd,Audio,2023-12-31,Arrived Damaged,37.44,1
RET003139,ORD0008660,ITM0014846,P026,HDMI Cable 2m,ValueSource Co,Accessories,2024-02-12,Not as Described,8.09,1
RET003140,ORD0008661,ITM0014848,P002,Bluetooth Speaker Mini,NovaTech Supply,Audio,2024-04-07,Defective/Not Working,113.48,2
RET003141,ORD0008664,ITM0014854,P001,Wireless Earbuds Pro,Novatech Supply,Audio,2024-12-05,,49.3,1
RET003142,ORD0008667,ITM0014859,P005,USB-C Hub 7-in-1,TechCore Ltd,Accessories,2025-01-12,Not as Described,33.49,1
RET003143,ORD0008667,ITM0014861,P006,Laptop Stand Aluminium,TechCore Ltd,Accessories,2025-01-03,Arrived Damaged,70.79,2
RET003144,ORD0008669,ITM0014863,P030,Webcam 4K Pro,TechCore Ltd,Peripherals,2023-08-27,Changed Mind,149.26,1
RET003145,ORD0008674,ITM0014873,P001,Wireless Earbuds Pro,Novatech Supply,Audio,2024-04-13,Not as Described,83.34,2
RET003146,ORD0008676,ITM0014877,P020,Laptop Cooling Pad,BrightGadgets,Accessories,2023-09-11,Poor Quality,31.98,1
RET003147,ORD0008685,ITM0014892,P001,Wireless Earbuds Pro,Novatech Supply,Audio,2023-12-05,Arrived Damaged,46.09,1
RET003148,ORD0008695,ITM0014909,P020,Laptop Cooling Pad,brightgadgets,Accessories,2022-07-15,Arrived Damaged,63.47,2
RET003149,ORD0008696,ITM0014911,P001,Wireless Earbuds Pro,Novatech Supply,Audio,2024-07-25,Defective/Not Working,44.55,1
RET003150,ORD0008699,ITM0014917,P003,Smart Watch Fitness,Nova Tech Supply,Wearables,2025-01-08,Defective/Not Working,102.31,1
RET003151,ORD0008708,ITM0014928,P027,Cable Clips Pack 50,ValueSource Co,Accessories,2024-10-17,Poor Quality,5.51,1
RET003152,ORD0008718,ITM0014950,P006,Laptop Stand Aluminium,TechCore Ltd,Accessories,2022-11-18,Defective/Not Working,34.43,1
RET003153,ORD0008721,ITM0014957,P025,Screen Cleaning Kit,ValueSource Co,Accessories,2024-02-23,Poor Quality,7.8,1
RET003154,ORD0008723,ITM0014960,P001,Wireless Earbuds Pro,Novatech Supply,Audio,2024-03-09,Defective/Not Working,40.56,1
RET003155,ORD0008728,ITM0014969,P022,Laptop Sleeve 15in,ValueSource Co,Accessories,2024-10-13,Defective/Not Working,19.07,1
RET003156,ORD0008729,ITM0014971,P017,Smart LED Desk Lamp,BrightGadgets,Lighting,2023-05-01,Defective/Not Working,34.41,1
RET003157,ORD0008747,ITM0014997,P010,Noise Cancel Headphones,TechCore Ltd,Audio,2024-04-11,Arrived Damaged,31.9,1
RET003158,ORD0008748,ITM0015001,P001,Wireless Earbuds Pro,Novatech Supply,Audio,2024-08-26,Arrived Damaged,88.92,2
RET003159,ORD0008752,ITM0015006,P007,Webcam 1080p HD,TechCore Ltd,Peripherals,2024-11-23,Defective/Not Working,49.68,1
RET003160,ORD0008768,ITM0015033,P025,Screen Cleaning Kit,ValueSource Co,Accessories,2022-10-09,Not as Described,7.5,1
RET003161,ORD0008770,ITM0015036,P016,27in Monitor 4K,BrightGadgets,Displays,2024-02-06,Defective/Not Working,318.69,1
RET003162,ORD0008772,ITM0015043,P025,Screen Cleaning Kit,ValueSource Co,Accessories,2024-04-07,Changed Mind,7.33,1
RET003163,ORD0008775,ITM0015047,P028,Gaming Chair Ergonomic,ValueSource Co,Furniture,2024-08-05,Arrived Damaged,262.07,1
RET003164,ORD0008777,ITM0015050,P003,Smart Watch Fitness,Nova Tech Supply,Wearables,2024-11-30,Defective/Not Working,342.79,3
RET003165,ORD0008784,ITM0015065,P013,Portable SSD 1TB,EliteComponents,Storage,2024-06-30,Arrived Damaged,159.94,2
RET003166,ORD0008788,ITM0015073,P002,Bluetooth Speaker Mini,NovaTech Supply,Audio,2024-07-16,Changed Mind,58.32,1
RET003167,ORD0008791,ITM0015077,P022,Laptop Sleeve 15in,ValueSource Co,Accessories,2023-01-07,Poor Quality,19.66,1
RET003168,ORD0008795,ITM0015083,P029,Thermal Paste Premium,Elite components,PC Parts,2024-12-15,Defective/Not Working,9.72,1
RET003169,ORD0008799,ITM0015088,P022,Laptop Sleeve 15in,ValueSource Co,Accessories,2022-10-01,Defective/Not Working,18.14,1
RET003170,ORD0008802,ITM0015093,P001,Wireless Earbuds Pro,Novatech Supply,Audio,2023-03-23,Wrong Item Sent,45.69,1
RET003171,ORD0008802,ITM0015095,P002,Bluetooth Speaker Mini,NovaTech Supply,Audio,2023-04-01,,59.86,1
RET003172,ORD0008803,ITM0015096,P030,Webcam 4K Pro,TechCore Ltd,Peripherals,2023-05-08,Not as Described,139.48,1
RET003173,ORD0008807,ITM0015103,P004,Smart Plug 4-Pack,novatech supply,Smart Home,2024-11-12,Defective/Not Working,31.93,1
RET003174,ORD0008808,ITM0015106,P002,Bluetooth Speaker Mini,NovaTech Supply,Audio,2024-09-23,Defective/Not Working,57.35,1
RET003175,ORD0008810,ITM0015108,P006,Laptop Stand Aluminium,TechCore Ltd,Accessories,2024-12-11,Poor Quality,37.51,1
RET003176,ORD0008815,ITM0015115,P002,Bluetooth Speaker Mini,NovaTech Supply,Audio,2022-03-02,Not as Described,56.35,1
RET003177,ORD0008817,ITM0015120,P016,27in Monitor 4K,brightgadgets,Displays,2022-11-23,Changed Mind,599.74,2
RET003178,ORD0008838,ITM0015147,P001,Wireless Earbuds Pro,Novatech Supply,Audio,2024-12-06,Defective/Not Working,45.35,1
RET003179,ORD0008838,ITM0015148,P003,Smart Watch Fitness,NOVATECH,Wearables,2024-12-10,Changed Mind,133.49,1
RET003180,ORD0008845,ITM0015159,P008,Power Bank 20000mAh,Techcore Ltd,Accessories,2023-01-01,Changed Mind,10.34,1
RET003181,ORD0008851,ITM0015167,P022,Laptop Sleeve 15in,ValueSource Co,,2024-12-29,Wrong Item Sent,56.87,3
RET003182,ORD0008860,ITM0015181,P004,Smart Plug 4-Pack,novatech supply,Smart Home,2024-08-31,Changed Mind,33.75,1
RET003183,ORD0008862,ITM0015183,P001,Wireless Earbuds Pro,Novatech Supply,Audio,2022-05-02,Defective/Not Working,48.06,1
RET003184,ORD0008877,ITM0015213,P004,Smart Plug 4-Pack,novatech supply,Smart Home,2024-11-03,Not as Described,24.36,1
RET003185,ORD0008877,ITM0015214,P004,Smart Plug 4-Pack,novatech supply,Smart Home,2024-11-12,Wrong Item Sent,24.93,1
RET003186,ORD0008879,ITM0015217,P008,Power Bank 20000mAh,Techcore Ltd,Accessories,2024-11-28,Wrong Item Sent,7.85,1
RET003187,ORD0008880,ITM0015219,P011,Mechanical Keyboard TKL,ELITECOMPONENTS,Peripherals,2022-12-19,Arrived Damaged,80.86,1
RET003188,ORD0008880,ITM0015220,P021,VR Headset Standalone,brightgadgets,Gaming,2022-12-25,Not as Described,279.76,1
RET003189,ORD0008884,ITM0015227,P027,Cable Clips Pack 50,ValueSource Co,Accessories,2024-11-01,Arrived Damaged,5.39,1
RET003190,ORD0008892,ITM0015241,P001,Wireless Earbuds Pro,novatech supply,Audio,2024-01-09,Defective/Not Working,97.93,2
RET003191,ORD0008905,ITM0015259,P002,Bluetooth Speaker Mini,NovaTech Supply,Audio,2023-12-16,Defective/Not Working,47.88,1
RET003192,ORD0008922,ITM0015285,P002,Bluetooth Speaker Mini,NovaTech Supply,Audio,2023-08-29,Wrong Item Sent,172.86,3
RET003193,ORD0008923,ITM0015289,P001,Wireless Earbuds Pro,Novatech Supply,,2024-05-23,Wrong Item Sent,94.05,2
RET003194,ORD0008926,ITM0015293,P020,Laptop Cooling Pad,BrightGadgets,Accessories,2024-11-07,Defective/Not Working,65.61,2
RET003195,ORD0008934,ITM0015309,P030,Webcam 4K Pro,TechCore,Peripherals,2024-09-11,Defective/Not Working,272.81,2
RET003196,ORD0008945,ITM0015326,P001,Wireless Earbuds Pro,Novatech Supply,Audio,2024-01-30,,38.74,1
RET003197,ORD0008945,ITM0015328,P022,Laptop Sleeve 15in,ValueSource Co,Accessories,2024-02-07,Changed Mind,15.88,1
RET003198,ORD0008947,ITM0015330,P011,Mechanical Keyboard TKL,Elite Components,Peripherals,2024-05-07,Changed Mind,84.74,1
RET003199,ORD0008950,ITM0015334,P026,HDMI Cable 2m,ValueSource Co,Accessories,2024-05-10,Defective/Not Working,7.98,1
RET003200,ORD0008954,ITM0015339,P002,Bluetooth Speaker Mini,NovaTech Supply,Audio,2022-04-03,Defective/Not Working,59.54,1
RET003201,ORD0008956,ITM0015344,P001,Wireless Earbuds Pro,Novatech Supply,Audio,2022-12-25,Changed Mind,44.56,1
RET003202,ORD0008956,ITM0015345,P001,Wireless Earbuds Pro,Novatech Supply,Audio,2022-12-06,Defective/Not Working,49.59,1
RET003203,ORD0008959,ITM0015351,P011,Mechanical Keyboard TKL,EliteComponents,Peripherals,2023-05-11,Defective/Not Working,83.17,1
RET003204,ORD0008965,ITM0015361,P027,Cable Clips Pack 50,ValueSource Co,Accessories,2024-08-05,Poor Quality,5.06,1
RET003205,ORD0008969,ITM0015371,P002,Bluetooth Speaker Mini,novatech supply,Audio,2023-06-04,Defective/Not Working,44.37,1
RET003206,ORD0008970,ITM0015375,P021,VR Headset Standalone,brightgadgets,Gaming,2023-06-26,Wrong Item Sent,277.01,1
RET003207,ORD0008972,ITM0015377,P010,Noise Cancel Headphones,TechCore Ltd,Audio,2023-10-07,Defective/Not Working,36.39,1
RET003208,ORD0008987,ITM0015400,P002,Bluetooth Speaker Mini,NovaTech Supply,Audio,2023-04-29,Defective/Not Working,53.37,1
RET003209,ORD0008989,ITM0015404,P001,Wireless Earbuds Pro,Novatech Supply,Audio,2022-11-24,Defective/Not Working,45.7,1
RET003210,ORD0008992,ITM0015408,P009,Desk Pad XL,TechCore Ltd,Accessories,2024-02-08,Defective/Not Working,26.58,1
RET003211,ORD0008997,ITM0015417,P012,Gaming Mouse RGB,Elite Components,Peripherals,2022-12-09,Defective/Not Working,38.3,1
RET003212,ORD0009004,ITM0015431,P008,Power Bank 20000mAh,Techcore Ltd,Accessories,2024-07-07,Defective/Not Working,11.29,1
RET003213,ORD0009014,ITM0015449,P002,Bluetooth Speaker Mini,NovaTech Supply,Audio,2023-08-09,Defective/Not Working,56.58,1
RET003214,ORD0009017,ITM0015453,P002,Bluetooth Speaker Mini,NovaTech Supply,Audio,2022-12-18,Defective/Not Working,50.25,1
RET003215,ORD0009025,ITM0015464,P023,Cable Management Kit,Valuesource Co,Accessories,2024-12-26,Not as Described,12.47,1
RET003216,ORD0009031,ITM0015479,P002,Bluetooth Speaker Mini,NovaTech Supply,Audio,2024-11-02,Poor Quality,45.45,1
RET003217,ORD0009032,ITM0015481,P004,Smart Plug 4-Pack,novatech supply,Smart Home,2024-05-24,Changed Mind,32.34,1
RET003218,ORD0009033,ITM0015485,P026,HDMI Cable 2m,ValueSource Co,Accessories,2024-11-12,Changed Mind,13.58,2
RET003219,ORD0009042,ITM0015499,P017,Smart LED Desk Lamp,brightgadgets,Lighting,2022-03-06,Poor Quality,124.95,3
RET003220,ORD0009056,ITM0015521,P006,Laptop Stand Aluminium,TechCore Ltd,Accessories,2023-10-09,Defective/Not Working,75.36,2
RET003221,ORD0009062,ITM0015531,P001,Wireless Earbuds Pro,Novatech Supply,Audio,2024-04-28,Defective/Not Working,38.62,1
RET003222,ORD0009066,ITM0015538,P001,Wireless Earbuds Pro,Novatech Supply,Audio,2024-05-15,Changed Mind,41.67,1
RET003223,ORD0009071,ITM0015547,P024,Phone Stand Adjustable,Value Source Co,Accessories,2024-03-13,Defective/Not Working,9.17,1
RET003224,ORD0009071,ITM0015548,P001,Wireless Earbuds Pro,Novatech Supply,Audio,2024-03-03,Changed Mind,47.45,1
RET003225,ORD0009080,ITM0015562,P004,Smart Plug 4-Pack,novatech supply,Smart Home,2024-04-24,Defective/Not Working,34.89,1
RET003226,ORD0009082,ITM0015565,P002,Bluetooth Speaker Mini,Novatech Supply,Audio,2023-10-05,Defective/Not Working,54.37,1
RET003227,ORD0009093,ITM0015581,P003,Smart Watch Fitness,Novatech Supply,Wearables,2024-03-27,Not as Described,137.27,1
RET003228,ORD0009115,ITM0015617,P002,Bluetooth Speaker Mini,NovaTech Supply,Audio,2022-11-09,Arrived Damaged,115.87,2
RET003229,ORD0009116,ITM0015618,P001,Wireless Earbuds Pro,Novatech Supply,Audio,2024-06-08,Not as Described,36.86,1
RET003230,ORD0009127,ITM0015639,P001,Wireless Earbuds Pro,Novatech Supply,Audio,2024-02-11,Defective/Not Working,139.97,3
RET003231,ORD0009132,ITM0015651,P001,Wireless Earbuds Pro,Novatech Supply,Audio,2024-10-21,Not as Described,98.74,2
RET003232,ORD0009133,ITM0015653,P026,HDMI Cable 2m,ValueSource Co,Accessories,2023-11-25,Arrived Damaged,8.01,1
RET003233,ORD0009152,ITM0015685,P021,VR Headset Standalone,brightgadgets,Gaming,2024-05-16,Wrong Item Sent,277.23,1
RET003234,ORD0009152,ITM0015686,P007,Webcam 1080p HD,TechCore Ltd,Peripherals,2024-05-22,Not as Described,98.58,2
RET003235,ORD0009167,ITM0015712,P026,HDMI Cable 2m,ValueSource Co,Accessories,2022-10-27,Arrived Damaged,16.79,2
RET003236,ORD0009168,ITM0015714,P004,Smart Plug 4-Pack,novatech supply,Smart Home,2024-10-30,Defective/Not Working,66.6,2
RET003237,ORD0009171,ITM0015718,P011,Mechanical Keyboard TKL,Elite components,Peripherals,2022-04-18,Arrived Damaged,62.32,1
RET003238,ORD0009176,ITM0015729,P002,Bluetooth Speaker Mini,NovaTech Supply,Audio,2023-08-20,Changed Mind,47.06,1
RET003239,ORD0009184,ITM0015745,P026,HDMI Cable 2m,ValueSource Co,Accessories,2024-05-10,Defective/Not Working,8.56,1
RET003240,ORD0009201,ITM0015778,P026,HDMI Cable 2m,ValueSource Co,Accessories,2024-08-24,Poor Quality,7.92,1
RET003241,ORD0009204,ITM0015782,P001,Wireless Earbuds Pro,Novatech Supply,Audio,2024-01-16,Defective/Not Working,47.97,1
RET003242,ORD0009205,ITM0015783,P022,Laptop Sleeve 15in,ValueSource Co,Accessories,2024-03-07,,13.76,1
RET003243,ORD0009209,ITM0015793,P003,Smart Watch Fitness,Nova Tech Supply,Wearables,2024-01-31,Defective/Not Working,204.07,2
RET003244,ORD0009214,ITM0015800,P023,Cable Management Kit,ValueSource Co,Accessories,2022-07-11,Defective/Not Working,10.03,1
RET003245,ORD0009216,ITM0015805,P002,Bluetooth Speaker Mini,NovaTech Supply,Audio,2022-10-26,Not as Described,55.91,1
RET003246,ORD0009217,ITM0015806,P003,Smart Watch Fitness,Novatech Supply,Wearables,2022-11-25,Arrived Damaged,134.63,1
RET003247,ORD0009230,ITM0015826,P002,Bluetooth Speaker Mini,NovaTech Supply,Audio,2024-12-07,Defective/Not Working,94.12,2
RET003248,ORD0009230,ITM0015827,P016,27in Monitor 4K,BrightGadgets,Displays,2024-12-09,Defective/Not Working,241.78,1
RET003249,ORD0009231,ITM0015829,P027,Cable Clips Pack 50,ValueSource Co,Accessories,2024-12-26,Wrong Item Sent,5.71,1
RET003250,ORD0009232,ITM0015832,P002,Bluetooth Speaker Mini,NovaTech Supply,Audio,2024-11-06,,45.81,1
RET003251,ORD0009241,ITM0015850,P004,Smart Plug 4-Pack,Novatech Supply,Smart Home,2023-01-30,Not as Described,96.95,3
RET003252,ORD0009242,ITM0015851,P026,HDMI Cable 2m,ValueSource Co,Accessories,2023-03-28,Not as Described,16.49,2
RET003253,ORD0009253,ITM0015870,P004,Smart Plug 4-Pack,novatech supply,Smart Home,2023-03-28,Defective/Not Working,30.39,1
RET003254,ORD0009253,ITM0015871,P004,Smart Plug 4-Pack,novatech supply,Smart Home,2023-03-24,Defective/Not Working,31.34,1
RET003255,ORD0009262,ITM0015888,P001,Wireless Earbuds Pro,Novatech Supply,Audio,2023-01-06,Defective/Not Working,46.5,1
RET003256,ORD0009265,ITM0015891,P003,Smart Watch Fitness,Nova Tech Supply,Wearables,2023-09-08,Defective/Not Working,128.96,1
RET003257,ORD0009279,ITM0015912,P027,Cable Clips Pack 50,ValueSource Co,Accessories,2023-11-01,Defective/Not Working,5.88,1
RET003258,ORD0009282,ITM0015921,P003,Smart Watch Fitness,Nova Tech Supply,Wearables,2024-08-26,Defective/Not Working,413.19,3
RET003259,ORD0009283,ITM0015925,P011,Mechanical Keyboard TKL,Elite components,Peripherals,2024-10-04,Defective/Not Working,161.52,2
RET003260,ORD0009286,ITM0015928,P010,Noise Cancel Headphones,TechCore Ltd,Audio,2023-03-15,Defective/Not Working,36.07,1
RET003261,ORD0009292,ITM0015937,P004,Smart Plug 4-Pack,novatech supply,Smart Home,2023-12-26,Not as Described,34.67,1
RET003262,ORD0009297,ITM0015943,P005,USB-C Hub 7-in-1,TechCore Ltd,Accessories,2023-08-08,Defective/Not Working,28.37,1
RET003263,ORD0009297,ITM0015944,P022,Laptop Sleeve 15in,ValueSource Co,Accessories,2023-08-16,Changed Mind,16.95,1
RET003264,ORD0009311,ITM0015972,P028,Gaming Chair Ergonomic,ValueSource Co,Furniture,2024-02-02,Poor Quality,300.76,1
RET003265,ORD0009323,ITM0015990,P001,Wireless Earbuds Pro,Novatech Supply,Audio,2024-12-10,Defective/Not Working,94.46,2
RET003266,ORD0009323,ITM0015991,P002,Bluetooth Speaker Mini,NovaTech Supply,Audio,2024-12-14,Defective/Not Working,57.76,1
RET003267,ORD0009323,ITM0015992,P001,Wireless Earbuds Pro,Novatech Supply,Audio,2024-12-12,Defective/Not Working,47.94,1
RET003268,ORD0009324,ITM0015993,P025,Screen Cleaning Kit,ValueSource Co,Accessories,2025-01-01,Defective/Not Working,5.79,1
RET003269,ORD0009327,ITM0016001,P012,Gaming Mouse RGB,Elite components,Peripherals,2022-11-10,Arrived Damaged,36.68,1
RET003270,ORD0009329,ITM0016003,P006,Laptop Stand Aluminium,TechCore Ltd,Accessories,2024-08-23,Not as Described,38.1,1
RET003271,ORD0009340,ITM0016022,P001,Wireless Earbuds Pro,Novatech Supply,Audio,2024-10-04,Defective/Not Working,47.21,1
RET003272,ORD0009340,ITM0016023,P030,Webcam 4K Pro,TechCore Ltd,Peripherals,2024-10-09,Wrong Item Sent,141.19,1
RET003273,ORD0009345,ITM0016033,P019,Ring Light 10in,BrightGadgets,,2023-01-21,Wrong Item Sent,35.68,1
RET003274,ORD0009347,ITM0016036,P022,Laptop Sleeve 15in,ValueSource Co,Accessories,2024-05-20,Arrived Damaged,19.96,1
RET003275,ORD0009349,ITM0016042,P002,Bluetooth Speaker Mini,NovaTech Supply,Audio,2024-07-01,Defective/Not Working,55.53,1
RET003276,ORD0009361,ITM0016060,P016,27in Monitor 4K,BrightGadgets,Displays,2024-01-15,Arrived Damaged,225.32,1
RET003277,ORD0009370,ITM0016071,P002,Bluetooth Speaker Mini,NovaTech Supply,Audio,2024-06-17,Arrived Damaged,47.39,1
RET003278,ORD0009378,ITM0016080,P001,Wireless Earbuds Pro,Novatech Supply,Audio,2023-01-28,Defective/Not Working,45.88,1
RET003279,ORD0009380,ITM0016084,P010,Noise Cancel Headphones,Techcore Ltd,Audio,2024-04-09,Not as Described,34.66,1
RET003280,ORD0009381,ITM0016086,P002,Bluetooth Speaker Mini,NovaTech Supply,Audio,2024-04-16,Arrived Damaged,54.22,1
RET003281,ORD0009384,ITM0016094,P024,Phone Stand Adjustable,Value Source Co,Accessories,2023-06-16,Poor Quality,9.77,1
RET003282,ORD0009384,ITM0016097,P004,Smart Plug 4-Pack,novatech supply,Smart Home,2023-07-02,Arrived Damaged,31.84,1
RET003283,ORD0009386,ITM0016099,P026,HDMI Cable 2m,ValueSource Co,Accessories,2022-12-10,Not as Described,8.75,1
RET003284,ORD0009387,ITM0016100,P009,Desk Pad XL,TechCore Ltd,Accessories,2024-01-11,Defective/Not Working,58.21,2
RET003285,ORD0009387,ITM0016101,P001,Wireless Earbuds Pro,Novatech Supply,Audio,2024-01-05,Defective/Not Working,99.33,2
RET003286,ORD0009390,ITM0016106,P002,Bluetooth Speaker Mini,novatech supply,Audio,2024-06-27,Not as Described,58.52,1
RET003287,ORD0009391,ITM0016107,P003,Smart Watch Fitness,Nova Tech Supply,Wearables,2024-07-20,Poor Quality,267.99,2
RET003288,ORD0009394,ITM0016110,P013,Portable SSD 1TB,EliteComponents,Storage,2024-12-28,Defective/Not Working,68.32,1
RET003289,ORD0009401,ITM0016123,P001,Wireless Earbuds Pro,Novatech Supply,Audio,2022-12-15,Poor Quality,48.74,1
RET003290,ORD0009404,ITM0016130,P020,Laptop Cooling Pad,BrightGadgets,Accessories,2023-09-21,Defective/Not Working,29.55,1
RET003291,ORD0009415,ITM0016146,P004,Smart Plug 4-Pack,novatech supply,Smart Home,2024-04-06,Defective/Not Working,56.51,2
RET003292,ORD0009417,ITM0016151,P001,Wireless Earbuds Pro,novatech supply,Audio,2024-04-30,Defective/Not Working,49.98,1
RET003293,ORD0009419,ITM0016154,P017,Smart LED Desk Lamp,BrightGadgets,Lighting,2024-08-30,Defective/Not Working,42.13,1
RET003294,ORD0009419,ITM0016155,P002,Bluetooth Speaker Mini,NovaTech Supply,Audio,2024-09-02,Poor Quality,108.87,2
RET003295,ORD0009420,ITM0016157,P011,Mechanical Keyboard TKL,EliteComponents,Peripherals,2024-11-02,Not as Described,72.95,1
RET003296,ORD0009425,ITM0016167,P026,HDMI Cable 2m,ValueSource Co,Accessories,2024-05-02,Not as Described,8.16,1
RET003297,ORD0009427,ITM0016171,P017,Smart LED Desk Lamp,BrightGadgets,Lighting,2023-11-27,Wrong Item Sent,42.81,1
RET003298,ORD0009429,ITM0016175,P002,Bluetooth Speaker Mini,NovaTech Supply,Audio,2024-05-09,Defective/Not Working,58.81,1
RET003299,ORD0009433,ITM0016182,P014,Docking Station USB-C,EliteComponents,Accessories,2022-12-17,Wrong Item Sent,202.71,2
RET003300,ORD0009433,ITM0016183,P027,Cable Clips Pack 50,ValueSource Co,Accessories,2022-12-15,Arrived Damaged,11.26,2
RET003301,ORD0009444,ITM0016200,P016,27in Monitor 4K,BrightGadgets,Displays,2024-09-29,Wrong Item Sent,313.42,1
RET003302,ORD0009455,ITM0016217,P001,Wireless Earbuds Pro,Novatech Supply,Audio,2023-08-14,Not as Described,49.51,1
RET003303,ORD0009465,ITM0016229,P002,Bluetooth Speaker Mini,NovaTech Supply,Audio,2023-10-30,Wrong Item Sent,55.91,1
RET003304,ORD0009466,ITM0016232,P007,Webcam 1080p HD,TechCore Ltd,Peripherals,2024-06-14,Wrong Item Sent,54.64,1
RET003305,ORD0009476,ITM0016248,P001,Wireless Earbuds Pro,Novatech Supply,Audio,2022-03-02,Defective/Not Working,40.93,1
RET003306,ORD0009485,ITM0016265,P004,Smart Plug 4-Pack,Novatech Supply,Smart Home,2024-03-28,Defective/Not Working,33.0,1
RET003307,ORD0009488,ITM0016272,P006,Laptop Stand Aluminium,TechCore Ltd,Accessories,2022-10-21,Not as Described,37.5,1
RET003308,ORD0009490,ITM0016275,P003,Smart Watch Fitness,Nova Tech Supply,Wearables,2023-02-16,Arrived Damaged,238.44,2
RET003309,ORD0009492,ITM0016279,P026,HDMI Cable 2m,ValueSource Co,Accessories,2023-03-12,Changed Mind,8.54,1
RET003310,ORD0009501,ITM0016291,P001,Wireless Earbuds Pro,Novatech Supply,Audio,2023-07-12,Defective/Not Working,32.77,1
RET003311,ORD0009506,ITM0016301,P002,Bluetooth Speaker Mini,NovaTech Supply,Audio,2023-06-10,Defective/Not Working,55.56,1
RET003312,ORD0009518,ITM0016316,P008,Power Bank 20000mAh,Techcore Ltd,Accessories,2023-09-14,Defective/Not Working,19.7,2
RET003313,ORD0009530,ITM0016335,P025,Screen Cleaning Kit,ValueSource Co,,2023-02-27,Arrived Damaged,7.76,1
RET003314,ORD0009532,ITM0016340,P001,Wireless Earbuds Pro,Novatech Supply,Audio,2024-08-17,Defective/Not Working,48.43,1
RET003315,ORD0009536,ITM0016346,P025,Screen Cleaning Kit,ValueSource Co,Accessories,2024-12-16,Not as Described,21.27,3
RET003316,ORD0009539,ITM0016351,P002,Bluetooth Speaker Mini,NovaTech Supply,Audio,2023-05-04,Not as Described,83.72,2
RET003317,ORD0009548,ITM0016367,P002,Bluetooth Speaker Mini,NovaTech Supply,Audio,2023-10-10,,40.4,1
RET003318,ORD0009549,ITM0016370,P021,VR Headset Standalone,brightgadgets,Gaming,2024-08-17,Not as Described,276.38,1
RET003319,ORD0009554,ITM0016376,P026,HDMI Cable 2m,ValueSource Co,Accessories,2022-11-11,Not as Described,8.28,1
RET003320,ORD0009557,ITM0016383,P001,Wireless Earbuds Pro,Novatech Supply,Audio,2024-06-23,Not as Described,95.72,2
RET003321,ORD0009565,ITM0016395,P001,Wireless Earbuds Pro,Novatech Supply,Audio,2024-12-03,Defective/Not Working,97.0,2
RET003322,ORD0009566,ITM0016396,P010,Noise Cancel Headphones,TechCore Ltd,Audio,2023-11-20,Not as Described,29.63,1
RET003323,ORD0009569,ITM0016400,P002,Bluetooth Speaker Mini,NovaTech Supply,Audio,2024-06-04,Wrong Item Sent,55.75,1
RET003324,ORD0009575,ITM0016416,P001,Wireless Earbuds Pro,Novatech Supply,Audio,2024-10-08,Defective/Not Working,46.98,1
RET003325,ORD0009577,ITM0016418,P012,Gaming Mouse RGB,Elite components,Peripherals,2024-11-13,Defective/Not Working,41.75,1
RET003326,ORD0009578,ITM0016419,P016,27in Monitor 4K,BRIGHTGADGETS,Displays,2024-07-07,Not as Described,634.37,2
RET003327,ORD0009582,ITM0016425,P014,Docking Station USB-C,EliteComponents,Accessories,2023-09-23,Arrived Damaged,90.2,1
RET003328,ORD0009584,ITM0016431,P007,Webcam 1080p HD,TechCore Ltd,Peripherals,2025-01-04,Defective/Not Working,49.73,1
RET003329,ORD0009585,ITM0016434,P007,Webcam 1080p HD,TechCore,Peripherals,2022-09-22,Poor Quality,43.17,1
RET003330,ORD0009587,ITM0016437,P002,Bluetooth Speaker Mini,NovaTech Supply,Audio,2023-03-28,Defective/Not Working,151.95,3
RET003331,ORD0009588,ITM0016439,P001,Wireless Earbuds Pro,Novatech Supply,Audio,2022-11-19,Not as Described,146.28,3
RET003332,ORD0009590,ITM0016442,P001,Wireless Earbuds Pro,Novatech Supply,Audio,2023-02-02,Defective/Not Working,48.84,1
RET003333,ORD0009591,ITM0016443,P028,Gaming Chair Ergonomic,ValueSource Co,Furniture,2022-06-07,Defective/Not Working,263.23,1
RET003334,ORD0009597,ITM0016453,P002,Bluetooth Speaker Mini,NovaTech Supply,Audio,2022-03-14,Arrived Damaged,56.4,1
RET003335,ORD0009597,ITM0016454,P026,HDMI Cable 2m,ValueSource Co,Accessories,2022-03-14,Defective/Not Working,16.4,2
RET003336,ORD0009600,ITM0016461,P021,VR Headset Standalone,brightgadgets,Gaming,2023-02-21,Defective/Not Working,429.07,2
RET003337,ORD0009602,ITM0016464,P001,Wireless Earbuds Pro,Novatech Supply,Audio,2023-12-31,Defective/Not Working,141.69,3
RET003338,ORD0009608,ITM0016475,P012,Gaming Mouse RGB,Elite Components,Peripherals,2024-12-02,Arrived Damaged,40.98,1
RET003339,ORD0009611,ITM0016478,P022,Laptop Sleeve 15in,ValueSource Co,Accessories,2022-11-09,Defective/Not Working,15.17,1
RET003340,ORD0009611,ITM0016480,P002,Bluetooth Speaker Mini,NovaTech Supply,,2022-11-11,Defective/Not Working,41.8,1
RET003341,ORD0009612,ITM0016484,P010,Noise Cancel Headphones,TechCore Ltd,Audio,2022-12-06,Defective/Not Working,34.84,1
RET003342,ORD0009629,ITM0016514,P004,Smart Plug 4-Pack,novatech supply,Smart Home,2025-01-01,Defective/Not Working,53.87,2
RET003343,ORD0009631,ITM0016516,P017,Smart LED Desk Lamp,BrightGadgets,Lighting,2022-09-18,Defective/Not Working,35.31,1
RET003344,ORD0009636,ITM0016525,P006,Laptop Stand Aluminium,TechCore Ltd,Accessories,2022-11-15,Not as Described,95.05,3
RET003345,ORD0009638,ITM0016528,P002,Bluetooth Speaker Mini,NovaTech Supply,Audio,2022-12-17,,125.73,3
RET003346,ORD0009646,ITM0016543,P014,Docking Station USB-C,EliteComponents,Accessories,2022-02-11,Not as Described,101.52,1
RET003347,ORD0009648,ITM0016547,P002,Bluetooth Speaker Mini,NovaTech Supply,Audio,2023-07-20,Defective/Not Working,57.62,1
RET003348,ORD0009650,ITM0016552,P021,VR Headset Standalone,brightgadgets,Gaming,2023-10-05,Changed Mind,277.26,1
RET003349,ORD0009657,ITM0016566,P006,Laptop Stand Aluminium,TechCore Ltd,Accessories,2023-01-03,,39.62,1
RET003350,ORD0009671,ITM0016590,P002,Bluetooth Speaker Mini,NovaTech Supply,Audio,2024-04-22,Arrived Damaged,56.28,1
RET003351,ORD0009671,ITM0016593,P003,Smart Watch Fitness,Novatech Supply,Wearables,2024-04-27,Arrived Damaged,1150.48,3
RET003352,ORD0009673,ITM0016596,P002,Bluetooth Speaker Mini,NovaTech Supply,Audio,2023-08-28,Not as Described,170.01,3
RET003353,ORD0009683,ITM0016615,P001,Wireless Earbuds Pro,Novatech Supply,Audio,2024-12-11,Defective/Not Working,99.02,2
RET003354,ORD0009689,ITM0016625,P024,Phone Stand Adjustable,Valuesource Co,Accessories,2023-08-24,Not as Described,7.45,1
RET003355,ORD0009689,ITM0016626,P008,Power Bank 20000mAh,Techcore Ltd,Accessories,2023-08-23,Defective/Not Working,8.47,1
RET003356,ORD0009690,ITM0016627,P006,Laptop Stand Aluminium,TechCore Ltd,Accessories,2023-09-23,Arrived Damaged,37.49,1
RET003357,ORD0009699,ITM0016642,P006,Laptop Stand Aluminium,TechCore Ltd,Accessories,2023-03-30,Defective/Not Working,39.3,1
RET003358,ORD0009700,ITM0016647,P001,Wireless Earbuds Pro,Novatech Supply,Audio,2024-07-10,Arrived Damaged,47.83,1
RET003359,ORD0009700,ITM0016648,P023,Cable Management Kit,Valuesource Co,Accessories,2024-06-27,Not as Described,12.73,1
RET003360,ORD0009706,ITM0016657,P004,Smart Plug 4-Pack,novatech supply,Smart Home,2023-02-19,Defective/Not Working,56.47,2
RET003361,ORD0009707,ITM0016658,P001,Wireless Earbuds Pro,Novatech Supply,Audio,2023-08-19,Defective/Not Working,36.34,1
RET003362,ORD0009711,ITM0016668,P001,Wireless Earbuds Pro,Novatech Supply,Audio,2024-02-16,Arrived Damaged,40.02,1
RET003363,ORD0009711,ITM0016669,P004,Smart Plug 4-Pack,novatech supply,Smart Home,2024-02-05,Defective/Not Working,29.15,1
RET003364,ORD0009721,ITM0016681,P011,Mechanical Keyboard TKL,EliteComponents,Peripherals,2023-04-15,Arrived Damaged,88.14,1
RET003365,ORD0009724,ITM0016684,P015,Microphone USB Condenser,Elite Components,Audio,2023-06-13,Arrived Damaged,90.89,1
RET003366,ORD0009725,ITM0016686,P004,Smart Plug 4-Pack,novatech supply,Smart Home,2024-11-11,Defective/Not Working,33.36,1
RET003367,ORD0009731,ITM0016697,P021,VR Headset Standalone,brightgadgets,Gaming,2024-02-22,Defective/Not Working,284.49,1
RET003368,ORD0009735,ITM0016706,P029,Thermal Paste Premium,EliteComponents,PC Parts,2024-03-08,Not as Described,9.37,1
RET003369,ORD0009740,ITM0016714,P001,Wireless Earbuds Pro,Novatech Supply,Audio,2023-02-16,Defective/Not Working,47.19,1
RET003370,ORD0009742,ITM0016717,P002,Bluetooth Speaker Mini,NovaTech Supply,Audio,2023-01-10,Arrived Damaged,94.37,2
RET003371,ORD0009752,ITM0016730,P002,Bluetooth Speaker Mini,Novatech Supply,Audio,2024-07-20,Wrong Item Sent,114.85,2
RET003372,ORD0009762,ITM0016745,P001,Wireless Earbuds Pro,Novatech Supply,Audio,2024-02-12,Defective/Not Working,47.99,1
RET003373,ORD0009768,ITM0016752,P017,Smart LED Desk Lamp,BrightGadgets,Lighting,2024-10-05,Arrived Damaged,79.4,2
RET003374,ORD0009769,ITM0016753,P002,Bluetooth Speaker Mini,NovaTech Supply,Audio,2024-10-09,Defective/Not Working,59.24,1
RET003375,ORD0009779,ITM0016768,P001,Wireless Earbuds Pro,Novatech Supply,Audio,2024-03-29,Defective/Not Working,46.39,1
RET003376,ORD0009781,ITM0016772,P001,Wireless Earbuds Pro,Novatech Supply,Audio,2024-10-08,Defective/Not Working,49.73,1
RET003377,ORD0009781,ITM0016773,P016,27in Monitor 4K,BrightGadgets,Displays,2024-10-10,Changed Mind,604.33,2
RET003378,ORD0009796,ITM0016796,P009,Desk Pad XL,TECHCORE LTD,Accessories,2021-01-10,Defective/Not Working,28.17,1
RET003379,ORD0009803,ITM0016808,P002,Bluetooth Speaker Mini,NovaTech Supply,Audio,2024-01-05,Not as Described,57.14,1
RET003380,ORD0009803,ITM0016809,P002,Bluetooth Speaker Mini,NovaTech Supply,Audio,2023-12-28,Changed Mind,54.56,1
RET003381,ORD0009804,ITM0016810,P001,Wireless Earbuds Pro,Novatech Supply,Audio,2024-01-13,Not as Described,43.45,1
RET003382,ORD0009806,ITM0016815,P019,Ring Light 10in,BrightGadgets,Lighting,2024-08-31,Defective/Not Working,51.99,1
RET003383,ORD0009811,ITM0016823,P002,Bluetooth Speaker Mini,NovaTech Supply,Audio,2023-10-04,Not as Described,54.86,1
RET003384,ORD0009813,ITM0016826,P008,Power Bank 20000mAh,Techcore Ltd,Accessories,2023-10-24,Defective/Not Working,10.61,1
RET003385,ORD0009817,ITM0016833,P023,Cable Management Kit,ValueSource Co,Accessories,2023-12-29,Changed Mind,12.53,1
RET003386,ORD0009823,ITM0016843,P001,Wireless Earbuds Pro,Novatech Supply,Audio,2023-01-07,Changed Mind,48.52,1
RET003387,ORD0009826,ITM0016848,P016,27in Monitor 4K,BrightGadgets,Displays,2022-08-10,,232.15,1
RET003388,ORD0009832,ITM0016860,P001,Wireless Earbuds Pro,Novatech Supply,Audio,2023-11-13,Defective/Not Working,49.48,1
RET003389,ORD0009837,ITM0016868,P027,Cable Clips Pack 50,ValueSource Co,Accessories,2022-01-26,Defective/Not Working,5.65,1
RET003390,ORD0009839,ITM0016870,P012,Gaming Mouse RGB,Elite components,Peripherals,2023-12-19,Not as Described,70.54,2
RET003391,ORD0009843,ITM0016878,P004,Smart Plug 4-Pack,novatech supply,Smart Home,2024-10-14,Defective/Not Working,103.28,3
RET003392,ORD0009843,ITM0016879,P017,Smart LED Desk Lamp,BrightGadgets,Lighting,2024-10-12,Not as Described,40.54,1
RET003393,ORD0009844,ITM0016880,P008,Power Bank 20000mAh,Techcore Ltd,Accessories,2025-01-10,Arrived Damaged,11.0,1
RET003394,ORD0009854,ITM0016897,P002,Bluetooth Speaker Mini,NovaTech Supply,Audio,2024-04-11,Defective/Not Working,54.63,1
RET003395,ORD0009863,ITM0016909,P003,Smart Watch Fitness,Nova Tech Supply,,2024-09-20,Defective/Not Working,126.33,1
RET003396,ORD0009863,ITM0016910,P014,Docking Station USB-C,EliteComponents,Accessories,2024-09-17,Changed Mind,100.05,1
RET003397,ORD0009864,ITM0016912,P014,Docking Station USB-C,EliteComponents,Accessories,2023-07-18,Defective/Not Working,91.41,1
RET003398,ORD0009871,ITM0016927,P010,Noise Cancel Headphones,TechCore Ltd,Audio,2024-07-13,Not as Described,37.89,1
RET003399,ORD0009872,ITM0016929,P006,Laptop Stand Aluminium,TechCore Ltd,Accessories,2024-08-02,Poor Quality,39.4,1
RET003400,ORD0009873,ITM0016930,P009,Desk Pad XL,TechCore Ltd,Accessories,2024-08-27,Defective/Not Working,29.81,1
RET003401,ORD0009875,ITM0016932,P003,Smart Watch Fitness,Novatech Supply,Wearables,2024-10-20,Defective/Not Working,271.72,2
RET003402,ORD0009878,ITM0016938,P002,Bluetooth Speaker Mini,NovaTech Supply,Audio,2024-12-08,Not as Described,42.95,1
RET003403,ORD0009880,ITM0016944,P003,Smart Watch Fitness,Novatech Supply,Wearables,2023-02-06,Defective/Not Working,111.52,1
RET003404,ORD0009880,ITM0016945,P026,HDMI Cable 2m,VALUE SOURCE,Accessories,2023-02-03,Defective/Not Working,7.82,1
RET003405,ORD0009881,ITM0016946,P025,Screen Cleaning Kit,ValueSource Co,Accessories,2024-10-19,Poor Quality,7.38,1
RET003406,ORD0009886,ITM0016956,P001,Wireless Earbuds Pro,Novatech Supply,Audio,2023-01-26,Not as Described,91.02,2
RET003407,ORD0009888,ITM0016958,P002,Bluetooth Speaker Mini,NovaTech Supply,Audio,2023-04-10,Defective/Not Working,48.89,1
RET003408,ORD0009891,ITM0016963,P001,Wireless Earbuds Pro,Novatech Supply,Audio,2023-11-27,Defective/Not Working,45.46,1
RET003409,ORD0009892,ITM0016965,P026,HDMI Cable 2m,ValueSource Co,Accessories,2023-11-26,Defective/Not Working,8.5,1
RET003410,ORD0009893,ITM0016966,P012,Gaming Mouse RGB,Elite components,Peripherals,2024-02-05,Changed Mind,29.61,1
RET003411,ORD0009898,ITM0016974,P001,Wireless Earbuds Pro,Novatech Supply,Audio,2024-11-10,Wrong Item Sent,44.96,1
RET003412,ORD0009899,ITM0016976,P001,Wireless Earbuds Pro,Novatech Supply,Audio,2024-12-09,Arrived Damaged,89.76,2
RET003413,ORD0009899,ITM0016977,P004,Smart Plug 4-Pack,novatech supply,Smart Home,2024-12-01,Defective/Not Working,32.46,1
RET003414,ORD0009900,ITM0016979,P001,Wireless Earbuds Pro,Novatech Supply,Audio,2024-12-19,Defective/Not Working,45.54,1
RET003415,ORD0009900,ITM0016980,P017,Smart LED Desk Lamp,BrightGadgets,Lighting,2025-01-07,Defective/Not Working,42.78,1
RET003416,ORD0009903,ITM0016986,P022,Laptop Sleeve 15in,ValueSource Co,Accessories,2024-04-20,Defective/Not Working,35.51,2
RET003417,ORD0009907,ITM0016993,P004,Smart Plug 4-Pack,novatech supply,Smart Home,2024-12-24,Defective/Not Working,34.95,1
RET003418,ORD0009920,ITM0017012,P027,Cable Clips Pack 50,ValueSource Co,Accessories,2023-05-31,Defective/Not Working,5.63,1
RET003419,ORD0009923,ITM0017017,P001,Wireless Earbuds Pro,Novatech Supply,Audio,2023-04-21,,49.24,1
RET003420,ORD0009927,ITM0017022,P028,Gaming Chair Ergonomic,ValueSource Co,Furniture,2024-02-21,Defective/Not Working,327.41,1
RET003421,ORD0009927,ITM0017025,P004,Smart Plug 4-Pack,novatech supply,Smart Home,2024-02-20,Arrived Damaged,34.84,1
RET003422,ORD0009947,ITM0017054,P001,Wireless Earbuds Pro,Novatech Supply,Audio,2023-06-06,Arrived Damaged,44.43,1
RET003423,ORD0009947,ITM0017055,P001,Wireless Earbuds Pro,Novatech Supply,Audio,2023-06-03,Defective/Not Working,91.74,2
RET003424,ORD0009951,ITM0017062,P001,Wireless Earbuds Pro,Novatech Supply,Audio,2024-12-30,Defective/Not Working,44.77,1
RET003425,ORD0009960,ITM0017076,P016,27in Monitor 4K,BrightGadgets,,2023-02-01,Wrong Item Sent,244.97,1
RET003426,ORD0009960,ITM0017077,P020,Laptop Cooling Pad,BrightGadgets,Accessories,2023-02-01,Defective/Not Working,28.12,1
RET003427,ORD0009962,ITM0017081,P001,Wireless Earbuds Pro,Novatech Supply,Audio,2023-11-24,Changed Mind,98.33,2
RET003428,ORD0009971,ITM0017093,P001,Wireless Earbuds Pro,Novatech Supply,Audio,2023-09-06,Defective/Not Working,47.28,1
RET003429,ORD0009974,ITM0017096,P004,Smart Plug 4-Pack,novatech supply,Smart Home,2025-01-01,Poor Quality,68.91,2
RET003430,ORD0009976,ITM0017101,P022,Laptop Sleeve 15in,ValueSource Co,Accessories,2023-04-11,Defective/Not Working,19.05,1
RET003431,ORD0009978,ITM0017105,P004,Smart Plug 4-Pack,novatech supply,Smart Home,2024-09-09,Defective/Not Working,34.13,1
RET003432,ORD0009991,ITM0017127,P008,Power Bank 20000mAh,Techcore Ltd,Accessories,2023-09-14,Defective/Not Working,11.22,1
RET003433,ORD0009992,ITM0017128,P001,Wireless Earbuds Pro,Novatech Supply,Audio,2024-01-15,,33.23,1
RET003434,ORD0009993,ITM0017129,P004,Smart Plug 4-Pack,novatech supply,Smart Home,2024-05-26,Wrong Item Sent,33.93,1
RET003435,ORD0009996,ITM0017135,P007,Webcam 1080p HD,Tech Core Ltd,Peripherals,2025-01-14,,38.88,1
RET003436,ORD0010001,ITM0017145,P012,Gaming Mouse RGB,Elite components,Peripherals,2022-10-23,Defective/Not Working,42.38,1
RET003437,ORD0010003,ITM0017151,P010,Noise Cancel Headphones,TechCore Ltd,Audio,2023-01-26,Defective/Not Working,35.08,1
RET003438,ORD0010004,ITM0017152,P001,Wireless Earbuds Pro,Novatech Supply,Audio,2023-03-29,Poor Quality,38.04,1
RET003439,ORD0010010,ITM0017165,P002,Bluetooth Speaker Mini,NovaTech Supply,Audio,2023-08-20,Defective/Not Working,49.89,1
RET003440,ORD0010012,ITM0017170,P002,Bluetooth Speaker Mini,NovaTech Supply,Audio,2023-09-13,Wrong Item Sent,109.23,2
RET003441,ORD0010016,ITM0017178,P005,USB-C Hub 7-in-1,Techcore Ltd,Accessories,2024-02-27,Wrong Item Sent,101.41,3
RET003442,ORD0010020,ITM0017183,P007,Webcam 1080p HD,TechCore Ltd,Peripherals,2024-08-26,Defective/Not Working,50.27,1
RET003443,ORD0010024,ITM0017189,P025,Screen Cleaning Kit,ValueSource Co,Accessories,2022-11-24,Defective/Not Working,7.21,1
RET003444,ORD0010025,ITM0017190,P002,Bluetooth Speaker Mini,NovaTech Supply,Audio,2023-04-09,Defective/Not Working,58.28,1
RET003445,ORD0010031,ITM0017199,P016,27in Monitor 4K,Bright Gadgets,Displays,2024-04-15,Not as Described,266.99,1
RET003446,ORD0010031,ITM0017200,P016,27in Monitor 4K,BrightGadgets,Displays,2024-04-07,Changed Mind,260.06,1
RET003447,ORD0010032,ITM0017201,P005,USB-C Hub 7-in-1,TechCore Ltd,Accessories,2024-04-29,Not as Described,53.11,2
RET003448,ORD0010032,ITM0017202,P004,Smart Plug 4-Pack,novatech supply,Smart Home,2024-05-21,Defective/Not Working,26.44,1
RET003449,ORD0010038,ITM0017209,P021,VR Headset Standalone,brightgadgets,Gaming,2022-12-11,Defective/Not Working,255.85,1
RET003450,ORD0010044,ITM0017220,P023,Cable Management Kit,ValueSource Co,Accessories,2024-01-02,Defective/Not Working,9.93,1
RET003451,ORD0010045,ITM0017221,P002,Bluetooth Speaker Mini,novatech supply,,2024-07-14,Defective/Not Working,41.24,1
RET003452,ORD0010056,ITM0017244,P001,Wireless Earbuds Pro,Novatech Supply,Audio,2024-11-21,,35.99,1
RET003453,ORD0010058,ITM0017249,P001,Wireless Earbuds Pro,Novatech Supply,Audio,2024-04-20,Arrived Damaged,88.79,2
RET003454,ORD0010059,ITM0017251,P013,Portable SSD 1TB,EliteComponents,Storage,2024-12-29,Arrived Damaged,86.58,1
RET003455,ORD0010060,ITM0017253,P029,Thermal Paste Premium,EliteComponents,PC Parts,2024-12-07,Not as Described,7.41,1
RET003456,ORD0010061,ITM0017258,P004,Smart Plug 4-Pack,novatech supply,Smart Home,2023-09-27,Not as Described,66.2,2
RET003457,ORD0010063,ITM0017262,P016,27in Monitor 4K,BrightGadgets,Displays,2023-11-24,Defective/Not Working,304.99,1
RET003458,ORD0010068,ITM0017271,P007,Webcam 1080p HD,TechCore Ltd,Peripherals,2022-12-04,Poor Quality,161.35,3
RET003459,ORD0010070,ITM0017276,P006,Laptop Stand Aluminium,TechCore Ltd,Accessories,2024-04-07,Defective/Not Working,39.88,1
RET003460,ORD0010072,ITM0017281,P006,Laptop Stand Aluminium,TechCore Ltd,Accessories,2022-09-23,Defective/Not Working,32.65,1
RET003461,ORD0010073,ITM0017287,P014,Docking Station USB-C,EliteComponents,Accessories,2023-11-17,Changed Mind,106.87,1
RET003462,ORD0010074,ITM0017289,P001,Wireless Earbuds Pro,Novatech Supply,Audio,2022-09-29,Defective/Not Working,91.79,2
RET003463,ORD0010076,ITM0017292,P001,Wireless Earbuds Pro,Novatech Supply,Audio,2024-11-28,Defective/Not Working,97.98,2
RET003464,ORD0010078,ITM0017294,P001,Wireless Earbuds Pro,novatech supply,Audio,2024-11-19,Defective/Not Working,49.01,1
RET003465,ORD0010085,ITM0017305,P001,Wireless Earbuds Pro,Novatech Supply,Audio,2023-06-25,Defective/Not Working,41.15,1
RET003466,ORD0010089,ITM0017311,P016,27in Monitor 4K,BrightGadgets,Displays,2023-02-19,Defective/Not Working,598.08,2
RET003467,ORD0010100,ITM0017329,P018,Action Camera 4K,Bright gadgets,Cameras,2023-01-10,Defective/Not Working,155.03,1
RET003468,ORD0010103,ITM0017333,P002,Bluetooth Speaker Mini,NovaTech Supply,Audio,2024-11-28,Defective/Not Working,47.42,1
RET003469,ORD0010105,ITM0017337,P008,Power Bank 20000mAh,Techcore Ltd,Accessories,2023-11-01,Defective/Not Working,28.92,3
RET003470,ORD0010106,ITM0017339,P025,Screen Cleaning Kit,ValueSource Co,Accessories,2023-11-10,Wrong Item Sent,7.18,1
RET003471,ORD0010111,ITM0017347,P026,HDMI Cable 2m,ValueSource Co,Accessories,2023-09-09,Defective/Not Working,8.13,1
RET003472,ORD0010112,ITM0017350,P002,Bluetooth Speaker Mini,NovaTech Supply,Audio,2024-08-21,Not as Described,46.86,1
RET003473,ORD0010116,ITM0017357,P002,Bluetooth Speaker Mini,NovaTech Supply,Audio,2022-06-25,Defective/Not Working,108.26,2
RET003474,ORD0010126,ITM0017368,P002,Bluetooth Speaker Mini,NovaTech Supply,Audio,2023-09-23,Changed Mind,43.09,1
RET003475,ORD0010129,ITM0017373,P001,Wireless Earbuds Pro,Novatech Supply,Audio,2023-12-28,Arrived Damaged,44.73,1
RET003476,ORD0010131,ITM0017375,P005,USB-C Hub 7-in-1,TECHCORE LTD,Accessories,2024-01-12,Not as Described,62.2,2
RET003477,ORD0010133,ITM0017379,P002,Bluetooth Speaker Mini,NovaTech Supply,Audio,2024-06-04,Defective/Not Working,113.93,2
RET003478,ORD0010141,ITM0017392,P001,Wireless Earbuds Pro,Novatech Supply,Audio,2024-04-21,Defective/Not Working,49.88,1
RET003479,ORD0010149,ITM0017407,P005,USB-C Hub 7-in-1,TechCore Ltd,Accessories,2022-11-30,Changed Mind,98.8,3
RET003480,ORD0010149,ITM0017408,P008,Power Bank 20000mAh,Techcore Ltd,Accessories,2022-11-23,Not as Described,10.58,1
RET003481,ORD0010154,ITM0017417,P026,HDMI Cable 2m,ValueSource Co,Accessories,2023-04-06,Changed Mind,8.88,1
RET003482,ORD0010154,ITM0017418,P002,Bluetooth Speaker Mini,NovaTech Supply,Audio,2023-03-19,Arrived Damaged,58.99,1
RET003483,ORD0010157,ITM0017422,P008,Power Bank 20000mAh,Techcore Ltd,Accessories,2021-01-10,Not as Described,11.29,1
RET003484,ORD0010157,ITM0017424,P016,27in Monitor 4K,brightgadgets,Displays,2024-12-27,Not as Described,298.01,1
RET003485,ORD0010170,ITM0017447,P004,Smart Plug 4-Pack,novatech supply,Smart Home,2023-01-13,Defective/Not Working,34.61,1
RET003486,ORD0010171,ITM0017450,P001,Wireless Earbuds Pro,Novatech Supply,Audio,2023-08-29,Wrong Item Sent,49.31,1
RET003487,ORD0010178,ITM0017459,P004,Smart Plug 4-Pack,novatech supply,Smart Home,2023-10-19,Defective/Not Working,29.01,1
RET003488,ORD0010181,ITM0017464,P005,USB-C Hub 7-in-1,TechCore Ltd,Accessories,2024-06-08,Defective/Not Working,64.39,2
RET003489,ORD0010183,ITM0017467,P009,Desk Pad XL,Techcore Ltd,Accessories,2024-08-21,Changed Mind,54.88,2
RET003490,ORD0010185,ITM0017470,P003,Smart Watch Fitness,Nova Tech Supply,Wearables,2024-10-28,Not as Described,134.41,1
RET003491,ORD0010186,ITM0017471,P002,Bluetooth Speaker Mini,NovaTech Supply,Audio,2024-11-26,Defective/Not Working,57.23,1
RET003492,ORD0010187,ITM0017472,P007,Webcam 1080p HD,TechCore Ltd,Peripherals,2023-11-23,Defective/Not Working,48.61,1
RET003493,ORD0010196,ITM0017486,P001,Wireless Earbuds Pro,Novatech Supply,Audio,2024-08-27,Defective/Not Working,44.3,1
RET003494,ORD0010200,ITM0017495,P004,Smart Plug 4-Pack,novatech supply,Smart Home,2024-01-02,Not as Described,33.46,1
RET003495,ORD0010207,ITM0017507,P004,Smart Plug 4-Pack,novatech supply,Smart Home,2024-11-13,Defective/Not Working,71.38,3
RET003496,ORD0010212,ITM0017516,P002,Bluetooth Speaker Mini,NovaTech Supply,Audio,2023-05-14,Defective/Not Working,40.77,1
RET003497,ORD0010213,ITM0017517,P027,Cable Clips Pack 50,ValueSource Co,Accessories,2023-06-10,Poor Quality,9.71,2
RET003498,ORD0010215,ITM0017519,P002,Bluetooth Speaker Mini,NovaTech Supply,Audio,2023-11-04,Changed Mind,55.8,1
RET003499,ORD0010224,ITM0017529,P022,Laptop Sleeve 15in,Valuesource Co,Accessories,2025-01-15,Defective/Not Working,16.57,1
RET003500,ORD0010227,ITM0017534,P019,Ring Light 10in,brightgadgets,Lighting,2023-07-15,Changed Mind,50.0,1
RET003501,ORD0010230,ITM0017541,P002,Bluetooth Speaker Mini,NovaTech Supply,Audio,2023-07-18,Defective/Not Working,43.89,1
RET003502,ORD0010250,ITM0017567,P021,VR Headset Standalone,brightgadgets,Gaming,2023-12-05,Wrong Item Sent,285.05,1
RET003503,ORD0010256,ITM0017578,P026,HDMI Cable 2m,Value Source Co,Accessories,2023-08-09,Not as Described,8.62,1
RET003504,ORD0010258,ITM0017580,P002,Bluetooth Speaker Mini,NovaTech Supply,Audio,2023-08-18,Not as Described,56.32,1
RET003505,ORD0010262,ITM0017587,P022,Laptop Sleeve 15in,ValueSource Co,Accessories,2024-04-08,Not as Described,14.33,1
RET003506,ORD0010266,ITM0017596,P026,HDMI Cable 2m,ValueSource Co,Accessories,2024-10-15,,7.98,1
RET003507,ORD0010267,ITM0017597,P020,Laptop Cooling Pad,BrightGadgets,Accessories,2024-12-28,Not as Described,30.12,1
RET003508,ORD0010268,ITM0017599,P004,Smart Plug 4-Pack,novatech supply,Smart Home,2024-12-05,Defective/Not Working,28.9,1
RET003509,ORD0010273,ITM0017609,P001,Wireless Earbuds Pro,Novatech Supply,Audio,2023-11-12,Wrong Item Sent,48.14,1
RET003510,ORD0010274,ITM0017610,P002,Bluetooth Speaker Mini,Novatech Supply,Audio,2023-12-13,Defective/Not Working,59.58,1
RET003511,ORD0010274,ITM0017612,P001,Wireless Earbuds Pro,Novatech Supply,Audio,2023-11-30,Not as Described,47.47,1
RET003512,ORD0010275,ITM0017614,P016,27in Monitor 4K,BrightGadgets,Displays,2023-12-15,Not as Described,290.38,1
RET003513,ORD0010283,ITM0017626,P002,Bluetooth Speaker Mini,NovaTech Supply,Audio,2024-12-10,Defective/Not Working,53.16,1
RET003514,ORD0010284,ITM0017630,P015,Microphone USB Condenser,Elite Components,Audio,2024-12-20,Wrong Item Sent,99.75,1
RET003515,ORD0010285,ITM0017632,P030,Webcam 4K Pro,TechCore Ltd,Peripherals,2022-03-26,Not as Described,130.21,1
RET003516,ORD0010292,ITM0017645,P002,Bluetooth Speaker Mini,NovaTech Supply,Audio,2024-05-29,Not as Described,55.84,1
RET003517,ORD0010295,ITM0017649,P002,Bluetooth Speaker Mini,NovaTech Supply,Audio,2024-10-16,Defective/Not Working,106.05,2
RET003518,ORD0010296,ITM0017652,P021,VR Headset Standalone,brightgadgets,Gaming,2024-11-14,Defective/Not Working,270.16,1
RET003519,ORD0010298,ITM0017654,P001,Wireless Earbuds Pro,Novatech Supply,Audio,2024-06-22,Poor Quality,47.08,1
RET003520,ORD0010311,ITM0017676,P023,Cable Management Kit,ValueSource Co,Accessories,2023-06-25,Defective/Not Working,35.27,3
RET003521,ORD0010312,ITM0017680,P024,Phone Stand Adjustable,Value Source Co,Accessories,2023-07-24,Arrived Damaged,9.87,1
RET003522,ORD0010317,ITM0017688,P001,Wireless Earbuds Pro,Novatech Supply,Audio,2024-10-25,Not as Described,46.99,1
RET003523,ORD0010317,ITM0017690,P002,Bluetooth Speaker Mini,novatech supply,Audio,2024-11-01,Arrived Damaged,56.62,1
RET003524,ORD0010335,ITM0017723,P003,Smart Watch Fitness,Nova Tech Supply,Wearables,2023-02-06,Defective/Not Working,127.63,1
RET003525,ORD0010340,ITM0017731,P017,Smart LED Desk Lamp,BrightGadgets,Lighting,2024-03-03,Defective/Not Working,40.26,1
RET003526,ORD0010343,ITM0017737,P002,Bluetooth Speaker Mini,NovaTech Supply,Audio,2025-01-22,Not as Described,41.8,1
RET003527,ORD0010344,ITM0017738,P005,USB-C Hub 7-in-1,TechCore Ltd,Accessories,2022-04-05,Changed Mind,57.47,2
RET003528,ORD0010357,ITM0017765,P022,Laptop Sleeve 15in,ValueSource Co,Accessories,2024-02-28,Defective/Not Working,19.68,1
RET003529,ORD0010359,ITM0017767,P027,Cable Clips Pack 50,ValueSource Co,Accessories,2024-05-14,Changed Mind,4.2,1
RET003530,ORD0010361,ITM0017769,P002,Bluetooth Speaker Mini,Novatech Supply,Audio,2024-05-28,Defective/Not Working,54.43,1
RET003531,ORD0010370,ITM0017783,P004,Smart Plug 4-Pack,novatech supply,Smart Home,2023-02-19,Changed Mind,34.05,1
RET003532,ORD0010373,ITM0017789,P001,Wireless Earbuds Pro,Novatech Supply,Audio,2024-08-19,Defective/Not Working,149.72,3
RET003533,ORD0010376,ITM0017793,P026,HDMI Cable 2m,ValueSource Co,Accessories,2024-11-05,Defective/Not Working,8.87,1
RET003534,ORD0010379,ITM0017798,P002,Bluetooth Speaker Mini,NovaTech Supply,Audio,2023-04-20,Defective/Not Working,59.8,1
RET003535,ORD0010382,ITM0017801,P001,Wireless Earbuds Pro,Novatech Supply,Audio,2023-07-22,Defective/Not Working,44.28,1
RET003536,ORD0010384,ITM0017803,P001,Wireless Earbuds Pro,Novatech Supply,Audio,2023-10-29,Defective/Not Working,40.76,1
RET003537,ORD0010387,ITM0017808,P001,Wireless Earbuds Pro,Novatech Supply,Audio,2024-12-03,Defective/Not Working,42.35,1
RET003538,ORD0010388,ITM0017809,P024,Phone Stand Adjustable,ValueSource,Accessories,2023-01-03,Changed Mind,9.36,1
RET003539,ORD0010394,ITM0017818,P002,Bluetooth Speaker Mini,NovaTech Supply,Audio,2024-07-08,Arrived Damaged,55.69,1
RET003540,ORD0010397,ITM0017825,P002,Bluetooth Speaker Mini,NovaTech Supply,Audio,2023-01-07,Wrong Item Sent,115.9,2
RET003541,ORD0010398,ITM0017826,P002,Bluetooth Speaker Mini,NovaTech Supply,Audio,2023-05-06,Defective/Not Working,140.07,3
RET003542,ORD0010400,ITM0017829,P012,Gaming Mouse RGB,Elite components,Peripherals,2022-05-03,Poor Quality,80.82,2
RET003543,ORD0010409,ITM0017843,P001,Wireless Earbuds Pro,Novatech Supply,Audio,2024-12-30,Defective/Not Working,49.54,1
RET003544,ORD0010413,ITM0017848,P002,Bluetooth Speaker Mini,NovaTech Supply,Audio,2022-06-15,Not as Described,48.77,1
RET003545,ORD0010414,ITM0017853,P002,Bluetooth Speaker Mini,Novatech Supply,Audio,2024-06-30,Changed Mind,52.92,1
RET003546,ORD0010424,ITM0017868,P001,Wireless Earbuds Pro,Novatech Supply,Audio,2023-10-10,Defective/Not Working,48.17,1
RET003547,ORD0010434,ITM0017878,P007,Webcam 1080p HD,TechCore Ltd,Peripherals,2024-02-07,Not as Described,40.15,1
RET003548,ORD0010434,ITM0017880,P001,Wireless Earbuds Pro,Novatech Supply,Audio,2024-02-13,Defective/Not Working,37.09,1
RET003549,ORD0010435,ITM0017881,P027,Cable Clips Pack 50,ValueSource Co,Accessories,2024-09-14,Defective/Not Working,9.17,2
RET003550,ORD0010435,ITM0017883,P003,Smart Watch Fitness,Novatech Supply,Wearables,2024-09-16,Changed Mind,108.81,1
RET003551,ORD0010444,ITM0017894,P025,Screen Cleaning Kit,ValueSource Co,Accessories,2023-01-30,Changed Mind,7.08,1
RET003552,ORD0010446,ITM0017903,P002,Bluetooth Speaker Mini,NovaTech Supply,Audio,2024-11-26,Defective/Not Working,54.1,1
RET003553,ORD0010460,ITM0017926,P010,Noise Cancel Headphones,TechCore Ltd,Audio,2024-05-30,Poor Quality,36.98,1
RET003554,ORD0010463,ITM0017931,P001,Wireless Earbuds Pro,Novatech Supply,Audio,2023-06-25,Defective/Not Working,45.2,1
RET003555,ORD0010467,ITM0017941,P020,Laptop Cooling Pad,BrightGadgets,Accessories,2022-11-27,Poor Quality,27.92,1
RET003556,ORD0010478,ITM0017960,P004,Smart Plug 4-Pack,novatech supply,Smart Home,2024-01-19,Defective/Not Working,30.11,1
RET003557,ORD0010482,ITM0017969,P016,27in Monitor 4K,BrightGadgets,Displays,2024-12-21,Arrived Damaged,514.63,2
RET003558,ORD0010482,ITM0017970,P019,Ring Light 10in,BrightGadgets,Lighting,2024-12-22,Not as Described,45.87,1
RET003559,ORD0010483,ITM0017972,P002,Bluetooth Speaker Mini,NovaTech Supply,Audio,2024-12-28,Defective/Not Working,58.71,1
RET003560,ORD0010484,ITM0017976,P027,Cable Clips Pack 50,ValueSource Co,Accessories,2022-12-10,Wrong Item Sent,3.95,1
RET003561,ORD0010487,ITM0017980,P002,Bluetooth Speaker Mini,NovaTech Supply,Audio,2024-08-17,Defective/Not Working,54.27,1
RET003562,ORD0010494,ITM0017989,P002,Bluetooth Speaker Mini,NovaTech Supply,Audio,2024-05-25,Defective/Not Working,57.4,1
RET003563,ORD0010495,ITM0017991,P026,HDMI Cable 2m,ValueSource Co,Accessories,2024-10-09,Not as Described,8.86,1
RET003564,ORD0010503,ITM0018002,P001,Wireless Earbuds Pro,Novatech Supply,Audio,2024-04-30,Wrong Item Sent,49.33,1
RET003565,ORD0010511,ITM0018012,P004,Smart Plug 4-Pack,novatech supply,Smart Home,2024-11-24,Defective/Not Working,32.55,1
RET003566,ORD0010517,ITM0018027,P025,Screen Cleaning Kit,ValueSource Co,Accessories,2023-11-24,Wrong Item Sent,14.18,2
RET003567,ORD0010521,ITM0018032,P001,Wireless Earbuds Pro,Novatech Supply,Audio,2024-04-14,Defective/Not Working,39.87,1
RET003568,ORD0010521,ITM0018033,P006,Laptop Stand Aluminium,TechCore Ltd,Accessories,2024-04-14,Defective/Not Working,99.07,3
RET003569,ORD0010521,ITM0018035,P002,Bluetooth Speaker Mini,NovaTech Supply,Audio,2024-03-28,Not as Described,48.89,1
RET003570,ORD0010523,ITM0018038,P022,Laptop Sleeve 15in,ValueSource Co,Accessories,2024-08-25,Poor Quality,18.58,1
RET003571,ORD0010534,ITM0018057,P003,Smart Watch Fitness,Nova Tech Supply,Wearables,2022-08-05,Defective/Not Working,139.36,1
RET003572,ORD0010540,ITM0018064,P002,Bluetooth Speaker Mini,NovaTech Supply,Audio,2022-10-26,Not as Described,53.33,1
RET003573,ORD0010540,ITM0018065,P016,27in Monitor 4K,BrightGadgets,Displays,2022-11-07,Defective/Not Working,1467.52,1
RET003574,ORD0010542,ITM0018067,P019,Ring Light 10in,BrightGadgets,Lighting,2023-06-20,Defective/Not Working,48.13,1
RET003575,ORD0010543,ITM0018071,P006,Laptop Stand Aluminium,TechCore Ltd,,2023-07-12,Changed Mind,38.41,1
RET003576,ORD0010547,ITM0018078,P004,Smart Plug 4-Pack,novatech supply,Smart Home,2024-10-10,Not as Described,34.06,1
RET003577,ORD0010551,ITM0018083,P003,Smart Watch Fitness,Novatech Supply,Wearables,2022-07-22,Defective/Not Working,137.37,1
RET003578,ORD0010556,ITM0018093,P013,Portable SSD 1TB,EliteComponents,Storage,2024-05-07,Defective/Not Working,80.92,1
RET003579,ORD0010558,ITM0018098,P010,Noise Cancel Headphones,TechCore Ltd,Audio,2024-07-17,Not as Described,37.76,1
RET003580,ORD0010562,ITM0018107,P005,USB-C Hub 7-in-1,TechCore Ltd,Accessories,2024-02-02,Changed Mind,92.66,3
RET003581,ORD0010566,ITM0018111,P027,Cable Clips Pack 50,ValueSource Co,Accessories,2023-12-05,,11.06,2
RET003582,ORD0010572,ITM0018122,P001,Wireless Earbuds Pro,Novatech Supply,Audio,2022-09-18,Not as Described,33.56,1
RET003583,ORD0010573,ITM0018126,P006,Laptop Stand Aluminium,TechCore Ltd,Accessories,2022-10-12,Arrived Damaged,37.97,1
RET003584,ORD0010583,ITM0018143,P002,Bluetooth Speaker Mini,NovaTech Supply,Audio,2024-10-12,Defective/Not Working,119.63,2
RET003585,ORD0010583,ITM0018144,P004,Smart Plug 4-Pack,novatech supply,Smart Home,2024-10-13,Defective/Not Working,61.82,2
RET003586,ORD0010585,ITM0018149,P006,Laptop Stand Aluminium,Tech Core Ltd,Accessories,2024-09-22,Not as Described,61.03,2
RET003587,ORD0010587,ITM0018151,P016,27in Monitor 4K,BrightGadgets,Displays,2024-11-01,Not as Described,316.6,1
RET003588,ORD0010589,ITM0018155,P026,HDMI Cable 2m,ValueSource Co,Accessories,2024-11-25,Changed Mind,17.73,2
RET003589,ORD0010590,ITM0018156,P002,Bluetooth Speaker Mini,NovaTech Supply,Audio,2024-12-16,Defective/Not Working,44.18,1
RET003590,ORD0010591,ITM0018157,P016,27in Monitor 4K,BrightGadgets,Displays,2023-12-25,Defective/Not Working,919.5,3
RET003591,ORD0010597,ITM0018164,P020,Laptop Cooling Pad,brightgadgets,Accessories,2024-06-17,Wrong Item Sent,31.56,1
RET003592,ORD0010601,ITM0018173,P001,Wireless Earbuds Pro,Novatech Supply,Audio,2024-11-14,Not as Described,90.49,2
RET003593,ORD0010608,ITM0018185,P016,27in Monitor 4K,BRIGHTGADGETS,Displays,2023-04-26,Poor Quality,283.38,1
RET003594,ORD0010612,ITM0018192,P002,Bluetooth Speaker Mini,NovaTech Supply,Audio,2023-11-20,Defective/Not Working,110.35,2
RET003595,ORD0010615,ITM0018196,P001,Wireless Earbuds Pro,Novatech Supply,Audio,2024-03-05,Arrived Damaged,39.05,1
RET003596,ORD0010616,ITM0018197,P012,Gaming Mouse RGB,Elite components,Peripherals,2024-05-06,Not as Described,40.83,1
RET003597,ORD0010617,ITM0018199,P009,Desk Pad XL,TechCore Ltd,Accessories,2024-06-01,Changed Mind,28.53,1
RET003598,ORD0010618,ITM0018200,P002,Bluetooth Speaker Mini,NovaTech Supply,Audio,2024-07-28,Defective/Not Working,55.82,1
RET003599,ORD0010630,ITM0018220,P017,Smart LED Desk Lamp,BrightGadgets,Lighting,2024-12-18,Changed Mind,34.37,1
RET003600,ORD0010631,ITM0018221,P024,Phone Stand Adjustable,Value Source Co,Accessories,2024-12-23,Wrong Item Sent,9.76,1
RET003601,ORD0010633,ITM0018225,P012,Gaming Mouse RGB,Elite components,Peripherals,2023-09-19,Defective/Not Working,88.19,2
RET003602,ORD0010636,ITM0018235,P004,Smart Plug 4-Pack,novatech supply,Smart Home,2024-07-01,Changed Mind,46.57,2
RET003603,ORD0010639,ITM0018238,P025,Screen Cleaning Kit,ValueSource Co,Accessories,2024-12-12,Wrong Item Sent,7.89,1
RET003604,ORD0010645,ITM0018247,P016,27in Monitor 4K,BrightGadgets,Displays,2024-02-11,Defective/Not Working,630.65,2
RET003605,ORD0010646,ITM0018249,P013,Portable SSD 1TB,EliteComponents,Storage,2024-08-19,Poor Quality,69.85,1
RET003606,ORD0010647,ITM0018252,P003,Smart Watch Fitness,Novatech Supply,Wearables,2024-09-03,Wrong Item Sent,127.53,1
RET003607,ORD0010650,ITM0018256,P004,Smart Plug 4-Pack,novatech supply,Smart Home,2023-11-18,Defective/Not Working,34.81,1
RET003608,ORD0010654,ITM0018263,P001,Wireless Earbuds Pro,Novatech Supply,Audio,2024-05-20,Defective/Not Working,67.67,2
RET003609,ORD0010654,ITM0018264,P019,Ring Light 10in,Bright gadgets,Lighting,2024-05-13,Changed Mind,39.49,1
RET003610,ORD0010655,ITM0018265,P004,Smart Plug 4-Pack,novatech supply,Smart Home,2024-08-14,Wrong Item Sent,29.46,1
RET003611,ORD0010655,ITM0018267,P025,Screen Cleaning Kit,ValueSource Co,Accessories,2024-08-10,Wrong Item Sent,6.54,1
RET003612,ORD0010656,ITM0018268,P001,Wireless Earbuds Pro,Novatech Supply,Audio,2024-10-24,Defective/Not Working,145.86,3
RET003613,ORD0010665,ITM0018287,P007,Webcam 1080p HD,TechCore Ltd,,2024-11-18,Not as Described,48.97,1
RET003614,ORD0010676,ITM0018305,P004,Smart Plug 4-Pack,novatech supply,Smart Home,2024-12-09,Not as Described,34.46,1
RET003615,ORD0010679,ITM0018310,P004,Smart Plug 4-Pack,novatech supply,Smart Home,2023-12-16,Changed Mind,65.48,2
RET003616,ORD0010687,ITM0018325,P016,27in Monitor 4K,BrightGadgets,Displays,2024-11-12,Not as Described,305.23,1
RET003617,ORD0010694,ITM0018341,P002,Bluetooth Speaker Mini,NovaTech Supply,Audio,2023-05-16,Defective/Not Working,55.92,1
RET003618,ORD0010720,ITM0018387,P002,Bluetooth Speaker Mini,NovaTech Supply,Audio,2024-04-05,Defective/Not Working,45.69,1
RET003619,ORD0010722,ITM0018390,P001,Wireless Earbuds Pro,Novatech Supply,Audio,2022-11-04,Wrong Item Sent,92.15,2
RET003620,ORD0010727,ITM0018398,P004,Smart Plug 4-Pack,novatech supply,Smart Home,2023-07-19,Defective/Not Working,62.38,2
RET003621,ORD0010728,ITM0018399,P018,Action Camera 4K,Bright gadgets,Cameras,2023-07-29,Defective/Not Working,152.43,1
RET003622,ORD0010729,ITM0018400,P001,Wireless Earbuds Pro,Novatech Supply,Audio,2023-08-24,Defective/Not Working,42.96,1
RET003623,ORD0010733,ITM0018409,P025,Screen Cleaning Kit,ValueSource Co,Accessories,2023-09-14,Not as Described,7.95,1
RET003624,ORD0010734,ITM0018410,P025,Screen Cleaning Kit,ValueSource Co,Accessories,2023-10-28,Arrived Damaged,7.48,1
RET003625,ORD0010735,ITM0018416,P028,Gaming Chair Ergonomic,ValueSource Co,Furniture,2024-09-26,Arrived Damaged,333.26,1
RET003626,ORD0010741,ITM0018428,P002,Bluetooth Speaker Mini,NovaTech Supply,Audio,2024-09-22,Changed Mind,59.54,1
RET003627,ORD0010743,ITM0018434,P003,Smart Watch Fitness,Nova Tech Supply,Wearables,2023-04-01,Defective/Not Working,238.74,2
RET003628,ORD0010748,ITM0018442,P025,Screen Cleaning Kit,ValueSource Co,Accessories,2024-12-16,Changed Mind,5.26,1
RET003629,ORD0010751,ITM0018448,P004,Smart Plug 4-Pack,novatech supply,Smart Home,2022-11-14,Defective/Not Working,33.15,1
RET003630,ORD0010753,ITM0018452,P025,Screen Cleaning Kit,ValueSource Co,Accessories,2023-04-23,Defective/Not Working,7.47,1
RET003631,ORD0010754,ITM0018454,P002,Bluetooth Speaker Mini,NovaTech Supply,Audio,2023-07-15,Defective/Not Working,49.68,1
RET003632,ORD0010757,ITM0018457,P004,Smart Plug 4-Pack,novatech supply,Smart Home,2024-05-31,Arrived Damaged,32.45,1
RET003633,ORD0010760,ITM0018461,P028,Gaming Chair Ergonomic,ValueSource Co,Furniture,2024-07-30,Defective/Not Working,335.2,1
RET003634,ORD0010762,ITM0018464,P016,27in Monitor 4K,BrightGadgets,Displays,2024-10-12,Arrived Damaged,258.31,1
RET003635,ORD0010762,ITM0018465,P011,Mechanical Keyboard TKL,ELITECOMPONENTS,Peripherals,2024-10-23,Defective/Not Working,152.2,2
RET003636,ORD0010764,ITM0018469,P004,Smart Plug 4-Pack,novatech supply,Smart Home,2023-08-26,Defective/Not Working,30.6,1
RET003637,ORD0010773,ITM0018484,P009,Desk Pad XL,TechCore Ltd,Accessories,2023-09-14,Defective/Not Working,20.6,1
RET003638,ORD0010778,ITM0018492,P002,Bluetooth Speaker Mini,NovaTech Supply,Audio,2023-07-21,Wrong Item Sent,54.46,1
RET003639,ORD0010779,ITM0018495,P002,Bluetooth Speaker Mini,NovaTech Supply,Audio,2023-08-02,Defective/Not Working,41.71,1
RET003640,ORD0010784,ITM0018504,P001,Wireless Earbuds Pro,Novatech Supply,Audio,2024-07-01,Defective/Not Working,44.95,1
RET003641,ORD0010791,ITM0018516,P004,Smart Plug 4-Pack,novatech supply,Smart Home,2024-07-08,Poor Quality,31.96,1
RET003642,ORD0010795,ITM0018520,P001,Wireless Earbuds Pro,Novatech Supply,Audio,2022-07-07,Defective/Not Working,46.19,1
RET003643,ORD0010798,ITM0018527,P002,Bluetooth Speaker Mini,NovaTech Supply,Audio,2024-09-13,Defective/Not Working,47.79,1
RET003644,ORD0010805,ITM0018540,P022,Laptop Sleeve 15in,ValueSource Co,Accessories,2022-12-09,Defective/Not Working,13.96,1
RET003645,ORD0010808,ITM0018544,P003,Smart Watch Fitness,Nova Tech Supply,Wearables,2023-10-07,Defective/Not Working,252.99,2
RET003646,ORD0010813,ITM0018553,P001,Wireless Earbuds Pro,Novatech Supply,Audio,2023-08-04,Arrived Damaged,47.36,1
RET003647,ORD0010816,ITM0018560,P011,Mechanical Keyboard TKL,EliteComponents,Peripherals,2024-09-19,Poor Quality,82.63,1
RET003648,ORD0010818,ITM0018564,P001,Wireless Earbuds Pro,Novatech Supply,Audio,2024-10-18,Defective/Not Working,47.12,1
RET003649,ORD0010822,ITM0018573,P021,VR Headset Standalone,brightgadgets,Gaming,2023-03-18,Not as Described,226.92,1
RET003650,ORD0010823,ITM0018574,P002,Bluetooth Speaker Mini,NovaTech Supply,Audio,2023-07-07,Arrived Damaged,53.56,1
RET003651,ORD0010827,ITM0018580,P001,Wireless Earbuds Pro,Novatech Supply,Audio,2023-04-16,Defective/Not Working,48.81,1
RET003652,ORD0010829,ITM0018585,P004,Smart Plug 4-Pack,novatech supply,Smart Home,2023-11-01,Defective/Not Working,33.61,1
RET003653,ORD0010842,ITM0018603,P016,27in Monitor 4K,BrightGadgets,Displays,2024-08-11,Defective/Not Working,291.45,1
RET003654,ORD0010855,ITM0018623,P017,Smart LED Desk Lamp,BrightGadgets,Lighting,2024-08-20,Changed Mind,32.83,1
RET003655,ORD0010856,ITM0018626,P005,USB-C Hub 7-in-1,TechCore Ltd,Accessories,2024-09-02,Defective/Not Working,26.0,1
RET003656,ORD0010860,ITM0018633,P001,Wireless Earbuds Pro,Novatech Supply,Audio,2024-09-03,Not as Described,36.81,1
RET003657,ORD0010862,ITM0018638,P015,Microphone USB Condenser,Elite Components,Audio,2023-06-05,Wrong Item Sent,95.26,1
RET003658,ORD0010872,ITM0018655,P027,Cable Clips Pack 50,ValueSource Co,Accessories,2023-05-13,Defective/Not Working,4.67,1
RET003659,ORD0010873,ITM0018656,P003,Smart Watch Fitness,Novatech Supply,Wearables,2024-10-18,Defective/Not Working,125.47,1
RET003660,ORD0010876,ITM0018662,P006,Laptop Stand Aluminium,TechCore Ltd,Accessories,2024-12-20,Not as Described,35.28,1
RET003661,ORD0010883,ITM0018678,P011,Mechanical Keyboard TKL,EliteComponents,Peripherals,2023-05-17,Defective/Not Working,72.64,1
RET003662,ORD0010884,ITM0018679,P005,USB-C Hub 7-in-1,TechCore Ltd,Accessories,2023-05-31,Defective/Not Working,32.14,1
RET003663,ORD0010885,ITM0018682,P002,Bluetooth Speaker Mini,NovaTech Supply,Audio,2024-08-16,Defective/Not Working,56.32,1
RET003664,ORD0010886,ITM0018684,P001,Wireless Earbuds Pro,Nova Tech Supply,Audio,2024-09-12,Defective/Not Working,39.6,1
RET003665,ORD0010893,ITM0018695,P001,Wireless Earbuds Pro,Novatech Supply,Audio,2024-12-19,Defective/Not Working,39.14,1
RET003666,ORD0010894,ITM0018698,P025,Screen Cleaning Kit,ValueSource Co,Accessories,2024-07-30,Defective/Not Working,7.77,1
RET003667,ORD0010901,ITM0018709,P002,Bluetooth Speaker Mini,NovaTech Supply,Audio,2022-12-01,Defective/Not Working,53.08,1
RET003668,ORD0010902,ITM0018710,P003,Smart Watch Fitness,Nova Tech Supply,Wearables,2023-08-11,Defective/Not Working,96.31,1
RET003669,ORD0010912,ITM0018724,P025,Screen Cleaning Kit,ValueSource Co,Accessories,2022-07-07,Not as Described,7.95,1
RET003670,ORD0010922,ITM0018743,P016,27in Monitor 4K,BrightGadgets,Displays,2022-10-30,Arrived Damaged,293.39,1
RET003671,ORD0010922,ITM0018744,P002,Bluetooth Speaker Mini,Novatech Supply,Audio,2022-10-24,Defective/Not Working,116.04,2
RET003672,ORD0010923,ITM0018747,P016,27in Monitor 4K,BrightGadgets,Displays,2022-12-07,Defective/Not Working,310.23,1
RET003673,ORD0010924,ITM0018748,P001,Wireless Earbuds Pro,Novatech Supply,Audio,2024-10-23,Defective/Not Working,97.71,2
RET003674,ORD0010924,ITM0018749,P001,Wireless Earbuds Pro,Novatech Supply,Audio,2024-11-03,Defective/Not Working,96.73,2
RET003675,ORD0010928,ITM0018758,P002,Bluetooth Speaker Mini,NovaTech Supply,Audio,2024-11-28,Wrong Item Sent,58.42,1
RET003676,ORD0010930,ITM0018762,P003,Smart Watch Fitness,Nova Tech Supply,Wearables,2024-02-02,Changed Mind,96.46,1
RET003677,ORD0010932,ITM0018764,P030,Webcam 4K Pro,TechCore Ltd,Peripherals,2024-07-17,Defective/Not Working,142.19,1
RET003678,ORD0010934,ITM0018767,P024,Phone Stand Adjustable,Value Source Co,Accessories,2024-09-19,,7.04,1
RET003679,ORD0010941,ITM0018780,P004,Smart Plug 4-Pack,novatech supply,Smart Home,2023-10-07,Defective/Not Working,31.85,1
RET003680,ORD0010954,ITM0018801,P001,Wireless Earbuds Pro,Novatech Supply,Audio,2023-05-02,Not as Described,34.86,1
RET003681,ORD0010961,ITM0018814,P005,USB-C Hub 7-in-1,TechCore Ltd,Accessories,2024-05-10,Defective/Not Working,24.35,1
RET003682,ORD0010963,ITM0018816,P023,Cable Management Kit,ValueSource Co,Accessories,2024-10-23,Defective/Not Working,12.27,1
RET003683,ORD0010971,ITM0018831,P004,Smart Plug 4-Pack,novatech supply,Smart Home,2024-03-28,Defective/Not Working,27.93,1
RET003684,ORD0010971,ITM0018833,P023,Cable Management Kit,ValueSource Co,Accessories,2024-03-30,Arrived Damaged,10.08,1
RET003685,ORD0010978,ITM0018845,P004,Smart Plug 4-Pack,Novatech Supply,Smart Home,2023-08-06,Wrong Item Sent,62.24,2
RET003686,ORD0010979,ITM0018848,P001,Wireless Earbuds Pro,Novatech Supply,Audio,2023-09-24,Not as Described,44.33,1
RET003687,ORD0010982,ITM0018851,P004,Smart Plug 4-Pack,novatech supply,Smart Home,2023-12-08,Arrived Damaged,25.11,1
RET003688,ORD0010984,ITM0018856,P007,Webcam 1080p HD,TECHCORE LTD,Peripherals,2024-03-19,Defective/Not Working,46.86,1
RET003689,ORD0010985,ITM0018858,P023,Cable Management Kit,ValueSource Co,Accessories,2023-04-03,Changed Mind,12.64,1
RET003690,ORD0010985,ITM0018859,P005,USB-C Hub 7-in-1,TechCore Ltd,Accessories,2023-04-15,Not as Described,31.67,1
RET003691,ORD0010999,ITM0018886,P001,Wireless Earbuds Pro,Novatech Supply,Audio,2022-11-03,Defective/Not Working,123.63,3
RET003692,ORD0011003,ITM0018893,P001,Wireless Earbuds Pro,Novatech Supply,Audio,2023-11-17,Arrived Damaged,37.43,1
RET003693,ORD0011007,ITM0018902,P011,Mechanical Keyboard TKL,Elite Components,Peripherals,2022-12-06,Not as Described,70.07,1
RET003694,ORD0011019,ITM0018923,P020,Laptop Cooling Pad,BrightGadgets,Accessories,2024-09-04,Arrived Damaged,23.36,1
RET003695,ORD0011024,ITM0018929,P001,Wireless Earbuds Pro,Novatech Supply,Audio,2024-06-17,Defective/Not Working,44.14,1
RET003696,ORD0011030,ITM0018938,P001,Wireless Earbuds Pro,Novatech Supply,Audio,2022-06-29,Arrived Damaged,37.57,1
RET003697,ORD0011037,ITM0018946,P003,Smart Watch Fitness,Novatech Supply,Wearables,2024-08-14,Not as Described,129.96,1
RET003698,ORD0011040,ITM0018953,P023,Cable Management Kit,Valuesource Co,Accessories,2024-10-03,,12.8,1
RET003699,ORD0011042,ITM0018958,P026,HDMI Cable 2m,ValueSource Co,Accessories,2024-01-13,Poor Quality,7.4,1
RET003700,ORD0011043,ITM0018959,P002,Bluetooth Speaker Mini,NovaTech Supply,Audio,2024-02-05,Defective/Not Working,45.18,1
RET003701,ORD0011046,ITM0018963,P025,Screen Cleaning Kit,ValueSource Co,Accessories,2024-09-03,Defective/Not Working,7.37,1
RET003702,ORD0011048,ITM0018966,P007,Webcam 1080p HD,TechCore Ltd,Peripherals,2024-11-29,Not as Described,109.11,2
RET003703,ORD0011054,ITM0018977,P001,Wireless Earbuds Pro,Novatech Supply,Audio,2023-04-28,Defective/Not Working,46.78,1
RET003704,ORD0011076,ITM0019012,P011,Mechanical Keyboard TKL,EliteComponents,Peripherals,2024-05-05,Not as Described,86.37,1
RET003705,ORD0011083,ITM0019022,P006,Laptop Stand Aluminium,Tech Core Ltd,Accessories,2024-08-13,Defective/Not Working,33.4,1
RET003706,ORD0011084,ITM0019025,P002,Bluetooth Speaker Mini,NovaTech Supply,Audio,2024-09-07,Defective/Not Working,108.24,2
RET003707,ORD0011091,ITM0019036,P001,Wireless Earbuds Pro,Novatech Supply,Audio,2024-11-28,Not as Described,48.0,1
RET003708,ORD0011091,ITM0019037,P017,Smart LED Desk Lamp,BrightGadgets,Lighting,2024-11-15,Not as Described,39.61,1
RET003709,ORD0011099,ITM0019052,P002,Bluetooth Speaker Mini,NovaTech Supply,Audio,2023-08-22,Changed Mind,50.41,1
RET003710,ORD0011103,ITM0019058,P016,27in Monitor 4K,BrightGadgets,Displays,2024-03-29,Defective/Not Working,309.53,1
RET003711,ORD0011108,ITM0019068,P002,Bluetooth Speaker Mini,NovaTech Supply,Audio,2022-12-04,Defective/Not Working,41.04,1
RET003712,ORD0011112,ITM0019072,P001,Wireless Earbuds Pro,Novatech Supply,Audio,2024-12-21,Defective/Not Working,49.24,1
RET003713,ORD0011113,ITM0019075,P001,Wireless Earbuds Pro,Novatech Supply,Audio,2025-01-04,Defective/Not Working,47.66,1
RET003714,ORD0011117,ITM0019080,P010,Noise Cancel Headphones,TechCore,Audio,2023-02-20,Defective/Not Working,36.49,1
RET003715,ORD0011120,ITM0019087,P004,Smart Plug 4-Pack,novatech supply,Smart Home,2022-10-07,Defective/Not Working,33.65,1
RET003716,ORD0011122,ITM0019089,P001,Wireless Earbuds Pro,Novatech Supply,Audio,2024-12-10,Defective/Not Working,45.9,1
RET003717,ORD0011129,ITM0019105,P001,Wireless Earbuds Pro,Novatech Supply,Audio,2022-12-29,Defective/Not Working,44.05,1
RET003718,ORD0011136,ITM0019121,P002,Bluetooth Speaker Mini,NovaTech Supply,Audio,2023-12-03,Defective/Not Working,54.82,1
RET003719,ORD0011137,ITM0019123,P027,Cable Clips Pack 50,ValueSource Co,,2023-06-09,Defective/Not Working,10.59,2
RET003720,ORD0011138,ITM0019125,P009,Desk Pad XL,TechCore Ltd,Accessories,2023-08-08,Arrived Damaged,22.48,1
RET003721,ORD0011140,ITM0019127,P002,Bluetooth Speaker Mini,NovaTech Supply,Audio,2024-01-06,Defective/Not Working,113.56,2
RET003722,ORD0011144,ITM0019135,P029,Thermal Paste Premium,EliteComponents,PC Parts,2023-06-14,Changed Mind,9.2,1
RET003723,ORD0011149,ITM0019143,P001,Wireless Earbuds Pro,novatech supply,Audio,2024-12-01,Defective/Not Working,44.03,1
RET003724,ORD0011157,ITM0019158,P004,Smart Plug 4-Pack,novatech supply,Smart Home,2024-10-13,Defective/Not Working,33.71,1
RET003725,ORD0011160,ITM0019163,P003,Smart Watch Fitness,NOVATECH,Wearables,2025-01-21,Defective/Not Working,117.95,1
RET003726,ORD0011164,ITM0019170,P027,Cable Clips Pack 50,ValueSource Co,Accessories,2023-10-16,Changed Mind,5.39,1
RET003727,ORD0011166,ITM0019172,P014,Docking Station USB-C,EliteComponents,Accessories,2023-06-18,Wrong Item Sent,98.66,1
RET003728,ORD0011167,ITM0019174,P002,Bluetooth Speaker Mini,NovaTech Supply,Audio,2023-07-08,Poor Quality,57.35,1
RET003729,ORD0011170,ITM0019182,P001,Wireless Earbuds Pro,Novatech Supply,Audio,2023-12-16,Arrived Damaged,44.43,1
RET003730,ORD0011181,ITM0019197,P012,Gaming Mouse RGB,Elite components,Peripherals,2022-10-17,Arrived Damaged,32.12,1
RET003731,ORD0011183,ITM0019204,P025,Screen Cleaning Kit,ValueSource Co,Accessories,2023-11-15,Not as Described,7.91,1
RET003732,ORD0011187,ITM0019211,P002,Bluetooth Speaker Mini,novatech supply,Audio,2023-01-21,Not as Described,58.03,1
RET003733,ORD0011188,ITM0019212,P026,HDMI Cable 2m,ValueSource Co,Accessories,2023-03-01,Defective/Not Working,7.23,1
RET003734,ORD0011190,ITM0019216,P004,Smart Plug 4-Pack,novatech supply,Smart Home,2022-05-19,Defective/Not Working,33.92,1
RET003735,ORD0011201,ITM0019236,P020,Laptop Cooling Pad,BrightGadgets,Accessories,2023-12-19,Poor Quality,32.45,1
RET003736,ORD0011201,ITM0019237,P001,Wireless Earbuds Pro,Novatech Supply,Audio,2023-12-20,Not as Described,98.23,2
RET003737,ORD0011215,ITM0019261,P026,HDMI Cable 2m,ValueSource Co,Accessories,2024-05-01,Not as Described,8.96,1
RET003738,ORD0011225,ITM0019275,P005,USB-C Hub 7-in-1,TechCore Ltd,Accessories,2022-08-15,,30.96,1
RET003739,ORD0011231,ITM0019290,P010,Noise Cancel Headphones,TechCore Ltd,Audio,2025-01-19,Defective/Not Working,28.57,1
RET003740,ORD0011235,ITM0019296,P001,Wireless Earbuds Pro,Novatech Supply,Audio,2024-02-26,Not as Described,91.42,2
RET003741,ORD0011239,ITM0019302,P002,Bluetooth Speaker Mini,Novatech Supply,Audio,2023-06-30,Defective/Not Working,58.58,1
RET003742,ORD0011243,ITM0019308,P002,Bluetooth Speaker Mini,NovaTech Supply,Audio,2024-09-20,Poor Quality,111.3,2
RET003743,ORD0011244,ITM0019309,P002,Bluetooth Speaker Mini,NovaTech Supply,Audio,2024-01-12,Defective/Not Working,42.74,1
RET003744,ORD0011248,ITM0019319,P023,Cable Management Kit,ValueSource Co,Accessories,2022-11-16,Poor Quality,10.24,1
RET003745,ORD0011254,ITM0019332,P022,Laptop Sleeve 15in,Value Source Co,Accessories,2023-05-10,Not as Described,29.87,2
RET003746,ORD0011255,ITM0019333,P019,Ring Light 10in,BRIGHTGADGETS,Lighting,2023-06-24,Not as Described,52.25,1
RET003747,ORD0011261,ITM0019342,P023,Cable Management Kit,ValueSource Co,Accessories,2024-08-23,Defective/Not Working,11.55,1
RET003748,ORD0011267,ITM0019351,P002,Bluetooth Speaker Mini,NovaTech Supply,Audio,2024-01-16,Defective/Not Working,42.96,1
RET003749,ORD0011267,ITM0019353,P015,Microphone USB Condenser,Elite Components,Audio,2024-01-03,Arrived Damaged,80.24,1
RET003750,ORD0011269,ITM0019356,P006,Laptop Stand Aluminium,Tech Core Ltd,Accessories,2024-09-10,Arrived Damaged,35.7,1
RET003751,ORD0011270,ITM0019360,P026,HDMI Cable 2m,ValueSource Co,Accessories,2024-09-19,Not as Described,16.4,2
RET003752,ORD0011280,ITM0019381,P016,27in Monitor 4K,BRIGHTGADGETS,Displays,2024-10-31,Defective/Not Working,289.26,1
RET003753,ORD0011289,ITM0019396,P001,Wireless Earbuds Pro,Novatech Supply,Audio,2023-08-16,Defective/Not Working,88.13,2
RET003754,ORD0011298,ITM0019411,P001,Wireless Earbuds Pro,Novatech Supply,Audio,2024-01-12,Defective/Not Working,81.93,2
RET003755,ORD0011304,ITM0019417,P001,Wireless Earbuds Pro,Novatech Supply,Audio,2023-10-10,Defective/Not Working,45.03,1
RET003756,ORD0011305,ITM0019419,P002,Bluetooth Speaker Mini,NovaTech Supply,Audio,2023-12-01,Defective/Not Working,41.88,1
RET003757,ORD0011309,ITM0019427,P012,Gaming Mouse RGB,Elite components,Peripherals,2024-05-23,Arrived Damaged,41.06,1
RET003758,ORD0011316,ITM0019438,P025,Screen Cleaning Kit,ValueSource Co,Accessories,2024-02-08,Arrived Damaged,6.35,1
RET003759,ORD0011317,ITM0019443,P016,27in Monitor 4K,BrightGadgets,Displays,2024-02-14,,302.47,1
RET003760,ORD0011324,ITM0019455,P002,Bluetooth Speaker Mini,NovaTech Supply,Audio,2024-11-27,Defective/Not Working,53.04,1
RET003761,ORD0011331,ITM0019467,P030,Webcam 4K Pro,TechCore Ltd,Peripherals,2024-11-10,Arrived Damaged,133.62,1
RET003762,ORD0011333,ITM0019471,P011,Mechanical Keyboard TKL,ELITECOMPONENTS,Peripherals,2025-01-14,Not as Described,65.87,1
RET003763,ORD0011336,ITM0019479,P019,Ring Light 10in,BrightGadgets,Lighting,2023-12-17,Wrong Item Sent,53.62,1
RET003764,ORD0011342,ITM0019489,P004,Smart Plug 4-Pack,novatech supply,Smart Home,2024-04-01,Not as Described,32.5,1
RET003765,ORD0011343,ITM0019492,P026,HDMI Cable 2m,ValueSource Co,Accessories,2024-05-06,Changed Mind,6.8,1
RET003766,ORD0011345,ITM0019496,P023,Cable Management Kit,ValueSource Co,Accessories,2024-10-03,Changed Mind,10.61,1
RET003767,ORD0011349,ITM0019502,P006,Laptop Stand Aluminium,TechCore Ltd,Accessories,2024-05-13,Wrong Item Sent,33.24,1
RET003768,ORD0011354,ITM0019509,P025,Screen Cleaning Kit,ValueSource Co,Accessories,2024-09-09,,5.86,1
RET003769,ORD0011355,ITM0019512,P021,VR Headset Standalone,brightgadgets,Gaming,2022-07-31,Defective/Not Working,273.05,1
RET003770,ORD0011356,ITM0019513,P024,Phone Stand Adjustable,Value Source Co,Accessories,2022-09-22,Defective/Not Working,19.23,2
RET003771,ORD0011362,ITM0019523,P002,Bluetooth Speaker Mini,NovaTech Supply,Audio,2024-07-27,Defective/Not Working,52.87,1
RET003772,ORD0011371,ITM0019540,P004,Smart Plug 4-Pack,novatech supply,Smart Home,2024-05-30,Defective/Not Working,33.95,1
RET003773,ORD0011374,ITM0019546,P022,Laptop Sleeve 15in,VALUE SOURCE,Accessories,2024-10-23,Changed Mind,18.88,1
RET003774,ORD0011384,ITM0019567,P003,Smart Watch Fitness,Novatech Supply,Wearables,2023-05-16,Defective/Not Working,274.66,2
RET003775,ORD0011392,ITM0019582,P005,USB-C Hub 7-in-1,TechCore,Accessories,2025-01-19,Not as Described,51.76,2
RET003776,ORD0011394,ITM0019585,P006,Laptop Stand Aluminium,TechCore Ltd,Accessories,2023-07-25,Arrived Damaged,37.92,1
RET003777,ORD0011403,ITM0019601,P005,USB-C Hub 7-in-1,TechCore Ltd,Accessories,2024-07-27,Arrived Damaged,33.36,1
RET003778,ORD0011403,ITM0019603,P011,Mechanical Keyboard TKL,EliteComponents,Peripherals,2024-07-26,Arrived Damaged,82.43,1
RET003779,ORD0011409,ITM0019612,P025,Screen Cleaning Kit,ValueSource Co,Accessories,2024-03-20,Defective/Not Working,7.94,1
RET003780,ORD0011411,ITM0019614,P025,Screen Cleaning Kit,Valuesource Co,Accessories,2023-11-03,Changed Mind,6.22,1
RET003781,ORD0011412,ITM0019616,P001,Wireless Earbuds Pro,Novatech Supply,Audio,2023-09-21,Defective/Not Working,36.21,1
RET003782,ORD0011413,ITM0019618,P017,Smart LED Desk Lamp,BrightGadgets,Lighting,2023-10-13,Changed Mind,30.0,1
RET003783,ORD0011416,ITM0019624,P023,Cable Management Kit,ValueSource Co,Accessories,2023-12-29,Defective/Not Working,11.8,1
RET003784,ORD0011418,ITM0019627,P001,Wireless Earbuds Pro,Novatech Supply,Audio,2024-02-10,Defective/Not Working,48.04,1
RET003785,ORD0011425,ITM0019636,P002,Bluetooth Speaker Mini,NovaTech Supply,,2023-02-28,Not as Described,53.45,1
RET003786,ORD0011432,ITM0019645,P001,Wireless Earbuds Pro,Novatech Supply,Audio,2024-04-04,Defective/Not Working,44.78,1
RET003787,ORD0011435,ITM0019652,P001,Wireless Earbuds Pro,Novatech Supply,Audio,2023-03-25,Defective/Not Working,44.07,1
RET003788,ORD0011439,ITM0019659,P002,Bluetooth Speaker Mini,NovaTech Supply,Audio,2024-03-07,Not as Described,55.25,1
RET003789,ORD0011440,ITM0019660,P004,Smart Plug 4-Pack,novatech supply,Smart Home,2023-10-08,Not as Described,31.61,1
RET003790,ORD0011445,ITM0019668,P013,Portable SSD 1TB,EliteComponents,Storage,2022-06-15,Changed Mind,65.85,1
RET003791,ORD0011449,ITM0019673,P024,Phone Stand Adjustable,Valuesource Co,Accessories,2023-08-05,Not as Described,18.08,2
